population,kind,iscell_thr,npix_thr,n,dev_at_half,z,ks_p,cvm_p
all zebrafish,magnetic,0.0,0,24833,0.07210163894817379,22.72425880302415,1.1983212237821609e-136,8.744053592302237e-09
all zebrafish,magnetic,0.0,5,17734,0.05108830495094174,13.606763654235088,6.861110782061956e-48,2.419278000154179e-09
all zebrafish,magnetic,0.0,10,11427,0.030060383302704108,6.426738415239524,4.4298406339025676e-11,2.6736279856720557e-11
all zebrafish,magnetic,0.0,15,9105,0.02663371773750689,5.0827852802751465,3.1518416940115765e-08,9.98172206001513e-08
all zebrafish,magnetic,0.0,20,7834,0.023997957620628063,4.248113008232282,1.0707363391483364e-06,1.5244133536596038e-06
all zebrafish,magnetic,0.0,25,6994,0.022304832713754608,3.7307124806640957,1.272185189759308e-05,1.8382800521465903e-05
all zebrafish,magnetic,0.0,30,6320,0.019778481012658222,3.1447162839164218,8.133746640744523e-05,0.00014256760634323573
all zebrafish,magnetic,0.0,40,5034,0.014501390544298776,2.057767246054627,0.004469162173357021,0.0032287711632497107
all zebrafish,magnetic,0.0,50,3902,0.013582778062532053,1.696923377544431,0.03017093170810148,0.043189028615317815
all zebrafish,magnetic,0.0,60,2941,0.01309078544712683,1.4198524426353365,0.07000785344090021,0.09577047312841047
all zebrafish,magnetic,0.0,80,1538,0.0058517555266579535,0.4589806084789255,0.3574272604774157,0.62096513825932
all zebrafish,magnetic,0.0,100,734,0.032697547683923744,1.7717123292613515,0.08868524395141109,0.058845506024928884
all zebrafish,magnetic,0.05,0,16882,0.06272953441535367,16.30099100617623,3.982039983638166e-70,4.6604311521036834e-09
all zebrafish,magnetic,0.05,5,13543,0.048401388171010806,11.265364609474041,1.2760044844557023e-32,1.0433324204583982e-09
all zebrafish,magnetic,0.05,10,9535,0.030676455165180916,5.990947549700437,1.0500419497620247e-09,9.412924883989149e-10
all zebrafish,magnetic,0.05,15,7827,0.02778842468378684,4.916902426822654,1.2501850417208193e-07,4.800437793939238e-07
all zebrafish,magnetic,0.05,20,6807,0.024166299397678892,3.9876590881960725,9.259788671950459e-06,1.651163870686201e-05
all zebrafish,magnetic,0.05,25,6103,0.022529903326232947,3.5201486942213243,9.10595328961513e-05,0.0001311277191845539
all zebrafish,magnetic,0.05,30,5540,0.020758122743682272,3.090102985677634,0.00019525681257717906,0.0003797142507154794
all zebrafish,magnetic,0.05,40,4418,0.016523313716613863,2.196544469217787,0.0041338960375245214,0.004032102017070827
all zebrafish,magnetic,0.05,50,3428,0.015460910151691931,1.8104455120656588,0.028229548607393018,0.05664603576103944
all zebrafish,magnetic,0.05,60,2572,0.01244167962674958,1.2619568107601553,0.14846015973270033,0.14032807058187047
all zebrafish,magnetic,0.05,80,1301,0.008839354342813244,0.6376600189516435,0.6715999491959506,0.696361095607068
all zebrafish,magnetic,0.05,100,568,0.03873239436619713,1.8461989882527134,0.09649828701727536,0.08933189764283322
all zebrafish,magnetic,0.1,0,15276,0.06467661691542292,15.987557350944876,3.4687696507720526e-67,2.6396467234235388e-09
all zebrafish,magnetic,0.1,5,12107,0.04943421161311634,10.878671913510416,2.0822605006876418e-30,3.0854330201890434e-10
all zebrafish,magnetic,0.1,10,8724,0.03404401650618982,6.359582659998493,1.0609333360893832e-10,8.283096430972137e-11
all zebrafish,magnetic,0.1,15,7290,0.02990397805212619,5.106492814197825,6.266411176178606e-08,3.4256000946975007e-07
all zebrafish,magnetic,0.1,20,6383,0.026711577628074523,4.268172435873086,4.744415318853692e-06,8.452223908550494e-06
all zebrafish,magnetic,0.1,25,5733,0.023983952555381105,3.6319655705223304,7.883870903425715e-05,0.00012683567526694528
all zebrafish,magnetic,0.1,30,5241,0.021846975767983223,3.1632127499958527,0.00022555926381120342,0.00048002214167863766
all zebrafish,magnetic,0.1,40,4206,0.0199714693295292,2.5904466207049697,0.0015410643311651296,0.0021575859025342314
all zebrafish,magnetic,0.1,50,3277,0.017851693622215392,2.043843513481008,0.015303218069993933,0.033486653452052595
all zebrafish,magnetic,0.1,60,2461,0.015644047135310868,1.5521543927193184,0.07983770468137918,0.06801512059890935
all zebrafish,magnetic,0.1,80,1238,0.012924071082390909,0.9094726764851242,0.5365939392752144,0.48985088135710475
all zebrafish,magnetic,0.1,100,527,0.050284629981024676,2.3087162619058708,0.06020015829600389,0.035034986969481485
all zebrafish,magnetic,0.15,0,14522,0.06472937611899188,15.600719669534783,5.247270630012169e-64,1.4186719576869677e-09
all zebrafish,magnetic,0.15,5,11372,0.04845233907843827,10.333874168426764,2.005717730564867e-27,2.6555908583247856e-09
all zebrafish,magnetic,0.15,10,8194,0.03209665608982182,5.810824571994284,2.627954011076591e-09,1.8593401263089504e-09
all zebrafish,magnetic,0.15,15,6879,0.02841982846343949,4.714266205721704,3.542080100440045e-07,1.345016635623253e-06
all zebrafish,magnetic,0.15,20,6047,0.026542086985281932,4.12795589178845,7.614189887040545e-06,1.2020375139476513e-05
all zebrafish,magnetic,0.15,25,5466,0.024332235638492516,3.5978812320139237,7.474577352168364e-05,9.835649647726985e-05
all zebrafish,magnetic,0.15,30,5017,0.02202511461032486,3.1201122828775842,0.00018749610072444226,0.0003349291855823111
all zebrafish,magnetic,0.15,40,4054,0.020226936359151404,2.5757397240019504,0.0007813310524031371,0.001389628676842447
all zebrafish,magnetic,0.15,50,3174,0.018273471959672327,2.058991377991656,0.0096700193596766,0.021590044298040456
all zebrafish,magnetic,0.15,60,2388,0.01716917922948069,1.6780182935936145,0.05057070940383368,0.04524785584193891
all zebrafish,magnetic,0.15,80,1196,0.013377926421404673,0.9253038911459838,0.6106923309726939,0.4567797530906228
all zebrafish,magnetic,0.15,100,497,0.05130784708249492,2.2876626504829063,0.052413419536523564,0.024092568021033878
all zebrafish,magnetic,0.2,0,13894,0.0654958975097164,15.44037133411524,5.52762016288251e-63,1.0788162585484429e-09
all zebrafish,magnetic,0.2,5,10753,0.048591090858365105,10.077468922997632,1.592088666651121e-26,1.138022898139468e-09
all zebrafish,magnetic,0.2,10,7744,0.0318956611570248,5.613636363636365,1.026848060616054e-08,1.1393972765283422e-08
all zebrafish,magnetic,0.2,15,6544,0.027047677261613723,4.376043361442222,1.948211494216632e-06,1.0983368754047262e-05
all zebrafish,magnetic,0.2,20,5777,0.025359182966937843,3.854929469993656,2.693466409010926e-05,5.4942410499303485e-05
all zebrafish,magnetic,0.2,25,5230,0.023135755258126167,3.3462972887854794,0.00021487577980014636,0.0003486548788780297
all zebrafish,magnetic,0.2,30,4823,0.021459672403068675,2.9806550244653356,0.0003498040241112818,0.0008819588206362416
all zebrafish,magnetic,0.2,40,3935,0.01867852604828457,2.3433921264260595,0.002182214468750429,0.004049794349847202
all zebrafish,magnetic,0.2,50,3096,0.0171188630490956,1.9050456599274113,0.01738761065908579,0.037864027881542306
all zebrafish,magnetic,0.2,60,2335,0.016059957173447548,1.5520932884389178,0.07654897903657831,0.06692367717650882
all zebrafish,magnetic,0.2,80,1164,0.013745704467353903,0.9379366108168754,0.605775211301385,0.47335325640510273
all zebrafish,magnetic,0.2,100,476,0.054621848739495826,2.3834160922733507,0.041762099166552824,0.01880115429485707
all zebrafish,magnetic,0.25,0,13090,0.06615737203972494,15.13833335428993,3.859705426496502e-61,7.935696877403586e-09
all zebrafish,magnetic,0.25,5,9979,0.04775027557871525,9.54002228786868,1.9700317061313534e-24,2.2114921005567112e-10
all zebrafish,magnetic,0.25,10,7322,0.031412182463807725,5.375798346915845,3.397168321072751e-08,5.793358748285016e-08
all zebrafish,magnetic,0.25,15,6211,0.025197230719690822,3.9715823585224097,1.3144338799503702e-05,5.707287352907375e-05
all zebrafish,magnetic,0.25,20,5496,0.02347161572052403,3.4801370248584185,0.00010437440844952338,0.00023217418771726006
all zebrafish,magnetic,0.25,25,4989,0.02074564040889959,2.930647561424682,0.0009083822231352078,0.0013479137682043119
all zebrafish,magnetic,0.25,30,4615,0.018959913326110467,2.5760375898147623,0.0013825977833864871,0.0032017858726175463
all zebrafish,magnetic,0.25,40,3787,0.016239767626089252,1.9987453154461565,0.00565689902257062,0.01197496727878078
all zebrafish,magnetic,0.25,50,2996,0.016355140186915862,1.7904210333425779,0.020474568698965828,0.05019653087310805
all zebrafish,magnetic,0.25,60,2274,0.0158311345646438,1.5098620391640778,0.07014854020847472,0.07139464970975573
all zebrafish,magnetic,0.25,80,1125,0.011111111111111072,0.7453559924999272,0.7273905372290348,0.5838653830688643
all zebrafish,magnetic,0.25,100,453,0.047461368653421654,2.020316238660241,0.0777681888619356,0.0383557933018116
all zebrafish,magnetic,0.3,0,11259,0.06097344346744826,12.93959333834,1.8010680714953232e-44,4.4905967833130944e-10
all zebrafish,magnetic,0.3,5,9420,0.04798301486199574,9.31414466660725,1.3592578610356293e-23,1.4133794135062772e-10
all zebrafish,magnetic,0.3,10,6910,0.03125904486251807,5.196904344050947,4.58917320082909e-08,6.178405831391842e-08
all zebrafish,magnetic,0.3,15,5888,0.024456521739130488,3.7532594530273538,1.8426970446835077e-05,8.926828090027872e-05
all zebrafish,magnetic,0.3,20,5221,0.021739130434782594,3.1415864173043673,0.00021163927433397682,0.00048698862703777657
all zebrafish,magnetic,0.3,25,4751,0.01925910334666381,2.6549636202552636,0.0012743649253725382,0.001981341083554189
all zebrafish,magnetic,0.3,30,4400,0.01840909090909093,2.442241891079888,0.001465499429977568,0.0035488454576513284
all zebrafish,magnetic,0.3,40,3646,0.015633571036752558,1.8879762171117445,0.006737124893966406,0.014692998858207407
all zebrafish,magnetic,0.3,50,2900,0.014827586206896504,1.596979908322641,0.03219788319094108,0.07457400221358301
all zebrafish,magnetic,0.3,60,2221,0.015533543448896903,1.4641137237072037,0.09475656423484569,0.09184069091473623
all zebrafish,magnetic,0.3,80,1108,0.012635379061371799,0.8411784753765508,0.7098695637485066,0.5476313209302969
all zebrafish,magnetic,0.3,100,444,0.05180180180180183,2.183063390230749,0.05996325437605532,0.028685667976738105
all zebrafish,magnetic,0.35,0,10250,0.061463414634146396,12.44539291778484,3.872396565097163e-40,1.3106020713138378e-09
all zebrafish,magnetic,0.35,5,8639,0.05017941891422617,9.327974721088612,1.5665139080687524e-22,5.6674775983367454e-11
all zebrafish,magnetic,0.35,10,6465,0.033797370456303155,5.434970264758488,3.743796833866312e-08,6.198196456086436e-08
all zebrafish,magnetic,0.35,15,5535,0.026648599819331542,3.965182706182102,1.6465820037795758e-05,8.599280474741455e-05
all zebrafish,magnetic,0.35,20,4915,0.02472024415055951,3.4661273284707708,0.00010426253778048568,0.0002715025525251713
all zebrafish,magnetic,0.35,25,4485,0.02196209587513931,2.9416093851503926,0.0007249377172747146,0.001256142993103837
all zebrafish,magnetic,0.35,30,4166,0.02064330292846861,2.6648257367777766,0.0011726005029599365,0.0031208464640445355
all zebrafish,magnetic,0.35,40,3488,0.017775229357798183,2.0995849305836507,0.005847713970988302,0.012564257651668465
all zebrafish,magnetic,0.35,50,2802,0.016059957173447548,1.7002330108607349,0.03313327234984986,0.060831636975140935
all zebrafish,magnetic,0.35,60,2165,0.015473441108544983,1.4399448282989946,0.11032685636593476,0.0977826675621869
all zebrafish,magnetic,0.35,80,1086,0.012891344383057057,0.849655980648164,0.722684746635181,0.4943554814401938
all zebrafish,magnetic,0.35,100,434,0.055299539170506895,2.3040737315391318,0.02882517891698433,0.016043508653056704
all zebrafish,magnetic,0.4,0,9679,0.060388469883252416,11.882265886060797,1.952209120221623e-36,2.1074619827032848e-10
all zebrafish,magnetic,0.4,5,8128,0.048720472440944906,8.78482944321953,7.153528567288943e-20,3.326032782524635e-10
all zebrafish,magnetic,0.4,10,6094,0.031834591401378454,4.970275940777304,6.645987729594782e-07,1.2105310307486405e-06
all zebrafish,magnetic,0.4,15,5246,0.025352649637819247,3.672548108237633,5.952791446327869e-05,0.0002630175708866478
all zebrafish,magnetic,0.4,20,4665,0.02240085744908893,3.059993204848527,0.00047669899844654344,0.0011940323270219766
all zebrafish,magnetic,0.4,25,4265,0.019577960140679918,2.557154412034416,0.002037168489733046,0.004802305876263957
all zebrafish,magnetic,0.4,30,3968,0.01839717741935487,2.3177523177534805,0.003315297829465119,0.009685172207874682
all zebrafish,magnetic,0.4,40,3335,0.016041979010494756,1.8528312141816585,0.014296276138340745,0.029032960940114094
all zebrafish,magnetic,0.4,50,2705,0.012384473197781909,1.2882233534999974,0.10863596354965621,0.14971139506060271
all zebrafish,magnetic,0.4,60,2116,0.01417769376181477,1.3043478260869588,0.14869069061652895,0.1464996638890137
all zebrafish,magnetic,0.4,80,1060,0.015094339622641506,0.9828721869343217,0.5743177784059732,0.39754958395270135
all zebrafish,magnetic,0.4,100,415,0.06144578313253013,2.503491537736462,0.0223283080024929,0.012639249813389486
all zebrafish,magnetic,0.45,0,8718,0.06205551732048631,11.58827594949017,1.3181560083313624e-35,2.9292028802530012e-09
all zebrafish,magnetic,0.45,5,7506,0.04956035171862505,8.587537677199093,1.8673295283292122e-19,2.2489610174147856e-10
all zebrafish,magnetic,0.45,10,5649,0.03159851301115246,4.749877713158823,1.5449431906484198e-06,2.5025495544728216e-06
all zebrafish,magnetic,0.45,15,4956,0.027037933817594784,3.806879631171805,2.7638151060284722e-05,0.00011869092810556925
all zebrafish,magnetic,0.45,20,4429,0.02291713705125309,3.0503045164063125,0.0004631279083633574,0.0012443449469635715
all zebrafish,magnetic,0.45,25,4059,0.02081793545208177,2.652633065993793,0.001713272381307302,0.0038663789948678584
all zebrafish,magnetic,0.45,30,3787,0.0186163189860048,2.2912446299016973,0.005058063142524988,0.012242914457550103
all zebrafish,magnetic,0.45,40,3205,0.01606864274570985,1.8193791264099501,0.01881175967160689,0.036576157099550866
all zebrafish,magnetic,0.45,50,2624,0.014100609756097615,1.4446072974696116,0.08268274267043763,0.14508216945347607
all zebrafish,magnetic,0.45,60,2068,0.013056092843326872,1.1874586422605633,0.1864371643911531,0.20492973873836728
all zebrafish,magnetic,0.45,80,1036,0.012548262548262579,0.807780695801562,0.6812692828181446,0.5530452802727279
all zebrafish,magnetic,0.45,100,403,0.058312655086848686,2.341236762517576,0.05023192724312997,0.030840520700435747
all zebrafish,magnetic,0.5,0,7182,0.05179615705931495,8.77910483501938,4.9203424374206403e-20,3.4412461769051106e-10
all zebrafish,magnetic,0.5,5,6901,0.047891609911607014,7.956928320849979,6.803913440934151e-17,8.676059870538211e-12
all zebrafish,magnetic,0.5,10,5204,0.027286702536510332,3.93685750831013,4.877938883173986e-05,6.049465618029881e-05
all zebrafish,magnetic,0.5,15,4669,0.024523452559434555,3.351379010529997,0.00022385935274886205,0.0006576594419849258
all zebrafish,magnetic,0.5,20,4195,0.02038140643623365,2.6401592757240846,0.002628664548696028,0.004506701524435108
all zebrafish,magnetic,0.5,25,3853,0.01803789255125876,2.239315549280614,0.008810130749096624,0.014124881357717833
all zebrafish,magnetic,0.5,30,3595,0.01655076495132124,1.984712084513632,0.018801513701944248,0.030314089154071744
all zebrafish,magnetic,0.5,40,3056,0.015052356020942459,1.6642215921725754,0.0350297272174761,0.05504948503247875
all zebrafish,magnetic,0.5,50,2528,0.015427215189873444,1.5513367041426762,0.06937125941978617,0.11233481465834372
all zebrafish,magnetic,0.5,60,2014,0.012413108242303905,1.1141412945539688,0.2175680024072717,0.2206569906183199
all zebrafish,magnetic,0.5,80,1020,0.013725490196078383,0.8767140075192061,0.6267317985138252,0.45309309326790914
all zebrafish,magnetic,0.5,100,396,0.06313131313131315,2.512594538148031,0.030795524535882524,0.017934282932251744
all zebrafish,magnetic,0.55,0,6720,0.05059523809523814,8.295150620062538,3.2468543312384056e-18,5.188449669901729e-11
all zebrafish,magnetic,0.55,5,6496,0.04725985221674878,7.618077088226891,7.791380469038565e-16,4.416798038420211e-10
all zebrafish,magnetic,0.55,10,4917,0.02694732560504376,3.7791642688130413,0.00010590663303320519,0.00013243831161457997
all zebrafish,magnetic,0.55,15,4438,0.022757999098693138,3.0321991418559637,0.0009624904224832035,0.002207225924515721
all zebrafish,magnetic,0.55,20,3995,0.019899874843554488,2.515583471135542,0.005923408637985867,0.008048585589052304
all zebrafish,magnetic,0.55,25,3661,0.017891286533733952,2.1650674520296813,0.01670397556346815,0.021886666225792606
all zebrafish,magnetic,0.55,30,3416,0.016100702576112402,1.882061254780175,0.038135341278343504,0.05082301229861241
all zebrafish,magnetic,0.55,40,2916,0.01577503429355276,1.703703703703698,0.05297744780868052,0.053668240519107346
all zebrafish,magnetic,0.55,50,2428,0.01565074135090605,1.5423724210895735,0.10710226637435682,0.1287246472075343
all zebrafish,magnetic,0.55,60,1955,0.010485933503836309,0.9272791097153956,0.3677545858256146,0.30336881409243543
all zebrafish,magnetic,0.55,80,1000,0.010000000000000009,0.6324555320336764,0.5973454965097897,0.6462826431779414
all zebrafish,magnetic,0.55,100,388,0.054123711340206215,2.132226946780601,0.0632833922266628,0.05033696461480697
all zebrafish,magnetic,0.6,0,6123,0.047444063367630296,7.424958022318137,9.752880265322e-15,1.1482403916573958e-10
all zebrafish,magnetic,0.6,5,6031,0.04617807992041123,7.172334419931779,6.812660658233971e-14,3.582145691183314e-11
all zebrafish,magnetic,0.6,10,4578,0.026430755788553917,3.576658468691144,0.00035385969619618077,0.0004043979548976617
all zebrafish,magnetic,0.6,15,4183,0.02211331580205589,2.8604067624659013,0.0025776778273196867,0.00535130192897848
all zebrafish,magnetic,0.6,20,3778,0.018793012175754353,2.310241428490588,0.013188226887592532,0.017579736568056448
all zebrafish,magnetic,0.6,25,3457,0.016343650564072942,1.9218910030177299,0.0363711915952204,0.05042290825792162
all zebrafish,magnetic,0.6,30,3236,0.01514215080346104,1.7227482571398411,0.06465694506290942,0.09207730782392731
all zebrafish,magnetic,0.6,40,2767,0.014636790748102646,1.5398571690882987,0.08341495572944857,0.08199444522864252
all zebrafish,magnetic,0.6,50,2317,0.01445835131635731,1.391912021785814,0.13786191096487177,0.18071769217068956
all zebrafish,magnetic,0.6,60,1877,0.008257858284496544,0.715532818002631,0.4715486264076575,0.49989279034369516
all zebrafish,magnetic,0.6,80,975,0.007692307692307665,0.48038446141525964,0.7472116141657731,0.8263697431896075
all zebrafish,magnetic,0.6,100,373,0.04959785522788207,1.915787380390443,0.10302820090469711,0.10415237899618601
all zebrafish,magnetic,0.65,0,5180,0.04266409266409266,6.1412586588628475,5.2648612472724874e-11,2.618762318107315e-09
all zebrafish,magnetic,0.65,5,5088,0.04107704402515722,5.86006901026186,3.230736019939633e-10,1.1344116090938883e-08
all zebrafish,magnetic,0.65,10,4119,0.025127458120903112,3.225332178559889,0.0008381041509889492,0.001330092579065023
all zebrafish,magnetic,0.65,15,3885,0.02406692406692401,3.000171595264104,0.0019629138812536097,0.004098839950265498
all zebrafish,magnetic,0.65,20,3526,0.020136131593874063,2.391372278140781,0.010688190856763539,0.018218231217667524
all zebrafish,magnetic,0.65,25,3222,0.017380509000620714,1.9731279776383073,0.038708265046441204,0.05624522742738902
all zebrafish,magnetic,0.65,30,3012,0.016932270916334646,1.8585433185514577,0.05950440592664674,0.08904960457605626
all zebrafish,magnetic,0.65,40,2581,0.016079039132119388,1.6337443177963396,0.09504178062305135,0.09504202765522307
all zebrafish,magnetic,0.65,50,2178,0.01377410468319562,1.2856486930664528,0.21551078990970252,0.25371395509541816
all zebrafish,magnetic,0.65,60,1786,0.006718924972004436,0.5678982291363576,0.6522441451417225,0.754427633653926
all zebrafish,magnetic,0.65,80,940,0.004255319148936176,0.26093122922137724,0.9049021080584487,0.9714542024558209
all zebrafish,magnetic,0.65,100,351,0.047008547008547064,1.7614096918559603,0.13760505198318151,0.14125600368371571
all zebrafish,magnetic,0.7,0,4267,0.0315209749238341,4.1180437721110685,1.3885493808239799e-05,4.97592351696996e-05
all zebrafish,magnetic,0.7,5,4203,0.030097549369497933,3.9024812595278315,3.5196260928169275e-05,9.780851524343603e-05
all zebrafish,magnetic,0.7,10,3770,0.024403183023872677,2.9967267731284983,0.0031300791606917733,0.003534257846014466
all zebrafish,magnetic,0.7,15,3596,0.024471635150166815,2.9349643222463038,0.0038507601601958418,0.005289891594985718
all zebrafish,magnetic,0.7,20,3257,0.018882407123119394,2.155242945073098,0.02846945414519597,0.03603495742734619
all zebrafish,magnetic,0.7,25,2970,0.01548821548821544,1.6881444398604144,0.08722188664318264,0.10236313765166583
all zebrafish,magnetic,0.7,30,2772,0.01443001443001446,1.5194743527951757,0.14632382834730961,0.17074263133442058
all zebrafish,magnetic,0.7,40,2388,0.01340033500837523,1.309672814512095,0.20057292336795263,0.18011904021977043
all zebrafish,magnetic,0.7,50,2033,0.012051155927201185,1.0867443493599203,0.35998267646650806,0.350101364785954
all zebrafish,magnetic,0.7,60,1690,0.008284023668639007,0.681105957574724,0.6143634957038346,0.6765289073070138
all zebrafish,magnetic,0.7,80,898,0.0,0.0,0.9801179404764684,0.9945046901765628
all zebrafish,magnetic,0.7,100,333,0.043543543543543506,1.5891902106184523,0.13149836421147465,0.17134859981021566
all zebrafish,magnetic,0.75,0,3772,0.031283138918345665,3.842608693252428,3.515041180161485e-05,0.00012782458778592964
all zebrafish,magnetic,0.75,5,3772,0.031283138918345665,3.842608693252428,3.515041180161485e-05,0.00012782458778592964
all zebrafish,magnetic,0.75,10,3442,0.02440441603718768,2.863543921174436,0.0028303555496493296,0.0038979057574290987
all zebrafish,magnetic,0.75,15,3291,0.024460650258280148,2.806479891815761,0.003731805515954292,0.005855916028803199
all zebrafish,magnetic,0.75,20,2976,0.019489247311827995,2.1263831678096268,0.028052601897524232,0.030459179268900516
all zebrafish,magnetic,0.75,25,2701,0.015734912995186923,1.6355229161285907,0.10986960086968356,0.09008034979849822
all zebrafish,magnetic,0.75,30,2508,0.013955342902711276,1.3977653617040207,0.19461391728044752,0.17369906005661517
all zebrafish,magnetic,0.75,40,2162,0.011563367252543921,1.0753309840483487,0.33832353879050536,0.22760958800785513
all zebrafish,magnetic,0.75,50,1851,0.009454349000540208,0.8135136323613831,0.4654178378604986,0.4085289948074865
all zebrafish,magnetic,0.75,60,1567,0.007338864071474105,0.5810230178640141,0.47722224984212636,0.5204357464812913
all zebrafish,magnetic,0.75,80,853,0.005275498241500531,0.30815413082905213,0.9285890151751888,0.9129019090594799
all zebrafish,magnetic,0.75,100,319,0.045454545454545414,1.623688281771976,0.09065031680289304,0.13382980043917492
all zebrafish,magnetic,0.8,0,3325,0.02631578947368418,3.0348848933344166,0.00044520634626000165,0.001316150535659033
all zebrafish,magnetic,0.8,5,3325,0.02631578947368418,3.0348848933344166,0.00044520634626000165,0.001316150535659033
all zebrafish,magnetic,0.8,10,3058,0.02060170045781562,2.2785145413996264,0.014639214998285858,0.0178326385747124
all zebrafish,magnetic,0.8,15,2932,0.01978171896316505,2.1422788799440386,0.021327598924854693,0.026967457080885993
all zebrafish,magnetic,0.8,20,2639,0.01345206517620312,1.382097411552762,0.15602995361786942,0.1322959690561375
all zebrafish,magnetic,0.8,25,2377,0.009045014724442524,0.8819701051067733,0.3423263236197144,0.31351050596608065
all zebrafish,magnetic,0.8,30,2193,0.007067943456452341,0.6619762037264215,0.597435601016781,0.5008657897912506
all zebrafish,magnetic,0.8,40,1886,0.003711558854718966,0.32237190934095145,0.5119040406571826,0.4717529797802229
all zebrafish,magnetic,0.8,50,1633,0.0027556644213104775,0.2227149738647779,0.3082761963427423,0.5037206424084201
all zebrafish,magnetic,0.8,60,1405,0.003202846975088991,0.2401067378304954,0.4166561673840301,0.4712199358771213
all zebrafish,magnetic,0.8,80,768,0.0013020833333333703,0.07216878364870527,0.8846401313498586,0.9291666604370321
all zebrafish,magnetic,0.8,100,273,0.0494505494505495,1.6341143382057681,0.06208457551879554,0.08041784433278121
all zebrafish,magnetic,0.85,0,2737,0.02941176470588236,3.0774320845949017,0.0028321997661418727,0.002586279310026418
all zebrafish,magnetic,0.85,5,2737,0.02941176470588236,3.0774320845949017,0.0028321997661418727,0.002586279310026418
all zebrafish,magnetic,0.85,10,2567,0.022399688352162106,2.269785963697303,0.04786201290514425,0.027976587272904307
all zebrafish,magnetic,0.85,15,2485,0.02072434607645879,2.0662079497839803,0.07491823934353148,0.044843100012854076
all zebrafish,magnetic,0.85,20,2235,0.01543624161073831,1.4595209290318156,0.19507852146426452,0.17107252624390945
all zebrafish,magnetic,0.85,25,1994,0.011033099297893645,0.9853490438492531,0.43841545535572235,0.33519811757796114
all zebrafish,magnetic,0.85,30,1823,0.007953922106417988,0.6792109261284325,0.686579610472116,0.6562725978563799
all zebrafish,magnetic,0.85,40,1549,0.0054874112330536295,0.43193978969738944,0.7550663933701856,0.6017468825504462
all zebrafish,magnetic,0.85,50,1353,0.006282335550628182,0.4621681606529775,0.6659203136524801,0.6379765432350394
all zebrafish,magnetic,0.85,60,1190,0.008403361344537785,0.5797710356524463,0.7677064045351296,0.5279225919793852
all zebrafish,magnetic,0.85,80,664,0.009036144578313254,0.46569031542379974,0.8948598535554844,0.8590669011701291
all zebrafish,magnetic,0.85,100,231,0.058441558441558406,1.7764695763913751,0.1760644340852887,0.11654544078906226
all zebrafish,magnetic,0.9,0,2100,0.030000000000000027,2.7495454169735063,0.013821489274962982,0.017843549724505414
all zebrafish,magnetic,0.9,5,2100,0.030000000000000027,2.7495454169735063,0.013821489274962982,0.017843549724505414
all zebrafish,magnetic,0.9,10,2003,0.02571143285072386,2.301424595169067,0.06166544767701698,0.05704520236903554
all zebrafish,magnetic,0.9,15,1957,0.024782830863566696,2.1926853827058594,0.08512886259138308,0.07323039442771473
all zebrafish,magnetic,0.9,20,1769,0.018371961560203487,1.5454303616877894,0.2970926563824957,0.25551825740355505
all zebrafish,magnetic,0.9,25,1564,0.015984654731457826,1.264304343560436,0.4063350359493759,0.31055570559652346
all zebrafish,magnetic,0.9,30,1407,0.014570007107320593,1.093041894348196,0.5523815228664049,0.5355764295405598
all zebrafish,magnetic,0.9,40,1170,0.012820512820512775,0.8770580193070261,0.6166131395781868,0.5013337990153435
all zebrafish,magnetic,0.9,50,1006,0.012922465208747513,0.8197366594552611,0.6438665083762586,0.5924980017356547
all zebrafish,magnetic,0.9,60,914,0.01641137855579866,0.9923118024834321,0.6874140969116833,0.501972956075206
all zebrafish,magnetic,0.9,80,527,0.012333965844402273,0.5662888944297416,0.8855874829509179,0.7703583725640201
all zebrafish,magnetic,0.9,100,172,,,,
all zebrafish,magnetic,0.95,0,1246,0.035313001605136396,2.4930078785483207,0.019197852495357052,0.045591164381594385
all zebrafish,magnetic,0.95,5,1246,0.035313001605136396,2.4930078785483207,0.019197852495357052,0.045591164381594385
all zebrafish,magnetic,0.95,10,1216,0.03289473684210531,2.2941573387056207,0.037656232814753166,0.07009744892778613
all zebrafish,magnetic,0.95,15,1201,0.03205661948376348,2.2218729487753275,0.04439905359102592,0.07042051956643425
all zebrafish,magnetic,0.95,20,1089,0.024334251606978885,1.6060606060606064,0.19653930130678576,0.22593155189397873
all zebrafish,magnetic,0.95,25,935,0.02299465240641707,1.406250371360614,0.20188875459582423,0.20135422291426852
all zebrafish,magnetic,0.95,30,820,0.017073170731707332,0.9778024140774104,0.5654815837061378,0.3787331556281729
all zebrafish,magnetic,0.95,40,641,0.011700468018720711,0.5924643791500213,0.7341819199632855,0.5945519265294311
all zebrafish,magnetic,0.95,50,529,0.012287334593572785,0.5652173913043481,0.5935024261747849,0.5081280772665131
all zebrafish,magnetic,0.95,60,490,0.01224489795918371,0.5421047417431523,0.6270622392813217,0.5494370069362555
all zebrafish,magnetic,0.95,80,301,0.031561461794019974,1.0951417936380479,0.3977295202894713,0.49194501792569656
all zebrafish,magnetic,0.95,100,91,,,,
all zebrafish,sham 0.71,0.0,0,24833,0.06767204928925219,21.328185936041375,5.005748259823578e-105,2.1647903691857096e-08
all zebrafish,sham 0.71,0.0,5,17734,0.04482914176158792,11.939709829047338,7.607826534824095e-35,2.9727946770918834e-09
all zebrafish,sham 0.71,0.0,10,11427,0.02183425220967883,4.6680385286819845,4.617609769409003e-06,5.754437206739738e-07
all zebrafish,sham 0.71,0.0,15,9105,0.01345414607358597,2.567592564262706,0.032419929967450134,0.007644252772235016
all zebrafish,sham 0.71,0.0,20,7834,0.009190707173857504,1.626936896769801,0.06760862765646436,0.03886946132940494
all zebrafish,sham 0.71,0.0,25,6994,0.005433228481555585,0.9087632965720193,0.22597392175884212,0.1678304309424089
all zebrafish,sham 0.71,0.0,30,6320,0.0031645569620253333,0.5031546054266303,0.39836490739117747,0.3550271726266927
all zebrafish,sham 0.71,0.0,40,5034,-0.0007945967421533751,-0.11275436964683136,0.4075767711159467,0.6034731921396375
all zebrafish,sham 0.71,0.0,50,3902,-0.002050230650948226,-0.2561393777425546,0.35305917665618003,0.5387006285692701
all zebrafish,sham 0.71,0.0,60,2941,-0.004590275416525014,-0.4978703370279775,0.34043732119755477,0.46083755526123704
all zebrafish,sham 0.71,0.0,80,1538,0.0013003901170350884,0.10199569077309359,0.3958298963880854,0.6069795519323409
all zebrafish,sham 0.71,0.0,100,734,0.008174386920980936,0.44292808231533787,0.4529758838362251,0.4086316569679307
all zebrafish,sham 0.71,0.05,0,16882,0.05591754531453619,14.530817289735928,1.4119328855263748e-50,9.698148950576524e-09
all zebrafish,sham 0.71,0.05,5,13543,0.03968839991139339,9.237427120659513,1.8715954429033144e-21,1.0518165227679788e-09
all zebrafish,sham 0.71,0.05,10,9535,0.02092291557420034,4.086133456975174,4.9320170851302e-05,3.2258057988121536e-06
all zebrafish,sham 0.71,0.05,15,7827,0.011562539925897508,2.0458835385170118,0.028594554694512997,0.013048198663761723
all zebrafish,sham 0.71,0.05,20,6807,0.006684295578081367,1.1029695350329516,0.06810742665693426,0.05016093322816351
all zebrafish,sham 0.71,0.05,25,6103,0.0015566115025397176,0.2432102734189258,0.13207853690084537,0.18856944089087313
all zebrafish,sham 0.71,0.05,30,5540,-0.0021660649819494338,-0.3224455289402718,0.16693188373854106,0.2609750147564026
all zebrafish,sham 0.71,0.05,40,4418,-0.006111362607514714,-0.8124205571079485,0.16552534160175747,0.228089720148128
all zebrafish,sham 0.71,0.05,50,3428,-0.007292882147024504,-0.8539837321064437,0.2222394919386378,0.20623655379530326
all zebrafish,sham 0.71,0.05,60,2572,-0.008553654743390371,-0.8675953073976103,0.29251452825046065,0.2536724735348376
all zebrafish,sham 0.71,0.05,80,1301,-0.00192159877017678,-0.1386217432503564,0.4575602435088333,0.650438288413444
all zebrafish,sham 0.71,0.05,100,568,0.005281690140845119,0.251754407489009,0.47884254691065253,0.5851058133900847
all zebrafish,sham 0.71,0.1,0,15276,0.055642838439382,13.754477478039602,4.56894444754925e-45,1.45992340438994e-09
all zebrafish,sham 0.71,0.1,5,12107,0.03927479970265135,8.642954878653645,3.7569709661235005e-18,6.037415012372094e-11
all zebrafish,sham 0.71,0.1,10,8724,0.020403484640073355,3.8114670487533044,0.00011960982325474195,8.83883145397224e-06
all zebrafish,sham 0.71,0.1,15,7290,0.008093278463648823,1.382032458888401,0.01662568726350878,0.023725858401554722
all zebrafish,sham 0.71,0.1,20,6383,0.004621651261162429,0.738481447849005,0.048562584665526654,0.062274945369245494
all zebrafish,sham 0.71,0.1,25,5733,-0.0007849293563579329,-0.11886432776254988,0.08216871659935987,0.17586015428914126
all zebrafish,sham 0.71,0.1,30,5241,-0.005819500095401664,-0.8426025229246622,0.10679214834988526,0.16098962555688956
all zebrafish,sham 0.71,0.1,40,4206,-0.010461245839277211,-1.3569006108454618,0.14767699768838116,0.09040745961267882
all zebrafish,sham 0.71,0.1,50,3277,-0.0123588648153799,-1.4149685862560837,0.2560933922376173,0.07910912950773175
all zebrafish,sham 0.71,0.1,60,2461,-0.011986997155627788,-1.1893131061096056,0.3443236354569589,0.15529268976149513
all zebrafish,sham 0.71,0.1,80,1238,-0.0056542810985460434,-0.3978942959622433,0.7045019715027905,0.6514963019837623
all zebrafish,sham 0.71,0.1,100,527,0.006641366223908873,0.3049247893083204,0.579343744958423,0.7437667080656467
all zebrafish,sham 0.71,0.15,0,14522,0.056879217738603494,13.70871749684652,2.60493094413666e-44,1.1095131480232112e-09
all zebrafish,sham 0.71,0.15,5,11372,0.03992261695392196,8.514662200482316,2.3964064216833414e-17,2.410260879770476e-11
all zebrafish,sham 0.71,0.15,10,8194,0.021357090554063984,3.8665182513270016,0.00011930989456774625,1.0390408633931258e-05
all zebrafish,sham 0.71,0.15,15,6879,0.00937636284343657,1.555346139483633,0.02939565790315124,0.024230521020593865
all zebrafish,sham 0.71,0.15,20,6047,0.006697535968248736,1.0416337297036313,0.0787920178934095,0.05931275834832994
all zebrafish,sham 0.71,0.15,25,5466,0.0018294914013904373,0.2705173858657119,0.09376931717267967,0.1408661874577637
all zebrafish,sham 0.71,0.15,30,5017,-0.0036874626270679833,-0.5223717396672908,0.12065091305568332,0.1599122808921506
all zebrafish,sham 0.71,0.15,40,4054,-0.009620128268376937,-1.2250469419033732,0.15995297538675035,0.09618877743765841
all zebrafish,sham 0.71,0.15,50,3174,-0.010712035286704447,-1.2069949457192441,0.2481504770501466,0.11326585064110395
all zebrafish,sham 0.71,0.15,60,2388,-0.011725293132328285,-1.145963712698079,0.2792419897022198,0.15079590598048653
all zebrafish,sham 0.71,0.15,80,1196,-0.0050167224080267525,-0.3469889591797439,0.5571429033901971,0.599430148556814
all zebrafish,sham 0.71,0.15,100,497,0.005030181086519092,0.22428065200812727,0.7069414313324542,0.7702578518519122
all zebrafish,sham 0.71,0.2,0,13894,0.05786670505254066,13.641822585306214,1.6548071665236527e-43,1.0543445005950502e-09
all zebrafish,sham 0.71,0.2,5,10753,0.04022133358132618,8.341636955399963,2.2557649069996787e-16,1.4647568713499481e-09
all zebrafish,sham 0.71,0.2,10,7744,0.021435950413223104,3.7727272727272663,0.00012070433725855839,1.1594296597472464e-05
all zebrafish,sham 0.71,0.2,15,6544,0.009321515892420584,1.5081279381241612,0.02928725878252625,0.029441686056643324
all zebrafish,sham 0.71,0.2,20,5777,0.006837458888696579,1.03938371375256,0.09208313538369195,0.07715468025874783
all zebrafish,sham 0.71,0.2,25,5230,0.0017208413001912337,0.24889814544685837,0.1090795346393103,0.17959252196080677
all zebrafish,sham 0.71,0.2,30,4823,-0.0034211071946920746,-0.4751768879582373,0.1310014034181768,0.19080617806195843
all zebrafish,sham 0.71,0.2,40,3935,-0.007496823379923745,-0.9405451391778068,0.22860022526399493,0.1883877165068144
all zebrafish,sham 0.71,0.2,50,3096,-0.009043927648578809,-1.006439216565425,0.33021644739255107,0.17891656674477885
all zebrafish,sham 0.71,0.2,60,2335,-0.008779443254817998,-0.8484776643466089,0.3695447055949582,0.27821032708184634
all zebrafish,sham 0.71,0.2,80,1164,-0.002577319587628857,-0.17586311452816414,0.5925975264441743,0.5515708634163252
all zebrafish,sham 0.71,0.2,100,476,0.008403361344537785,0.3666793988112832,0.5830394015033185,0.6067078364603891
all zebrafish,sham 0.71,0.25,0,13090,0.05821237585943473,13.320334891419103,2.579787218142431e-41,6.264618157558743e-09
all zebrafish,sham 0.71,0.25,5,9979,0.039132177572903104,7.818213438431741,2.8131247974934972e-14,1.0771006309084896e-10
all zebrafish,sham 0.71,0.25,10,7322,0.021032504780114758,3.5994475888045256,0.0004479006622683095,3.061926217562405e-05
all zebrafish,sham 0.71,0.25,15,6211,0.007808726453067183,1.2308098682960915,0.028502540751596306,0.040640011538565
all zebrafish,sham 0.71,0.25,20,5496,0.006186317321688506,0.9172454174045447,0.10987328688970577,0.09260614130999578
all zebrafish,sham 0.71,0.25,25,4989,0.0013028663058729517,0.18405032994454956,0.1235325422502147,0.18373145231090393
all zebrafish,sham 0.71,0.25,30,4615,-0.0029252437703141676,-0.3974457995714179,0.14883246984315124,0.20601469666715633
all zebrafish,sham 0.71,0.25,40,3787,-0.006997623448640078,-0.8612479814524081,0.23991320971090857,0.19757995859959143
all zebrafish,sham 0.71,0.25,50,2996,-0.008344459279038707,-0.913480119052336,0.29502635647412134,0.18652914497529804
all zebrafish,sham 0.71,0.25,60,2274,-0.0079155672823219,-0.7549310195820389,0.37951293051505186,0.31463688651346766
all zebrafish,sham 0.71,0.25,80,1125,-0.0004444444444444695,-0.029814239699998878,0.6201900821206792,0.539776739277049
all zebrafish,sham 0.71,0.25,100,453,0.009933774834437137,0.4228568871614478,0.571853123968243,0.6021268269898365
all zebrafish,sham 0.71,0.3,0,11259,0.051647570832223155,10.960485835753412,2.9668653078228517e-28,4.0004906054491585e-09
all zebrafish,sham 0.71,0.3,5,9420,0.04065817409766459,7.892295148917216,2.5550262924218155e-14,5.104550115930806e-11
all zebrafish,sham 0.71,0.3,10,6910,0.022286541244573077,3.705200319369658,0.0009748149805791794,4.653965120116066e-05
all zebrafish,sham 0.71,0.3,15,5888,0.008661684782608647,1.3292793896138442,0.03942770712847532,0.04810414834708843
all zebrafish,sham 0.71,0.3,20,5221,0.007374066270829371,1.0656482560900324,0.15155556103788959,0.11674687114967608
all zebrafish,sham 0.71,0.3,25,4751,0.001789097032203757,0.24663596472316865,0.20120413317649677,0.2761049674949013
all zebrafish,sham 0.71,0.3,30,4400,-0.0022727272727272596,-0.3015113445777619,0.2311368869253262,0.30409368235668655
all zebrafish,sham 0.71,0.3,40,3646,-0.007131102578167847,-0.8611821341211483,0.3292460769791077,0.24684691879351384
all zebrafish,sham 0.71,0.3,50,2900,-0.008275862068965523,-0.8913376232498497,0.3529624235842821,0.19955631684428632
all zebrafish,sham 0.71,0.3,60,2221,-0.007879333633498409,-0.7426663815906086,0.47658968707434557,0.386421685596933
all zebrafish,sham 0.71,0.3,80,1108,0.0009025270758122872,0.06008417681261182,0.6194900195547381,0.5594591368155601
all zebrafish,sham 0.71,0.3,100,444,0.011261261261261257,0.47457899787624935,0.5945204585985584,0.6139761455686514
all zebrafish,sham 0.71,0.35,0,10250,0.05112195121951224,10.351406172887708,1.1329247866221679e-24,1.950285488661052e-10
all zebrafish,sham 0.71,0.35,5,8639,0.04126635027202219,7.671102625301241,1.9789002530408303e-13,6.840398247831558e-10
all zebrafish,sham 0.71,0.35,10,6465,0.022196442382057202,3.5694198306308573,0.0024861805759908463,0.00039170830820078884
all zebrafish,sham 0.71,0.35,15,5535,0.009665763324299914,1.43821881207283,0.08615745018404286,0.10574150534896642
all zebrafish,sham 0.71,0.35,20,4915,0.008036622583926789,1.126847979214782,0.25872554450220353,0.22481186312125656
all zebrafish,sham 0.71,0.35,25,4485,0.002564102564102555,0.34343662872314173,0.28977519001839636,0.448957380358295
all zebrafish,sham 0.71,0.35,30,4166,0.0,0.0,0.35526011961075576,0.4865649410714791
all zebrafish,sham 0.71,0.35,40,3488,-0.0063073394495412605,-0.7450140076264531,0.4696126774077336,0.34921363091084145
all zebrafish,sham 0.71,0.35,50,2802,-0.006067094932191319,-0.6423102485473913,0.5475719271491604,0.32744247087181066
all zebrafish,sham 0.71,0.35,60,2165,-0.004387990762124705,-0.4083425632489694,0.6764866312357387,0.6878957859033115
all zebrafish,sham 0.71,0.35,80,1086,0.002762430939226568,0.18206913871032454,0.5236097086745071,0.5130010432342021
all zebrafish,sham 0.71,0.35,100,434,0.016129032258064502,0.6720215050322464,0.48148767050364416,0.472236891849633
all zebrafish,sham 0.71,0.4,0,9679,0.05191652030168403,10.215292742079633,3.94674492008421e-24,1.131135185516996e-10
all zebrafish,sham 0.71,0.4,5,8128,0.041953740157480324,7.564714242772372,4.480567117599509e-13,4.057214564312517e-10
all zebrafish,sham 0.71,0.4,10,6094,0.022973416475221553,3.586797070664032,0.0018251252995229795,0.0003787559342437463
all zebrafish,sham 0.71,0.4,15,5246,0.010674799847502858,1.5463360455737427,0.07790522239760067,0.08154470111697798
all zebrafish,sham 0.71,0.4,20,4665,0.009110396570203627,1.2444948440771515,0.24681350547723047,0.15899455458099454
all zebrafish,sham 0.71,0.4,25,4265,0.0043376318874560615,0.5665551691333779,0.33623578167466805,0.35216471526061344
all zebrafish,sham 0.71,0.4,30,3968,0.0015120967741935054,0.19050019050028033,0.3963164662951353,0.40149170954367974
all zebrafish,sham 0.71,0.4,40,3335,-0.00494752623688155,-0.5714339258691085,0.546495683369115,0.42339339813814225
all zebrafish,sham 0.71,0.4,50,2705,-0.00573012939001849,-0.5960436411716401,0.6155565734196841,0.3674649425942639
all zebrafish,sham 0.71,0.4,60,2116,-0.0042533081285444085,-0.3913043478260856,0.7798670579375798,0.7279344125735189
all zebrafish,sham 0.71,0.4,80,1060,0.0018867924528301883,0.12285902336679021,0.6865076495100739,0.6280473512988898
all zebrafish,sham 0.71,0.4,100,415,0.015662650602409678,0.6381449017759624,0.5433303936726603,0.5838081968551501
all zebrafish,sham 0.71,0.45,0,8718,0.05207616425785733,9.724726952067545,3.6493666058425772e-22,6.956104581234968e-10
all zebrafish,sham 0.71,0.45,5,7506,0.039834798827604545,6.902348831942282,4.14511673107955e-11,2.6047830559150498e-11
all zebrafish,sham 0.71,0.45,10,5649,0.020446096654275103,3.073450284985118,0.010555503161337075,0.0016239658081840247
all zebrafish,sham 0.71,0.45,15,4956,0.010088781275221947,1.4204774743178394,0.08717480631979657,0.08840802050969254
all zebrafish,sham 0.71,0.45,20,4429,0.009821630164822737,1.3072733641741319,0.14441854459263592,0.12082011748727317
all zebrafish,sham 0.71,0.45,25,4059,0.005050505050505083,0.643538199442286,0.35392318168800807,0.29802428443651274
all zebrafish,sham 0.71,0.45,30,3787,0.0014523369421706178,0.17874958105616456,0.39371880978023766,0.38362452281748827
all zebrafish,sham 0.71,0.45,40,3205,-0.005148205928237115,-0.5829078754517292,0.5589634178341967,0.46802922389400914
all zebrafish,sham 0.71,0.45,50,2624,-0.005716463414634165,-0.5856516070822747,0.629714661400123,0.4343518124280894
all zebrafish,sham 0.71,0.45,60,2068,-0.0043520309477756425,-0.3958195474201895,0.8071906511054397,0.7914286035904576
all zebrafish,sham 0.71,0.45,80,1036,0.0,0.0,0.743973855495814,0.6609900166559701
all zebrafish,sham 0.71,0.45,100,403,0.011166253101737023,0.44832193324804814,0.6289228985985331,0.6773302838324924
all zebrafish,sham 0.71,0.5,0,7182,0.043720412141464826,7.410319672570131,9.219995291328175e-13,1.4916123891595134e-10
all zebrafish,sham 0.71,0.5,5,6901,0.04122590928850889,6.84945872097373,6.094664396024775e-11,3.857181241073704e-11
all zebrafish,sham 0.71,0.5,10,5204,0.02229054573405076,3.2160244434082843,0.007402275054377117,0.001961980534296748
all zebrafish,sham 0.71,0.5,15,4669,0.012529449560933825,1.7122766123668562,0.08645913655630111,0.07326688500307388
all zebrafish,sham 0.71,0.5,20,4195,0.0117997616209774,1.528513264892894,0.1778725852920402,0.10060373147790314
all zebrafish,sham 0.71,0.5,25,3853,0.007137295613807382,0.8860601094275758,0.3305491609650768,0.2647408959340367
all zebrafish,sham 0.71,0.5,30,3595,0.003198887343532686,0.38359981465389636,0.40644673301057355,0.38223903939356363
all zebrafish,sham 0.71,0.5,40,3056,-0.0022905759162303863,-0.2532511118523498,0.64343905562426,0.5987005723645049
all zebrafish,sham 0.71,0.5,50,2528,-0.005142405063291167,-0.5171122347142273,0.7163138491859989,0.535555596990057
all zebrafish,sham 0.71,0.5,60,2014,-0.00446871896722939,-0.4010908660394274,0.9110296353142588,0.8346250369591045
all zebrafish,sham 0.71,0.5,80,1020,-0.0019607843137254832,-0.12524485821702944,0.7841177325455798,0.667004049596156
all zebrafish,sham 0.71,0.5,100,396,0.007575757575757569,0.30151134457776335,0.6947403274398695,0.75348709630042
all zebrafish,sham 0.71,0.55,0,6720,0.04598214285714286,7.5388280635274185,4.3640803977836563e-13,3.2702385244220977e-10
all zebrafish,sham 0.71,0.55,5,6496,0.04371921182266014,7.047341671193612,1.7099803054676907e-11,2.856392899985849e-11
all zebrafish,sham 0.71,0.55,10,4917,0.02532031726662598,3.5509883129601727,0.0018424449219968191,0.0005960580420470984
all zebrafish,sham 0.71,0.55,15,4438,0.014420910319963953,1.9213935156314996,0.11440737159122205,0.04756552754882404
all zebrafish,sham 0.71,0.55,20,3995,0.013391739674593284,1.6928769271163726,0.08867983764842247,0.06289323885736786
all zebrafish,sham 0.71,0.55,25,3661,0.008604206500956058,1.0412156448692402,0.2760570993714033,0.18503345617987532
all zebrafish,sham 0.71,0.55,30,3416,0.0043911007025760895,0.5132894331218636,0.3886220371249477,0.31310107318484515
all zebrafish,sham 0.71,0.55,40,2916,-0.0003429355281207025,-0.03703703703703587,0.6332239407581894,0.6766186322177276
all zebrafish,sham 0.71,0.55,50,2428,-0.00329489291598023,-0.3247099833872795,0.7376792495722064,0.6278900459758794
all zebrafish,sham 0.71,0.55,60,1955,-0.002813299232736599,-0.24878220016754768,0.9118511630479518,0.8249749752265325
all zebrafish,sham 0.71,0.55,80,1000,-0.0010000000000000009,-0.06324555320336765,0.8025640746349922,0.7186762061018037
all zebrafish,sham 0.71,0.55,100,388,0.012886597938144284,0.5076730825668078,0.6124520115317507,0.6587381007176212
all zebrafish,sham 0.71,0.6,0,6123,0.04613751429038049,7.220484135300755,4.879911263468379e-12,2.892841521884293e-11
all zebrafish,sham 0.71,0.6,5,6031,0.04534903001160673,7.043567195157422,1.8381419774254282e-11,2.728717252153956e-11
all zebrafish,sham 0.71,0.6,10,4578,0.026212319790301475,3.5470993077928794,0.002273670295538989,0.0009235575275327035
all zebrafish,sham 0.71,0.6,15,4183,0.014941429595983768,1.9327072719364276,0.16072194271738882,0.06545355157717347
all zebrafish,sham 0.71,0.6,20,3778,0.013234515616728393,1.626930583444073,0.12190509153928941,0.08690235452065198
all zebrafish,sham 0.71,0.6,25,3457,0.009111946774660096,1.0714967538948357,0.3058433280290944,0.2088680718844198
all zebrafish,sham 0.71,0.6,30,3236,0.0049443757725586845,0.5625300431477006,0.4924013310355323,0.35672344322298744
all zebrafish,sham 0.71,0.6,40,2767,0.00018070112034695995,0.01901058233442488,0.7910751508474068,0.7627239741370855
all zebrafish,sham 0.71,0.6,50,2317,-0.0032369443245576224,-0.31162209442966143,0.8259494425580662,0.6462845751906184
all zebrafish,sham 0.71,0.6,60,1877,-0.0045285029302077895,-0.39238896471112084,0.8864555257248993,0.7289621773900422
all zebrafish,sham 0.71,0.6,80,975,-0.0005128205128205332,-0.0320256307610187,0.8364107222991021,0.7543939936099243
all zebrafish,sham 0.71,0.6,100,373,0.014745308310991967,0.5695584103863479,0.5064890846048005,0.533300032483441
all zebrafish,sham 0.71,0.65,0,5180,0.03976833976833982,5.724431148080311,6.312880025601277e-08,3.5965365574597286e-08
all zebrafish,sham 0.71,0.65,5,5088,0.038718553459119454,5.52360571780663,1.90949413783703e-07,9.150196600415939e-08
all zebrafish,sham 0.71,0.65,10,4119,0.021000242777373113,2.6955674729027064,0.027746277029555566,0.007861271385057766
all zebrafish,sham 0.71,0.65,15,3885,0.013770913770913773,1.716675725632406,0.11432803435686778,0.07433504751506692
all zebrafish,sham 0.71,0.65,20,3526,0.012195121951219523,1.4482958867613205,0.21693952261093108,0.11039262172637743
all zebrafish,sham 0.71,0.65,25,3222,0.007138423339540623,0.8103918479585873,0.28040762823657717,0.2102116245569866
all zebrafish,sham 0.71,0.65,30,3012,0.0023240371845949515,0.2550941809776511,0.34269810701575765,0.3219704697251218
all zebrafish,sham 0.71,0.65,40,2581,-0.003293297171638898,-0.3346223301510562,0.5077561136180682,0.4836658736606657
all zebrafish,sham 0.71,0.65,50,2178,-0.0045913682277318735,-0.42854956435548425,0.665172502177298,0.49190029931110146
all zebrafish,sham 0.71,0.65,60,1786,-0.002799552071668543,-0.23662426214015134,0.900978366789844,0.7572435245770315
all zebrafish,sham 0.71,0.65,80,940,-0.0010638297872340163,-0.0652328073053426,0.8559180851779469,0.7750690622168721
all zebrafish,sham 0.71,0.65,100,351,0.012820512820512775,0.48038446141525964,0.6299816252244307,0.6094490514148605
all zebrafish,sham 0.71,0.7,0,4267,0.031052261542066972,4.056808920481155,0.0002932409936000861,7.775447781799283e-05
all zebrafish,sham 0.71,0.7,5,4203,0.029621698786581052,3.8407819510768095,0.00064335275012666,0.0001555887619992813
all zebrafish,sham 0.71,0.7,10,3770,0.020159151193633984,2.475556899540938,0.034140460779538806,0.010072538082434135
all zebrafish,sham 0.71,0.7,15,3596,0.01473859844271408,1.7676489668074298,0.13539375430932876,0.05371712619251401
all zebrafish,sham 0.71,0.7,20,3257,0.013048817930610968,1.4893955311480762,0.12109767349556433,0.0754695129528653
all zebrafish,sham 0.71,0.7,25,2970,0.008080808080808133,0.8807710121010941,0.2634224417393147,0.14627261543317338
all zebrafish,sham 0.71,0.7,30,2772,0.003607503607503615,0.37986858819879393,0.36120975197768934,0.25874444079017156
all zebrafish,sham 0.71,0.7,40,2388,-0.00167504187604689,-0.16370910181401052,0.5614555655745305,0.4794845343014126
all zebrafish,sham 0.71,0.7,50,2033,-0.006640432857845546,-0.5988183149534251,0.6058076797808023,0.41328900152875137
all zebrafish,sham 0.71,0.7,60,1690,-0.005325443786982242,-0.43785382986946736,0.8164015074416598,0.6509379399613717
all zebrafish,sham 0.71,0.7,80,898,-0.0022271714922049157,-0.13348172885320092,0.8539016318199537,0.8448988615354778
all zebrafish,sham 0.71,0.7,100,333,0.007507507507507505,0.2739983121755954,0.5794228689640593,0.664676454332066
all zebrafish,sham 0.71,0.75,0,3772,0.02889713679745498,3.549528369190813,0.0027036940948652975,0.0006958138255961366
all zebrafish,sham 0.71,0.75,5,3772,0.02889713679745498,3.549528369190813,0.0027036940948652975,0.0006958138255961366
all zebrafish,sham 0.71,0.75,10,3442,0.021789657176060406,2.556735643905743,0.03998444021101388,0.010786989146118309
all zebrafish,sham 0.71,0.75,15,3291,0.016864175022789474,1.9349022856618043,0.17795391401955396,0.0505097381320051
all zebrafish,sham 0.71,0.75,20,2976,0.014112903225806495,1.539794707724214,0.17972515025273195,0.09343152162723334
all zebrafish,sham 0.71,0.75,25,2701,0.009070714550166614,0.9428308575329559,0.4268711226703773,0.2192603329536449
all zebrafish,sham 0.71,0.75,30,2508,0.0051834130781499566,0.5191699914900703,0.6282855206606213,0.3952495933785193
all zebrafish,sham 0.71,0.75,40,2162,-0.0009250693802035359,-0.08602647872386997,0.8145087539517061,0.7085042207984884
all zebrafish,sham 0.71,0.75,50,1851,-0.006753106428957323,-0.5810811659724192,0.7491463515994932,0.46379952192159846
all zebrafish,sham 0.71,0.75,60,1567,-0.009253350350989176,-0.732594239915503,0.7612052930706656,0.4659662480994857
all zebrafish,sham 0.71,0.75,80,853,-0.0076201641266119835,-0.44511152230863704,0.819911542447134,0.8065128087413735
all zebrafish,sham 0.71,0.75,100,319,0.0015673981191222097,0.05598925109558374,0.4415850885111421,0.605199702030472
all zebrafish,sham 0.71,0.8,0,3325,0.034135338345864685,3.9366792616395077,0.0006852206519163966,0.0004893296706552919
all zebrafish,sham 0.71,0.8,5,3325,0.034135338345864685,3.9366792616395077,0.0006852206519163966,0.0004893296706552919
all zebrafish,sham 0.71,0.8,10,3058,0.028449967298888157,3.146520080980428,0.009840919692822844,0.005686228857718412
all zebrafish,sham 0.71,0.8,15,2932,0.02353342428376537,2.5485731502782585,0.06066189497429675,0.028158118313731606
all zebrafish,sham 0.71,0.8,20,2639,0.019893899204244003,2.0439468762399953,0.1531517900244631,0.08085640060292176
all zebrafish,sham 0.71,0.8,25,2377,0.014514093395035732,1.4152543547062229,0.4251233987237213,0.28529560665018694
all zebrafish,sham 0.71,0.8,30,2193,0.011171910624715009,1.0463494833095066,0.6770374362543916,0.5354386558023463
all zebrafish,sham 0.71,0.8,40,1886,0.0015906680805938267,0.13815938971754924,0.9360940021430019,0.8906322371076655
all zebrafish,sham 0.71,0.8,50,1633,-0.003368034292712818,-0.272207190279174,0.6661626303249015,0.6079278276816992
all zebrafish,sham 0.71,0.8,60,1405,-0.002491103202846956,-0.1867496849792714,0.8057193913562618,0.8007038413374077
all zebrafish,sham 0.71,0.8,80,768,-0.002604166666666685,-0.1443375672974075,0.9110086519832116,0.8934492716368643
all zebrafish,sham 0.71,0.8,100,273,0.012820512820512775,0.4236592728681602,0.26532373084605243,0.48148297593195877
all zebrafish,sham 0.71,0.85,0,2737,0.03270003653635367,3.42149281454961,0.004043971875519022,0.0010109211750494174
all zebrafish,sham 0.71,0.85,5,2737,0.03270003653635367,3.42149281454961,0.004043971875519022,0.0010109211750494174
all zebrafish,sham 0.71,0.85,10,2567,0.02785352551616671,2.8224295026844644,0.02590510193767548,0.006069230113051827
all zebrafish,sham 0.71,0.85,15,2485,0.024748490945673995,2.4674133769264914,0.06216873170358672,0.014729687805448699
all zebrafish,sham 0.71,0.85,20,2235,0.021252796420581643,2.0094853370727814,0.06688475504444769,0.03393917284467429
all zebrafish,sham 0.71,0.85,25,1994,0.017552657973921804,1.5676007515783659,0.22023038014113638,0.09901700746832431
all zebrafish,sham 0.71,0.85,30,1823,0.013987931980252277,1.1944743873293084,0.27692407771597494,0.19570182606080289
all zebrafish,sham 0.71,0.85,40,1549,0.00613298902517756,0.48275623554413905,0.8414257460404697,0.6423692530034439
all zebrafish,sham 0.71,0.85,50,1353,-0.0018477457501847594,-0.1359318119567581,0.7771907239369098,0.6736368933058876
all zebrafish,sham 0.71,0.85,60,1190,-0.003361344537815114,-0.23190841426097852,0.7680761518530742,0.6142834734589506
all zebrafish,sham 0.71,0.85,80,664,-0.0030120481927710663,-0.15523010514126562,0.8758502490313751,0.8547815732595784
all zebrafish,sham 0.71,0.85,100,231,0.010822510822510845,0.3289758474798852,0.5645240444662527,0.5746805432359244
all zebrafish,sham 0.71,0.9,0,2100,0.02523809523809528,2.3131096365015233,0.025599849278932885,0.008213387460637378
all zebrafish,sham 0.71,0.9,5,2100,0.02523809523809528,2.3131096365015233,0.025599849278932885,0.008213387460637378
all zebrafish,sham 0.71,0.9,10,2003,0.02271592611083373,2.033297457867819,0.055038057578110755,0.018694788896143066
all zebrafish,sham 0.71,0.9,15,1957,0.02069494123658666,1.8310053195791232,0.04985759412716906,0.022767245184407092
all zebrafish,sham 0.71,0.9,20,1769,0.017806670435274174,1.4978786582512442,0.048526354706650454,0.03332539907790044
all zebrafish,sham 0.71,0.9,25,1564,0.012148337595907943,0.960871301105931,0.1744002429066921,0.09267449385771609
all zebrafish,sham 0.71,0.9,30,1407,0.007462686567164201,0.5598507263734659,0.23174931000328414,0.20814098003471915
all zebrafish,sham 0.71,0.9,40,1170,0.0,0.0,0.5420211245507365,0.599023140865712
all zebrafish,sham 0.71,0.9,50,1006,-0.008946322067594437,-0.5675099950074888,0.8106387925092967,0.682783068482363
all zebrafish,sham 0.71,0.9,60,914,-0.010940919037199126,-0.6615412016556225,0.6425766190525063,0.701201361554353
all zebrafish,sham 0.71,0.9,80,527,-0.010436432637571158,-0.4791675260559354,0.7456845558181457,0.8571997462474994
all zebrafish,sham 0.71,0.9,100,172,,,,
all zebrafish,sham 0.71,0.95,0,1246,0.044141252006420495,3.116259848185401,0.00972135695020403,0.011641267476308892
all zebrafish,sham 0.71,0.95,5,1246,0.044141252006420495,3.116259848185401,0.00972135695020403,0.011641267476308892
all zebrafish,sham 0.71,0.95,10,1216,0.042763157894736836,2.9824045403173023,0.01551582909372414,0.016758486143397144
all zebrafish,sham 0.71,0.95,15,1201,0.04121565362198165,2.856693791282566,0.023224480001185294,0.02048588602644641
all zebrafish,sham 0.71,0.95,20,1089,0.038108356290174505,2.5151515151515174,0.05811096221931633,0.035583935535829614
all zebrafish,sham 0.71,0.95,25,935,0.03155080213903738,1.9295063234947962,0.20876490167388873,0.154166262303432
all zebrafish,sham 0.71,0.95,30,820,0.02682926829268295,1.5365466506930736,0.48195119985114443,0.3002962008591056
all zebrafish,sham 0.71,0.95,40,641,0.01950078003120126,0.9874406319167058,0.8272396669977086,0.8158227077763657
all zebrafish,sham 0.71,0.95,50,529,0.01417769376181477,0.6521739130434794,0.8736541636301178,0.8936788329721054
all zebrafish,sham 0.71,0.95,60,490,0.01632653061224487,0.7228063223241997,0.8407221300231598,0.8574310209106987
all zebrafish,sham 0.71,0.95,80,301,0.021594684385382035,0.7493075430155046,0.5056523916603242,0.4219845969607967
all zebrafish,sham 0.71,0.95,100,91,,,,
all zebrafish,sham 0.83,0.0,0,24833,0.06525590947529492,20.56669164495985,2.506754288864064e-99,1.1202792027376063e-08
all zebrafish,sham 0.83,0.0,5,17734,0.04279914288936504,11.399043723581034,2.8547602816987074e-31,8.56982262931183e-10
all zebrafish,sham 0.83,0.0,10,11427,0.02069659578192007,4.424814076285741,1.1648876453769764e-05,8.99218335659313e-06
all zebrafish,sham 0.83,0.0,15,9105,0.014442613948379979,2.7562320179636277,0.009845031543191751,0.007222491462821057
all zebrafish,sham 0.83,0.0,20,7834,0.013275465917794271,2.350019962000841,0.02781686966857222,0.04674106575058845
all zebrafish,sham 0.83,0.0,25,6994,0.009293680297397744,1.5544635336100383,0.21166741369013975,0.22524505301540643
all zebrafish,sham 0.83,0.0,30,6320,0.0066455696202532,1.0566246713959235,0.5645330294931661,0.6316364354560356
all zebrafish,sham 0.83,0.0,40,5034,0.015097338100913738,2.1423330232897406,0.08903624799906718,0.06568100006964372
all zebrafish,sham 0.83,0.0,50,3902,0.013326499231163469,1.6649059553266048,0.25698522642529475,0.22705637884142182
all zebrafish,sham 0.83,0.0,60,2941,0.01819109146548792,1.973041705999752,0.1603835654834066,0.21074303178474774
all zebrafish,sham 0.83,0.0,80,1538,0.00975292587776333,0.764967680798215,0.8916829958501835,0.9502140294169517
all zebrafish,sham 0.83,0.0,100,734,0.04087193460490468,2.2146404115766893,0.07678124813415876,0.24062773723815578
all zebrafish,sham 0.83,0.05,0,16882,0.05402203530387395,14.038247212117763,3.0388069251590775e-50,4.101433193071102e-09
all zebrafish,sham 0.83,0.05,5,13543,0.037694750055379145,8.773407525761252,2.0379714369046796e-20,1.795553705719044e-10
all zebrafish,sham 0.83,0.05,10,9535,0.019664394336654456,3.840350993397721,6.509022961178151e-05,4.675547037691352e-05
all zebrafish,sham 0.83,0.05,15,7827,0.013223457263319305,2.3397673617294097,0.014649769029532014,0.013944815448140635
all zebrafish,sham 0.83,0.05,20,6807,0.012266784192742741,2.0241309049505833,0.042796869482644495,0.0653334989094071
all zebrafish,sham 0.83,0.05,25,6103,0.008110765197443914,1.267253529919685,0.231671424452509,0.29261929195042147
all zebrafish,sham 0.83,0.05,30,5540,0.00487364620938624,0.7255024401156136,0.6069654823749046,0.7039940572716034
all zebrafish,sham 0.83,0.05,40,4418,0.010185604345857802,1.3540342618465733,0.23575449136632176,0.2541533409543143
all zebrafish,sham 0.83,0.05,50,3428,0.008459743290548438,0.9906211292434763,0.5352368202303796,0.6062503041965968
all zebrafish,sham 0.83,0.05,60,2572,0.014385692068429212,1.4591375624414304,0.28767444092865446,0.526192837701537
all zebrafish,sham 0.83,0.05,80,1301,0.006533435818601108,0.4713139270512158,0.7479287877052236,0.7084208977166384
all zebrafish,sham 0.83,0.05,100,568,0.04401408450704225,2.0979533957417225,0.05140842711431881,0.245022376216538
all zebrafish,sham 0.83,0.1,0,15276,0.0549227546478136,13.576478357735578,1.8114176060812654e-46,1.3879115634551908e-09
all zebrafish,sham 0.83,0.1,5,12107,0.03737507227223924,8.224893969696696,7.618792158320132e-18,1.4144282411976405e-09
all zebrafish,sham 0.83,0.1,10,8724,0.020059605685465387,3.747228840066453,9.992904323298944e-05,7.579988493455758e-05
all zebrafish,sham 0.83,0.1,15,7290,0.012345679012345734,2.108185106778929,0.02571513951867499,0.022118093746933853
all zebrafish,sham 0.83,0.1,20,6383,0.012454958483471668,1.9901449187795277,0.05053033589357281,0.06850109867485599
all zebrafish,sham 0.83,0.1,25,5733,0.008110936682365288,1.2282647202130126,0.288515480561094,0.2968933326573926
all zebrafish,sham 0.83,0.1,30,5241,0.005247090249952291,0.7597235862435436,0.6800951982091302,0.7072208846369137
all zebrafish,sham 0.83,0.1,40,4206,0.010461245839277211,1.3569006108454618,0.25043271800608835,0.25089167211317875
all zebrafish,sham 0.83,0.1,50,3277,0.008391821788220954,0.9607811388158632,0.6234316042841692,0.5691504195363052
all zebrafish,sham 0.83,0.1,60,2461,0.014425030475416545,1.4312072971827512,0.3258852478739357,0.5278162488320916
all zebrafish,sham 0.83,0.1,80,1238,0.00646203554119551,0.454736338242566,0.7461224256775885,0.6812395151164974
all zebrafish,sham 0.83,0.1,100,527,0.044592030360531276,2.0473521567844495,0.03844687219032139,0.19795297488842922
all zebrafish,sham 0.83,0.15,0,14522,0.05577744112381211,13.443173332258686,2.1934390331779516e-45,9.35714727923198e-10
all zebrafish,sham 0.83,0.15,5,11372,0.03728455856489621,7.952019323798448,5.1937504500022656e-17,4.0012426705260395e-10
all zebrafish,sham 0.83,0.15,10,8194,0.019648523309738875,3.5571967912208433,0.00023872347613720585,0.00015033682364773426
all zebrafish,sham 0.83,0.15,15,6879,0.011702282308475032,1.9411684376501046,0.057588912298900174,0.033905940162077486
all zebrafish,sham 0.83,0.15,20,6047,0.011658673722507062,1.8132142702248404,0.07687512887583281,0.09285846792328756
all zebrafish,sham 0.83,0.15,25,5466,0.0069520673252835286,1.0279660662896855,0.39752436463774465,0.374431973874469
all zebrafish,sham 0.83,0.15,30,5017,0.004086107235399594,0.5788443601718538,0.785943074682438,0.8016374721943561
all zebrafish,sham 0.83,0.15,40,4054,0.009373458312777472,1.1936354818545614,0.3138804736395875,0.301314042209331
all zebrafish,sham 0.83,0.15,50,3174,0.007561436672967825,0.8519964322724054,0.6617833580465098,0.5414785933479253
all zebrafish,sham 0.83,0.15,60,2388,0.013819095477386911,1.3506000899655934,0.3387057231112852,0.5217025156196706
all zebrafish,sham 0.83,0.15,80,1196,0.0050167224080267525,0.3469889591797439,0.6479116612775699,0.6268727583254003
all zebrafish,sham 0.83,0.15,100,497,0.037223340040241415,1.659676824860148,0.0956992616775324,0.36172101302847515
all zebrafish,sham 0.83,0.2,0,13894,0.05642723477760181,13.302473764776202,2.3098262224253175e-44,8.372937121414736e-09
all zebrafish,sham 0.83,0.2,5,10753,0.03715242257974516,7.705165233947467,4.963817888050565e-16,9.572209691555145e-11
all zebrafish,sham 0.83,0.2,10,7744,0.02001549586776863,3.5227272727272787,0.00021802312767509337,0.0002160975775415963
all zebrafish,sham 0.83,0.2,15,6544,0.012377750611246907,2.0025961145582967,0.04513392016470352,0.03360769336682157
all zebrafish,sham 0.83,0.2,20,5777,0.012376666089665922,1.8814160894508305,0.06625440340688993,0.08702961935103481
all zebrafish,sham 0.83,0.2,25,5230,0.008030592734225572,1.1615246787519788,0.32747716422527406,0.3358128555241632
all zebrafish,sham 0.83,0.2,30,4823,0.0057018453244868095,0.7919614799303981,0.62553942042749,0.6959168536076137
all zebrafish,sham 0.83,0.2,40,3935,0.00927573062261755,1.163725341694579,0.2752187261599327,0.37416047265042063
all zebrafish,sham 0.83,0.2,50,3096,0.007428940568475428,0.8267179278930252,0.634929297988361,0.62840755331601
all zebrafish,sham 0.83,0.2,60,2335,0.013490364025695922,1.3037583622886892,0.34002353335835034,0.5683107720008853
all zebrafish,sham 0.83,0.2,80,1164,0.004295532646048095,0.29310519088027354,0.4245362168496609,0.43558504340297055
all zebrafish,sham 0.83,0.2,100,476,0.03991596638655459,1.7417271443536,0.07708605663662382,0.26428797022923
all zebrafish,sham 0.83,0.25,0,13090,0.05790679908326968,13.25041187361637,2.1059112155283472e-44,7.00690860888642e-09
all zebrafish,sham 0.83,0.25,5,9979,0.0381300731536226,7.61800310710186,9.073622400578085e-16,4.852851454018037e-11
all zebrafish,sham 0.83,0.25,10,7322,0.01953018301010656,3.3423441896042023,0.0004179488493534658,0.0002689459543646633
all zebrafish,sham 0.83,0.25,15,6211,0.011028819835775194,1.7383603294491023,0.09420731932373727,0.04097302149327908
all zebrafish,sham 0.83,0.25,20,5496,0.011644832605531286,1.7265796092320813,0.10619007158463767,0.10266044420896336
all zebrafish,sham 0.83,0.25,25,4989,0.0071156544397674715,1.005197955850975,0.44903248349802527,0.3559440662679334
all zebrafish,sham 0.83,0.25,30,4615,0.00465872156013003,0.6329692363544885,0.7018879595122582,0.6871632410673107
all zebrafish,sham 0.83,0.25,40,3787,0.009638236070768413,1.1862472197363363,0.2699085714751057,0.31891600386473684
all zebrafish,sham 0.83,0.25,50,2996,0.008010680907877155,0.876940914290242,0.5907361898098243,0.6291282224038593
all zebrafish,sham 0.83,0.25,60,2274,0.012313104661389573,1.1743371415720558,0.39047488396581387,0.633501959892365
all zebrafish,sham 0.83,0.25,80,1125,0.0013333333333332975,0.08944271909998919,0.3661004029398873,0.3666958356294352
all zebrafish,sham 0.83,0.25,100,453,0.03200883002207511,1.362538858631327,0.1801428287717014,0.38472020914358385
all zebrafish,sham 0.83,0.3,0,11259,0.052979838351540964,11.243215478980053,1.7828665857723712e-32,6.210749692314721e-10
all zebrafish,sham 0.83,0.3,5,9420,0.03885350318471337,7.5419843981819765,5.127990699601927e-15,3.291500405566694e-11
all zebrafish,sham 0.83,0.3,10,6910,0.019826338639652663,3.29618469969898,0.0007458072983899859,0.00029121565630740864
all zebrafish,sham 0.83,0.3,15,5888,0.010699728260869512,1.6420510106994555,0.07600610010003661,0.04651639820658626
all zebrafish,sham 0.83,0.3,20,5221,0.01216242099214715,1.7576276431614828,0.1311103200424466,0.09676273724962547
all zebrafish,sham 0.83,0.3,25,4751,0.007893075142075379,1.0880998443669179,0.45209158405993444,0.33598459231929034
all zebrafish,sham 0.83,0.3,30,4400,0.005909090909090864,0.7839294959021794,0.6002504457665105,0.6137903879184343
all zebrafish,sham 0.83,0.3,40,3646,0.010970927043335132,1.3248955909556106,0.29868143248442225,0.30958529620034303
all zebrafish,sham 0.83,0.3,50,2900,0.008965517241379284,0.965615758520667,0.6466238282559419,0.5523550744526149
all zebrafish,sham 0.83,0.3,60,2221,0.011031067086897828,1.0397329342268573,0.5191679076915879,0.658815927498521
all zebrafish,sham 0.83,0.3,80,1108,0.0,0.0,0.34293122900767925,0.3309483693193105
all zebrafish,sham 0.83,0.3,100,444,0.03153153153153154,1.328821194053499,0.1750756289378117,0.3908260358705482
all zebrafish,sham 0.83,0.35,0,10250,0.0520975609756098,10.548952092217625,1.8216743633282298e-29,1.8812108537602512e-09
all zebrafish,sham 0.83,0.35,5,8639,0.038025234402129904,7.068603681378574,5.2958829296533835e-14,5.175672113111318e-10
all zebrafish,sham 0.83,0.35,10,6465,0.020340293890177885,3.2709317611704423,0.000658926331878195,0.00023738946092155544
all zebrafish,sham 0.83,0.35,15,5535,0.011833785004516706,1.7608099474910333,0.030719996551170303,0.02792181336645716
all zebrafish,sham 0.83,0.35,20,4915,0.012716174974567673,1.7829873088841446,0.12315269915162463,0.07170149960964523
all zebrafish,sham 0.83,0.35,25,4485,0.00836120401337792,1.1199020501841612,0.2800552389258536,0.268672816322577
all zebrafish,sham 0.83,0.35,30,4166,0.006481036965914511,0.8366313359651091,0.4262728163010402,0.4837039165362257
all zebrafish,sham 0.83,0.35,40,3488,0.011467889908256867,1.354570922957191,0.2815439234479329,0.3183674743172701
all zebrafish,sham 0.83,0.35,50,2802,0.009992862241256284,1.0579227623133496,0.5181615194569431,0.5032093926653677
all zebrafish,sham 0.83,0.35,60,2165,0.012702078521939941,1.1820442620364908,0.3767693918197429,0.602971228521669
all zebrafish,sham 0.83,0.35,80,1086,0.0018416206261510082,0.12137942580688058,0.3124613161000376,0.343768435941869
all zebrafish,sham 0.83,0.35,100,434,0.032258064516129004,1.344043010064493,0.18600621901277792,0.3424225244416731
all zebrafish,sham 0.83,0.4,0,9679,0.05387953300960846,10.601542616904545,7.594019321643232e-30,2.756867512054839e-09
all zebrafish,sham 0.83,0.4,5,8128,0.03961614173228345,7.143219900799713,2.6709875992935884e-14,4.246603069191224e-12
all zebrafish,sham 0.83,0.4,10,6094,0.02198884148342628,3.4330771962069924,0.00021347208583920213,8.560919067135409e-05
all zebrafish,sham 0.83,0.4,15,5246,0.013343499809378545,1.9329200569671743,0.017742002068654873,0.015402096494730677
all zebrafish,sham 0.83,0.4,20,4665,0.013826366559485548,1.8887039398347418,0.07429475980771982,0.046240410720171266
all zebrafish,sham 0.83,0.4,25,4265,0.008792497069167626,1.1484226401352167,0.1874831443249556,0.20546034445230044
all zebrafish,sham 0.83,0.4,30,3968,0.0065524193548387455,0.8255008255012427,0.3354631748141086,0.43410484201082233
all zebrafish,sham 0.83,0.4,40,3335,0.009745127436281864,1.1255516721664285,0.34542603818343687,0.42616962748510845
all zebrafish,sham 0.83,0.4,50,2705,0.009057301293900144,0.942133497335813,0.5595304984330511,0.5602898171959885
all zebrafish,sham 0.83,0.4,60,2116,0.011342155009451793,1.043478260869565,0.44292736942613353,0.6150519029376185
all zebrafish,sham 0.83,0.4,80,1060,0.0,0.0,0.3202114062996436,0.33160444357120633
all zebrafish,sham 0.83,0.4,100,415,0.030120481927710885,1.2272017341845416,0.23599094946568855,0.41971549717781675
all zebrafish,sham 0.83,0.45,0,8718,0.05402615278733658,10.088868710184615,4.694277013915199e-27,4.4852865865863123e-10
all zebrafish,sham 0.83,0.45,5,7506,0.0379696243005595,6.579161930112206,6.665155684487233e-12,4.2882031259239284e-11
all zebrafish,sham 0.83,0.45,10,5649,0.018675871835723168,2.807350693211518,0.003958273208262446,0.0009586464709439024
all zebrafish,sham 0.83,0.45,15,4956,0.011097659402744098,1.5625252217496173,0.017228042926776443,0.02723978376165792
all zebrafish,sham 0.83,0.45,20,4429,0.013434183788665566,1.788109544100247,0.07572901843994317,0.05531779023730987
all zebrafish,sham 0.83,0.45,25,4059,0.008006898250800698,1.0202434869206918,0.1842368109665733,0.23844333498698933
all zebrafish,sham 0.83,0.45,30,3787,0.0062054396620015995,0.7637482099672324,0.39351354611985734,0.4909500120143885
all zebrafish,sham 0.83,0.45,40,3205,0.00858034321372858,0.9715131257528883,0.4406125501751893,0.5327949323440263
all zebrafish,sham 0.83,0.45,50,2624,0.007621951219512146,0.7808688094430253,0.7448781504438753,0.5995724277266578
all zebrafish,sham 0.83,0.45,60,2068,0.007736943907156624,0.7036791954136634,0.6386265369119364,0.6888233067337796
all zebrafish,sham 0.83,0.45,80,1036,-0.004826254826254817,-0.3106848830005994,0.20956967712150054,0.2476679721377767
all zebrafish,sham 0.83,0.45,100,403,0.023573200992555776,0.9464574146347619,0.3579936758073755,0.524080834290138
all zebrafish,sham 0.83,0.5,0,7182,0.041910331384015564,7.1035229982280415,1.7914575643286308e-13,5.339140241034102e-10
all zebrafish,sham 0.83,0.5,5,6901,0.03832777858281411,6.367950199288414,4.903248262778391e-11,4.0524028577237914e-11
all zebrafish,sham 0.83,0.5,10,5204,0.019792467332820918,2.855607910957354,0.003955707133066886,0.0015710139753105645
all zebrafish,sham 0.83,0.5,15,4669,0.012743628185907019,1.7415462980483363,0.02507976378124177,0.022942866532524087
all zebrafish,sham 0.83,0.5,20,4195,0.015375446960667505,1.9916991027392232,0.05244953286034659,0.04438817456373312
all zebrafish,sham 0.83,0.5,25,3853,0.010511289903970877,1.3049248884297033,0.2162474709335922,0.19672759004932205
all zebrafish,sham 0.83,0.5,30,3595,0.009040333796940248,1.084086432717539,0.3803544440277714,0.39353737182107884
all zebrafish,sham 0.83,0.5,40,3056,0.010798429319371694,1.193898098732492,0.24776165008335116,0.36920510243205196
all zebrafish,sham 0.83,0.5,50,2528,0.009493670886076,0.9546687410108811,0.6004905415772451,0.5617588646106764
all zebrafish,sham 0.83,0.5,60,2014,0.00794438927507446,0.7130504285145365,0.6910573624852572,0.7108205803285784
all zebrafish,sham 0.83,0.5,80,1020,-0.004901960784313708,-0.3131121455425736,0.2502814677381612,0.28101579851812797
all zebrafish,sham 0.83,0.5,100,396,0.02777777777777779,1.1055415967851336,0.24390656712158176,0.48504914028335167
all zebrafish,sham 0.83,0.55,0,6720,0.04538690476190477,7.4412380562325655,2.3012530025252504e-14,5.034417327465235e-12
all zebrafish,sham 0.83,0.55,5,6496,0.041871921182266014,6.749566671002326,7.947178179343276e-12,2.5501489808732458e-11
all zebrafish,sham 0.83,0.55,10,4917,0.022676428716697172,3.1802023846992724,0.002488455848101322,0.0013712332313815523
all zebrafish,sham 0.83,0.55,15,4438,0.014871563767462792,1.9814370629949793,0.054879842661525235,0.027587037242108536
all zebrafish,sham 0.83,0.55,20,3995,0.01689612015018771,2.1358727585113013,0.0408302915051304,0.0450603328273913
all zebrafish,sham 0.83,0.55,25,3661,0.011608850040972452,1.4048147589505613,0.18619392630043463,0.20144970978088295
all zebrafish,sham 0.83,0.55,30,3416,0.009074941451990615,1.060798161785188,0.36570918432778265,0.45746381922317025
all zebrafish,sham 0.83,0.55,40,2916,0.012345679012345734,1.3333333333333393,0.18422328384900888,0.26590321970165176
all zebrafish,sham 0.83,0.55,50,2428,0.009472817133443168,0.9335412022384293,0.6442145297557358,0.5333156174344219
all zebrafish,sham 0.83,0.55,60,1955,0.007928388746803017,0.7011134731994414,0.7536601066617068,0.684530245629922
all zebrafish,sham 0.83,0.55,80,1000,-0.0020000000000000018,-0.1264911064067353,0.3802684449499504,0.4109185562377873
all zebrafish,sham 0.83,0.55,100,388,0.030927835051546393,1.218415398160343,0.2165363533414123,0.4407544212378204
all zebrafish,sham 0.83,0.6,0,6123,0.039604768904132004,6.198114700213935,1.2956331040287528e-11,5.271949543583787e-11
all zebrafish,sham 0.83,0.6,5,6031,0.0378875808323661,5.884662172188188,1.9094315204945873e-10,7.373925914322399e-10
all zebrafish,sham 0.83,0.6,10,4578,0.01594582787243337,2.1578187455739983,0.010065994405265934,0.006020273064746839
all zebrafish,sham 0.83,0.6,15,4183,0.009921109251733173,1.2833176285657817,0.03656443662994513,0.03718540530773262
all zebrafish,sham 0.83,0.6,20,3778,0.012705134992059275,1.5618533601063123,0.08563050798368077,0.058351799308327235
all zebrafish,sham 0.83,0.6,25,3457,0.0067978015620480114,0.7993705941755128,0.20245497654819788,0.1992716292821054
all zebrafish,sham 0.83,0.6,30,3236,0.004017305315203945,0.45705566005750836,0.34691509635155104,0.3948111832989156
all zebrafish,sham 0.83,0.6,40,2767,0.008131550415612532,0.8554762050490496,0.31841789005521426,0.4174220087451189
all zebrafish,sham 0.83,0.6,50,2317,0.006258092360811429,0.6024693825640145,0.7749794613541622,0.597541747954401
all zebrafish,sham 0.83,0.6,60,1877,0.005594033031433132,0.4847157799372652,0.6368123466599118,0.6066394382508102
all zebrafish,sham 0.83,0.6,80,975,-0.004615384615384632,-0.2882306768491579,0.37500032070776423,0.35138282712818203
all zebrafish,sham 0.83,0.6,100,373,0.025469168900804307,0.9837827088491464,0.2916787412236035,0.5717545387409305
all zebrafish,sham 0.83,0.65,0,5180,0.032625482625482594,4.69625662148335,3.4652254780780387e-07,3.8379821265532854e-07
all zebrafish,sham 0.83,0.65,5,5088,0.03046383647798745,4.345984194213347,3.652974800646818e-06,2.6840982039200156e-06
all zebrafish,sham 0.83,0.65,10,4119,0.012988589463462041,1.6672006913328954,0.018404148420540604,0.01625812597785592
all zebrafish,sham 0.83,0.65,15,3885,0.009395109395109347,1.171189981038925,0.03461252537397219,0.04127976270980638
all zebrafish,sham 0.83,0.65,20,3526,0.013045944412932498,1.5493397858376898,0.08995748427741046,0.060159045518743626
all zebrafish,sham 0.83,0.65,25,3222,0.006828057107386765,0.7751574197864841,0.20554186897374094,0.22216938750913606
all zebrafish,sham 0.83,0.65,30,3012,0.0033200531208499307,0.36442025853950155,0.3291611044307786,0.4006338768712473
all zebrafish,sham 0.83,0.65,40,2581,0.005617977528089901,0.5708263279047446,0.6309672884224358,0.7028369864857094
all zebrafish,sham 0.83,0.65,50,2178,0.003213957759412356,0.2999846950488431,0.8671342531589996,0.7808480642723208
all zebrafish,sham 0.83,0.65,60,1786,0.0016797312430011369,0.14197455728409175,0.5558134579135728,0.6721086385264101
all zebrafish,sham 0.83,0.65,80,940,-0.010638297872340441,-0.6523280730534431,0.31767038128572467,0.24241121269928478
all zebrafish,sham 0.83,0.65,100,351,0.01851851851851849,0.6938886664887098,0.5502272461683484,0.7275348164861581
all zebrafish,sham 0.83,0.7,0,4267,0.021443637215842526,2.8014944620681246,0.0024719384867902387,0.0009154102584781887
all zebrafish,sham 0.83,0.7,5,4203,0.01891506067094928,2.4525475109285564,0.005212168964279767,0.0025565077839333483
all zebrafish,sham 0.83,0.7,10,3770,0.009549071618037086,1.1726322155720152,0.021461767121438734,0.030968595197507054
all zebrafish,sham 0.83,0.7,15,3596,0.0058398220244716414,0.7003892132633243,0.029410457343090113,0.057185673012899785
all zebrafish,sham 0.83,0.7,20,3257,0.010285538839422737,1.17399412455201,0.07854210258824812,0.09271586686974309
all zebrafish,sham 0.83,0.7,25,2970,0.004377104377104368,0.47708429822142195,0.20462419385483366,0.30282597134065736
all zebrafish,sham 0.83,0.7,30,2772,0.0003607503607503393,0.037986858819877053,0.32549273646995847,0.48008924533431163
all zebrafish,sham 0.83,0.7,40,2388,0.0037688442211055717,0.3683454790815304,0.7726863399423558,0.7412326628124568
all zebrafish,sham 0.83,0.7,50,2033,0.00024594195769800375,0.022178456109387967,0.8350644987029768,0.7628799954714687
all zebrafish,sham 0.83,0.7,60,1690,0.0005917159763313418,0.04865042554105041,0.5053519659451418,0.6607684926157216
all zebrafish,sham 0.83,0.7,80,898,-0.014476614699331869,-0.8676312375458011,0.38171384211644854,0.22454692385386
all zebrafish,sham 0.83,0.7,100,333,0.007507507507507505,0.2739983121755954,0.9565359655748554,0.9619509766332767
all zebrafish,sham 0.83,0.75,0,3772,0.015376458112407176,1.8887398661749204,0.008433252273816017,0.006019061213680343
all zebrafish,sham 0.83,0.75,5,3772,0.015376458112407176,1.8887398661749204,0.008433252273816017,0.006019061213680343
all zebrafish,sham 0.83,0.75,10,3442,0.006101104009296865,0.7158859802936024,0.012958510111973428,0.029961092179507154
all zebrafish,sham 0.83,0.75,15,3291,0.0025828015800668513,0.29633638609234786,0.02418617489649466,0.05338371231824579
all zebrafish,sham 0.83,0.75,20,2976,0.008064516129032251,0.8798826901281189,0.07399179514882104,0.10353923718755031
all zebrafish,sham 0.83,0.75,25,2701,0.000925583117363904,0.09620723036050194,0.2280664433638363,0.2910331805327663
all zebrafish,sham 0.83,0.75,30,2508,-0.0031897926634768536,-0.31948922553234665,0.364397858170173,0.38351091684906224
all zebrafish,sham 0.83,0.75,40,2162,0.0009250693802035359,0.08602647872386997,0.8603256087403434,0.8688361440616501
all zebrafish,sham 0.83,0.75,50,1851,-0.0018908698001080526,-0.16270272647227757,0.8263217319917562,0.7421182325875761
all zebrafish,sham 0.83,0.75,60,1567,0.0015954052329291146,0.12630935170956523,0.6004943832135174,0.7161377573426742
all zebrafish,sham 0.83,0.75,80,853,-0.013481828839390364,-0.7875050010075846,0.30956568013972807,0.22562355648194665
all zebrafish,sham 0.83,0.75,100,319,0.00783699059561127,0.2799462554779266,0.9591723789570241,0.9653268002008246
all zebrafish,sham 0.83,0.8,0,3325,0.019699248120300772,2.271828120153197,0.00786806263041836,0.003942200672577001
all zebrafish,sham 0.83,0.8,5,3325,0.019699248120300772,2.271828120153197,0.00786806263041836,0.003942200672577001
all zebrafish,sham 0.83,0.8,10,3058,0.012099411379986935,1.3381752068537471,0.024763606097780277,0.020844001395755707
all zebrafish,sham 0.83,0.8,15,2932,0.009549795361528002,1.0342035972143686,0.04940857346346039,0.04063191451875403
all zebrafish,sham 0.83,0.8,20,2639,0.016104585070102262,1.6546236617180887,0.08497955598942131,0.044074457811915546
all zebrafish,sham 0.83,0.8,25,2377,0.009045014724442524,0.8819701051067733,0.2833621714413196,0.19804115908813413
all zebrafish,sham 0.83,0.8,30,2193,0.0043319653442772665,0.4057273506710349,0.6168143369053238,0.5110379846785424
all zebrafish,sham 0.83,0.8,40,1886,0.008483563096500557,0.7368500784936087,0.47232515072960857,0.533712621695219
all zebrafish,sham 0.83,0.8,50,1633,0.003980404164115159,0.32169940669357006,0.8573286355421301,0.7896550269654268
all zebrafish,sham 0.83,0.8,60,1405,0.006761565836298944,0.5068920020865986,0.8994422226614186,0.7618952840392881
all zebrafish,sham 0.83,0.8,80,768,-0.010416666666666685,-0.5773502691896268,0.27572200031819516,0.2787716838358698
all zebrafish,sham 0.83,0.8,100,273,0.005494505494505475,0.1815682598006401,0.9351206400334369,0.9311653630540921
all zebrafish,sham 0.83,0.85,0,2737,0.021008403361344574,2.1981657747106476,0.019014248686231677,0.009201901793814304
all zebrafish,sham 0.83,0.85,5,2737,0.021008403361344574,2.1981657747106476,0.019014248686231677,0.009201901793814304
all zebrafish,sham 0.83,0.85,10,2567,0.014218932606155033,1.4408206552165446,0.025907217446036968,0.030031081476796895
all zebrafish,sham 0.83,0.85,15,2485,0.010261569416499028,1.0230738392134286,0.03968344547409919,0.0534415170430772
all zebrafish,sham 0.83,0.85,20,2235,0.017673378076062618,1.671045701355259,0.0840934202226058,0.056906844158740255
all zebrafish,sham 0.83,0.85,25,1994,0.011033099297893645,0.9853490438492531,0.35254482460660574,0.23877198402815913
all zebrafish,sham 0.83,0.85,30,1823,0.005211190345584149,0.4450002619462101,0.5610278656474172,0.561313702391225
all zebrafish,sham 0.83,0.85,40,1549,0.009360877985797322,0.736838464777896,0.5710535346536736,0.6043215447042088
all zebrafish,sham 0.83,0.85,50,1353,0.004065040650406471,0.2990499863048678,0.9722092141408079,0.8500069215979289
all zebrafish,sham 0.83,0.85,60,1190,0.005042016806722671,0.3478626213914678,0.9479179040123422,0.8164696923452958
all zebrafish,sham 0.83,0.85,80,664,-0.006024096385542188,-0.3104602102825341,0.5149326597922934,0.5497321157042874
all zebrafish,sham 0.83,0.85,100,231,0.03246753246753242,0.9869275424396521,0.4055666478429687,0.6239315855753602
all zebrafish,sham 0.83,0.9,0,2100,0.02523809523809528,2.3131096365015233,0.007664947417932497,0.006366546629072989
all zebrafish,sham 0.83,0.9,5,2100,0.02523809523809528,2.3131096365015233,0.007664947417932497,0.006366546629072989
all zebrafish,sham 0.83,0.9,10,2003,0.018222666000998533,1.6311067519159468,0.017609815505139684,0.015027802959454495
all zebrafish,sham 0.83,0.9,15,1957,0.014563106796116498,1.2884852248890089,0.01731866578147237,0.024882758978622577
all zebrafish,sham 0.83,0.9,20,1769,0.02119841718485016,1.7831888788705248,0.030258487451489957,0.02967834510559686
all zebrafish,sham 0.83,0.9,25,1564,0.014705882352941124,1.1631599960755952,0.13150594159090012,0.14473539353763631
all zebrafish,sham 0.83,0.9,30,1407,0.008884150675195435,0.6664889599684086,0.24680858595559996,0.3482233780143894
all zebrafish,sham 0.83,0.9,40,1170,0.009401709401709368,0.6431758808251525,0.4304814483283652,0.5087347807221807
all zebrafish,sham 0.83,0.9,50,1006,0.0,0.0,0.4992368029108153,0.5938079376279364
all zebrafish,sham 0.83,0.9,60,914,0.006564551422319487,0.39692472099337417,0.6600056050813683,0.5528600520915463
all zebrafish,sham 0.83,0.9,80,527,-0.004743833017077814,-0.21780342093451677,0.4047859576155465,0.39434169325246426
all zebrafish,sham 0.83,0.9,100,172,,,,
all zebrafish,sham 0.83,0.95,0,1246,0.028892455858748,2.0397337188122653,0.018135108611610374,0.018736983179298727
all zebrafish,sham 0.83,0.95,5,1246,0.028892455858748,2.0397337188122653,0.018135108611610374,0.018736983179298727
all zebrafish,sham 0.83,0.95,10,1216,0.023026315789473673,1.6059101370939315,0.05590358496329573,0.0368099534428632
all zebrafish,sham 0.83,0.95,15,1201,0.021232306411323898,1.4716301349031413,0.07053118989866447,0.0501234392496126
all zebrafish,sham 0.83,0.95,20,1089,0.02892561983471076,1.90909090909091,0.031043608739523165,0.045561909769549325
all zebrafish,sham 0.83,0.95,25,935,0.019786096256684482,1.2100293893102974,0.17844350592708358,0.18228818536985092
all zebrafish,sham 0.83,0.95,30,820,0.01585365853658538,0.9079593845004525,0.46294612849811534,0.49466408679738405
all zebrafish,sham 0.83,0.95,40,641,0.014820592823712953,0.7504548802566963,0.5116102955926027,0.7432467374794969
all zebrafish,sham 0.83,0.95,50,529,0.000945179584120992,0.04347826086956563,0.849970320152785,0.7592904698108505
all zebrafish,sham 0.83,0.95,60,490,0.010204081632653073,0.4517539514526261,0.853067351044111,0.7697078709020864
all zebrafish,sham 0.83,0.95,80,301,-0.028239202657807327,-0.9798637100972001,0.21419830405449147,0.17614340364552805
all zebrafish,sham 0.83,0.95,100,91,,,,
0.1 Hz batch,magnetic,0.0,0,13408,0.08957338902147971,20.743928289000337,2.351307664240735e-112,1.8806715740282698e-08
0.1 Hz batch,magnetic,0.0,5,8421,0.06703479396746226,12.303030715174602,8.599170512546282e-38,1.0062012334444148e-09
0.1 Hz batch,magnetic,0.0,10,3677,0.040386184389447966,4.897896847355211,1.6967934843637074e-07,5.151405394476782e-07
0.1 Hz batch,magnetic,0.0,15,2267,0.03903837670930743,3.7174702897393574,0.00043505537655736065,0.0006932256194801534
0.1 Hz batch,magnetic,0.0,20,1551,0.030625402965828497,2.4122244015653713,0.0366110747758589,0.029889398197104122
0.1 Hz batch,magnetic,0.0,25,1098,0.01912568306010931,1.267500444595261,0.4453835383593764,0.2613311809917942
0.1 Hz batch,magnetic,0.0,30,812,0.0049261083743842304,0.2807449625374382,0.8003668038009313,0.8334431971885615
0.1 Hz batch,magnetic,0.0,40,420,0.00952380952380949,0.3903600291794118,0.6882654902564522,0.6499637521922152
0.1 Hz batch,magnetic,0.0,50,222,-0.03153153153153154,-0.9396184772996344,0.37529306036468446,0.3711414819434309
0.1 Hz batch,magnetic,0.0,60,141,,,,
0.1 Hz batch,magnetic,0.0,80,54,,,,
0.1 Hz batch,magnetic,0.0,100,32,,,,
0.1 Hz batch,magnetic,0.05,0,8439,0.07909704941343765,14.53234743370384,5.087906261734234e-55,1.911678371158132e-09
0.1 Hz batch,magnetic,0.05,5,6257,0.06480741569442228,10.252688830563082,9.947098458044696e-27,1.2676184546478453e-09
0.1 Hz batch,magnetic,0.05,10,3186,0.04080351537978655,4.6062813632570245,3.4642440699523523e-07,1.010700088066585e-06
0.1 Hz batch,magnetic,0.05,15,2025,0.04123456790123459,3.7111111111111126,0.00018315660208312535,0.0003458846522654824
0.1 Hz batch,magnetic,0.05,20,1399,0.0282344531808435,2.1121182738126385,0.0384496612361136,0.03814379757268338
0.1 Hz batch,magnetic,0.05,25,992,0.017137096774193505,1.0795010795016164,0.39588418971684636,0.23478542736587005
0.1 Hz batch,magnetic,0.05,30,722,0.0027700831024930483,0.14886458551295595,0.6586782162550162,0.6655152633604143
0.1 Hz batch,magnetic,0.05,40,344,0.014534883720930258,0.539163866017193,0.516917068122717,0.46261260273634275
0.1 Hz batch,magnetic,0.05,50,152,,,,
0.1 Hz batch,magnetic,0.05,60,86,,,,
0.1 Hz batch,magnetic,0.05,80,24,,,,
0.1 Hz batch,magnetic,0.05,100,11,,,,
0.1 Hz batch,magnetic,0.1,0,7670,0.08070404172099088,14.13588367599187,9.663600782106056e-52,9.506953002613727e-10
0.1 Hz batch,magnetic,0.1,5,5551,0.06584399207350022,9.811417655540776,1.0924160106540283e-24,3.1425217983382936e-10
0.1 Hz batch,magnetic,0.1,10,2922,0.04551676933607118,4.920865908230976,4.416960257061103e-08,1.5999093871954528e-07
0.1 Hz batch,magnetic,0.1,15,1885,0.04429708222811668,3.8464562215357345,0.000142677794346666,0.0002882640645455181
0.1 Hz batch,magnetic,0.1,20,1315,0.033840304182509495,2.4542970774718142,0.02152142087491807,0.01662651953714156
0.1 Hz batch,magnetic,0.1,25,933,0.020900321543408373,1.2768026787197206,0.28774097988643266,0.15458490004171488
0.1 Hz batch,magnetic,0.1,30,683,0.0036603221083455484,0.19131968294834598,0.6862200861511327,0.6190195258942666
0.1 Hz batch,magnetic,0.1,40,321,0.02024922118380057,0.72558924384173,0.5692809720249703,0.43240305439810944
0.1 Hz batch,magnetic,0.1,50,135,,,,
0.1 Hz batch,magnetic,0.1,60,75,,,,
0.1 Hz batch,magnetic,0.1,80,19,,,,
0.1 Hz batch,magnetic,0.1,100,7,,,,
0.1 Hz batch,magnetic,0.15,0,7360,0.08057065217391302,13.824383782162647,1.5575626979001997e-49,7.754498820844447e-09
0.1 Hz batch,magnetic,0.15,5,5242,0.06466997329263635,9.364426505922017,1.6887197150826443e-22,6.336375868443156e-11
0.1 Hz batch,magnetic,0.15,10,2755,0.04192377495462796,4.400998071919382,4.654989699664424e-07,1.9420836987471546e-06
0.1 Hz batch,magnetic,0.15,15,1795,0.03927576601671312,3.328027346148632,0.001113213217316892,0.001213021116178603
0.1 Hz batch,magnetic,0.15,20,1260,0.029365079365079372,2.0847138283303415,0.059841301916374934,0.03795798329357103
0.1 Hz batch,magnetic,0.15,25,901,0.01720310765815758,1.0327597372117914,0.34545308411023123,0.2034796995494118
0.1 Hz batch,magnetic,0.15,30,659,-0.0007587253414264028,-0.038954469356580944,0.7153967235142176,0.655731304959065
0.1 Hz batch,magnetic,0.15,40,308,0.012987012987012991,0.45584230583855195,0.6505753643916925,0.5181642287679549
0.1 Hz batch,magnetic,0.15,50,130,,,,
0.1 Hz batch,magnetic,0.15,60,71,,,,
0.1 Hz batch,magnetic,0.15,80,17,,,,
0.1 Hz batch,magnetic,0.15,100,5,,,,
0.1 Hz batch,magnetic,0.2,0,7140,0.08235294117647063,13.917403408935842,1.3099162232352795e-50,7.871768792355738e-10
0.1 Hz batch,magnetic,0.2,5,5025,0.06656716417910447,9.437524340188043,4.321642286947773e-23,1.207497435373739e-10
0.1 Hz batch,magnetic,0.2,10,2616,0.041284403669724745,4.223134189831183,1.0003394675463423e-06,5.049993850869683e-06
0.1 Hz batch,magnetic,0.2,15,1728,0.03414351851851849,2.8386388235156574,0.005926329729651322,0.00494830208413688
0.1 Hz batch,magnetic,0.2,20,1222,0.02454991816693941,1.7163887030718668,0.13225217897596564,0.08234327857291279
0.1 Hz batch,magnetic,0.2,25,878,0.014806378132118492,0.8774574991816776,0.4387061284632001,0.26534623550962977
0.1 Hz batch,magnetic,0.2,30,644,-0.003105590062111807,-0.15762208124782043,0.6479780178653527,0.6975863505868757
0.1 Hz batch,magnetic,0.2,40,298,0.010067114093959773,0.34757066781809676,0.6253432697296186,0.5545866963181952
0.1 Hz batch,magnetic,0.2,50,122,,,,
0.1 Hz batch,magnetic,0.2,60,64,,,,
0.1 Hz batch,magnetic,0.2,80,13,,,,
0.1 Hz batch,magnetic,0.2,100,4,,,,
0.1 Hz batch,magnetic,0.25,0,6712,0.08507151370679378,13.939273198639768,3.4231725870621703e-51,8.444037691290873e-10
0.1 Hz batch,magnetic,0.25,5,4617,0.0681178254277669,9.257009473265688,3.4413838121053803e-22,5.644995582088086e-11
0.1 Hz batch,magnetic,0.25,10,2479,0.04538120209761998,4.519019909662822,3.2000416255617027e-07,2.1328619516092218e-06
0.1 Hz batch,magnetic,0.25,15,1655,0.03897280966767369,3.1709596172546575,0.0014135265728317428,0.0021710359429899517
0.1 Hz batch,magnetic,0.25,20,1175,0.031063829787233987,2.1296288758692565,0.03588060960490291,0.03500803437858879
0.1 Hz batch,magnetic,0.25,25,845,0.020710059171597628,1.2040366032691172,0.19286798041947906,0.14232235993114328
0.1 Hz batch,magnetic,0.25,30,623,0.0024077046548957037,0.12019246203225246,0.6378485595128374,0.6094656590538707
0.1 Hz batch,magnetic,0.25,40,285,0.015789473684210575,0.5331139899831847,0.4233178785243932,0.40229826585370587
0.1 Hz batch,magnetic,0.25,50,114,,,,
0.1 Hz batch,magnetic,0.25,60,57,,,,
0.1 Hz batch,magnetic,0.25,80,8,,,,
0.1 Hz batch,magnetic,0.25,100,3,,,,
0.1 Hz batch,magnetic,0.3,0,5722,0.08196434813002451,12.400206332635198,8.764544534880825e-40,1.8399346490838298e-09
0.1 Hz batch,magnetic,0.3,5,4392,0.06807832422586524,9.023396022237684,6.112286692422225e-21,1.9924284444527984e-11
0.1 Hz batch,magnetic,0.3,10,2359,0.0455701568461212,4.426642909003627,5.436705790006905e-07,2.873169663297759e-06
0.1 Hz batch,magnetic,0.3,15,1599,0.038461538461538436,3.0759613881741834,0.002233460859090311,0.002970727960927011
0.1 Hz batch,magnetic,0.3,20,1142,0.02889667250437833,1.9530388553682043,0.07317346711405381,0.04885172513694036
0.1 Hz batch,magnetic,0.3,25,825,0.021212121212121238,1.2185435916898864,0.2293452167028579,0.13399795358030797
0.1 Hz batch,magnetic,0.3,30,612,0.004901960784313708,0.2425356250363321,0.5296284787514629,0.5409050331969554
0.1 Hz batch,magnetic,0.3,40,281,0.016014234875444844,0.5368949876447044,0.37964584825194625,0.331725519996805
0.1 Hz batch,magnetic,0.3,50,112,,,,
0.1 Hz batch,magnetic,0.3,60,56,,,,
0.1 Hz batch,magnetic,0.3,80,8,,,,
0.1 Hz batch,magnetic,0.3,100,3,,,,
0.1 Hz batch,magnetic,0.35,0,5287,0.0863438623037639,12.55642833638104,3.580902710412507e-40,1.7944995489571625e-09
0.1 Hz batch,magnetic,0.35,5,3967,0.07247290143685403,9.129284564103703,5.575673143436669e-21,1.3813641341897664e-09
0.1 Hz batch,magnetic,0.35,10,2213,0.05128784455490287,4.825420336916352,2.0383035835521597e-07,1.0163891328573982e-06
0.1 Hz batch,magnetic,0.35,15,1524,0.04330708661417326,3.3812824292184986,0.0006987493924201538,0.0013701565508781322
0.1 Hz batch,magnetic,0.35,20,1094,0.03656307129798908,2.4186962206276053,0.018468148439380855,0.01664868778203299
0.1 Hz batch,magnetic,0.35,25,789,0.028517110266159662,1.602042422645033,0.08424789738947569,0.06296083937843455
0.1 Hz batch,magnetic,0.35,30,587,0.01277683134582619,0.6191162575597449,0.5748094528843694,0.3977916381108638
0.1 Hz batch,magnetic,0.35,40,274,0.021897810218978075,0.7249465119962115,0.2746683487568792,0.2722600161084878
0.1 Hz batch,magnetic,0.35,50,106,,,,
0.1 Hz batch,magnetic,0.35,60,51,,,,
0.1 Hz batch,magnetic,0.35,80,6,,,,
0.1 Hz batch,magnetic,0.35,100,3,,,,
0.1 Hz batch,magnetic,0.4,0,5052,0.0868962787015044,12.352727043039598,1.2722544375317865e-38,6.224986082159489e-10
0.1 Hz batch,magnetic,0.4,5,3738,0.07276618512573574,8.897730576770716,1.1354964408357726e-19,2.201134829959983e-10
0.1 Hz batch,magnetic,0.4,10,2100,0.0519047619047619,4.7571500071446335,1.2385561341941935e-06,4.04518821539579e-06
0.1 Hz batch,magnetic,0.4,15,1480,0.04527027027027031,3.4831641408972462,0.0005084096840578746,0.0007959213039814284
0.1 Hz batch,magnetic,0.4,20,1065,0.036150234741784026,2.3594779401881976,0.014483585026672892,0.013120282014889129
0.1 Hz batch,magnetic,0.4,25,770,0.027272727272727226,1.5135749373285363,0.07062491807322724,0.060032281938089405
0.1 Hz batch,magnetic,0.4,30,575,0.011304347826086913,0.5421374765483923,0.46184838016925134,0.357956629162819
0.1 Hz batch,magnetic,0.4,40,269,0.024163568773234223,0.7926239891046009,0.20465657117982383,0.23735561739022015
0.1 Hz batch,magnetic,0.4,50,103,,,,
0.1 Hz batch,magnetic,0.4,60,49,,,,
0.1 Hz batch,magnetic,0.4,80,6,,,,
0.1 Hz batch,magnetic,0.4,100,3,,,,
0.1 Hz batch,magnetic,0.45,0,4402,0.0913221263062245,12.118002273494136,2.1702902748235586e-38,3.0906044390377474e-10
0.1 Hz batch,magnetic,0.45,5,3426,0.0741389375364857,8.679006886566542,2.7435755311044044e-19,1.3421364020160809e-10
0.1 Hz batch,magnetic,0.45,10,1933,0.04992240041386442,4.389766116748323,5.1552684830589515e-06,1.2103417309949904e-05
0.1 Hz batch,magnetic,0.45,15,1423,0.0446240337315531,3.3666755958682004,0.0005195040037906018,0.000570399814279865
0.1 Hz batch,magnetic,0.45,20,1034,0.03384912959381048,2.1768964474989323,0.015620908613968124,0.016282271888529487
0.1 Hz batch,magnetic,0.45,25,753,0.028552456839309404,1.5670071117198565,0.05071022051788576,0.04658415172660468
0.1 Hz batch,magnetic,0.45,30,560,0.010714285714285676,0.5070925528371082,0.4126975407766783,0.31475631033946894
0.1 Hz batch,magnetic,0.45,40,263,0.024714828897338448,0.801614340771671,0.21426294646732658,0.2514355316689757
0.1 Hz batch,magnetic,0.45,50,99,,,,
0.1 Hz batch,magnetic,0.45,60,48,,,,
0.1 Hz batch,magnetic,0.45,80,6,,,,
0.1 Hz batch,magnetic,0.45,100,3,,,,
0.1 Hz batch,magnetic,0.5,0,3231,0.07629216960693286,8.673181609561501,5.522983502498039e-19,8.907918847000929e-11
0.1 Hz batch,magnetic,0.5,5,3082,0.07268007787151198,8.069780032496222,1.0276091960548346e-16,4.977018797092114e-12
0.1 Hz batch,magnetic,0.5,10,1717,0.04105998835177638,3.4027807327538673,0.0003046111799947749,0.0004486273596463475
0.1 Hz batch,magnetic,0.5,15,1348,0.0400593471810089,2.9415674377953533,0.002732269519601355,0.0030625378649411505
0.1 Hz batch,magnetic,0.5,20,997,0.03159478435305918,1.9952300189415397,0.023920928135087394,0.03082108541538442
0.1 Hz batch,magnetic,0.5,25,730,0.023287671232876672,1.2583964573359268,0.09645184615991154,0.0979175412872818
0.1 Hz batch,magnetic,0.5,30,546,0.0073260073260073,0.34236839400872915,0.47487242759322656,0.42665559454360236
0.1 Hz batch,magnetic,0.5,40,256,0.01953125,0.625,0.37470977799652094,0.3833002981448843
0.1 Hz batch,magnetic,0.5,50,96,,,,
0.1 Hz batch,magnetic,0.5,60,46,,,,
0.1 Hz batch,magnetic,0.5,80,6,,,,
0.1 Hz batch,magnetic,0.5,100,3,,,,
0.1 Hz batch,magnetic,0.55,0,3021,0.07497517378351537,8.241814572523754,3.052865994865199e-17,1.9009793739144243e-11
0.1 Hz batch,magnetic,0.55,5,2928,0.07240437158469948,7.835745472118474,1.015963649832067e-15,5.338327557780076e-10
0.1 Hz batch,magnetic,0.55,10,1643,0.040474741326841146,3.2812011814181323,0.000532821278066739,0.0007410342274942749
0.1 Hz batch,magnetic,0.55,15,1311,0.03699466056445466,2.678985656830625,0.006919655830586447,0.006858960726547014
0.1 Hz batch,magnetic,0.55,20,973,0.030318602261048322,1.8914531627306301,0.04150553388707123,0.043750837991053504
0.1 Hz batch,magnetic,0.55,25,709,0.02186177715091675,1.1642294375924518,0.17354494670157594,0.13568914616140304
0.1 Hz batch,magnetic,0.55,30,529,0.00472589792060496,0.21739130434782816,0.290122833131669,0.4495391597024313
0.1 Hz batch,magnetic,0.55,40,248,0.012096774193548376,0.38100038100057115,0.5857992397442267,0.48903589385644
0.1 Hz batch,magnetic,0.55,50,90,,,,
0.1 Hz batch,magnetic,0.55,60,43,,,,
0.1 Hz batch,magnetic,0.55,80,5,,,,
0.1 Hz batch,magnetic,0.55,100,3,,,,
0.1 Hz batch,magnetic,0.6,0,2731,0.07268399853533503,7.596781873731534,6.470534024243817e-15,1.426740947607641e-10
0.1 Hz batch,magnetic,0.6,5,2731,0.07268399853533503,7.596781873731534,6.470534024243817e-15,1.426740947607641e-10
0.1 Hz batch,magnetic,0.6,10,1538,0.042912873862158696,3.3658577955121496,0.0008203624344311365,0.0009045934684184243
0.1 Hz batch,magnetic,0.6,15,1254,0.038277511961722466,2.7109559746795426,0.008450742244791731,0.00867216486153588
0.1 Hz batch,magnetic,0.6,20,942,0.03397027600849256,2.085232679843438,0.026727604787870396,0.03130369037161329
0.1 Hz batch,magnetic,0.6,25,686,0.02478134110787167,1.2981260321460586,0.13809117465279264,0.11871578901715185
0.1 Hz batch,magnetic,0.6,30,517,0.010638297872340385,0.4837794468468949,0.33256402055783696,0.4338081396039978
0.1 Hz batch,magnetic,0.6,40,243,0.014403292181069949,0.4490502093697086,0.5701536027085816,0.4503996972478246
0.1 Hz batch,magnetic,0.6,50,86,,,,
0.1 Hz batch,magnetic,0.6,60,40,,,,
0.1 Hz batch,magnetic,0.6,80,5,,,,
0.1 Hz batch,magnetic,0.6,100,3,,,,
0.1 Hz batch,magnetic,0.65,0,2109,0.06661925082977715,6.118824966146259,2.803334393769259e-10,3.1078758455649336e-09
0.1 Hz batch,magnetic,0.65,5,2109,0.06661925082977715,6.118824966146259,2.803334393769259e-10,3.1078758455649336e-09
0.1 Hz batch,magnetic,0.65,10,1337,0.04001495886312645,2.9262947897826477,0.0018646259647483602,0.002785303970935904
0.1 Hz batch,magnetic,0.65,15,1186,0.038785834738617186,2.6714403590395874,0.004993829768711628,0.007664178487704287
0.1 Hz batch,magnetic,0.65,20,910,0.031868131868131866,1.9226812779822078,0.037575167491173955,0.04482861359058388
0.1 Hz batch,magnetic,0.65,25,667,0.021739130434782594,1.1228844843604304,0.19976993674025723,0.1499354955134321
0.1 Hz batch,magnetic,0.65,30,502,0.009960159362549792,0.4463218426774514,0.3625242425877565,0.4759148291542429
0.1 Hz batch,magnetic,0.65,40,236,0.016949152542372836,0.5207556439232941,0.5265860016154693,0.36808888315473287
0.1 Hz batch,magnetic,0.65,50,82,,,,
0.1 Hz batch,magnetic,0.65,60,37,,,,
0.1 Hz batch,magnetic,0.65,80,4,,,,
0.1 Hz batch,magnetic,0.65,100,2,,,,
0.1 Hz batch,magnetic,0.7,0,1512,0.051587301587301626,4.011887099014393,4.967931088701179e-05,8.569378799605509e-05
0.1 Hz batch,magnetic,0.7,5,1512,0.051587301587301626,4.011887099014393,4.967931088701179e-05,8.569378799605509e-05
0.1 Hz batch,magnetic,0.7,10,1230,0.04471544715447151,3.1364627168171033,0.0016807337638601824,0.002823522441039894
0.1 Hz batch,magnetic,0.7,15,1131,0.04465075154730325,3.003240218922764,0.0020848198627620414,0.003542695823370079
0.1 Hz batch,magnetic,0.7,20,869,0.03394706559263516,2.0014379180806343,0.03431290695374889,0.04346368613453888
0.1 Hz batch,magnetic,0.7,25,642,0.02336448598130836,1.1840055569457848,0.21464793351622546,0.15128395402856998
0.1 Hz batch,magnetic,0.7,30,485,0.01134020618556697,0.499484270105148,0.42518276328602933,0.4561422272030563
0.1 Hz batch,magnetic,0.7,40,231,0.015151515151515138,0.4605661864718379,0.6182877560810843,0.410850441783157
0.1 Hz batch,magnetic,0.7,50,81,,,,
0.1 Hz batch,magnetic,0.7,60,37,,,,
0.1 Hz batch,magnetic,0.7,80,4,,,,
0.1 Hz batch,magnetic,0.7,100,2,,,,
0.1 Hz batch,magnetic,0.75,0,1369,0.057341124908692476,4.243243243243243,6.028706851630422e-06,6.7432089450703e-05
0.1 Hz batch,magnetic,0.75,5,1369,0.057341124908692476,4.243243243243243,6.028706851630422e-06,6.7432089450703e-05
0.1 Hz batch,magnetic,0.75,10,1168,0.046232876712328785,3.160110974295527,0.0011949319770299686,0.0033041087420435655
0.1 Hz batch,magnetic,0.75,15,1085,0.045622119815668216,3.0055248665586363,0.0026222872785685047,0.0049630800807530795
0.1 Hz batch,magnetic,0.75,20,838,0.03699284009546544,2.1417544611457493,0.03158095715524167,0.03910883296369472
0.1 Hz batch,magnetic,0.75,25,622,0.025723472668810254,1.283083103623399,0.18872575572883066,0.16155576147388961
0.1 Hz batch,magnetic,0.75,30,468,0.012820512820512775,0.5547001962252271,0.570232287545957,0.5086923370688051
0.1 Hz batch,magnetic,0.75,40,223,0.020179372197309364,0.602684577164181,0.4040426537493952,0.3790569737147438
0.1 Hz batch,magnetic,0.75,50,77,,,,
0.1 Hz batch,magnetic,0.75,60,36,,,,
0.1 Hz batch,magnetic,0.75,80,4,,,,
0.1 Hz batch,magnetic,0.75,100,2,,,,
0.1 Hz batch,magnetic,0.8,0,1261,0.051149881046788304,3.632722024883186,9.849125271091228e-05,0.00047808160656870324
0.1 Hz batch,magnetic,0.8,5,1261,0.051149881046788304,3.632722024883186,9.849125271091228e-05,0.00047808160656870324
0.1 Hz batch,magnetic,0.8,10,1097,0.04421148587055601,2.9286563913999633,0.0029615319298139267,0.006490998408144932
0.1 Hz batch,magnetic,0.8,15,1029,0.04130223517978615,2.649788667151333,0.005944750695887076,0.010847047021934175
0.1 Hz batch,magnetic,0.8,20,795,0.033333333333333326,1.8797162906495577,0.04613773940905286,0.06533086324186865
0.1 Hz batch,magnetic,0.8,25,591,0.022842639593908642,1.1106315942161322,0.2071731336090159,0.18437286092218785
0.1 Hz batch,magnetic,0.8,30,444,0.011261261261261257,0.47457899787624935,0.4022510867179332,0.4399301075599341
0.1 Hz batch,magnetic,0.8,40,212,0.018867924528301883,0.5494422557947559,0.5087403593467079,0.40422181623334474
0.1 Hz batch,magnetic,0.8,50,73,,,,
0.1 Hz batch,magnetic,0.8,60,35,,,,
0.1 Hz batch,magnetic,0.8,80,3,,,,
0.1 Hz batch,magnetic,0.8,100,1,,,,
0.1 Hz batch,magnetic,0.85,0,1079,0.05236329935125117,3.4400734953461045,0.00044361705434652906,0.001339014018327478
0.1 Hz batch,magnetic,0.85,5,1079,0.05236329935125117,3.4400734953461045,0.00044361705434652906,0.001339014018327478
0.1 Hz batch,magnetic,0.85,10,984,0.04166666666666663,2.6140645235596844,0.006915982186685803,0.013642427934897894
0.1 Hz batch,magnetic,0.85,15,936,0.040598290598290565,2.4841377117503285,0.010209043077444302,0.01541438422585839
0.1 Hz batch,magnetic,0.85,20,736,0.03532608695652173,1.9167454300136622,0.058016016590287434,0.06608822998525377
0.1 Hz batch,magnetic,0.85,25,551,0.02631578947368418,1.2354415362426832,0.19772040728619922,0.14356017129742316
0.1 Hz batch,magnetic,0.85,30,415,0.010843373493975905,0.44179262430643446,0.3885318848935354,0.4482987907276397
0.1 Hz batch,magnetic,0.85,40,195,,,,
0.1 Hz batch,magnetic,0.85,50,65,,,,
0.1 Hz batch,magnetic,0.85,60,32,,,,
0.1 Hz batch,magnetic,0.85,80,3,,,,
0.1 Hz batch,magnetic,0.85,100,1,,,,
0.1 Hz batch,magnetic,0.9,0,885,0.0412429378531074,2.4538681559027755,0.03059156553965159,0.03336036564768019
0.1 Hz batch,magnetic,0.9,5,885,0.0412429378531074,2.4538681559027755,0.03059156553965159,0.03336036564768019
0.1 Hz batch,magnetic,0.9,10,831,0.031889290012033666,1.838549629810293,0.09773074563414175,0.09472010959274912
0.1 Hz batch,magnetic,0.9,15,806,0.03349875930521096,1.902068874926139,0.08892116094876801,0.07489164774709611
0.1 Hz batch,magnetic,0.9,20,656,0.024390243902439046,1.2493900951088497,0.3221316440657488,0.23246828778102846
0.1 Hz batch,magnetic,0.9,25,499,0.02104208416833664,0.9400891101752734,0.41998922954776785,0.23415783676177215
0.1 Hz batch,magnetic,0.9,30,373,0.009383378016085797,0.36244626115494866,0.4384570663047753,0.49460734593437583
0.1 Hz batch,magnetic,0.9,40,176,,,,
0.1 Hz batch,magnetic,0.9,50,56,,,,
0.1 Hz batch,magnetic,0.9,60,28,,,,
0.1 Hz batch,magnetic,0.9,80,3,,,,
0.1 Hz batch,magnetic,0.9,100,1,,,,
0.1 Hz batch,magnetic,0.95,0,596,0.04865771812080533,2.3757725695052154,0.03860673852829788,0.08129246427598957
0.1 Hz batch,magnetic,0.95,5,596,0.04865771812080533,2.3757725695052154,0.03860673852829788,0.08129246427598957
0.1 Hz batch,magnetic,0.95,10,577,0.04766031195840559,2.2896799591699755,0.04571500798806161,0.09547159967681818
0.1 Hz batch,magnetic,0.95,15,570,0.0491228070175439,2.3455818864334965,0.0380960164186922,0.07413485177471535
0.1 Hz batch,magnetic,0.95,20,480,0.03749999999999998,1.6431676725154976,0.26641654708606466,0.2841340360381476
0.1 Hz batch,magnetic,0.95,25,364,0.04120879120879117,1.5724272550828762,0.21056253398702474,0.15207650519731286
0.1 Hz batch,magnetic,0.95,30,273,0.023809523809523836,0.7867957924694441,0.6076166813272308,0.4139463570917068
0.1 Hz batch,magnetic,0.95,40,123,,,,
0.1 Hz batch,magnetic,0.95,50,38,,,,
0.1 Hz batch,magnetic,0.95,60,19,,,,
0.1 Hz batch,magnetic,0.95,80,1,,,,
0.1 Hz batch,magnetic,0.95,100,1,,,,
0.1 Hz batch,sham 0.71,0.0,0,13408,0.09576372315035797,22.177522000896275,4.99238110800953e-113,1.2939803673006622e-08
0.1 Hz batch,sham 0.71,0.0,5,8421,0.07605985037406482,13.95941748993682,9.327767223634085e-45,6.741280866862098e-10
0.1 Hz batch,sham 0.71,0.0,10,3677,0.0567038346478107,6.876845068508823,1.43515522643988e-12,3.461309017183112e-11
0.1 Hz batch,sham 0.71,0.0,15,2267,0.05359505955006616,5.103645652015053,2.602464354471207e-07,2.015101817853804e-06
0.1 Hz batch,sham 0.71,0.0,20,1551,0.059638942617666,4.697489624100985,7.934460507996228e-07,1.2854887962987505e-06
0.1 Hz batch,sham 0.71,0.0,25,1098,0.05373406193078323,3.561072677672395,0.000143594441509732,0.00014313935508047937
0.1 Hz batch,sham 0.71,0.0,30,812,0.0431034482758621,2.456518422202589,0.007908306372141948,0.005346558861768935
0.1 Hz batch,sham 0.71,0.0,40,420,0.023809523809523836,0.9759000729485342,0.10076975522316944,0.07874622370315887
0.1 Hz batch,sham 0.71,0.0,50,222,-0.004504504504504514,-0.13423121104280514,0.5321327235523812,0.7544022403651308
0.1 Hz batch,sham 0.71,0.0,60,141,,,,
0.1 Hz batch,sham 0.71,0.0,80,54,,,,
0.1 Hz batch,sham 0.71,0.0,100,32,,,,
0.1 Hz batch,sham 0.71,0.05,0,8439,0.08668088636094329,15.925711082778069,1.1668059753548886e-58,6.912383998525229e-09
0.1 Hz batch,sham 0.71,0.05,5,6257,0.07375739172127216,11.668596535893611,1.7267956229587822e-31,3.5174596568765537e-10
0.1 Hz batch,sham 0.71,0.05,10,3186,0.05618330194601384,6.3424951078692935,8.749037619756588e-11,8.748610724751416e-10
0.1 Hz batch,sham 0.71,0.05,15,2025,0.05407407407407405,4.8666666666666645,9.320898043299574e-07,5.496068349652994e-06
0.1 Hz batch,sham 0.71,0.05,20,1399,0.06111508220157258,4.571800314202036,1.260719824250624e-06,2.071010239301785e-06
0.1 Hz batch,sham 0.71,0.05,25,992,0.05745967741935487,3.6195036195054313,0.00010489984906596116,0.00014414419415431645
0.1 Hz batch,sham 0.71,0.05,30,722,0.047091412742382266,2.530697953720275,0.005483284068707016,0.004653571387078226
0.1 Hz batch,sham 0.71,0.05,40,344,0.03488372093023251,1.293993278441259,0.05730648782810521,0.05267728659970239
0.1 Hz batch,sham 0.71,0.05,50,152,,,,
0.1 Hz batch,sham 0.71,0.05,60,86,,,,
0.1 Hz batch,sham 0.71,0.05,80,24,,,,
0.1 Hz batch,sham 0.71,0.05,100,11,,,,
0.1 Hz batch,sham 0.71,0.1,0,7670,0.08904823989569755,15.597428999519304,3.2266614274554768e-56,2.5060282737854322e-09
0.1 Hz batch,sham 0.71,0.1,5,5551,0.0764727076202486,11.395203268883892,2.476600461876585e-30,2.425981082687656e-09
0.1 Hz batch,sham 0.71,0.1,10,2922,0.05989048596851476,6.474823563461816,4.4902358456340654e-11,7.013792879817515e-10
0.1 Hz batch,sham 0.71,0.1,15,1885,0.051193633952254625,4.445305693152078,7.938580506454617e-06,3.763449217930592e-05
0.1 Hz batch,sham 0.71,0.1,20,1315,0.06425855513307988,4.660406810030752,1.019648785298127e-06,2.17743296693218e-06
0.1 Hz batch,sham 0.71,0.1,25,933,0.06055734190782425,3.699453915264831,0.00011252113152520642,0.00016780628403179065
0.1 Hz batch,sham 0.71,0.1,30,683,0.04904831625183015,2.5636837515078255,0.005489656941108591,0.004772399763802393
0.1 Hz batch,sham 0.71,0.1,40,321,0.0389408099688473,1.3953639304648673,0.049136410679775366,0.05051799344940222
0.1 Hz batch,sham 0.71,0.1,50,135,,,,
0.1 Hz batch,sham 0.71,0.1,60,75,,,,
0.1 Hz batch,sham 0.71,0.1,80,19,,,,
0.1 Hz batch,sham 0.71,0.1,100,7,,,,
0.1 Hz batch,sham 0.71,0.15,0,7360,0.08953804347826089,15.363016715759171,2.0004520795888602e-54,1.7444773403596514e-09
0.1 Hz batch,sham 0.71,0.15,5,5242,0.07649752003052268,11.077094480456433,1.8282185841277955e-28,1.1000664823512807e-09
0.1 Hz batch,sham 0.71,0.15,10,2755,0.060435571687840306,6.344295921857811,1.2462285577595764e-10,8.974508913794921e-10
0.1 Hz batch,sham 0.71,0.15,15,1795,0.05097493036211698,4.319354640746092,2.8661592039088536e-05,7.131096207479981e-05
0.1 Hz batch,sham 0.71,0.15,20,1260,0.06507936507936507,4.6201765925158895,2.7665950381284347e-06,4.011474489695743e-06
0.1 Hz batch,sham 0.71,0.15,25,901,0.06381798002219752,3.8312054767534223,8.89535452215943e-05,0.00014468131336597967
0.1 Hz batch,sham 0.71,0.15,30,659,0.05386949924127471,2.7657673243172525,0.003889679958215779,0.0029831992528206452
0.1 Hz batch,sham 0.71,0.15,40,308,0.038961038961038974,1.367526917515656,0.0622620080151528,0.06193357301009017
0.1 Hz batch,sham 0.71,0.15,50,130,,,,
0.1 Hz batch,sham 0.71,0.15,60,71,,,,
0.1 Hz batch,sham 0.71,0.15,80,17,,,,
0.1 Hz batch,sham 0.71,0.15,100,5,,,,
0.1 Hz batch,sham 0.71,0.2,0,7140,0.09061624649859945,15.313877560512733,6.814529340269426e-54,1.7993779799496679e-09
0.1 Hz batch,sham 0.71,0.2,5,5025,0.0775124378109453,10.989284695076964,7.463878480695358e-28,1.0435073916070792e-09
0.1 Hz batch,sham 0.71,0.2,10,2616,0.06154434250764529,6.2955981903964915,1.8235972809621863e-10,6.717653100452026e-10
0.1 Hz batch,sham 0.71,0.2,15,1728,0.05092592592592593,4.233901974057256,4.789535837730546e-05,8.845480263197647e-05
0.1 Hz batch,sham 0.71,0.2,20,1222,0.06792144026186575,4.748675411832168,1.444902119401327e-06,2.1713138810275368e-06
0.1 Hz batch,sham 0.71,0.2,25,878,0.06492027334851935,3.847313650258114,9.419604268381745e-05,9.251880902061416e-05
0.1 Hz batch,sham 0.71,0.2,30,644,0.052795031055900665,2.6795753812129446,0.003689380633339674,0.0029099076979165472
0.1 Hz batch,sham 0.71,0.2,40,298,0.043624161073825496,1.5061395605450796,0.04107936013023972,0.04044400595755093
0.1 Hz batch,sham 0.71,0.2,50,122,,,,
0.1 Hz batch,sham 0.71,0.2,60,64,,,,
0.1 Hz batch,sham 0.71,0.2,80,13,,,,
0.1 Hz batch,sham 0.71,0.2,100,4,,,,
0.1 Hz batch,sham 0.71,0.25,0,6712,0.09132896305125149,14.964578757909248,3.541439235767512e-52,9.374909071269144e-09
0.1 Hz batch,sham 0.71,0.25,5,4617,0.07678145982239548,10.43437156843462,2.3749216916944656e-25,1.332699506306767e-10
0.1 Hz batch,sham 0.71,0.25,10,2479,0.06151674062121826,6.12578254420961,5.035032589020583e-10,1.1226793938945434e-09
0.1 Hz batch,sham 0.71,0.25,15,1655,0.04864048338368576,3.9575542509922466,0.00011654053619086805,0.00014312713420783219
0.1 Hz batch,sham 0.71,0.25,20,1175,0.06595744680851068,4.521814736434734,3.364185050986688e-06,2.1809575250220092e-06
0.1 Hz batch,sham 0.71,0.25,25,845,0.06331360946745557,3.6809119014227276,0.00014387402388197688,7.973026013885498e-05
0.1 Hz batch,sham 0.71,0.25,30,623,0.0537720706260032,2.6842983187202627,0.001896379393251501,0.001605374376213331
0.1 Hz batch,sham 0.71,0.25,40,285,0.047368421052631615,1.5993419699495506,0.018775563303270223,0.022592387051947105
0.1 Hz batch,sham 0.71,0.25,50,114,,,,
0.1 Hz batch,sham 0.71,0.25,60,57,,,,
0.1 Hz batch,sham 0.71,0.25,80,8,,,,
0.1 Hz batch,sham 0.71,0.25,100,3,,,,
0.1 Hz batch,sham 0.71,0.3,0,5722,0.08685774204823493,13.140517158464165,4.273845925439313e-41,1.202016375323467e-09
0.1 Hz batch,sham 0.71,0.3,5,4392,0.08037340619307831,10.653039451003012,1.2123210025477884e-26,1.558302376025722e-10
0.1 Hz batch,sham 0.71,0.3,10,2359,0.06464603645612543,6.279656219749333,8.19794958469785e-11,7.64710850198469e-10
0.1 Hz batch,sham 0.71,0.3,15,1599,0.05034396497811133,4.026258402406862,6.437030932308602e-05,8.278729139732377e-05
0.1 Hz batch,sham 0.71,0.3,20,1142,0.07005253940455336,4.734639649377454,8.451973910103474e-07,1.087444270408966e-06
0.1 Hz batch,sham 0.71,0.3,25,825,0.06242424242424238,3.5859997126873733,0.00019857954879953107,0.0001063857543708302
0.1 Hz batch,sham 0.71,0.3,30,612,0.05392156862745101,2.6678918753996643,0.0016269634595200177,0.0013870119319679963
0.1 Hz batch,sham 0.71,0.3,40,281,0.04448398576512458,1.4913749656797348,0.022027282982944877,0.025751972835505343
0.1 Hz batch,sham 0.71,0.3,50,112,,,,
0.1 Hz batch,sham 0.71,0.3,60,56,,,,
0.1 Hz batch,sham 0.71,0.3,80,8,,,,
0.1 Hz batch,sham 0.71,0.3,100,3,,,,
0.1 Hz batch,sham 0.71,0.35,0,5287,0.08974843956875356,13.051533944387312,1.85371240343706e-40,7.374325594611264e-10
0.1 Hz batch,sham 0.71,0.35,5,3967,0.08356440635240736,10.526462027827401,1.1728259915894327e-25,2.9406385104735477e-09
0.1 Hz batch,sham 0.71,0.35,10,2213,0.06529597830998646,6.143376552285574,7.628777196059487e-10,6.28948548797581e-09
0.1 Hz batch,sham 0.71,0.35,15,1524,0.053149606299212615,4.149755708586337,7.740393078067338e-05,0.00010607787355909615
0.1 Hz batch,sham 0.71,0.35,20,1094,0.07312614259597805,4.8373924412552025,4.501041164168993e-07,9.346150579014889e-07
0.1 Hz batch,sham 0.71,0.35,25,789,0.06653992395437258,3.7380989861717455,0.00010450327283451668,0.00010309117235374199
0.1 Hz batch,sham 0.71,0.35,30,587,0.06388415672913117,3.095581287798735,0.0009837933364889805,0.0006876693455015737
0.1 Hz batch,sham 0.71,0.35,40,274,0.04744525547445255,1.57071744265846,0.012672384515017008,0.016042741641651093
0.1 Hz batch,sham 0.71,0.35,50,106,,,,
0.1 Hz batch,sham 0.71,0.35,60,51,,,,
0.1 Hz batch,sham 0.71,0.35,80,6,,,,
0.1 Hz batch,sham 0.71,0.35,100,3,,,,
0.1 Hz batch,sham 0.71,0.4,0,5052,0.09006334125098969,12.802940329346272,1.6092020744999367e-38,6.691979193007569e-09
0.1 Hz batch,sham 0.71,0.4,5,3738,0.08319957196361694,10.17350812270475,7.77375961865311e-24,7.899715326331602e-10
0.1 Hz batch,sham 0.71,0.4,10,2100,0.06285714285714283,5.760952302230197,7.585794580381913e-09,8.779926952140471e-08
0.1 Hz batch,sham 0.71,0.4,15,1480,0.050000000000000044,3.8470768123342722,0.00023671741866858323,0.00045252122812866613
0.1 Hz batch,sham 0.71,0.4,20,1065,0.0708920187793427,4.627028168421011,1.1121819170645793e-06,3.0066312738386003e-06
0.1 Hz batch,sham 0.71,0.4,25,770,0.06493506493506496,3.6037498507822368,0.00016160608595513975,0.0001630799519061199
0.1 Hz batch,sham 0.71,0.4,30,575,0.06173913043478263,2.9609046796104628,0.0014853980521561047,0.0009206790318596614
0.1 Hz batch,sham 0.71,0.4,40,269,0.04275092936802971,1.4023347499542915,0.017130495780003727,0.020350048944595023
0.1 Hz batch,sham 0.71,0.4,50,103,,,,
0.1 Hz batch,sham 0.71,0.4,60,49,,,,
0.1 Hz batch,sham 0.71,0.4,80,6,,,,
0.1 Hz batch,sham 0.71,0.4,100,3,,,,
0.1 Hz batch,sham 0.71,0.45,0,4402,0.093139482053612,12.359156547593516,3.886882683409117e-36,1.3211696181514299e-09
0.1 Hz batch,sham 0.71,0.45,5,3426,0.07939287799182715,9.294054618685424,3.737737722333428e-20,2.7022051263259073e-11
0.1 Hz batch,sham 0.71,0.45,10,1933,0.05613036730470766,4.935643768571948,7.568135570164355e-07,3.2121271056340106e-06
0.1 Hz batch,sham 0.71,0.45,15,1423,0.04532677442023891,3.419694109188954,0.001257235427388843,0.0017629898808141364
0.1 Hz batch,sham 0.71,0.45,20,1034,0.06769825918762085,4.3537928949978575,4.972134572848481e-06,7.66826027442935e-06
0.1 Hz batch,sham 0.71,0.45,25,753,0.0630810092961488,3.4619924561252704,0.0003511406269294865,0.00028123077659036877
0.1 Hz batch,sham 0.71,0.45,30,560,0.05714285714285716,2.704493615131254,0.004524061384809416,0.0019834672050212943
0.1 Hz batch,sham 0.71,0.45,40,263,0.03612167300380231,1.171590190358595,0.028260924325305137,0.03370165720328977
0.1 Hz batch,sham 0.71,0.45,50,99,,,,
0.1 Hz batch,sham 0.71,0.45,60,48,,,,
0.1 Hz batch,sham 0.71,0.45,80,6,,,,
0.1 Hz batch,sham 0.71,0.45,100,3,,,,
0.1 Hz batch,sham 0.71,0.5,0,3231,0.08310120705663882,9.447258670049747,8.09957258702527e-21,4.004152565073582e-11
0.1 Hz batch,sham 0.71,0.5,5,3082,0.08111615833874108,9.00645092912525,6.9775734357609655e-19,5.022986471203694e-10
0.1 Hz batch,sham 0.71,0.5,10,1717,0.05736750145602798,4.754239747180934,3.295382689904314e-06,1.5864688925337767e-05
0.1 Hz batch,sham 0.71,0.5,15,1348,0.04673590504451042,3.431828677427915,0.0012773434363678997,0.0019760089408472625
0.1 Hz batch,sham 0.71,0.5,20,997,0.0656970912738215,4.148811626687966,1.9102841815088897e-05,2.6472410324385187e-05
0.1 Hz batch,sham 0.71,0.5,25,730,0.06301369863013695,3.405072766908982,0.0006777126969599151,0.0004903943602305727
0.1 Hz batch,sham 0.71,0.5,30,546,0.05494505494505497,2.567762955065479,0.00833812107819659,0.0031744944613736337
0.1 Hz batch,sham 0.71,0.5,40,256,0.0390625,1.25,0.01688907588083226,0.028572617000275802
0.1 Hz batch,sham 0.71,0.5,50,96,,,,
0.1 Hz batch,sham 0.71,0.5,60,46,,,,
0.1 Hz batch,sham 0.71,0.5,80,6,,,,
0.1 Hz batch,sham 0.71,0.5,100,3,,,,
0.1 Hz batch,sham 0.71,0.55,0,3021,0.08689175769612711,9.551771855573891,4.7412216637831036e-21,7.101574883705553e-11
0.1 Hz batch,sham 0.71,0.55,5,2928,0.08469945355191255,9.166343759836701,2.084401735711679e-19,1.0907941216942163e-09
0.1 Hz batch,sham 0.71,0.55,10,1643,0.06421180766889834,5.205514656234779,2.626282339521939e-07,1.3651538077752434e-06
0.1 Hz batch,sham 0.71,0.55,15,1311,0.050724637681159424,3.673248374829615,0.0004061155837781546,0.0007283809223200821
0.1 Hz batch,sham 0.71,0.55,20,973,0.06628982528263105,4.135550135461885,1.6896626817719134e-05,2.2886334297922417e-05
0.1 Hz batch,sham 0.71,0.55,25,709,0.06276445698166433,3.3424651595396253,0.0007435335737700494,0.0003965147332334329
0.1 Hz batch,sham 0.71,0.55,30,529,0.05387523629489599,2.4782608695652155,0.0059741811134623,0.0029791098317377696
0.1 Hz batch,sham 0.71,0.55,40,248,0.040322580645161255,1.2700012700019039,0.01512368613379313,0.02242531597509745
0.1 Hz batch,sham 0.71,0.55,50,90,,,,
0.1 Hz batch,sham 0.71,0.55,60,43,,,,
0.1 Hz batch,sham 0.71,0.55,80,5,,,,
0.1 Hz batch,sham 0.71,0.55,100,3,,,,
0.1 Hz batch,sham 0.71,0.6,0,2731,0.08769681435371657,9.165890472336033,1.10786090795558e-19,7.756773001688089e-10
0.1 Hz batch,sham 0.71,0.6,5,2731,0.08769681435371657,9.165890472336033,1.10786090795558e-19,7.756773001688089e-10
0.1 Hz batch,sham 0.71,0.6,10,1538,0.06697009102730822,5.252778074814412,1.3489984855502363e-07,1.643271825391146e-06
0.1 Hz batch,sham 0.71,0.6,15,1254,0.053429027113237604,3.784042714656861,0.00018611184320617769,0.0007310993658380394
0.1 Hz batch,sham 0.71,0.6,20,942,0.06687898089171973,4.105301838441768,1.5236865243957887e-05,3.7857233646354516e-05
0.1 Hz batch,sham 0.71,0.6,25,686,0.06559766763848396,3.436215967445456,0.0004244024929454277,0.0003674700892806193
0.1 Hz batch,sham 0.71,0.6,30,517,0.05705996131528046,2.5948170330879003,0.00531490106589577,0.0024174610978002775
0.1 Hz batch,sham 0.71,0.6,40,243,0.04732510288065839,1.4754506879290419,0.0074331835144059175,0.013017419741655156
0.1 Hz batch,sham 0.71,0.6,50,86,,,,
0.1 Hz batch,sham 0.71,0.6,60,40,,,,
0.1 Hz batch,sham 0.71,0.6,80,5,,,,
0.1 Hz batch,sham 0.71,0.6,100,3,,,,
0.1 Hz batch,sham 0.71,0.65,0,2109,0.08368895211000471,7.686637768859887,1.6085770858263826e-14,3.4649416669196853e-10
0.1 Hz batch,sham 0.71,0.65,5,2109,0.08368895211000471,7.686637768859887,1.6085770858263826e-14,3.4649416669196853e-10
0.1 Hz batch,sham 0.71,0.65,10,1337,0.05946148092744952,4.348419360518135,7.994909125235697e-06,3.6777324080805585e-05
0.1 Hz batch,sham 0.71,0.65,15,1186,0.05311973018549743,3.658711796075955,0.00021358745574986845,0.0005257643821927616
0.1 Hz batch,sham 0.71,0.65,20,910,0.06483516483516483,3.9116619103775947,2.9586650211716314e-05,5.52111903092678e-05
0.1 Hz batch,sham 0.71,0.65,25,667,0.06221889055472263,3.2137728345488195,0.0006591519789288729,0.0004806766514279248
0.1 Hz batch,sham 0.71,0.65,30,502,0.05378486055776888,2.4101379504582376,0.0061188859251586,0.0025247042492276828
0.1 Hz batch,sham 0.71,0.65,40,236,0.04661016949152541,1.4320780207890622,0.005882013701651394,0.01024401933044572
0.1 Hz batch,sham 0.71,0.65,50,82,,,,
0.1 Hz batch,sham 0.71,0.65,60,37,,,,
0.1 Hz batch,sham 0.71,0.65,80,4,,,,
0.1 Hz batch,sham 0.71,0.65,100,2,,,,
0.1 Hz batch,sham 0.71,0.7,0,1512,0.06878306878306883,5.349182798685857,1.1722348491572532e-07,4.4344234606530364e-07
0.1 Hz batch,sham 0.71,0.7,5,1512,0.06878306878306883,5.349182798685857,1.1722348491572532e-07,4.4344234606530364e-07
0.1 Hz batch,sham 0.71,0.7,10,1230,0.05691056910569103,3.9918616395854056,3.79237407614583e-05,0.00015291249646465221
0.1 Hz batch,sham 0.71,0.7,15,1131,0.05437665782493373,3.657411355717826,0.00019681005347643038,0.0005037902344465772
0.1 Hz batch,sham 0.71,0.7,20,869,0.06731875719217495,3.9689531595836387,1.5766529254617828e-05,5.105100560243159e-05
0.1 Hz batch,sham 0.71,0.7,25,642,0.06542056074766356,3.315215559448206,0.0004812592668336926,0.00043749371156365235
0.1 Hz batch,sham 0.71,0.7,30,485,0.06082474226804124,2.6790519942003495,0.0030481237048994884,0.001607622998521685
0.1 Hz batch,sham 0.71,0.7,40,231,0.05411255411255411,1.6448792373994225,0.0033096365826898832,0.00877459020033644
0.1 Hz batch,sham 0.71,0.7,50,81,,,,
0.1 Hz batch,sham 0.71,0.7,60,37,,,,
0.1 Hz batch,sham 0.71,0.7,80,4,,,,
0.1 Hz batch,sham 0.71,0.7,100,2,,,,
0.1 Hz batch,sham 0.71,0.75,0,1369,0.06756756756756754,4.999999999999998,1.0367998204582905e-06,2.6590059719611148e-06
0.1 Hz batch,sham 0.71,0.75,5,1369,0.06756756756756754,4.999999999999998,1.0367998204582905e-06,2.6590059719611148e-06
0.1 Hz batch,sham 0.71,0.75,10,1168,0.05907534246575341,4.037919578266504,3.474507229397612e-05,9.096458457535928e-05
0.1 Hz batch,sham 0.71,0.75,15,1085,0.05760368663594473,3.7948546294932286,0.00013610934806013216,0.00021221399216342363
0.1 Hz batch,sham 0.71,0.75,20,838,0.06801909307875897,3.9380646543647617,1.925167917847974e-05,2.999262637359834e-05
0.1 Hz batch,sham 0.71,0.75,25,622,0.06591639871382637,3.2879004530349647,0.00046029669961824215,0.00037880086681418845
0.1 Hz batch,sham 0.71,0.75,30,468,0.0641025641025641,2.773500981126145,0.0014148482924911012,0.000986814389129398
0.1 Hz batch,sham 0.71,0.75,40,223,0.05156950672645744,1.5401939194195788,0.004790876299444614,0.011598875261570996
0.1 Hz batch,sham 0.71,0.75,50,77,,,,
0.1 Hz batch,sham 0.71,0.75,60,36,,,,
0.1 Hz batch,sham 0.71,0.75,80,4,,,,
0.1 Hz batch,sham 0.71,0.75,100,2,,,,
0.1 Hz batch,sham 0.71,0.8,0,1261,0.07018239492466294,4.9844325457699465,1.3390881226905948e-06,3.971301852478959e-06
0.1 Hz batch,sham 0.71,0.8,5,1261,0.07018239492466294,4.9844325457699465,1.3390881226905948e-06,3.971301852478959e-06
0.1 Hz batch,sham 0.71,0.8,10,1097,0.06517775752051047,4.317503752270054,1.3062284836549686e-05,3.940247476152958e-05
0.1 Hz batch,sham 0.71,0.8,15,1029,0.06365403304178818,4.083791945845003,4.41794392695834e-05,7.06090567537121e-05
0.1 Hz batch,sham 0.71,0.8,20,795,0.07484276729559747,4.220495067684856,4.44080617338137e-06,1.112323853957875e-05
0.1 Hz batch,sham 0.71,0.8,25,591,0.071912013536379,3.4964327966063387,0.0002298770298539239,0.0003047315795449146
0.1 Hz batch,sham 0.71,0.8,30,444,0.07432432432432434,3.1322213859832475,0.0006173760490862217,0.0005787771242892203
0.1 Hz batch,sham 0.71,0.8,40,212,0.05188679245283023,1.5109662034355804,0.01699971275384598,0.02193602248803428
0.1 Hz batch,sham 0.71,0.8,50,73,,,,
0.1 Hz batch,sham 0.71,0.8,60,35,,,,
0.1 Hz batch,sham 0.71,0.8,80,3,,,,
0.1 Hz batch,sham 0.71,0.8,100,1,,,,
0.1 Hz batch,sham 0.71,0.85,0,1079,0.06441149212233555,4.231594830558485,3.118819776389784e-05,6.647674427340267e-05
0.1 Hz batch,sham 0.71,0.85,5,1079,0.06441149212233555,4.231594830558485,3.118819776389784e-05,6.647674427340267e-05
0.1 Hz batch,sham 0.71,0.85,10,984,0.0630081300813008,3.952975620992696,5.8633229803711494e-05,0.00021501481822217006
0.1 Hz batch,sham 0.71,0.85,15,936,0.06303418803418803,3.8569506577176185,0.00011457337242598007,0.00022543456053569777
0.1 Hz batch,sham 0.71,0.85,20,736,0.07336956521739135,3.980932816182225,1.66960476867316e-05,4.1477037376336234e-05
0.1 Hz batch,sham 0.71,0.85,25,551,0.07531760435571688,3.535918879591132,0.00022970642255973323,0.00034441431085430185
0.1 Hz batch,sham 0.71,0.85,30,415,0.07590361445783134,3.092548370145041,0.0006137607425112266,0.0007095435330797262
0.1 Hz batch,sham 0.71,0.85,40,195,,,,
0.1 Hz batch,sham 0.71,0.85,50,65,,,,
0.1 Hz batch,sham 0.71,0.85,60,32,,,,
0.1 Hz batch,sham 0.71,0.85,80,3,,,,
0.1 Hz batch,sham 0.71,0.85,100,1,,,,
0.1 Hz batch,sham 0.71,0.9,0,885,0.058192090395480234,3.4623071240819945,0.0006955533023579954,0.001021927761755248
0.1 Hz batch,sham 0.71,0.9,5,885,0.058192090395480234,3.4623071240819945,0.0006955533023579954,0.001021927761755248
0.1 Hz batch,sham 0.71,0.9,10,831,0.05595667870036103,3.2261342560822164,0.0012328038153868533,0.0021694840693415873
0.1 Hz batch,sham 0.71,0.9,15,806,0.058312655086848686,3.3110087822788334,0.0007442725758006278,0.0010801945804785884
0.1 Hz batch,sham 0.71,0.9,20,656,0.06707317073170727,3.4358227615493306,0.00017510347475672286,0.0002212091005093786
0.1 Hz batch,sham 0.71,0.9,25,499,0.06713426853707416,2.9993319229401636,0.001416794782069984,0.0011173493877318919
0.1 Hz batch,sham 0.71,0.9,30,373,0.06568364611260058,2.5371238280846407,0.0036964141264259477,0.002497949497098806
0.1 Hz batch,sham 0.71,0.9,40,176,,,,
0.1 Hz batch,sham 0.71,0.9,50,56,,,,
0.1 Hz batch,sham 0.71,0.9,60,28,,,,
0.1 Hz batch,sham 0.71,0.9,80,3,,,,
0.1 Hz batch,sham 0.71,0.9,100,1,,,,
0.1 Hz batch,sham 0.71,0.95,0,596,0.07550335570469802,3.6865436423356837,0.0007401601579942557,0.0005867678919736496
0.1 Hz batch,sham 0.71,0.95,5,596,0.07550335570469802,3.6865436423356837,0.0007401601579942557,0.0005867678919736496
0.1 Hz batch,sham 0.71,0.95,10,577,0.07538994800693244,3.6218573899597777,0.0008303367244924796,0.0007791285733094178
0.1 Hz batch,sham 0.71,0.95,15,570,0.07543859649122808,3.602143611308582,0.0008510469972184797,0.0008160652891706643
0.1 Hz batch,sham 0.71,0.95,20,480,0.07708333333333328,3.3776224379485225,0.000505680672957858,0.000544866439765368
0.1 Hz batch,sham 0.71,0.95,25,364,0.0714285714285714,2.725540575476986,0.0027202717861842898,0.004425265308455328
0.1 Hz batch,sham 0.71,0.95,30,273,0.06776556776556775,2.2393418708745685,0.004328596679591604,0.0078070160458793
0.1 Hz batch,sham 0.71,0.95,40,123,,,,
0.1 Hz batch,sham 0.71,0.95,50,38,,,,
0.1 Hz batch,sham 0.71,0.95,60,19,,,,
0.1 Hz batch,sham 0.71,0.95,80,1,,,,
0.1 Hz batch,sham 0.71,0.95,100,1,,,,
0.1 Hz batch,sham 0.83,0.0,0,13408,0.08502386634844872,19.690323271823807,9.103456012783794e-107,9.721940585905031e-09
0.1 Hz batch,sham 0.83,0.0,5,8421,0.061572259826623954,11.300480825186959,5.196465414865306e-38,5.380596856952025e-09
0.1 Hz batch,sham 0.83,0.0,10,3677,0.041474027740005415,5.029826728765444,2.2998828327994998e-07,8.149630548182074e-08
0.1 Hz batch,sham 0.83,0.0,15,2267,0.038597265108072376,3.6754649757310087,0.0002740318873881771,0.0002068662954457512
0.1 Hz batch,sham 0.83,0.0,20,1551,0.048678272082527396,3.8341672066986425,0.0001683927028792397,0.0005426693378398628
0.1 Hz batch,sham 0.83,0.0,25,1098,0.049180327868852514,3.259286857530671,0.001410248176970278,0.0037687531519987605
0.1 Hz batch,sham 0.83,0.0,30,812,0.03817733990147787,2.175773459665151,0.05287110648476823,0.1269944967315153
0.1 Hz batch,sham 0.83,0.0,40,420,0.06904761904761902,2.830110211550745,0.018362030949106562,0.017719593640248332
0.1 Hz batch,sham 0.83,0.0,50,222,0.0855855855855856,2.550393009813293,0.030086448102744745,0.01570223768786172
0.1 Hz batch,sham 0.83,0.0,60,141,,,,
0.1 Hz batch,sham 0.83,0.0,80,54,,,,
0.1 Hz batch,sham 0.83,0.0,100,32,,,,
0.1 Hz batch,sham 0.83,0.05,0,8439,0.07566062329659917,13.900979530217084,3.118204056555051e-55,7.647343092109793e-09
0.1 Hz batch,sham 0.83,0.05,5,6257,0.05713600767140803,9.039053654565476,3.300252025162244e-26,7.304445936995307e-11
0.1 Hz batch,sham 0.83,0.05,10,3186,0.038920276208411764,4.393683761875929,7.150466294453246e-07,8.575094353480139e-07
0.1 Hz batch,sham 0.83,0.05,15,2025,0.03432098765432101,3.088888888888891,0.0009282616345098083,0.0005614573816196122
0.1 Hz batch,sham 0.83,0.05,20,1399,0.0453895639742673,3.3954306427114496,0.0008970073497702848,0.0010776118823530023
0.1 Hz batch,sham 0.83,0.05,25,992,0.043346774193548376,2.730502730504095,0.007072400626515078,0.009391683069877588
0.1 Hz batch,sham 0.83,0.05,30,722,0.030470914127423865,1.6375104406425334,0.1610807946786511,0.20549323236843964
0.1 Hz batch,sham 0.83,0.05,40,344,0.05232558139534882,1.9409899176618908,0.16405942096765602,0.17162795501204553
0.1 Hz batch,sham 0.83,0.05,50,152,,,,
0.1 Hz batch,sham 0.83,0.05,60,86,,,,
0.1 Hz batch,sham 0.83,0.05,80,24,,,,
0.1 Hz batch,sham 0.83,0.05,100,11,,,,
0.1 Hz batch,sham 0.83,0.1,0,7670,0.07614080834419823,13.336601077187815,1.0915799932750263e-51,3.4000190440863776e-09
0.1 Hz batch,sham 0.83,0.1,5,5551,0.056476310574671285,8.415538809882458,3.484963391677697e-23,7.125003920194217e-10
0.1 Hz batch,sham 0.83,0.1,10,2922,0.03764544832306638,4.069889097033136,3.498064899513209e-06,2.380463196338667e-06
0.1 Hz batch,sham 0.83,0.1,15,1885,0.03156498673740049,2.740887966244025,0.001707648931683548,0.001250730032234082
0.1 Hz batch,sham 0.83,0.1,20,1315,0.04524714828897336,3.281588227181414,0.001153568194024402,0.0012186101349409562
0.1 Hz batch,sham 0.83,0.1,25,933,0.043408360128617374,2.651820948110188,0.007738678967827062,0.008204275159992336
0.1 Hz batch,sham 0.83,0.1,30,683,0.03147877013177158,1.6453492733557684,0.1438857226120257,0.15587012493954366
0.1 Hz batch,sham 0.83,0.1,40,321,0.05451713395638624,1.953509502650815,0.13271233861568843,0.14196462579110924
0.1 Hz batch,sham 0.83,0.1,50,135,,,,
0.1 Hz batch,sham 0.83,0.1,60,75,,,,
0.1 Hz batch,sham 0.83,0.1,80,19,,,,
0.1 Hz batch,sham 0.83,0.1,100,7,,,,
0.1 Hz batch,sham 0.83,0.15,0,7360,0.0773097826086957,13.26488089721847,1.8510890170157772e-50,2.2770795249371645e-09
0.1 Hz batch,sham 0.83,0.15,5,5242,0.056848531095001875,8.231855748568618,8.655187077693465e-22,2.0487411767078356e-10
0.1 Hz batch,sham 0.83,0.15,10,2755,0.037931034482758585,3.9818553984032463,8.456017770695595e-06,6.4906380703444455e-06
0.1 Hz batch,sham 0.83,0.15,15,1795,0.029805013927576618,2.52552429814116,0.0065228081527645785,0.0033729456302481475
0.1 Hz batch,sham 0.83,0.15,20,1260,0.04523809523809519,3.2115861679683593,0.0013183213096837352,0.0022802841125257878
0.1 Hz batch,sham 0.83,0.15,25,901,0.042730299667036675,2.5652419279131653,0.009338457449659445,0.009165337417503472
0.1 Hz batch,sham 0.83,0.15,30,659,0.02959028831562971,1.5192243049066567,0.17958287659499073,0.16729921715775942
0.1 Hz batch,sham 0.83,0.15,40,308,0.04870129870129869,1.7094086468945688,0.19344316945989248,0.2535910759227561
0.1 Hz batch,sham 0.83,0.15,50,130,,,,
0.1 Hz batch,sham 0.83,0.15,60,71,,,,
0.1 Hz batch,sham 0.83,0.15,80,17,,,,
0.1 Hz batch,sham 0.83,0.15,100,5,,,,
0.1 Hz batch,sham 0.83,0.2,0,7140,0.0782913165266107,13.231000859855676,1.9323772123405829e-50,2.220890138460163e-09
0.1 Hz batch,sham 0.83,0.2,5,5025,0.057412935323383096,8.139688407008226,1.6276311044018395e-21,1.582879383121849e-10
0.1 Hz batch,sham 0.83,0.2,10,2616,0.038608562691131554,3.9494125293791695,5.433982490620772e-06,5.4836570094751735e-06
0.1 Hz batch,sham 0.83,0.2,15,1728,0.03067129629629628,2.5499636889208457,0.0034270118296835465,0.0026466038744348275
0.1 Hz batch,sham 0.83,0.2,20,1222,0.04746317512274956,3.3183514926056112,0.0009861861245520805,0.0016880609262632795
0.1 Hz batch,sham 0.83,0.2,25,878,0.0432801822323462,2.5648757668387403,0.010835739815950898,0.00786929485808363
0.1 Hz batch,sham 0.83,0.2,30,644,0.03105590062111796,1.5762208124781987,0.18121725881694883,0.16047735282842868
0.1 Hz batch,sham 0.83,0.2,40,298,0.046979865771812124,1.6219964498177797,0.20473497016689624,0.2542226432175444
0.1 Hz batch,sham 0.83,0.2,50,122,,,,
0.1 Hz batch,sham 0.83,0.2,60,64,,,,
0.1 Hz batch,sham 0.83,0.2,80,13,,,,
0.1 Hz batch,sham 0.83,0.2,100,4,,,,
0.1 Hz batch,sham 0.83,0.25,0,6712,0.08179380214541121,13.402208381879571,1.7290312238911038e-50,1.863712406624529e-09
0.1 Hz batch,sham 0.83,0.25,5,4617,0.0611869179120641,8.315119797130551,2.1906982035695274e-21,9.576883730488817e-11
0.1 Hz batch,sham 0.83,0.25,10,2479,0.03892698668818073,3.876314855844113,4.243416884477125e-06,8.049319704550584e-06
0.1 Hz batch,sham 0.83,0.25,15,1655,0.028096676737160098,2.286040654299869,0.005852460943696498,0.0048219878001931615
0.1 Hz batch,sham 0.83,0.25,20,1175,0.04893617021276597,3.354894804451576,0.0009486430355174281,0.0018543099447398959
0.1 Hz batch,sham 0.83,0.25,25,845,0.044378698224852076,2.5800784355766804,0.00929763837845963,0.008554354732779879
0.1 Hz batch,sham 0.83,0.25,30,623,0.0329052969502408,1.6426303144407597,0.1479789251825364,0.1449936721844327
0.1 Hz batch,sham 0.83,0.25,40,285,0.047368421052631615,1.5993419699495506,0.1798649158934328,0.27129204616681146
0.1 Hz batch,sham 0.83,0.25,50,114,,,,
0.1 Hz batch,sham 0.83,0.25,60,57,,,,
0.1 Hz batch,sham 0.83,0.25,80,8,,,,
0.1 Hz batch,sham 0.83,0.25,100,3,,,,
0.1 Hz batch,sham 0.83,0.3,0,5722,0.07829430269136661,11.84497321326346,1.2434562691293235e-40,6.894034232374224e-10
0.1 Hz batch,sham 0.83,0.3,5,4392,0.06215846994535523,8.238752889869192,8.566511643618871e-21,1.0625533786168262e-10
0.1 Hz batch,sham 0.83,0.3,10,2359,0.0400593471810089,3.891327952565982,3.922981741643804e-06,3.4461464607504766e-06
0.1 Hz batch,sham 0.83,0.3,15,1599,0.027204502814258902,2.175680006269545,0.005185559857200358,0.004052848989860802
0.1 Hz batch,sham 0.83,0.3,20,1142,0.05078809106830118,3.4326137457986534,0.0006378280148635239,0.001042922368106436
0.1 Hz batch,sham 0.83,0.3,25,825,0.045454545454545414,2.611164839335465,0.007852296787599517,0.006383706429851532
0.1 Hz batch,sham 0.83,0.3,30,612,0.0326797385620915,1.6169041669088862,0.15227923305437452,0.12366784384735274
0.1 Hz batch,sham 0.83,0.3,40,281,0.051601423487544484,1.7299949601884916,0.12592079902106268,0.18995000829385023
0.1 Hz batch,sham 0.83,0.3,50,112,,,,
0.1 Hz batch,sham 0.83,0.3,60,56,,,,
0.1 Hz batch,sham 0.83,0.3,80,8,,,,
0.1 Hz batch,sham 0.83,0.3,100,3,,,,
0.1 Hz batch,sham 0.83,0.35,0,5287,0.07991299413656139,11.621228854591443,1.669392009672258e-39,5.735506514170652e-09
0.1 Hz batch,sham 0.83,0.35,5,3967,0.06238971514998737,7.859123233445794,1.851506946961349e-19,1.2271877958269783e-09
0.1 Hz batch,sham 0.83,0.35,10,2213,0.04179846362403972,3.9326112877952584,1.5245325719305687e-06,2.50832995318806e-06
0.1 Hz batch,sham 0.83,0.35,15,1524,0.030839895013123342,2.4078829420192305,0.0019917859676685627,0.002501722281313734
0.1 Hz batch,sham 0.83,0.35,20,1094,0.051188299817184646,3.386174708878643,0.0009572065162402141,0.0013543039949859281
0.1 Hz batch,sham 0.83,0.35,25,789,0.048795944233206545,2.741272589859279,0.007216036538816481,0.006098516195300885
0.1 Hz batch,sham 0.83,0.35,30,587,0.03662691652470185,1.7747999383379405,0.11897971993655831,0.10218019063129036
0.1 Hz batch,sham 0.83,0.35,40,274,0.054744525547445244,1.8123662799905307,0.09211232614901377,0.14729395034317283
0.1 Hz batch,sham 0.83,0.35,50,106,,,,
0.1 Hz batch,sham 0.83,0.35,60,51,,,,
0.1 Hz batch,sham 0.83,0.35,80,6,,,,
0.1 Hz batch,sham 0.83,0.35,100,3,,,,
0.1 Hz batch,sham 0.83,0.4,0,5052,0.08234362628661918,11.705545443973739,1.0398480568486667e-39,3.635235445997864e-10
0.1 Hz batch,sham 0.83,0.4,5,3738,0.06447298020331726,7.883650988976987,2.0881347376026014e-19,1.3563334899657775e-09
0.1 Hz batch,sham 0.83,0.4,10,2100,0.04428571428571426,4.058852758389456,4.499964421077609e-07,7.820892268251001e-07
0.1 Hz batch,sham 0.83,0.4,15,1480,0.03310810810810816,2.547388700059182,0.000905956075290824,0.0013039667456243853
0.1 Hz batch,sham 0.83,0.4,20,1065,0.0539906103286385,3.5238956249564,0.0004698934211537655,0.0006990412122879208
0.1 Hz batch,sham 0.83,0.4,25,770,0.05064935064935061,2.8109248836101415,0.005338435605119132,0.004495724226638909
0.1 Hz batch,sham 0.83,0.4,30,575,0.03913043478260869,1.8766297265136727,0.08961879582842447,0.07837245582481245
0.1 Hz batch,sham 0.83,0.4,40,269,0.05762081784386619,1.890103358634047,0.06929206306069191,0.1183034623844883
0.1 Hz batch,sham 0.83,0.4,50,103,,,,
0.1 Hz batch,sham 0.83,0.4,60,49,,,,
0.1 Hz batch,sham 0.83,0.4,80,6,,,,
0.1 Hz batch,sham 0.83,0.4,100,3,,,,
0.1 Hz batch,sham 0.83,0.45,0,4402,0.08655156746933212,11.484972303983243,4.971911292190912e-38,3.701843609427158e-09
0.1 Hz batch,sham 0.83,0.45,5,3426,0.06392294220665495,7.483080740779809,1.8392008838800464e-17,1.9649759597228922e-10
0.1 Hz batch,sham 0.83,0.45,10,1933,0.040093119503362695,3.5254598346942556,1.1157258268301505e-05,1.418492256555215e-05
0.1 Hz batch,sham 0.83,0.45,15,1423,0.03056921995783557,2.3063053294530174,0.0025837674555753707,0.002257822980610502
0.1 Hz batch,sham 0.83,0.45,20,1034,0.05319148936170215,3.420837274641177,0.0006427296647348614,0.0007125163053033345
0.1 Hz batch,sham 0.83,0.45,25,753,0.04980079681274896,2.7331519390462615,0.006294951393078014,0.004418750944094718
0.1 Hz batch,sham 0.83,0.45,30,560,0.03928571428571426,1.8593393604027353,0.08422517321908451,0.06776252117634363
0.1 Hz batch,sham 0.83,0.45,40,263,0.05513307984790872,1.7882166063368006,0.08078561639596438,0.14187662843100013
0.1 Hz batch,sham 0.83,0.45,50,99,,,,
0.1 Hz batch,sham 0.83,0.45,60,48,,,,
0.1 Hz batch,sham 0.83,0.45,80,6,,,,
0.1 Hz batch,sham 0.83,0.45,100,3,,,,
0.1 Hz batch,sham 0.83,0.5,0,3231,0.06576911173011457,7.47688069789785,7.82955980923459e-17,1.5126000452170274e-10
0.1 Hz batch,sham 0.83,0.5,5,3082,0.06197274497079819,6.8809285098516915,7.235674941476226e-15,5.05095965053215e-12
0.1 Hz batch,sham 0.83,0.5,10,1717,0.0381479324403029,3.161448765891893,0.00016846614324402247,0.00012969043092925236
0.1 Hz batch,sham 0.83,0.5,15,1348,0.028189910979228516,2.0699919006708067,0.003539078716924236,0.0031928786626428396
0.1 Hz batch,sham 0.83,0.5,20,997,0.05065195586760285,3.198702093858661,0.0009077171988453409,0.0009926303228214861
0.1 Hz batch,sham 0.83,0.5,25,730,0.049315068493150704,2.66483955671138,0.0060820572885886175,0.004409370201804208
0.1 Hz batch,sham 0.83,0.5,30,546,0.04029304029304026,1.8830261670480155,0.06863981788556328,0.055676504503302304
0.1 Hz batch,sham 0.83,0.5,40,256,0.0625,2.0,0.04011123499058589,0.07781412978835389
0.1 Hz batch,sham 0.83,0.5,50,96,,,,
0.1 Hz batch,sham 0.83,0.5,60,46,,,,
0.1 Hz batch,sham 0.83,0.5,80,6,,,,
0.1 Hz batch,sham 0.83,0.5,100,3,,,,
0.1 Hz batch,sham 0.83,0.55,0,3021,0.07034094670638857,7.732386740226478,5.728846745674193e-18,2.4853896718468604e-10
0.1 Hz batch,sham 0.83,0.55,5,2928,0.06625683060109289,7.170446328259355,8.783801497804604e-16,1.0021761198686363e-11
0.1 Hz batch,sham 0.83,0.55,10,1643,0.0410833840535606,3.3305425525672803,7.128821910214074e-05,9.982372977324072e-05
0.1 Hz batch,sham 0.83,0.55,15,1311,0.032418001525552964,2.347564750830953,0.002202462376049879,0.002636313588614936
0.1 Hz batch,sham 0.83,0.55,20,973,0.0539568345323741,3.366145459096882,0.0005482688935849486,0.0006512581381477034
0.1 Hz batch,sham 0.83,0.55,25,709,0.05430183356840623,2.8917956998264183,0.0020836291690433046,0.0023488530124613494
0.1 Hz batch,sham 0.83,0.55,30,529,0.04442344045368618,2.0434782608695645,0.03666710427978481,0.04022322017900748
0.1 Hz batch,sham 0.83,0.55,40,248,0.06451612903225812,2.0320020320030494,0.030898091476771694,0.07028693450962598
0.1 Hz batch,sham 0.83,0.55,50,90,,,,
0.1 Hz batch,sham 0.83,0.55,60,43,,,,
0.1 Hz batch,sham 0.83,0.55,80,5,,,,
0.1 Hz batch,sham 0.83,0.55,100,3,,,,
0.1 Hz batch,sham 0.83,0.6,0,2731,0.06536067374588062,6.8313630451439735,2.5325306059705613e-15,4.846476553410639e-10
0.1 Hz batch,sham 0.83,0.6,5,2731,0.06536067374588062,6.8313630451439735,2.5325306059705613e-15,4.846476553410639e-10
0.1 Hz batch,sham 0.83,0.6,10,1538,0.034460338101430454,2.702885805487028,0.00043689098125325535,0.0006522502261432361
0.1 Hz batch,sham 0.83,0.6,15,1254,0.027113237639553422,1.9202604820646767,0.006466249834646174,0.006842899825444615
0.1 Hz batch,sham 0.83,0.6,20,942,0.05095541401273884,3.127849019765157,0.000999437582724001,0.001440553582309545
0.1 Hz batch,sham 0.83,0.6,25,686,0.04956268221574345,2.596252064292123,0.005024241295976655,0.005172972899426087
0.1 Hz batch,sham 0.83,0.6,30,517,0.039651837524178,1.8031779382475264,0.061504325699225704,0.05912100797192743
0.1 Hz batch,sham 0.83,0.6,40,243,0.06378600823045266,1.9886509272087103,0.03134746737608696,0.07084671137945531
0.1 Hz batch,sham 0.83,0.6,50,86,,,,
0.1 Hz batch,sham 0.83,0.6,60,40,,,,
0.1 Hz batch,sham 0.83,0.6,80,5,,,,
0.1 Hz batch,sham 0.83,0.6,100,3,,,,
0.1 Hz batch,sham 0.83,0.65,0,2109,0.05571360834518724,5.117166786634766,5.689862611608697e-10,1.4842404749693117e-08
0.1 Hz batch,sham 0.83,0.65,5,2109,0.05571360834518724,5.117166786634766,5.689862611608697e-10,1.4842404749693117e-08
0.1 Hz batch,sham 0.83,0.65,10,1337,0.033283470456245356,2.434020899912669,0.0007778548496792283,0.0019848046469292946
0.1 Hz batch,sham 0.83,0.65,15,1186,0.027824620573355774,1.9164680836588321,0.00680062097194846,0.007457031843901563
0.1 Hz batch,sham 0.83,0.65,20,910,0.05274725274725278,3.182369011832622,0.0009042195683344624,0.0012750918248062293
0.1 Hz batch,sham 0.83,0.65,25,667,0.05322338830584705,2.749130978951399,0.003496676413447647,0.0049397552899626
0.1 Hz batch,sham 0.83,0.65,30,502,0.043824701195219085,1.963816107780786,0.04239310044355715,0.06704745987921534
0.1 Hz batch,sham 0.83,0.65,40,236,0.06355932203389836,1.9528336647123599,0.029632931832023868,0.06629853145515807
0.1 Hz batch,sham 0.83,0.65,50,82,,,,
0.1 Hz batch,sham 0.83,0.65,60,37,,,,
0.1 Hz batch,sham 0.83,0.65,80,4,,,,
0.1 Hz batch,sham 0.83,0.65,100,2,,,,
0.1 Hz batch,sham 0.83,0.7,0,1512,0.03902116402116407,3.034632549254478,4.8049040416649594e-05,0.00019923166132918002
0.1 Hz batch,sham 0.83,0.7,5,1512,0.03902116402116407,3.034632549254478,4.8049040416649594e-05,0.00019923166132918002
0.1 Hz batch,sham 0.83,0.7,10,1230,0.029268292682926855,2.0529574146439256,0.002461624648840309,0.004334997101634319
0.1 Hz batch,sham 0.83,0.7,15,1131,0.022546419098143256,1.5164876352976355,0.016278944088838027,0.011218514079597175
0.1 Hz batch,sham 0.83,0.7,20,869,0.050057537399309515,2.951272862254497,0.001764391710674408,0.002159841494667858
0.1 Hz batch,sham 0.83,0.7,25,642,0.052959501557632405,2.683745929077119,0.004169988164288659,0.005232513336116851
0.1 Hz batch,sham 0.83,0.7,30,485,0.04020618556701028,1.770898775827348,0.05829144378834328,0.07098550434228179
0.1 Hz batch,sham 0.83,0.7,40,231,0.0670995670995671,2.039650254375284,0.020286594840435362,0.05235284687444719
0.1 Hz batch,sham 0.83,0.7,50,81,,,,
0.1 Hz batch,sham 0.83,0.7,60,37,,,,
0.1 Hz batch,sham 0.83,0.7,80,4,,,,
0.1 Hz batch,sham 0.83,0.7,100,2,,,,
0.1 Hz batch,sham 0.83,0.75,0,1369,0.036157779401022605,2.6756756756756728,8.13015787286593e-05,0.0005777282591157284
0.1 Hz batch,sham 0.83,0.75,5,1369,0.036157779401022605,2.6756756756756728,8.13015787286593e-05,0.0005777282591157284
0.1 Hz batch,sham 0.83,0.75,10,1168,0.025684931506849362,1.7556172079419619,0.005155174324127664,0.005417179333922273
0.1 Hz batch,sham 0.83,0.75,15,1085,0.019815668202764924,1.3054299925456665,0.02412478004523333,0.013004387105300275
0.1 Hz batch,sham 0.83,0.75,20,838,0.04773269689737469,2.763554143413866,0.0024502403002532075,0.0030061568416817064
0.1 Hz batch,sham 0.83,0.75,25,622,0.04662379421221863,2.3255881253174127,0.009043131843726552,0.009946177999723416
0.1 Hz batch,sham 0.83,0.75,30,468,0.03418803418803418,1.4792005232672771,0.12535388370319722,0.09674684673595879
0.1 Hz batch,sham 0.83,0.75,40,223,0.060538116591928204,1.8080537314925464,0.03299391135557139,0.07945743628100066
0.1 Hz batch,sham 0.83,0.75,50,77,,,,
0.1 Hz batch,sham 0.83,0.75,60,36,,,,
0.1 Hz batch,sham 0.83,0.75,80,4,,,,
0.1 Hz batch,sham 0.83,0.75,100,2,,,,
0.1 Hz batch,sham 0.83,0.8,0,1261,0.03608247422680411,2.562617862514492,0.00010568736346841717,0.0009484571122160279
0.1 Hz batch,sham 0.83,0.8,5,1261,0.03608247422680411,2.562617862514492,0.00010568736346841717,0.0009484571122160279
0.1 Hz batch,sham 0.83,0.8,10,1097,0.028714676390155014,1.9021170377133836,0.0020463130982419555,0.00407536919090401
0.1 Hz batch,sham 0.83,0.8,15,1029,0.02186588921282795,1.4028292943742342,0.012715260136018853,0.011026487718595601
0.1 Hz batch,sham 0.83,0.8,20,795,0.04968553459119496,2.801841263421039,0.0015477106305472614,0.002347486697452883
0.1 Hz batch,sham 0.83,0.8,25,591,0.04991539763113362,2.4269357058796923,0.003141233985884683,0.005961862287534481
0.1 Hz batch,sham 0.83,0.8,30,444,0.03378378378378377,1.423736993628748,0.13634218545687538,0.10863726668981022
0.1 Hz batch,sham 0.83,0.8,40,212,0.05660377358490565,1.6483267673842679,0.03945320081369097,0.08746032377514246
0.1 Hz batch,sham 0.83,0.8,50,73,,,,
0.1 Hz batch,sham 0.83,0.8,60,35,,,,
0.1 Hz batch,sham 0.83,0.8,80,3,,,,
0.1 Hz batch,sham 0.83,0.8,100,1,,,,
0.1 Hz batch,sham 0.83,0.85,0,1079,0.04031510658016679,2.648552160133724,0.0008486660343198282,0.002099609757513221
0.1 Hz batch,sham 0.83,0.85,5,1079,0.04031510658016679,2.648552160133724,0.0008486660343198282,0.002099609757513221
0.1 Hz batch,sham 0.83,0.85,10,984,0.03353658536585369,2.104003153109018,0.007889949903837639,0.00814109604524127
0.1 Hz batch,sham 0.83,0.85,15,936,0.02564102564102566,1.5689290811054732,0.025269411418565757,0.016563908766807245
0.1 Hz batch,sham 0.83,0.85,20,736,0.05434782608695654,2.948839123097944,0.003858865216016633,0.00401810914819456
0.1 Hz batch,sham 0.83,0.85,25,551,0.05898366606170602,2.769093098474984,0.0049635811103244,0.006823592902789777
0.1 Hz batch,sham 0.83,0.85,30,415,0.03975903614457832,1.619906289123593,0.15358950143798555,0.1530660349173648
0.1 Hz batch,sham 0.83,0.85,40,195,,,,
0.1 Hz batch,sham 0.83,0.85,50,65,,,,
0.1 Hz batch,sham 0.83,0.85,60,32,,,,
0.1 Hz batch,sham 0.83,0.85,80,3,,,,
0.1 Hz batch,sham 0.83,0.85,100,1,,,,
0.1 Hz batch,sham 0.83,0.9,0,885,0.04802259887005644,2.857243743174458,0.0003066935140147981,0.0012816508337605281
0.1 Hz batch,sham 0.83,0.9,5,885,0.04802259887005644,2.857243743174458,0.0003066935140147981,0.0012816508337605281
0.1 Hz batch,sham 0.83,0.9,10,831,0.03670276774969916,2.116066555064679,0.005557006979682372,0.009352272816940732
0.1 Hz batch,sham 0.83,0.9,15,806,0.03101736972704716,1.7611748841908683,0.015166835480960312,0.016994671624870006
0.1 Hz batch,sham 0.83,0.9,20,656,0.05640243902439024,2.8892145949392116,0.004336406865958685,0.004807372222015771
0.1 Hz batch,sham 0.83,0.9,25,499,0.06112224448897796,2.730735034318656,0.006652139822228449,0.01003365902507991
0.1 Hz batch,sham 0.83,0.9,30,373,0.046916890080428986,1.8122313057747435,0.09699254301459093,0.13752960052212992
0.1 Hz batch,sham 0.83,0.9,40,176,,,,
0.1 Hz batch,sham 0.83,0.9,50,56,,,,
0.1 Hz batch,sham 0.83,0.9,60,28,,,,
0.1 Hz batch,sham 0.83,0.9,80,3,,,,
0.1 Hz batch,sham 0.83,0.9,100,1,,,,
0.1 Hz batch,sham 0.83,0.95,0,596,0.04026845637583898,1.9661566092457,0.003492836983722322,0.011457682519366408
0.1 Hz batch,sham 0.83,0.95,5,596,0.04026845637583898,1.9661566092457,0.003492836983722322,0.011457682519366408
0.1 Hz batch,sham 0.83,0.95,10,577,0.03379549393414216,1.6235912437750744,0.015019552101347661,0.028173501499842768
0.1 Hz batch,sham 0.83,0.95,15,570,0.029824561403508754,1.4241032881917637,0.02112488051965596,0.036915087876240094
0.1 Hz batch,sham 0.83,0.95,20,480,0.060416666666666674,2.6473256946083032,0.0011924680617913439,0.004051931719113444
0.1 Hz batch,sham 0.83,0.95,25,364,0.05769230769230771,2.2013981571160293,0.003485819346240425,0.008124403172211747
0.1 Hz batch,sham 0.83,0.95,30,273,0.05311355311355315,1.7551598447395282,0.04497445315408688,0.05974588451552798
0.1 Hz batch,sham 0.83,0.95,40,123,,,,
0.1 Hz batch,sham 0.83,0.95,50,38,,,,
0.1 Hz batch,sham 0.83,0.95,60,19,,,,
0.1 Hz batch,sham 0.83,0.95,80,1,,,,
0.1 Hz batch,sham 0.83,0.95,100,1,,,,
0.3 Hz batch,magnetic,0.0,0,4269,0.1074022019208245,14.034800971969359,1.801694607326067e-60,5.2679810513822645e-09
0.3 Hz batch,magnetic,0.0,5,2217,0.09945872801082545,9.366034278473897,1.1865392848640759e-25,1.739385302457208e-10
0.3 Hz batch,magnetic,0.0,10,946,0.09830866807610994,6.047381625489902,3.068344952259062e-09,3.1116278553788845e-08
0.3 Hz batch,magnetic,0.0,15,565,0.09999999999999998,4.753945729601884,5.5841103470872935e-06,3.581082066905772e-05
0.3 Hz batch,magnetic,0.0,20,386,0.0984455958549223,3.8682981490505863,0.0002461933890057971,0.0006356049736861991
0.3 Hz batch,magnetic,0.0,25,276,0.10507246376811596,3.4911897394873077,0.0018665910052328909,0.0014997790813149336
0.3 Hz batch,magnetic,0.0,30,201,0.1318407960199005,3.738331764050571,0.0007819277025839579,0.0009677784281240109
0.3 Hz batch,magnetic,0.0,40,118,,,,
0.3 Hz batch,magnetic,0.0,50,72,,,,
0.3 Hz batch,magnetic,0.0,60,51,,,,
0.3 Hz batch,magnetic,0.0,80,26,,,,
0.3 Hz batch,magnetic,0.0,100,13,,,,
0.3 Hz batch,magnetic,0.05,0,2707,0.10916143332101957,11.359085094559559,7.95749774776716e-38,2.720120462207376e-09
0.3 Hz batch,magnetic,0.05,5,1566,0.09961685823754785,7.884219653220591,1.0609231623162693e-17,2.5919821844411217e-11
0.3 Hz batch,magnetic,0.05,10,823,0.10145808019441072,5.821254056037512,1.2267912929797601e-08,1.1858637716244402e-07
0.3 Hz batch,magnetic,0.05,15,501,0.10079840319361277,4.5123472212485805,1.5033316130328614e-05,9.708467714875102e-05
0.3 Hz batch,magnetic,0.05,20,338,0.10355029585798814,3.807498052542947,0.00024078269186958705,0.0007270848892914072
0.3 Hz batch,magnetic,0.05,25,234,0.11111111111111116,3.399346342395191,0.0011436273451453794,0.0018406405228083011
0.3 Hz batch,magnetic,0.05,30,161,,,,
0.3 Hz batch,magnetic,0.05,40,82,,,,
0.3 Hz batch,magnetic,0.05,50,39,,,,
0.3 Hz batch,magnetic,0.05,60,21,,,,
0.3 Hz batch,magnetic,0.05,80,7,,,,
0.3 Hz batch,magnetic,0.05,100,5,,,,
0.3 Hz batch,magnetic,0.1,0,2386,0.10896898575020952,10.645550487420454,2.734210552707113e-33,3.5633951345204196e-10
0.3 Hz batch,magnetic,0.1,5,1350,0.09259259259259256,6.804138174397714,2.30497035655315e-14,4.2185699378194386e-11
0.3 Hz batch,magnetic,0.1,10,754,0.09416445623342173,5.17133498917753,2.902018636481188e-07,1.5703709584924397e-06
0.3 Hz batch,magnetic,0.1,15,458,0.08951965065502188,3.831608370831183,0.0001561201419077723,0.000648498041251
0.3 Hz batch,magnetic,0.1,20,307,0.09283387622149841,3.2531618295514937,0.0008638522283290434,0.0024853179610576648
0.3 Hz batch,magnetic,0.1,25,209,0.08851674641148322,2.5593435163044753,0.009672322418994836,0.013382502965815224
0.3 Hz batch,magnetic,0.1,30,142,,,,
0.3 Hz batch,magnetic,0.1,40,69,,,,
0.3 Hz batch,magnetic,0.1,50,31,,,,
0.3 Hz batch,magnetic,0.1,60,16,,,,
0.3 Hz batch,magnetic,0.1,80,4,,,,
0.3 Hz batch,magnetic,0.1,100,3,,,,
0.3 Hz batch,magnetic,0.15,0,2281,0.10587461639631746,10.113104342329446,2.1905638948514017e-30,2.2473515270959865e-09
0.3 Hz batch,magnetic,0.15,5,1262,0.0855784469096672,6.080286922915417,8.649225420855893e-12,7.408054170099376e-10
0.3 Hz batch,magnetic,0.15,10,708,0.08333333333333337,4.434711565216692,4.403131051287482e-06,2.5394749006979467e-05
0.3 Hz batch,magnetic,0.15,15,422,0.07582938388625593,3.1154712544719074,0.001106753728792116,0.0047757593184764024
0.3 Hz batch,magnetic,0.15,20,284,0.08450704225352113,2.8482759796652477,0.0019137770912615794,0.00908093333633686
0.3 Hz batch,magnetic,0.15,25,194,,,,
0.3 Hz batch,magnetic,0.15,30,133,,,,
0.3 Hz batch,magnetic,0.15,40,62,,,,
0.3 Hz batch,magnetic,0.15,50,27,,,,
0.3 Hz batch,magnetic,0.15,60,15,,,,
0.3 Hz batch,magnetic,0.15,80,4,,,,
0.3 Hz batch,magnetic,0.15,100,3,,,,
0.3 Hz batch,magnetic,0.2,0,2197,0.10719162494310419,10.048607400849338,4.661030258823987e-30,1.6524076551505118e-09
0.3 Hz batch,magnetic,0.2,5,1184,0.0869932432432432,5.98675339530669,2.1482011218424034e-11,1.5207973769193472e-09
0.3 Hz batch,magnetic,0.2,10,672,0.08779761904761907,4.5519488238817125,6.506226476881239e-06,2.5367694570399557e-05
0.3 Hz batch,magnetic,0.2,15,400,0.08499999999999996,3.3999999999999986,0.0009361391060692811,0.002789713232671409
0.3 Hz batch,magnetic,0.2,20,267,0.09925093632958804,3.2435473252191547,0.0009371085226011886,0.0031447625001904678
0.3 Hz batch,magnetic,0.2,25,181,,,,
0.3 Hz batch,magnetic,0.2,30,124,,,,
0.3 Hz batch,magnetic,0.2,40,58,,,,
0.3 Hz batch,magnetic,0.2,50,25,,,,
0.3 Hz batch,magnetic,0.2,60,15,,,,
0.3 Hz batch,magnetic,0.2,80,4,,,,
0.3 Hz batch,magnetic,0.2,100,3,,,,
0.3 Hz batch,magnetic,0.25,0,2089,0.10986117759693637,10.042537579416251,6.133981330101177e-30,1.5396863783934123e-09
0.3 Hz batch,magnetic,0.25,5,1086,0.09023941068139962,5.947591864537163,2.7870990326562805e-11,1.5983259160634589e-09
0.3 Hz batch,magnetic,0.25,10,639,0.09311424100156496,4.707567244168952,4.03348534466103e-06,2.1526876440192133e-05
0.3 Hz batch,magnetic,0.25,15,379,0.08311345646437995,3.2360926307063393,0.001474346804044869,0.004239621060357246
0.3 Hz batch,magnetic,0.25,20,252,0.09523809523809523,3.0237157840738176,0.00128786159242845,0.005126420671387466
0.3 Hz batch,magnetic,0.25,25,170,,,,
0.3 Hz batch,magnetic,0.25,30,114,,,,
0.3 Hz batch,magnetic,0.25,40,52,,,,
0.3 Hz batch,magnetic,0.25,50,23,,,,
0.3 Hz batch,magnetic,0.25,60,14,,,,
0.3 Hz batch,magnetic,0.25,80,3,,,,
0.3 Hz batch,magnetic,0.25,100,3,,,,
0.3 Hz batch,magnetic,0.3,0,1513,0.10277594183740912,7.995413424136896,1.5264101546457825e-18,4.287614707720877e-11
0.3 Hz batch,magnetic,0.3,5,1017,0.0909537856440511,5.801112021698848,2.3260449103304405e-11,2.2352847350859406e-09
0.3 Hz batch,magnetic,0.3,10,600,0.09333333333333338,4.572380853195268,4.119531916210661e-06,2.5833447125367393e-05
0.3 Hz batch,magnetic,0.3,15,358,0.07541899441340782,2.853988681941126,0.0034085832753828404,0.010155310548977114
0.3 Hz batch,magnetic,0.3,20,235,0.08297872340425527,2.5440794849084227,0.004074123686785818,0.014026947582472582
0.3 Hz batch,magnetic,0.3,25,160,,,,
0.3 Hz batch,magnetic,0.3,30,107,,,,
0.3 Hz batch,magnetic,0.3,40,50,,,,
0.3 Hz batch,magnetic,0.3,50,21,,,,
0.3 Hz batch,magnetic,0.3,60,12,,,,
0.3 Hz batch,magnetic,0.3,80,3,,,,
0.3 Hz batch,magnetic,0.3,100,3,,,,
0.3 Hz batch,magnetic,0.35,0,1215,0.09341563786008233,6.512349774733956,1.6020156643341752e-13,1.3700440781860834e-10
0.3 Hz batch,magnetic,0.35,5,937,0.09338313767342588,5.717000803367013,4.537848952244058e-11,7.84779363716126e-09
0.3 Hz batch,magnetic,0.35,10,564,0.09042553191489366,4.29497479743925,1.3642134093000197e-05,7.510350334904992e-05
0.3 Hz batch,magnetic,0.35,15,341,0.07184750733137835,2.6534987692620255,0.006298224733888299,0.017445649818674358
0.3 Hz batch,magnetic,0.35,20,223,0.0829596412556054,2.4777032616749737,0.005271845935806009,0.01656116698195098
0.3 Hz batch,magnetic,0.35,25,151,,,,
0.3 Hz batch,magnetic,0.35,30,100,,,,
0.3 Hz batch,magnetic,0.35,40,46,,,,
0.3 Hz batch,magnetic,0.35,50,18,,,,
0.3 Hz batch,magnetic,0.35,60,10,,,,
0.3 Hz batch,magnetic,0.35,80,3,,,,
0.3 Hz batch,magnetic,0.35,100,3,,,,
0.3 Hz batch,magnetic,0.4,0,1135,0.08942731277533045,6.02556959853458,4.145236716922856e-12,1.0951882734033802e-09
0.3 Hz batch,magnetic,0.4,5,898,0.08908685968819596,5.339269154127997,4.10172275147692e-10,4.6271455111934756e-08
0.3 Hz batch,magnetic,0.4,10,541,0.08225508317929764,3.826408865491897,9.676866080378066e-05,0.00032427101458187835
0.3 Hz batch,magnetic,0.4,15,330,0.0696969696969697,2.5322166597906297,0.01015049800207971,0.025852333689761697
0.3 Hz batch,magnetic,0.4,20,215,0.07674418604651168,2.250581320252564,0.01323527889680795,0.03627094746577364
0.3 Hz batch,magnetic,0.4,25,144,,,,
0.3 Hz batch,magnetic,0.4,30,96,,,,
0.3 Hz batch,magnetic,0.4,40,44,,,,
0.3 Hz batch,magnetic,0.4,50,18,,,,
0.3 Hz batch,magnetic,0.4,60,10,,,,
0.3 Hz batch,magnetic,0.4,80,3,,,,
0.3 Hz batch,magnetic,0.4,100,3,,,,
0.3 Hz batch,magnetic,0.45,0,1046,0.0869980879541109,5.627370968338267,5.2834114762280736e-11,5.826112037254916e-09
0.3 Hz batch,magnetic,0.45,5,810,0.0864197530864198,4.919098582484148,4.982316591789031e-09,2.3015568340056802e-07
0.3 Hz batch,magnetic,0.45,10,482,0.07883817427385897,3.461705141924507,0.00044395215830933397,0.0010394536478786076
0.3 Hz batch,magnetic,0.45,15,312,0.07371794871794868,2.6042371785325686,0.010363285116899624,0.02500943653426868
0.3 Hz batch,magnetic,0.45,20,206,0.07766990291262132,2.2295456457331753,0.016087594584038443,0.04443131362023156
0.3 Hz batch,magnetic,0.45,25,137,,,,
0.3 Hz batch,magnetic,0.45,30,92,,,,
0.3 Hz batch,magnetic,0.45,40,44,,,,
0.3 Hz batch,magnetic,0.45,50,18,,,,
0.3 Hz batch,magnetic,0.45,60,10,,,,
0.3 Hz batch,magnetic,0.45,80,3,,,,
0.3 Hz batch,magnetic,0.45,100,3,,,,
0.3 Hz batch,magnetic,0.5,0,887,0.09864712514092444,5.875924931389402,5.4313051980772066e-11,6.1466968181989046e-09
0.3 Hz batch,magnetic,0.5,5,755,0.090728476821192,4.985940497940844,4.88867264583517e-09,3.3016734701796224e-07
0.3 Hz batch,magnetic,0.5,10,454,0.0770925110132159,3.285262781247526,0.0009161988987390501,0.0013571714476749985
0.3 Hz batch,magnetic,0.5,15,299,0.06856187290969895,2.3710912210615835,0.022031081306586132,0.0428705151447093
0.3 Hz batch,magnetic,0.5,20,199,,,,
0.3 Hz batch,magnetic,0.5,25,132,,,,
0.3 Hz batch,magnetic,0.5,30,89,,,,
0.3 Hz batch,magnetic,0.5,40,42,,,,
0.3 Hz batch,magnetic,0.5,50,17,,,,
0.3 Hz batch,magnetic,0.5,60,9,,,,
0.3 Hz batch,magnetic,0.5,80,3,,,,
0.3 Hz batch,magnetic,0.5,100,3,,,,
0.3 Hz batch,magnetic,0.55,0,832,0.09375,5.4083269131959835,7.978984698636017e-10,5.969745575651331e-08
0.3 Hz batch,magnetic,0.55,5,701,0.08487874465049927,4.494567968872962,6.05659296075655e-08,2.8633473870831594e-06
0.3 Hz batch,magnetic,0.55,10,427,0.07377049180327866,3.048783686523711,0.0016325724972421185,0.0030039018719293376
0.3 Hz batch,magnetic,0.55,15,284,0.059859154929577496,2.0175288189295517,0.042343345757036244,0.07970572984952895
0.3 Hz batch,magnetic,0.55,20,193,,,,
0.3 Hz batch,magnetic,0.55,25,130,,,,
0.3 Hz batch,magnetic,0.55,30,87,,,,
0.3 Hz batch,magnetic,0.55,40,42,,,,
0.3 Hz batch,magnetic,0.55,50,17,,,,
0.3 Hz batch,magnetic,0.55,60,9,,,,
0.3 Hz batch,magnetic,0.55,80,3,,,,
0.3 Hz batch,magnetic,0.55,100,3,,,,
0.3 Hz batch,magnetic,0.6,0,728,0.09065934065934067,4.892245489963268,1.4199086479737595e-08,5.060453701632994e-07
0.3 Hz batch,magnetic,0.6,5,636,0.08490566037735847,4.282478562877977,1.954079286937643e-07,6.170324714060982e-06
0.3 Hz batch,magnetic,0.6,10,377,0.07824933687002655,3.038654595485169,0.001276559477555148,0.002656961251046086
0.3 Hz batch,magnetic,0.6,15,267,0.06928838951310856,2.264363227039785,0.018760661180637076,0.047027620404426984
0.3 Hz batch,magnetic,0.6,20,185,,,,
0.3 Hz batch,magnetic,0.6,25,125,,,,
0.3 Hz batch,magnetic,0.6,30,86,,,,
0.3 Hz batch,magnetic,0.6,40,42,,,,
0.3 Hz batch,magnetic,0.6,50,17,,,,
0.3 Hz batch,magnetic,0.6,60,9,,,,
0.3 Hz batch,magnetic,0.6,80,3,,,,
0.3 Hz batch,magnetic,0.6,100,3,,,,
0.3 Hz batch,magnetic,0.65,0,618,0.08090614886731395,4.02258993354565,1.420715648178776e-06,2.6375670017952935e-05
0.3 Hz batch,magnetic,0.65,5,526,0.07224334600760451,3.3137574734967976,1.785560902561434e-05,0.0002984934717321641
0.3 Hz batch,magnetic,0.65,10,330,0.06060606060606055,2.2019275302527195,0.009724390715946931,0.017818308302236074
0.3 Hz batch,magnetic,0.65,15,248,0.06854838709677424,2.15900215900324,0.02193761068058883,0.04681731310547588
0.3 Hz batch,magnetic,0.65,20,175,,,,
0.3 Hz batch,magnetic,0.65,25,116,,,,
0.3 Hz batch,magnetic,0.65,30,80,,,,
0.3 Hz batch,magnetic,0.65,40,39,,,,
0.3 Hz batch,magnetic,0.65,50,15,,,,
0.3 Hz batch,magnetic,0.65,60,9,,,,
0.3 Hz batch,magnetic,0.65,80,3,,,,
0.3 Hz batch,magnetic,0.65,100,3,,,,
0.3 Hz batch,magnetic,0.7,0,527,0.06736242884250476,3.092808577270129,0.0001497012861794006,0.0009908957533231177
0.3 Hz batch,magnetic,0.7,5,463,0.05939524838012955,2.5560667678709503,0.0005196214657334921,0.003512688316630097
0.3 Hz batch,magnetic,0.7,10,313,0.05271565495207664,1.8652702825159297,0.027345198528248016,0.04365948480563231
0.3 Hz batch,magnetic,0.7,15,239,0.06903765690376573,2.1345925502653995,0.026633361060973137,0.05409157082672833
0.3 Hz batch,magnetic,0.7,20,169,,,,
0.3 Hz batch,magnetic,0.7,25,111,,,,
0.3 Hz batch,magnetic,0.7,30,76,,,,
0.3 Hz batch,magnetic,0.7,40,37,,,,
0.3 Hz batch,magnetic,0.7,50,15,,,,
0.3 Hz batch,magnetic,0.7,60,9,,,,
0.3 Hz batch,magnetic,0.7,80,3,,,,
0.3 Hz batch,magnetic,0.7,100,3,,,,
0.3 Hz batch,magnetic,0.75,0,423,0.048463356973995286,1.993488217137893,0.012620206218222095,0.024634670375706436
0.3 Hz batch,magnetic,0.75,5,423,0.048463356973995286,1.993488217137893,0.012620206218222095,0.024634670375706436
0.3 Hz batch,magnetic,0.75,10,295,0.03898305084745768,1.3391117724010404,0.1065893819686261,0.12173313913575634
0.3 Hz batch,magnetic,0.75,15,228,0.052631578947368474,1.589438828478054,0.08715743802738041,0.12752819396560378
0.3 Hz batch,magnetic,0.75,20,165,,,,
0.3 Hz batch,magnetic,0.75,25,108,,,,
0.3 Hz batch,magnetic,0.75,30,73,,,,
0.3 Hz batch,magnetic,0.75,40,36,,,,
0.3 Hz batch,magnetic,0.75,50,15,,,,
0.3 Hz batch,magnetic,0.75,60,9,,,,
0.3 Hz batch,magnetic,0.75,80,3,,,,
0.3 Hz batch,magnetic,0.75,100,3,,,,
0.3 Hz batch,magnetic,0.8,0,379,0.05408970976253302,2.1060285374438097,0.003314148497410736,0.012588621567705571
0.3 Hz batch,magnetic,0.8,5,379,0.05408970976253302,2.1060285374438097,0.003314148497410736,0.012588621567705571
0.3 Hz batch,magnetic,0.8,10,276,0.04347826086956519,1.4446302370292294,0.09770452959828946,0.11011478616531178
0.3 Hz batch,magnetic,0.8,15,219,0.057077625570776225,1.689343445998714,0.07494442010822255,0.09637291544431525
0.3 Hz batch,magnetic,0.8,20,161,,,,
0.3 Hz batch,magnetic,0.8,25,104,,,,
0.3 Hz batch,magnetic,0.8,30,70,,,,
0.3 Hz batch,magnetic,0.8,40,35,,,,
0.3 Hz batch,magnetic,0.8,50,14,,,,
0.3 Hz batch,magnetic,0.8,60,9,,,,
0.3 Hz batch,magnetic,0.8,80,3,,,,
0.3 Hz batch,magnetic,0.8,100,3,,,,
0.3 Hz batch,magnetic,0.85,0,313,0.06549520766773165,2.317457017671309,0.006135971552635972,0.009921674370405476
0.3 Hz batch,magnetic,0.85,5,313,0.06549520766773165,2.317457017671309,0.006135971552635972,0.009921674370405476
0.3 Hz batch,magnetic,0.85,10,238,0.054621848739495826,1.6853296812356282,0.08818404997824703,0.07989670324807607
0.3 Hz batch,magnetic,0.85,15,204,0.0490196078431373,1.4002800840280112,0.14317090343671457,0.13108408464314514
0.3 Hz batch,magnetic,0.85,20,154,,,,
0.3 Hz batch,magnetic,0.85,25,98,,,,
0.3 Hz batch,magnetic,0.85,30,64,,,,
0.3 Hz batch,magnetic,0.85,40,31,,,,
0.3 Hz batch,magnetic,0.85,50,13,,,,
0.3 Hz batch,magnetic,0.85,60,9,,,,
0.3 Hz batch,magnetic,0.85,80,3,,,,
0.3 Hz batch,magnetic,0.85,100,3,,,,
0.3 Hz batch,magnetic,0.9,0,238,0.0714285714285714,2.203892660077358,0.021029041910382133,0.017365618886417633
0.3 Hz batch,magnetic,0.9,5,238,0.0714285714285714,2.203892660077358,0.021029041910382133,0.017365618886417633
0.3 Hz batch,magnetic,0.9,10,195,,,,
0.3 Hz batch,magnetic,0.9,15,174,,,,
0.3 Hz batch,magnetic,0.9,20,136,,,,
0.3 Hz batch,magnetic,0.9,25,88,,,,
0.3 Hz batch,magnetic,0.9,30,57,,,,
0.3 Hz batch,magnetic,0.9,40,27,,,,
0.3 Hz batch,magnetic,0.9,50,11,,,,
0.3 Hz batch,magnetic,0.9,60,7,,,,
0.3 Hz batch,magnetic,0.9,80,2,,,,
0.3 Hz batch,magnetic,0.9,100,2,,,,
0.3 Hz batch,magnetic,0.95,0,145,,,,
0.3 Hz batch,magnetic,0.95,5,145,,,,
0.3 Hz batch,magnetic,0.95,10,134,,,,
0.3 Hz batch,magnetic,0.95,15,126,,,,
0.3 Hz batch,magnetic,0.95,20,104,,,,
0.3 Hz batch,magnetic,0.95,25,66,,,,
0.3 Hz batch,magnetic,0.95,30,42,,,,
0.3 Hz batch,magnetic,0.95,40,18,,,,
0.3 Hz batch,magnetic,0.95,50,6,,,,
0.3 Hz batch,magnetic,0.95,60,3,,,,
0.3 Hz batch,magnetic,0.95,80,2,,,,
0.3 Hz batch,magnetic,0.95,100,2,,,,
0.3 Hz batch,sham 0.71,0.0,0,4269,0.1013117826188803,13.238934395587242,7.199802312058987e-42,9.591369920514126e-10
0.3 Hz batch,sham 0.71,0.0,5,2217,0.0872801082543978,8.2191729382526,1.5752954350406877e-19,1.1656474674381911e-09
0.3 Hz batch,sham 0.71,0.0,10,946,0.08245243128964064,5.071997492346372,3.703989665786927e-08,2.5914728585263447e-08
0.3 Hz batch,sham 0.71,0.0,15,565,0.06991150442477878,3.323554979102204,0.0008496501300900444,0.0002012574843401893
0.3 Hz batch,sham 0.71,0.0,20,386,0.03886010362694303,1.5269597956778638,0.02534902013212037,0.026243676293200346
0.3 Hz batch,sham 0.71,0.0,25,276,0.02898550724637683,0.9630868246861543,0.09327109258923372,0.10104934856090486
0.3 Hz batch,sham 0.71,0.0,30,201,0.02238805970149249,0.6348110542727371,0.1581095975573834,0.11797006282422828
0.3 Hz batch,sham 0.71,0.0,40,118,,,,
0.3 Hz batch,sham 0.71,0.0,50,72,,,,
0.3 Hz batch,sham 0.71,0.0,60,51,,,,
0.3 Hz batch,sham 0.71,0.0,80,26,,,,
0.3 Hz batch,sham 0.71,0.0,100,13,,,,
0.3 Hz batch,sham 0.71,0.05,0,2707,0.09512375323236055,9.898356723685572,1.0179799857184269e-24,8.944811558109222e-11
0.3 Hz batch,sham 0.71,0.05,5,1566,0.07854406130268199,6.216403957347008,7.2686948432660145e-12,2.640587748459211e-11
0.3 Hz batch,sham 0.71,0.05,10,823,0.09052247873633046,5.193813499099334,1.0214260059350747e-07,7.608819674320699e-08
0.3 Hz batch,sham 0.71,0.05,15,501,0.07485029940119758,3.350752887065777,0.0014829740307893712,0.00040952529650972735
0.3 Hz batch,sham 0.71,0.05,20,338,0.038461538461538436,1.414213562373094,0.05240059517187623,0.045582674526985945
0.3 Hz batch,sham 0.71,0.05,25,234,0.021367521367521403,0.6537204504606144,0.13797594323801698,0.1676543650888872
0.3 Hz batch,sham 0.71,0.05,30,161,,,,
0.3 Hz batch,sham 0.71,0.05,40,82,,,,
0.3 Hz batch,sham 0.71,0.05,50,39,,,,
0.3 Hz batch,sham 0.71,0.05,60,21,,,,
0.3 Hz batch,sham 0.71,0.05,80,7,,,,
0.3 Hz batch,sham 0.71,0.05,100,5,,,,
0.3 Hz batch,sham 0.71,0.1,0,2386,0.09471919530595141,9.253440039065476,2.319614856498155e-21,2.550376576593294e-10
0.3 Hz batch,sham 0.71,0.1,5,1350,0.08296296296296302,6.096507804260358,1.56006202317173e-10,1.0322920296346183e-10
0.3 Hz batch,sham 0.71,0.1,10,754,0.09018567639257291,4.952827876958761,6.068108289372565e-07,3.4642369117765526e-07
0.3 Hz batch,sham 0.71,0.1,15,458,0.06986899563318782,2.9905236065023875,0.0028947660062425373,0.0012876481083534674
0.3 Hz batch,sham 0.71,0.1,20,307,0.027687296416938123,0.9702412474100947,0.08714015880948311,0.10173504814425682
0.3 Hz batch,sham 0.71,0.1,25,209,0.0071770334928229484,0.20751433915982187,0.2563060064778485,0.3373430861153002
0.3 Hz batch,sham 0.71,0.1,30,142,,,,
0.3 Hz batch,sham 0.71,0.1,40,69,,,,
0.3 Hz batch,sham 0.71,0.1,50,31,,,,
0.3 Hz batch,sham 0.71,0.1,60,16,,,,
0.3 Hz batch,sham 0.71,0.1,80,4,,,,
0.3 Hz batch,sham 0.71,0.1,100,3,,,,
0.3 Hz batch,sham 0.71,0.15,0,2281,0.09316089434458574,8.898694297080775,5.564490607169358e-20,5.805944613967995e-11
0.3 Hz batch,sham 0.71,0.15,5,1262,0.0800316957210776,5.68619425198571,1.901579015951474e-09,1.4488781285848518e-09
0.3 Hz batch,sham 0.71,0.15,10,708,0.08333333333333337,4.434711565216692,8.50473071178093e-06,3.1888837979110463e-06
0.3 Hz batch,sham 0.71,0.15,15,422,0.06161137440758291,2.5313203942584233,0.009307729591485328,0.004228226026448678
0.3 Hz batch,sham 0.71,0.15,20,284,0.014084507042253502,0.4747126632775407,0.23642399199485242,0.17103900148943652
0.3 Hz batch,sham 0.71,0.15,25,194,,,,
0.3 Hz batch,sham 0.71,0.15,30,133,,,,
0.3 Hz batch,sham 0.71,0.15,40,62,,,,
0.3 Hz batch,sham 0.71,0.15,50,27,,,,
0.3 Hz batch,sham 0.71,0.15,60,15,,,,
0.3 Hz batch,sham 0.71,0.15,80,4,,,,
0.3 Hz batch,sham 0.71,0.15,100,3,,,,
0.3 Hz batch,sham 0.71,0.2,0,2197,0.09308147473827943,8.725860779081485,8.713586200590574e-19,2.0102142173072934e-11
0.3 Hz batch,sham 0.71,0.2,5,1184,0.07854729729729726,5.405515201587594,2.206237311507994e-08,8.73055938654943e-09
0.3 Hz batch,sham 0.71,0.2,10,672,0.07886904761904767,4.089038773995438,4.045758432505443e-05,1.4415164131142966e-05
0.3 Hz batch,sham 0.71,0.2,15,400,0.05500000000000005,2.200000000000002,0.016361981611568967,0.010465444646112432
0.3 Hz batch,sham 0.71,0.2,20,267,0.005617977528089901,0.1835970184086318,0.33365345731162155,0.19996728928951613
0.3 Hz batch,sham 0.71,0.2,25,181,,,,
0.3 Hz batch,sham 0.71,0.2,30,124,,,,
0.3 Hz batch,sham 0.71,0.2,40,58,,,,
0.3 Hz batch,sham 0.71,0.2,50,25,,,,
0.3 Hz batch,sham 0.71,0.2,60,15,,,,
0.3 Hz batch,sham 0.71,0.2,80,4,,,,
0.3 Hz batch,sham 0.71,0.2,100,3,,,,
0.3 Hz batch,sham 0.71,0.25,0,2089,0.09406414552417419,8.598512567996913,1.1757789120325783e-17,8.212407420771228e-10
0.3 Hz batch,sham 0.71,0.25,5,1086,0.07918968692449357,5.2193153096958795,3.729175951878622e-07,5.939481906303001e-08
0.3 Hz batch,sham 0.71,0.25,10,639,0.07902973395931145,3.995498249252641,0.0001665731052460608,3.016451651838281e-05
0.3 Hz batch,sham 0.71,0.25,15,379,0.04617414248021112,1.7978292392813011,0.034741627458635405,0.017736034056263006
0.3 Hz batch,sham 0.71,0.25,20,252,0.0,0.0,0.3030846681063363,0.1980910155085096
0.3 Hz batch,sham 0.71,0.25,25,170,,,,
0.3 Hz batch,sham 0.71,0.25,30,114,,,,
0.3 Hz batch,sham 0.71,0.25,40,52,,,,
0.3 Hz batch,sham 0.71,0.25,50,23,,,,
0.3 Hz batch,sham 0.71,0.25,60,14,,,,
0.3 Hz batch,sham 0.71,0.25,80,3,,,,
0.3 Hz batch,sham 0.71,0.25,100,3,,,,
0.3 Hz batch,sham 0.71,0.3,0,1513,0.08823529411764708,6.864229531332963,5.33682069971001e-12,7.437439553115155e-11
0.3 Hz batch,sham 0.71,0.3,5,1017,0.08013765978367748,5.111250051550878,8.448725381393764e-07,1.3033688950336852e-07
0.3 Hz batch,sham 0.71,0.3,10,600,0.08499999999999996,4.1641325627314005,9.497857919998268e-05,2.7598609566470422e-05
0.3 Hz batch,sham 0.71,0.3,15,358,0.05307262569832405,2.008362405810423,0.020430991332113624,0.011903491755969053
0.3 Hz batch,sham 0.71,0.3,20,235,0.0021276595744680327,0.0652328073053426,0.34570633174055243,0.24828353207984033
0.3 Hz batch,sham 0.71,0.3,25,160,,,,
0.3 Hz batch,sham 0.71,0.3,30,107,,,,
0.3 Hz batch,sham 0.71,0.3,40,50,,,,
0.3 Hz batch,sham 0.71,0.3,50,21,,,,
0.3 Hz batch,sham 0.71,0.3,60,12,,,,
0.3 Hz batch,sham 0.71,0.3,80,3,,,,
0.3 Hz batch,sham 0.71,0.3,100,3,,,,
0.3 Hz batch,sham 0.71,0.35,0,1215,0.07448559670781896,5.192666560470687,2.73192933961632e-07,1.0765601043960515e-07
0.3 Hz batch,sham 0.71,0.35,5,937,0.0731056563500534,4.47559491463589,2.063666590061157e-05,3.367717201885334e-06
0.3 Hz batch,sham 0.71,0.35,10,564,0.07801418439716312,3.7054684526926835,0.0005714927911146888,0.0002300024933872269
0.3 Hz batch,sham 0.71,0.35,15,341,0.048387096774193505,1.7870501915438102,0.05656401539738265,0.031012200271811396
0.3 Hz batch,sham 0.71,0.35,20,223,-0.0022421524663677195,-0.0669649530182427,0.439470023400117,0.4133600801742543
0.3 Hz batch,sham 0.71,0.35,25,151,,,,
0.3 Hz batch,sham 0.71,0.35,30,100,,,,
0.3 Hz batch,sham 0.71,0.35,40,46,,,,
0.3 Hz batch,sham 0.71,0.35,50,18,,,,
0.3 Hz batch,sham 0.71,0.35,60,10,,,,
0.3 Hz batch,sham 0.71,0.35,80,3,,,,
0.3 Hz batch,sham 0.71,0.35,100,3,,,,
0.3 Hz batch,sham 0.71,0.4,0,1135,0.07444933920704844,5.0163608973021825,5.039033195186191e-07,1.8578268445867963e-07
0.3 Hz batch,sham 0.71,0.4,5,898,0.07461024498886415,4.4716379165822,1.5076075755577991e-05,2.4214415653700527e-06
0.3 Hz batch,sham 0.71,0.4,10,541,0.08040665434380778,3.7404221494134267,0.00044675053824644995,0.00016916606724803884
0.3 Hz batch,sham 0.71,0.4,15,330,0.051515151515151514,1.871638400714813,0.031608877407570124,0.02234230619394817
0.3 Hz batch,sham 0.71,0.4,20,215,-0.0023255813953488302,-0.06819943394704715,0.5117900045249215,0.3659265299424893
0.3 Hz batch,sham 0.71,0.4,25,144,,,,
0.3 Hz batch,sham 0.71,0.4,30,96,,,,
0.3 Hz batch,sham 0.71,0.4,40,44,,,,
0.3 Hz batch,sham 0.71,0.4,50,18,,,,
0.3 Hz batch,sham 0.71,0.4,60,10,,,,
0.3 Hz batch,sham 0.71,0.4,80,3,,,,
0.3 Hz batch,sham 0.71,0.4,100,3,,,,
0.3 Hz batch,sham 0.71,0.45,0,1046,0.07074569789674956,4.576103864362989,2.1291731842111852e-06,9.083372843887716e-07
0.3 Hz batch,sham 0.71,0.45,5,810,0.07037037037037042,4.005551702879949,6.659243174919609e-05,1.2349024435032163e-05
0.3 Hz batch,sham 0.71,0.45,10,482,0.07676348547717837,3.370607638189647,0.0019791246713299435,0.0005841816160184754
0.3 Hz batch,sham 0.71,0.45,15,312,0.05128205128205132,1.8116432546313546,0.034860384944557565,0.02113569170968188
0.3 Hz batch,sham 0.71,0.45,20,206,-0.004854368932038833,-0.13934660285832345,0.48983273757725565,0.2760020238401786
0.3 Hz batch,sham 0.71,0.45,25,137,,,,
0.3 Hz batch,sham 0.71,0.45,30,92,,,,
0.3 Hz batch,sham 0.71,0.45,40,44,,,,
0.3 Hz batch,sham 0.71,0.45,50,18,,,,
0.3 Hz batch,sham 0.71,0.45,60,10,,,,
0.3 Hz batch,sham 0.71,0.45,80,3,,,,
0.3 Hz batch,sham 0.71,0.45,100,3,,,,
0.3 Hz batch,sham 0.71,0.5,0,887,0.07384441939120634,4.398549520068641,1.1064549178508592e-05,1.2765426619099074e-06
0.3 Hz batch,sham 0.71,0.5,5,755,0.07218543046357617,3.9669161625952736,7.880711481539522e-05,1.0371868093161929e-05
0.3 Hz batch,sham 0.71,0.5,10,454,0.08370044052863435,3.5668567339258828,0.0008152560913900108,0.0002283467766567293
0.3 Hz batch,sham 0.71,0.5,15,299,0.058528428093645446,2.0241022618818394,0.026833276423177344,0.014375088247167822
0.3 Hz batch,sham 0.71,0.5,20,199,,,,
0.3 Hz batch,sham 0.71,0.5,25,132,,,,
0.3 Hz batch,sham 0.71,0.5,30,89,,,,
0.3 Hz batch,sham 0.71,0.5,40,42,,,,
0.3 Hz batch,sham 0.71,0.5,50,17,,,,
0.3 Hz batch,sham 0.71,0.5,60,9,,,,
0.3 Hz batch,sham 0.71,0.5,80,3,,,,
0.3 Hz batch,sham 0.71,0.5,100,3,,,,
0.3 Hz batch,sham 0.71,0.55,0,832,0.06971153846153844,4.02157642263291,8.335202809541687e-05,6.836136043464336e-06
0.3 Hz batch,sham 0.71,0.55,5,701,0.06776034236804562,3.588100479352364,0.0003690641291895811,5.388898240876738e-05
0.3 Hz batch,sham 0.71,0.55,10,427,0.07611241217798592,3.1455704702228764,0.0035081798249607327,0.0007288951061051874
0.3 Hz batch,sham 0.71,0.55,15,284,0.045774647887323994,1.542816155652011,0.044968937971465284,0.036982913594815425
0.3 Hz batch,sham 0.71,0.55,20,193,,,,
0.3 Hz batch,sham 0.71,0.55,25,130,,,,
0.3 Hz batch,sham 0.71,0.55,30,87,,,,
0.3 Hz batch,sham 0.71,0.55,40,42,,,,
0.3 Hz batch,sham 0.71,0.55,50,17,,,,
0.3 Hz batch,sham 0.71,0.55,60,9,,,,
0.3 Hz batch,sham 0.71,0.55,80,3,,,,
0.3 Hz batch,sham 0.71,0.55,100,3,,,,
0.3 Hz batch,sham 0.71,0.6,0,728,0.07829670329670335,4.22512110496828,1.5552646756923024e-05,6.243956368834347e-06
0.3 Hz batch,sham 0.71,0.6,5,636,0.07547169811320753,3.8066476114470906,9.173120779928504e-05,2.8317307073755238e-05
0.3 Hz batch,sham 0.71,0.6,10,377,0.08355437665782495,3.2446650765350102,0.000948779966087764,0.0003748484260968077
0.3 Hz batch,sham 0.71,0.6,15,267,0.0393258426966292,1.285179128860419,0.043297816183751614,0.04968823861624194
0.3 Hz batch,sham 0.71,0.6,20,185,,,,
0.3 Hz batch,sham 0.71,0.6,25,125,,,,
0.3 Hz batch,sham 0.71,0.6,30,86,,,,
0.3 Hz batch,sham 0.71,0.6,40,42,,,,
0.3 Hz batch,sham 0.71,0.6,50,17,,,,
0.3 Hz batch,sham 0.71,0.6,60,9,,,,
0.3 Hz batch,sham 0.71,0.6,80,3,,,,
0.3 Hz batch,sham 0.71,0.6,100,3,,,,
0.3 Hz batch,sham 0.71,0.65,0,618,0.0744336569579288,3.7007827388619963,0.0001644656896909803,3.2709144016318525e-05
0.3 Hz batch,sham 0.71,0.65,5,526,0.07034220532319391,3.2265533294574102,0.0009450650131280538,0.00016305230423696582
0.3 Hz batch,sham 0.71,0.65,10,330,0.07272727272727275,2.6423130363032663,0.001236135970477704,0.0010978024103950323
0.3 Hz batch,sham 0.71,0.65,15,248,0.032258064516129004,1.0160010160015231,0.06417134716787609,0.056191911021353014
0.3 Hz batch,sham 0.71,0.65,20,175,,,,
0.3 Hz batch,sham 0.71,0.65,25,116,,,,
0.3 Hz batch,sham 0.71,0.65,30,80,,,,
0.3 Hz batch,sham 0.71,0.65,40,39,,,,
0.3 Hz batch,sham 0.71,0.65,50,15,,,,
0.3 Hz batch,sham 0.71,0.65,60,9,,,,
0.3 Hz batch,sham 0.71,0.65,80,3,,,,
0.3 Hz batch,sham 0.71,0.65,100,3,,,,
0.3 Hz batch,sham 0.71,0.7,0,527,0.08254269449715368,3.7897795242605787,0.0002902767129694609,2.529021490227379e-05
0.3 Hz batch,sham 0.71,0.7,5,463,0.0766738660907127,3.2996498276152266,0.000664599778154314,0.0001002206779845416
0.3 Hz batch,sham 0.71,0.7,10,313,0.06869009584664532,2.4305037014601507,0.0022971757639099104,0.0020487265991212533
0.3 Hz batch,sham 0.71,0.7,15,239,0.03138075313807531,0.9702693410297264,0.07656027344139571,0.0616422546538421
0.3 Hz batch,sham 0.71,0.7,20,169,,,,
0.3 Hz batch,sham 0.71,0.7,25,111,,,,
0.3 Hz batch,sham 0.71,0.7,30,76,,,,
0.3 Hz batch,sham 0.71,0.7,40,37,,,,
0.3 Hz batch,sham 0.71,0.7,50,15,,,,
0.3 Hz batch,sham 0.71,0.7,60,9,,,,
0.3 Hz batch,sham 0.71,0.7,80,3,,,,
0.3 Hz batch,sham 0.71,0.7,100,3,,,,
0.3 Hz batch,sham 0.71,0.75,0,423,0.06973995271867617,2.8686781661252616,0.0007660137644898765,0.0003576188440362893
0.3 Hz batch,sham 0.71,0.75,5,423,0.06973995271867617,2.8686781661252616,0.0007660137644898765,0.0003576188440362893
0.3 Hz batch,sham 0.71,0.75,10,295,0.0661016949152542,2.2706677879843684,0.000812828466681704,0.0020658245791269625
0.3 Hz batch,sham 0.71,0.75,15,228,0.030701754385964897,0.9271726499455302,0.042189403667770575,0.045592133339759644
0.3 Hz batch,sham 0.71,0.75,20,165,,,,
0.3 Hz batch,sham 0.71,0.75,25,108,,,,
0.3 Hz batch,sham 0.71,0.75,30,73,,,,
0.3 Hz batch,sham 0.71,0.75,40,36,,,,
0.3 Hz batch,sham 0.71,0.75,50,15,,,,
0.3 Hz batch,sham 0.71,0.75,60,9,,,,
0.3 Hz batch,sham 0.71,0.75,80,3,,,,
0.3 Hz batch,sham 0.71,0.75,100,3,,,,
0.3 Hz batch,sham 0.71,0.8,0,379,0.08047493403693928,3.133359531318835,0.00028611288083965283,0.00023061021647985402
0.3 Hz batch,sham 0.71,0.8,5,379,0.08047493403693928,3.133359531318835,0.00028611288083965283,0.00023061021647985402
0.3 Hz batch,sham 0.71,0.8,10,276,0.07608695652173914,2.5281029148011536,0.000621876224239739,0.0015665715236634625
0.3 Hz batch,sham 0.71,0.8,15,219,0.04337899543378998,1.283901018959024,0.040668655626977634,0.0411166696003612
0.3 Hz batch,sham 0.71,0.8,20,161,,,,
0.3 Hz batch,sham 0.71,0.8,25,104,,,,
0.3 Hz batch,sham 0.71,0.8,30,70,,,,
0.3 Hz batch,sham 0.71,0.8,40,35,,,,
0.3 Hz batch,sham 0.71,0.8,50,14,,,,
0.3 Hz batch,sham 0.71,0.8,60,9,,,,
0.3 Hz batch,sham 0.71,0.8,80,3,,,,
0.3 Hz batch,sham 0.71,0.8,100,3,,,,
0.3 Hz batch,sham 0.71,0.85,0,313,0.08146964856230032,2.8826904366155297,0.003746399462916111,0.001466636607680094
0.3 Hz batch,sham 0.71,0.85,5,313,0.08146964856230032,2.8826904366155297,0.003746399462916111,0.001466636607680094
0.3 Hz batch,sham 0.71,0.85,10,238,0.06302521008403361,1.944611170656493,0.005309681110244419,0.010997783742380696
0.3 Hz batch,sham 0.71,0.85,15,204,0.039215686274509776,1.120224067222407,0.06151210029934007,0.07206247619268769
0.3 Hz batch,sham 0.71,0.85,20,154,,,,
0.3 Hz batch,sham 0.71,0.85,25,98,,,,
0.3 Hz batch,sham 0.71,0.85,30,64,,,,
0.3 Hz batch,sham 0.71,0.85,40,31,,,,
0.3 Hz batch,sham 0.71,0.85,50,13,,,,
0.3 Hz batch,sham 0.71,0.85,60,9,,,,
0.3 Hz batch,sham 0.71,0.85,80,3,,,,
0.3 Hz batch,sham 0.71,0.85,100,3,,,,
0.3 Hz batch,sham 0.71,0.9,0,238,0.05882352941176472,1.8149704259460606,0.04034223464617315,0.017763105277105784
0.3 Hz batch,sham 0.71,0.9,5,238,0.05882352941176472,1.8149704259460606,0.04034223464617315,0.017763105277105784
0.3 Hz batch,sham 0.71,0.9,10,195,,,,
0.3 Hz batch,sham 0.71,0.9,15,174,,,,
0.3 Hz batch,sham 0.71,0.9,20,136,,,,
0.3 Hz batch,sham 0.71,0.9,25,88,,,,
0.3 Hz batch,sham 0.71,0.9,30,57,,,,
0.3 Hz batch,sham 0.71,0.9,40,27,,,,
0.3 Hz batch,sham 0.71,0.9,50,11,,,,
0.3 Hz batch,sham 0.71,0.9,60,7,,,,
0.3 Hz batch,sham 0.71,0.9,80,2,,,,
0.3 Hz batch,sham 0.71,0.9,100,2,,,,
0.3 Hz batch,sham 0.71,0.95,0,145,,,,
0.3 Hz batch,sham 0.71,0.95,5,145,,,,
0.3 Hz batch,sham 0.71,0.95,10,134,,,,
0.3 Hz batch,sham 0.71,0.95,15,126,,,,
0.3 Hz batch,sham 0.71,0.95,20,104,,,,
0.3 Hz batch,sham 0.71,0.95,25,66,,,,
0.3 Hz batch,sham 0.71,0.95,30,42,,,,
0.3 Hz batch,sham 0.71,0.95,40,18,,,,
0.3 Hz batch,sham 0.71,0.95,50,6,,,,
0.3 Hz batch,sham 0.71,0.95,60,3,,,,
0.3 Hz batch,sham 0.71,0.95,80,2,,,,
0.3 Hz batch,sham 0.71,0.95,100,2,,,,
0.3 Hz batch,sham 0.83,0.0,0,4269,0.10810494260951042,14.126631730782687,1.3287571935209632e-44,3.236421020069713e-09
0.3 Hz batch,sham 0.83,0.0,5,2217,0.10171402796571949,9.57841600814451,8.278204223161583e-21,4.542199949497672e-11
0.3 Hz batch,sham 0.83,0.0,10,946,0.08456659619450313,5.202048710098838,1.2663910239849057e-07,3.658439161613458e-07
0.3 Hz batch,sham 0.83,0.0,15,565,0.052212389380530966,2.48214865527886,0.016121684022444047,0.004577569537890125
0.3 Hz batch,sham 0.83,0.0,20,386,0.03626943005181349,1.425162475966006,0.08901988016752238,0.060389549180657975
0.3 Hz batch,sham 0.83,0.0,25,276,-0.02898550724637683,-0.9630868246861543,0.13141807757970403,0.107247480212882
0.3 Hz batch,sham 0.83,0.0,30,201,-0.01243781094527363,-0.3526728079292991,0.2426144615596142,0.29178139775483336
0.3 Hz batch,sham 0.83,0.0,40,118,,,,
0.3 Hz batch,sham 0.83,0.0,50,72,,,,
0.3 Hz batch,sham 0.83,0.0,60,51,,,,
0.3 Hz batch,sham 0.83,0.0,80,26,,,,
0.3 Hz batch,sham 0.83,0.0,100,13,,,,
0.3 Hz batch,sham 0.83,0.05,0,2707,0.09549316586627266,9.936796943971732,2.0105245734498158e-23,1.6165208061025282e-09
0.3 Hz batch,sham 0.83,0.05,5,1566,0.08939974457215838,7.075581740069766,8.181834391344867e-12,2.6018631693602856e-11
0.3 Hz batch,sham 0.83,0.05,10,823,0.07472660996354796,4.287510472410859,5.4675787099513295e-06,1.4963380658428171e-05
0.3 Hz batch,sham 0.83,0.05,15,501,0.050898203592814384,2.2785119632047293,0.019947812112820103,0.0045263001163783345
0.3 Hz batch,sham 0.83,0.05,20,338,0.041420118343195256,1.5229992210171788,0.03521061463109221,0.03794274970288347
0.3 Hz batch,sham 0.83,0.05,25,234,-0.03418803418803418,-1.045952720736981,0.09874393650959135,0.09840341005744746
0.3 Hz batch,sham 0.83,0.05,30,161,,,,
0.3 Hz batch,sham 0.83,0.05,40,82,,,,
0.3 Hz batch,sham 0.83,0.05,50,39,,,,
0.3 Hz batch,sham 0.83,0.05,60,21,,,,
0.3 Hz batch,sham 0.83,0.05,80,7,,,,
0.3 Hz batch,sham 0.83,0.05,100,5,,,,
0.3 Hz batch,sham 0.83,0.1,0,2386,0.09974853310980725,9.744773138484883,4.664386062711653e-22,3.698246153760465e-10
0.3 Hz batch,sham 0.83,0.1,5,1350,0.09185185185185185,6.749705069002535,9.131072721962725e-11,6.625133774917913e-10
0.3 Hz batch,sham 0.83,0.1,10,754,0.0755968169761273,4.151635132156609,5.491974260350473e-06,2.5765688281720323e-05
0.3 Hz batch,sham 0.83,0.1,15,458,0.05676855895196509,2.4298004302831893,0.009838987910208548,0.003076315459179968
0.3 Hz batch,sham 0.83,0.1,20,307,0.04723127035830621,1.6551174220525144,0.024394132393431578,0.02789596313490761
0.3 Hz batch,sham 0.83,0.1,25,209,-0.031100478468899517,-0.8992288030258969,0.10448173724995635,0.11059592485091918
0.3 Hz batch,sham 0.83,0.1,30,142,,,,
0.3 Hz batch,sham 0.83,0.1,40,69,,,,
0.3 Hz batch,sham 0.83,0.1,50,31,,,,
0.3 Hz batch,sham 0.83,0.1,60,16,,,,
0.3 Hz batch,sham 0.83,0.1,80,4,,,,
0.3 Hz batch,sham 0.83,0.1,100,3,,,,
0.3 Hz batch,sham 0.83,0.15,0,2281,0.0988601490574309,9.443085007019825,1.3408885622159173e-20,1.3982515145727348e-10
0.3 Hz batch,sham 0.83,0.15,5,1262,0.08954041204437402,6.3617816878652045,1.1831072988858252e-09,2.7323746598639786e-09
0.3 Hz batch,sham 0.83,0.15,10,708,0.07203389830508478,3.8333947428144293,3.7090837114203564e-05,5.279036932381853e-05
0.3 Hz batch,sham 0.83,0.15,15,422,0.05213270142180093,2.1418864874494354,0.00955930296492787,0.0045277635067513256
0.3 Hz batch,sham 0.83,0.15,20,284,0.028169014084507005,0.9494253265550814,0.008140338724955627,0.043453616381532
0.3 Hz batch,sham 0.83,0.15,25,194,,,,
0.3 Hz batch,sham 0.83,0.15,30,133,,,,
0.3 Hz batch,sham 0.83,0.15,40,62,,,,
0.3 Hz batch,sham 0.83,0.15,50,27,,,,
0.3 Hz batch,sham 0.83,0.15,60,15,,,,
0.3 Hz batch,sham 0.83,0.15,80,4,,,,
0.3 Hz batch,sham 0.83,0.15,100,3,,,,
0.3 Hz batch,sham 0.83,0.2,0,2197,0.09763313609467461,9.152553237716285,1.9757306702744731e-19,2.8888447189956423e-11
0.3 Hz batch,sham 0.83,0.2,5,1184,0.0869932432432432,5.98675339530669,1.225474977115661e-08,3.447167695735942e-08
0.3 Hz batch,sham 0.83,0.2,10,672,0.07291666666666663,3.78043207407125,6.436509559360783e-05,7.694721210083078e-05
0.3 Hz batch,sham 0.83,0.2,15,400,0.05249999999999999,2.0999999999999996,0.01360267954844829,0.005947506338472297
0.3 Hz batch,sham 0.83,0.2,20,267,0.028089887640449396,0.9179850920431554,0.014244642314211338,0.04937301204381628
0.3 Hz batch,sham 0.83,0.2,25,181,,,,
0.3 Hz batch,sham 0.83,0.2,30,124,,,,
0.3 Hz batch,sham 0.83,0.2,40,58,,,,
0.3 Hz batch,sham 0.83,0.2,50,25,,,,
0.3 Hz batch,sham 0.83,0.2,60,15,,,,
0.3 Hz batch,sham 0.83,0.2,80,4,,,,
0.3 Hz batch,sham 0.83,0.2,100,3,,,,
0.3 Hz batch,sham 0.83,0.25,0,2089,0.09693633317376738,8.861062570073162,2.6392364876088742e-18,1.3574610324695868e-09
0.3 Hz batch,sham 0.83,0.25,5,1086,0.0865561694290976,5.704833012923402,6.32779754676928e-08,7.880197805398836e-08
0.3 Hz batch,sham 0.83,0.25,10,639,0.07276995305164324,3.6790231404009477,0.00015118260361403308,0.0001155138317294746
0.3 Hz batch,sham 0.83,0.25,15,379,0.05408970976253302,2.1060285374438097,0.00964668001172213,0.005672530639015072
0.3 Hz batch,sham 0.83,0.25,20,252,0.02777777777777779,0.8819171036881972,0.015159843234765722,0.043744772385620134
0.3 Hz batch,sham 0.83,0.25,25,170,,,,
0.3 Hz batch,sham 0.83,0.25,30,114,,,,
0.3 Hz batch,sham 0.83,0.25,40,52,,,,
0.3 Hz batch,sham 0.83,0.25,50,23,,,,
0.3 Hz batch,sham 0.83,0.25,60,14,,,,
0.3 Hz batch,sham 0.83,0.25,80,3,,,,
0.3 Hz batch,sham 0.83,0.25,100,3,,,,
0.3 Hz batch,sham 0.83,0.3,0,1513,0.09418374091209514,7.326986578389114,3.674040423070209e-13,1.0811740391858393e-10
0.3 Hz batch,sham 0.83,0.3,5,1017,0.08800393313667654,5.612967848022133,1.0364532393924796e-07,1.2890258527242793e-07
0.3 Hz batch,sham 0.83,0.3,10,600,0.07333333333333336,3.592584956081996,0.00026039970982729555,0.00016217565225373765
0.3 Hz batch,sham 0.83,0.3,15,358,0.05027932960893855,1.902659121294084,0.006566708354265646,0.008427397620269783
0.3 Hz batch,sham 0.83,0.3,20,235,0.014893617021276562,0.45662965113740844,0.010989364618356997,0.04217327838189089
0.3 Hz batch,sham 0.83,0.3,25,160,,,,
0.3 Hz batch,sham 0.83,0.3,30,107,,,,
0.3 Hz batch,sham 0.83,0.3,40,50,,,,
0.3 Hz batch,sham 0.83,0.3,50,21,,,,
0.3 Hz batch,sham 0.83,0.3,60,12,,,,
0.3 Hz batch,sham 0.83,0.3,80,3,,,,
0.3 Hz batch,sham 0.83,0.3,100,3,,,,
0.3 Hz batch,sham 0.83,0.35,0,1215,0.08271604938271604,5.766441871019931,7.800020320266704e-09,9.779467124992891e-09
0.3 Hz batch,sham 0.83,0.35,5,937,0.07737459978655281,4.736943522789807,7.001779143266075e-06,2.7986711890193305e-06
0.3 Hz batch,sham 0.83,0.35,10,564,0.06205673758865249,2.947531723732817,0.0011456040285755303,0.0006812572817918028
0.3 Hz batch,sham 0.83,0.35,15,341,0.03665689149560114,1.3538259026847048,0.003140451889046829,0.014787687857260035
0.3 Hz batch,sham 0.83,0.35,20,223,-0.0022421524663677195,-0.0669649530182427,0.007161743182506868,0.04597454632450737
0.3 Hz batch,sham 0.83,0.35,25,151,,,,
0.3 Hz batch,sham 0.83,0.35,30,100,,,,
0.3 Hz batch,sham 0.83,0.35,40,46,,,,
0.3 Hz batch,sham 0.83,0.35,50,18,,,,
0.3 Hz batch,sham 0.83,0.35,60,10,,,,
0.3 Hz batch,sham 0.83,0.35,80,3,,,,
0.3 Hz batch,sham 0.83,0.35,100,3,,,,
0.3 Hz batch,sham 0.83,0.4,0,1135,0.08766519823788543,5.906839163095469,5.426520663332265e-09,3.1502944697336943e-09
0.3 Hz batch,sham 0.83,0.4,5,898,0.0835189309576837,5.005564831994996,1.1181045839154695e-06,6.288728543468736e-07
0.3 Hz batch,sham 0.83,0.4,10,541,0.06931608133086875,3.2245018529426077,0.0002448597536788747,0.00033263306765007883
0.3 Hz batch,sham 0.83,0.4,15,330,0.045454545454545414,1.6514456476895396,0.004485633883540736,0.009827766280619987
0.3 Hz batch,sham 0.83,0.4,20,215,0.011627906976744207,0.34099716973523736,0.012805405825422254,0.051589688530026545
0.3 Hz batch,sham 0.83,0.4,25,144,,,,
0.3 Hz batch,sham 0.83,0.4,30,96,,,,
0.3 Hz batch,sham 0.83,0.4,40,44,,,,
0.3 Hz batch,sham 0.83,0.4,50,18,,,,
0.3 Hz batch,sham 0.83,0.4,60,10,,,,
0.3 Hz batch,sham 0.83,0.4,80,3,,,,
0.3 Hz batch,sham 0.83,0.4,100,3,,,,
0.3 Hz batch,sham 0.83,0.45,0,1046,0.08604206500956024,5.565531726927957,4.7068345886896094e-08,1.6630173793608094e-08
0.3 Hz batch,sham 0.83,0.45,5,810,0.08148148148148149,4.638007234913623,9.037609160243856e-06,2.774061031329822e-06
0.3 Hz batch,sham 0.83,0.45,10,482,0.06431535269709543,2.8240226157805166,0.0012680680137411998,0.0009634810565496421
0.3 Hz batch,sham 0.83,0.45,15,312,0.038461538461538436,1.358732440973514,0.00299333713490486,0.010184906497544777
0.3 Hz batch,sham 0.83,0.45,20,206,0.014563106796116498,0.4180398085749704,0.010131456555290685,0.03692815540079675
0.3 Hz batch,sham 0.83,0.45,25,137,,,,
0.3 Hz batch,sham 0.83,0.45,30,92,,,,
0.3 Hz batch,sham 0.83,0.45,40,44,,,,
0.3 Hz batch,sham 0.83,0.45,50,18,,,,
0.3 Hz batch,sham 0.83,0.45,60,10,,,,
0.3 Hz batch,sham 0.83,0.45,80,3,,,,
0.3 Hz batch,sham 0.83,0.45,100,3,,,,
0.3 Hz batch,sham 0.83,0.5,0,887,0.08962795941375423,5.338697509090944,8.900677013562305e-08,3.1771619779519256e-08
0.3 Hz batch,sham 0.83,0.5,5,755,0.08543046357615891,4.69479068784211,4.778063277555442e-06,2.01721575288083e-06
0.3 Hz batch,sham 0.83,0.5,10,454,0.06828193832599116,2.9098041776763774,0.0007777484811297471,0.0006897067434428195
0.3 Hz batch,sham 0.83,0.5,15,299,0.041806020066889604,1.4457873299155997,0.003982211601489388,0.00806524833878075
0.3 Hz batch,sham 0.83,0.5,20,199,,,,
0.3 Hz batch,sham 0.83,0.5,25,132,,,,
0.3 Hz batch,sham 0.83,0.5,30,89,,,,
0.3 Hz batch,sham 0.83,0.5,40,42,,,,
0.3 Hz batch,sham 0.83,0.5,50,17,,,,
0.3 Hz batch,sham 0.83,0.5,60,9,,,,
0.3 Hz batch,sham 0.83,0.5,80,3,,,,
0.3 Hz batch,sham 0.83,0.5,100,3,,,,
0.3 Hz batch,sham 0.83,0.55,0,832,0.09375,5.4083269131959835,1.5966953614649102e-07,6.765954518872519e-08
0.3 Hz batch,sham 0.83,0.55,5,701,0.09058487874465049,4.7967237987131615,5.440351265864861e-06,4.009923482151123e-06
0.3 Hz batch,sham 0.83,0.55,10,427,0.07611241217798592,3.1455704702228764,0.0034583657155275453,0.001218099451587018
0.3 Hz batch,sham 0.83,0.55,15,284,0.04225352112676062,1.4241379898326259,0.008785600139118326,0.014590141675794643
0.3 Hz batch,sham 0.83,0.55,20,193,,,,
0.3 Hz batch,sham 0.83,0.55,25,130,,,,
0.3 Hz batch,sham 0.83,0.55,30,87,,,,
0.3 Hz batch,sham 0.83,0.55,40,42,,,,
0.3 Hz batch,sham 0.83,0.55,50,17,,,,
0.3 Hz batch,sham 0.83,0.55,60,9,,,,
0.3 Hz batch,sham 0.83,0.55,80,3,,,,
0.3 Hz batch,sham 0.83,0.55,100,3,,,,
0.3 Hz batch,sham 0.83,0.6,0,728,0.09065934065934067,4.892245489963268,2.3153946904636657e-06,6.576498533528152e-07
0.3 Hz batch,sham 0.83,0.6,5,636,0.08176100628930816,4.123868245734348,0.00014480206707285633,4.294180877917331e-05
0.3 Hz batch,sham 0.83,0.6,10,377,0.05968169761273212,2.3176179118107223,0.0026615063803778465,0.00467354775621176
0.3 Hz batch,sham 0.83,0.6,15,267,0.035580524344569264,1.1627811165879978,0.0061280906603921,0.02080234652706825
0.3 Hz batch,sham 0.83,0.6,20,185,,,,
0.3 Hz batch,sham 0.83,0.6,25,125,,,,
0.3 Hz batch,sham 0.83,0.6,30,86,,,,
0.3 Hz batch,sham 0.83,0.6,40,42,,,,
0.3 Hz batch,sham 0.83,0.6,50,17,,,,
0.3 Hz batch,sham 0.83,0.6,60,9,,,,
0.3 Hz batch,sham 0.83,0.6,80,3,,,,
0.3 Hz batch,sham 0.83,0.6,100,3,,,,
0.3 Hz batch,sham 0.83,0.65,0,618,0.09385113268608414,4.666204322912952,1.2596385420610025e-06,2.1809978512088435e-06
0.3 Hz batch,sham 0.83,0.65,5,526,0.08365019011406849,3.836982337733139,8.025981951381918e-05,0.00015363331335771502
0.3 Hz batch,sham 0.83,0.65,10,330,0.048484848484848464,1.7615420242021762,0.004413551648317135,0.0103942232565718
0.3 Hz batch,sham 0.83,0.65,15,248,0.040322580645161255,1.2700012700019039,0.021469136063223045,0.026411299551993173
0.3 Hz batch,sham 0.83,0.65,20,175,,,,
0.3 Hz batch,sham 0.83,0.65,25,116,,,,
0.3 Hz batch,sham 0.83,0.65,30,80,,,,
0.3 Hz batch,sham 0.83,0.65,40,39,,,,
0.3 Hz batch,sham 0.83,0.65,50,15,,,,
0.3 Hz batch,sham 0.83,0.65,60,9,,,,
0.3 Hz batch,sham 0.83,0.65,80,3,,,,
0.3 Hz batch,sham 0.83,0.65,100,3,,,,
0.3 Hz batch,sham 0.83,0.7,0,527,0.09013282732447814,4.138264997755804,1.0978799703360341e-05,2.33724577651806e-05
0.3 Hz batch,sham 0.83,0.7,5,463,0.0766738660907127,3.2996498276152266,0.0009591865937105631,0.0005885027476761895
0.3 Hz batch,sham 0.83,0.7,10,313,0.04952076677316297,1.7522235987270878,0.007876346996696168,0.011676265975728128
0.3 Hz batch,sham 0.83,0.7,15,239,0.043933054393305415,1.3583770774416162,0.028323529807178227,0.023208399381701827
0.3 Hz batch,sham 0.83,0.7,20,169,,,,
0.3 Hz batch,sham 0.83,0.7,25,111,,,,
0.3 Hz batch,sham 0.83,0.7,30,76,,,,
0.3 Hz batch,sham 0.83,0.7,40,37,,,,
0.3 Hz batch,sham 0.83,0.7,50,15,,,,
0.3 Hz batch,sham 0.83,0.7,60,9,,,,
0.3 Hz batch,sham 0.83,0.7,80,3,,,,
0.3 Hz batch,sham 0.83,0.7,100,3,,,,
0.3 Hz batch,sham 0.83,0.75,0,423,0.0721040189125296,2.9659214937905247,0.0019276439816069016,0.0013280656946016434
0.3 Hz batch,sham 0.83,0.75,5,423,0.0721040189125296,2.9659214937905247,0.0019276439816069016,0.0013280656946016434
0.3 Hz batch,sham 0.83,0.75,10,295,0.045762711864406724,1.5720007762968695,0.008992304200352906,0.016276061580562495
0.3 Hz batch,sham 0.83,0.75,15,228,0.03947368421052633,1.1920791213585398,0.039637757916350824,0.03903303112674594
0.3 Hz batch,sham 0.83,0.75,20,165,,,,
0.3 Hz batch,sham 0.83,0.75,25,108,,,,
0.3 Hz batch,sham 0.83,0.75,30,73,,,,
0.3 Hz batch,sham 0.83,0.75,40,36,,,,
0.3 Hz batch,sham 0.83,0.75,50,15,,,,
0.3 Hz batch,sham 0.83,0.75,60,9,,,,
0.3 Hz batch,sham 0.83,0.75,80,3,,,,
0.3 Hz batch,sham 0.83,0.75,100,3,,,,
0.3 Hz batch,sham 0.83,0.8,0,379,0.05936675461741425,2.311494736218814,0.0073611273541910665,0.009544724506896696
0.3 Hz batch,sham 0.83,0.8,5,379,0.05936675461741425,2.311494736218814,0.0073611273541910665,0.009544724506896696
0.3 Hz batch,sham 0.83,0.8,10,276,0.02898550724637683,0.9630868246861543,0.009250763147050688,0.03331077819919015
0.3 Hz batch,sham 0.83,0.8,15,219,0.03424657534246578,1.0136060675992298,0.04871165438707592,0.0660160508473625
0.3 Hz batch,sham 0.83,0.8,20,161,,,,
0.3 Hz batch,sham 0.83,0.8,25,104,,,,
0.3 Hz batch,sham 0.83,0.8,30,70,,,,
0.3 Hz batch,sham 0.83,0.8,40,35,,,,
0.3 Hz batch,sham 0.83,0.8,50,14,,,,
0.3 Hz batch,sham 0.83,0.8,60,9,,,,
0.3 Hz batch,sham 0.83,0.8,80,3,,,,
0.3 Hz batch,sham 0.83,0.8,100,3,,,,
0.3 Hz batch,sham 0.83,0.85,0,313,0.06230031948881787,2.204410333882463,0.028389573894444076,0.025278386248008267
0.3 Hz batch,sham 0.83,0.85,5,313,0.06230031948881787,2.204410333882463,0.028389573894444076,0.025278386248008267
0.3 Hz batch,sham 0.83,0.85,10,238,0.037815126050420145,1.1667667023938952,0.03022382523740319,0.051322054463940225
0.3 Hz batch,sham 0.83,0.85,15,204,0.03431372549019607,0.9801960588196066,0.07490576351723965,0.0998570206195859
0.3 Hz batch,sham 0.83,0.85,20,154,,,,
0.3 Hz batch,sham 0.83,0.85,25,98,,,,
0.3 Hz batch,sham 0.83,0.85,30,64,,,,
0.3 Hz batch,sham 0.83,0.85,40,31,,,,
0.3 Hz batch,sham 0.83,0.85,50,13,,,,
0.3 Hz batch,sham 0.83,0.85,60,9,,,,
0.3 Hz batch,sham 0.83,0.85,80,3,,,,
0.3 Hz batch,sham 0.83,0.85,100,3,,,,
0.3 Hz batch,sham 0.83,0.9,0,238,0.05882352941176472,1.8149704259460606,0.10181779951837211,0.060759264229280574
0.3 Hz batch,sham 0.83,0.9,5,238,0.05882352941176472,1.8149704259460606,0.10181779951837211,0.060759264229280574
0.3 Hz batch,sham 0.83,0.9,10,195,,,,
0.3 Hz batch,sham 0.83,0.9,15,174,,,,
0.3 Hz batch,sham 0.83,0.9,20,136,,,,
0.3 Hz batch,sham 0.83,0.9,25,88,,,,
0.3 Hz batch,sham 0.83,0.9,30,57,,,,
0.3 Hz batch,sham 0.83,0.9,40,27,,,,
0.3 Hz batch,sham 0.83,0.9,50,11,,,,
0.3 Hz batch,sham 0.83,0.9,60,7,,,,
0.3 Hz batch,sham 0.83,0.9,80,2,,,,
0.3 Hz batch,sham 0.83,0.9,100,2,,,,
0.3 Hz batch,sham 0.83,0.95,0,145,,,,
0.3 Hz batch,sham 0.83,0.95,5,145,,,,
0.3 Hz batch,sham 0.83,0.95,10,134,,,,
0.3 Hz batch,sham 0.83,0.95,15,126,,,,
0.3 Hz batch,sham 0.83,0.95,20,104,,,,
0.3 Hz batch,sham 0.83,0.95,25,66,,,,
0.3 Hz batch,sham 0.83,0.95,30,42,,,,
0.3 Hz batch,sham 0.83,0.95,40,18,,,,
0.3 Hz batch,sham 0.83,0.95,50,6,,,,
0.3 Hz batch,sham 0.83,0.95,60,3,,,,
0.3 Hz batch,sham 0.83,0.95,80,2,,,,
0.3 Hz batch,sham 0.83,0.95,100,2,,,,
2022 Q1 (0.4 Hz),magnetic,0.0,0,7156,0.01830631637786473,3.0971777123699433,0.00015658673812066144,2.4046714351411147e-05
2022 Q1 (0.4 Hz),magnetic,0.0,5,7096,0.017051860202931257,2.8728209721837423,0.00041267506180378826,4.781558248467821e-05
2022 Q1 (0.4 Hz),magnetic,0.0,10,6804,0.014991181657848296,2.473136089341242,0.0011940245562928856,0.00017545208737346218
2022 Q1 (0.4 Hz),magnetic,0.0,15,6273,0.015542802486848362,2.4620505620053477,0.0010087374283204696,0.00024049480288812486
2022 Q1 (0.4 Hz),magnetic,0.0,20,5897,0.017381719518399175,2.6695514609281568,0.00037299140432670177,9.109349483060747e-05
2022 Q1 (0.4 Hz),magnetic,0.0,25,5620,0.018861209964412762,2.8279238011146957,0.00027703535369338536,7.971393308614516e-05
2022 Q1 (0.4 Hz),magnetic,0.0,30,5307,0.017806670435274174,2.5944019396642535,0.0005904008572870284,0.00023253574892290185
2022 Q1 (0.4 Hz),magnetic,0.0,40,4496,0.012010676156583577,1.6106849629341058,0.00916929587002818,0.0042482536700299
2022 Q1 (0.4 Hz),magnetic,0.0,50,3608,0.012749445676274895,1.531632463887656,0.037461767156100834,0.03546350112508334
2022 Q1 (0.4 Hz),magnetic,0.0,60,2749,0.013277555474718095,1.3923085503252661,0.049654934899078906,0.06236555236744412
2022 Q1 (0.4 Hz),magnetic,0.0,80,1458,0.006172839506172867,0.4714045207910338,0.20670220284385588,0.3878736723595644
2022 Q1 (0.4 Hz),magnetic,0.0,100,689,0.031204644412191618,1.6381695331828394,0.044819704546339545,0.0345670648068952
2022 Q1 (0.4 Hz),magnetic,0.05,0,5736,0.01673640167364021,2.5351091184952685,0.002386892126397503,0.000877580946664902
2022 Q1 (0.4 Hz),magnetic,0.05,5,5720,0.016433566433566416,2.4857636611353393,0.002558562657771972,0.0008668085940291004
2022 Q1 (0.4 Hz),magnetic,0.05,10,5526,0.014296055012667397,2.1254536889809903,0.00701537060432831,0.0022844595826664316
2022 Q1 (0.4 Hz),magnetic,0.05,15,5301,0.015751744953782287,2.2937050408810804,0.003879467249732482,0.0011512390586811971
2022 Q1 (0.4 Hz),magnetic,0.05,20,5070,0.017751479289940808,2.5279502654084562,0.001678050418860095,0.0005931635791539547
2022 Q1 (0.4 Hz),magnetic,0.05,25,4877,0.019376665983186436,2.7063591302050973,0.0011968629709325522,0.00046334225211053237
2022 Q1 (0.4 Hz),magnetic,0.05,30,4657,0.0192183809319304,2.6230097928965255,0.0011285580810797469,0.0006578030555187686
2022 Q1 (0.4 Hz),magnetic,0.05,40,3992,0.01427855711422843,1.804303472823814,0.011366745172498678,0.007640438146695128
2022 Q1 (0.4 Hz),magnetic,0.05,50,3237,0.014674080939141132,1.669753089063412,0.04200021081158234,0.06390695652400813
2022 Q1 (0.4 Hz),magnetic,0.05,60,2465,0.01359026369168359,1.3494796533055264,0.10581333403060966,0.10146750596119003
2022 Q1 (0.4 Hz),magnetic,0.05,80,1270,0.007874015748031482,0.5612135332663127,0.5309305881082695,0.5822618640828463
2022 Q1 (0.4 Hz),magnetic,0.05,100,552,0.036231884057971064,1.7025130615174995,0.15729036664944318,0.08357649934506328
2022 Q1 (0.4 Hz),magnetic,0.1,0,5220,0.020881226053639845,3.0173191013525518,0.0007452603773585905,0.0002599401674427959
2022 Q1 (0.4 Hz),magnetic,0.1,5,5206,0.020745293891663463,2.993654449197271,0.0007134741640142173,0.0002488028416228749
2022 Q1 (0.4 Hz),magnetic,0.1,10,5048,0.01842313787638672,2.617901314033031,0.0025377950778475945,0.000898659974945204
2022 Q1 (0.4 Hz),magnetic,0.1,15,4947,0.018900343642611728,2.6587080551156426,0.001841573135653029,0.000752768977292595
2022 Q1 (0.4 Hz),magnetic,0.1,20,4761,0.020478890989288012,2.8260869565217455,0.001198986176603962,0.0005356421446068849
2022 Q1 (0.4 Hz),magnetic,0.1,25,4591,0.021672838161620578,2.9369694564848636,0.0009858329792039038,0.000483766334256841
2022 Q1 (0.4 Hz),magnetic,0.1,30,4416,0.021286231884057982,2.829067547515578,0.0009771611469329429,0.0006296346888476911
2022 Q1 (0.4 Hz),magnetic,0.1,40,3816,0.018081761006289332,2.2339574834217104,0.005204191392287416,0.0046977701959848295
2022 Q1 (0.4 Hz),magnetic,0.1,50,3111,0.017518482802957203,1.9542336736032007,0.02648069825514332,0.03949308280872055
2022 Q1 (0.4 Hz),magnetic,0.1,60,2370,0.016877637130801704,1.6432960600355235,0.06850874193745315,0.05573114636812104
2022 Q1 (0.4 Hz),magnetic,0.1,80,1215,0.01275720164609051,0.889351731351331,0.41426522657896114,0.40272824584883393
2022 Q1 (0.4 Hz),magnetic,0.1,100,517,0.04932301740812384,2.2429774353810688,0.0768118073443741,0.029065935247667096
2022 Q1 (0.4 Hz),magnetic,0.15,0,4881,0.02161442327391927,3.020146788087282,0.0007514199574519982,0.00019426100068842267
2022 Q1 (0.4 Hz),magnetic,0.15,5,4868,0.021364009860312283,2.9811789785066454,0.0007561995380787862,0.00019698828870295948
2022 Q1 (0.4 Hz),magnetic,0.15,10,4731,0.018706404565630996,2.5733377578999206,0.002948024422581542,0.0009115886366556358
2022 Q1 (0.4 Hz),magnetic,0.15,15,4662,0.019948519948519983,2.724123606015235,0.001458998579383492,0.0005283613812007149
2022 Q1 (0.4 Hz),magnetic,0.15,20,4503,0.02209638019098381,2.965528505344632,0.0007561609099614044,0.00029638082165328594
2022 Q1 (0.4 Hz),magnetic,0.15,25,4371,0.022992450240219675,3.0402244977251804,0.000562012655715456,0.000308759259378788
2022 Q1 (0.4 Hz),magnetic,0.15,30,4225,0.02189349112426031,2.8461538461538405,0.0007253065122542349,0.0004685597026674593
2022 Q1 (0.4 Hz),magnetic,0.15,40,3684,0.019001085776330084,2.3065784221162793,0.002476235683390705,0.0031560047047551887
2022 Q1 (0.4 Hz),magnetic,0.15,50,3017,0.01872721246271125,2.057267609372376,0.013346321353659436,0.023008515128721263
2022 Q1 (0.4 Hz),magnetic,0.15,60,2302,0.019113814074717683,1.8341295693462663,0.0346291432604755,0.03273171268749797
2022 Q1 (0.4 Hz),magnetic,0.15,80,1175,0.013191489361702113,0.9043629472869452,0.506557505397129,0.38404139728839415
2022 Q1 (0.4 Hz),magnetic,0.15,100,489,0.050102249488752526,2.215856595066058,0.07131788148585816,0.021516042394716717
2022 Q1 (0.4 Hz),magnetic,0.2,0,4557,0.018981786262892264,2.562752045548052,0.005298012025429203,0.0019448300949841402
2022 Q1 (0.4 Hz),magnetic,0.2,5,4544,0.018705985915492995,2.5219110236619433,0.005338558901636057,0.001972170097210957
2022 Q1 (0.4 Hz),magnetic,0.2,10,4456,0.01795332136445238,2.3968860708479127,0.0071617588028609945,0.003012048440612536
2022 Q1 (0.4 Hz),magnetic,0.2,15,4416,0.01902173913043481,2.528102914801157,0.0037518773957143114,0.0018642334617423595
2022 Q1 (0.4 Hz),magnetic,0.2,20,4288,0.020988805970149294,2.7488124980168727,0.0018352848988507251,0.001011416195316528
2022 Q1 (0.4 Hz),magnetic,0.2,25,4171,0.021457684008631017,2.771615210502696,0.0015377978508979877,0.0011838999777165071
2022 Q1 (0.4 Hz),magnetic,0.2,30,4055,0.021331689272503063,2.7167562438109996,0.0013476554822235292,0.0013063486889687281
2022 Q1 (0.4 Hz),magnetic,0.2,40,3579,0.018021793797150076,2.1562984022775535,0.004991543919426792,0.007723828808940847
2022 Q1 (0.4 Hz),magnetic,0.2,50,2949,0.018141742963716512,1.9703636705530614,0.02034352432276336,0.03714151113379072
2022 Q1 (0.4 Hz),magnetic,0.2,60,2256,0.018617021276595702,1.768519034239686,0.048967348326649174,0.04678756977823173
2022 Q1 (0.4 Hz),magnetic,0.2,80,1147,0.01525719267654757,1.0334425418756157,0.5356380176545797,0.36714582482184654
2022 Q1 (0.4 Hz),magnetic,0.2,100,469,0.054371002132196145,2.354961192352011,0.04484850528361606,0.01606608226177031
2022 Q1 (0.4 Hz),magnetic,0.25,0,4289,0.01527162508743296,2.0002914219951635,0.0248543189756546,0.01070387223863134
2022 Q1 (0.4 Hz),magnetic,0.25,5,4276,0.014967259120673537,1.9574520006611729,0.025065592411136706,0.010828088739756714
2022 Q1 (0.4 Hz),magnetic,0.25,10,4204,0.013796384395813543,1.7890671255793476,0.036739677060817266,0.018127922143396646
2022 Q1 (0.4 Hz),magnetic,0.25,15,4177,0.01448407948288244,1.8722038443656577,0.022888375839011866,0.013266842764902975
2022 Q1 (0.4 Hz),magnetic,0.25,20,4069,0.01683460309658391,2.147715355549703,0.009357191430842408,0.0065119184949281594
2022 Q1 (0.4 Hz),magnetic,0.25,25,3974,0.017614494212380483,2.2208238064886054,0.008154747227608665,0.006525804812874014
2022 Q1 (0.4 Hz),magnetic,0.25,30,3878,0.017792676637441995,2.2160276965629278,0.006718852606777578,0.006406060842263694
2022 Q1 (0.4 Hz),magnetic,0.25,40,3450,0.015072463768115996,1.7706135839782033,0.013711785297213891,0.02439128609773522
2022 Q1 (0.4 Hz),magnetic,0.25,50,2859,0.01626442812172091,1.7393055023888397,0.03244671039959879,0.0626744114077552
2022 Q1 (0.4 Hz),magnetic,0.25,60,2203,0.016568315932818933,1.555305155328552,0.0669576377649268,0.07376510998778585
2022 Q1 (0.4 Hz),magnetic,0.25,80,1114,0.009874326750448859,0.6591436694831794,0.6613947866909915,0.5928149158214713
2022 Q1 (0.4 Hz),magnetic,0.25,100,447,0.045861297539149914,1.9392334563456497,0.09773926285103784,0.03981666291648378
2022 Q1 (0.4 Hz),magnetic,0.3,0,4024,0.015407554671968193,1.9547566494702386,0.0162431742859364,0.009031164900545341
2022 Q1 (0.4 Hz),magnetic,0.3,5,4011,0.015083520319122412,1.9105527779225633,0.01637334687567946,0.00915507379058711
2022 Q1 (0.4 Hz),magnetic,0.3,10,3951,0.013287775246772937,1.6704588596617127,0.030943626886956066,0.017002402740734057
2022 Q1 (0.4 Hz),magnetic,0.3,15,3931,0.014118544899516694,1.7704002281102185,0.021048241044302696,0.01346263480760912
2022 Q1 (0.4 Hz),magnetic,0.3,20,3844,0.015868886576482777,1.9677419354838643,0.010824796607464961,0.007750309090940433
2022 Q1 (0.4 Hz),magnetic,0.3,25,3766,0.016463090812533165,2.020605483885516,0.009155350874748124,0.007733419967589694
2022 Q1 (0.4 Hz),magnetic,0.3,30,3681,0.017522412387938058,2.1262131586668396,0.005377655692495718,0.005340438294929473
2022 Q1 (0.4 Hz),magnetic,0.3,40,3315,0.01463046757164399,1.6847286751577906,0.014260682418269563,0.028450386582489884
2022 Q1 (0.4 Hz),magnetic,0.3,50,2767,0.014636790748102646,1.5398571690882987,0.05073033237700375,0.09446155770573816
2022 Q1 (0.4 Hz),magnetic,0.3,60,2153,0.016488620529493736,1.5301581993990396,0.08488899553408014,0.09051783306509176
2022 Q1 (0.4 Hz),magnetic,0.3,80,1097,0.011394712853236122,0.754808348298962,0.7097848879684256,0.5569513228663142
2022 Q1 (0.4 Hz),magnetic,0.3,100,438,0.05022831050228316,2.102401323296987,0.0760728046095106,0.0300050717313336
2022 Q1 (0.4 Hz),magnetic,0.35,0,3748,0.016008537886872953,1.9601145611543977,0.027353410343582296,0.016685978933176915
2022 Q1 (0.4 Hz),magnetic,0.35,5,3735,0.015662650602409678,1.914434705327887,0.0275769229760221,0.01694453201888413
2022 Q1 (0.4 Hz),magnetic,0.35,10,3688,0.014642082429501047,1.7783952892347128,0.03879254760773021,0.024094217463297207
2022 Q1 (0.4 Hz),magnetic,0.35,15,3670,0.015531335149863712,1.881792872281356,0.02607174929817524,0.018977515894058605
2022 Q1 (0.4 Hz),magnetic,0.35,20,3598,0.017509727626459193,2.1005835765014753,0.01173993189314085,0.010755524850701415
2022 Q1 (0.4 Hz),magnetic,0.35,25,3545,0.01791255289139637,2.1330233084555568,0.010317807563443582,0.009791264562383772
2022 Q1 (0.4 Hz),magnetic,0.35,30,3479,0.018252371371083598,2.153161008437414,0.008127377698992787,0.008377396695232853
2022 Q1 (0.4 Hz),magnetic,0.35,40,3168,0.016098484848484862,1.81220608902269,0.015664904613882976,0.027283633288793574
2022 Q1 (0.4 Hz),magnetic,0.35,50,2678,0.014936519790888725,1.545911758976623,0.06504740718345192,0.08519386537520357
2022 Q1 (0.4 Hz),magnetic,0.35,60,2104,0.01520912547528519,1.3952663046302334,0.12470681599140654,0.11192820602824594
2022 Q1 (0.4 Hz),magnetic,0.35,80,1077,0.0116063138347261,0.7617845441700072,0.6894240271172059,0.5095447892575122
2022 Q1 (0.4 Hz),magnetic,0.35,100,428,0.053738317757009324,2.2234939248050254,0.03735986313891915,0.016720518721426658
2022 Q1 (0.4 Hz),magnetic,0.4,0,3492,0.012600229095074411,1.4891743755293025,0.06346636300886044,0.05466570381985403
2022 Q1 (0.4 Hz),magnetic,0.4,5,3492,0.012600229095074411,1.4891743755293025,0.06346636300886044,0.05466570381985403
2022 Q1 (0.4 Hz),magnetic,0.4,10,3453,0.011728931364031303,1.378436389890036,0.08571657645779895,0.06936247290813935
2022 Q1 (0.4 Hz),magnetic,0.4,15,3436,0.012514551804423735,1.4671410669601201,0.06223696858755601,0.05865778894210305
2022 Q1 (0.4 Hz),magnetic,0.4,20,3385,0.014623338257016227,1.7015936573956805,0.029117364033649284,0.034405987003344185
2022 Q1 (0.4 Hz),magnetic,0.4,25,3351,0.015368546702476893,1.7793034088401685,0.01857935057446852,0.02778152416196744
2022 Q1 (0.4 Hz),magnetic,0.4,30,3297,0.015923566878980888,1.8286467796121768,0.015931497061265808,0.022046095684468803
2022 Q1 (0.4 Hz),magnetic,0.4,40,3022,0.013898080741231,1.5280306163578048,0.037930587813609584,0.06298582776383144
2022 Q1 (0.4 Hz),magnetic,0.4,50,2584,0.010835913312693513,1.1016452655104887,0.2027042833000431,0.20676219845438093
2022 Q1 (0.4 Hz),magnetic,0.4,60,2057,0.013368983957219305,1.2126781251816696,0.17122863536873456,0.18160657259347446
2022 Q1 (0.4 Hz),magnetic,0.4,80,1051,0.013796384395813543,0.8945335627896738,0.624333174394074,0.41240064222373496
2022 Q1 (0.4 Hz),magnetic,0.4,100,409,0.059902200488997526,2.422894064527328,0.02925015980412693,0.0131300075046632
2022 Q1 (0.4 Hz),magnetic,0.45,0,3270,0.014678899082568808,1.6787938002784057,0.03456934211555107,0.04024398851513655
2022 Q1 (0.4 Hz),magnetic,0.45,5,3270,0.014678899082568808,1.6787938002784057,0.03456934211555107,0.04024398851513655
2022 Q1 (0.4 Hz),magnetic,0.45,10,3234,0.013605442176870763,1.5474358865973272,0.04919554028017903,0.05608970095831867
2022 Q1 (0.4 Hz),magnetic,0.45,15,3221,0.014746972989754692,1.673895118594168,0.030241747470244773,0.040136340541803595
2022 Q1 (0.4 Hz),magnetic,0.45,20,3189,0.015835685167764235,1.7885212897498273,0.01672157225703378,0.028978128836766315
2022 Q1 (0.4 Hz),magnetic,0.45,25,3169,0.016251183338592656,1.8296840622768993,0.015997645007949292,0.02809148974022735
2022 Q1 (0.4 Hz),magnetic,0.45,30,3135,0.016108452950558183,1.8038590565819566,0.0212547231557762,0.028169808306306443
2022 Q1 (0.4 Hz),magnetic,0.45,40,2898,0.013802622498274686,1.4860752335342757,0.049244775264456475,0.07866189413088576
2022 Q1 (0.4 Hz),magnetic,0.45,50,2507,0.012165935380933357,1.2182955784512501,0.17135668894532652,0.20640347548463778
2022 Q1 (0.4 Hz),magnetic,0.45,60,2010,0.01243781094527363,1.1152493418636762,0.2036993617064483,0.22987588339933995
2022 Q1 (0.4 Hz),magnetic,0.45,80,1027,0.011197663096397248,0.7176994513264394,0.6211271491044645,0.5650449637564481
2022 Q1 (0.4 Hz),magnetic,0.45,100,397,0.05667506297229219,2.2584852595282303,0.0646492669077231,0.03243531976501446
2022 Q1 (0.4 Hz),magnetic,0.5,0,3064,0.012402088772845987,1.3729958097068597,0.08485164057188721,0.06840561356511476
2022 Q1 (0.4 Hz),magnetic,0.5,5,3064,0.012402088772845987,1.3729958097068597,0.08485164057188721,0.06840561356511476
2022 Q1 (0.4 Hz),magnetic,0.5,10,3033,0.012034289482360738,1.3255211293769231,0.10187645930238842,0.0842496953060432
2022 Q1 (0.4 Hz),magnetic,0.5,15,3022,0.013236267372600974,1.4552672536741023,0.06457853008311099,0.05976987053289118
2022 Q1 (0.4 Hz),magnetic,0.5,20,2999,0.013837945981993949,1.5156183665458096,0.04639750490870409,0.05070578917224555
2022 Q1 (0.4 Hz),magnetic,0.5,25,2991,0.014543630892678072,1.5907833841620271,0.039392980588351834,0.0473499506591909
2022 Q1 (0.4 Hz),magnetic,0.5,30,2960,0.014527027027027017,1.5807114375016857,0.04821846307601341,0.04513884180527328
2022 Q1 (0.4 Hz),magnetic,0.5,40,2758,0.013415518491660672,1.4090765546150381,0.06784679746732902,0.08649562404766797
2022 Q1 (0.4 Hz),magnetic,0.5,50,2415,0.013871635610766098,1.3633778536571086,0.13038320408712922,0.1399244851872351
2022 Q1 (0.4 Hz),magnetic,0.5,60,1959,0.01250638080653399,1.107079635365196,0.20374963152963532,0.20086461380164822
2022 Q1 (0.4 Hz),magnetic,0.5,80,1011,0.01236399604352123,0.7862568296530464,0.566421298070062,0.46548582195446475
2022 Q1 (0.4 Hz),magnetic,0.5,100,390,0.06153846153846154,2.4305744810008,0.040221050425116034,0.01871376305430461
2022 Q1 (0.4 Hz),magnetic,0.55,0,2867,0.012382281130101203,1.3260029866008516,0.09497414906477986,0.08930276104883994
2022 Q1 (0.4 Hz),magnetic,0.55,5,2867,0.012382281130101203,1.3260029866008516,0.09497414906477986,0.08930276104883994
2022 Q1 (0.4 Hz),magnetic,0.55,10,2847,0.012118018967333999,1.293169214562459,0.11381099943232165,0.1021851310158014
2022 Q1 (0.4 Hz),magnetic,0.55,15,2843,0.012486809708054825,1.3315881414851134,0.09659385412738564,0.09154109387950138
2022 Q1 (0.4 Hz),magnetic,0.55,20,2829,0.013609049133969653,1.447685589702175,0.07770515432520819,0.07094976398426733
2022 Q1 (0.4 Hz),magnetic,0.55,25,2822,0.014528703047484104,1.543602053570609,0.06296243521400247,0.06336034190859885
2022 Q1 (0.4 Hz),magnetic,0.55,30,2800,0.014285714285714235,1.5118578920369037,0.07707859780724335,0.0608503800541097
2022 Q1 (0.4 Hz),magnetic,0.55,40,2626,0.014851485148514865,1.5221142148893823,0.07803556269523082,0.07034005669404253
2022 Q1 (0.4 Hz),magnetic,0.55,50,2321,0.014433433864713519,1.3907120974060792,0.17116995571359905,0.15098155496819787
2022 Q1 (0.4 Hz),magnetic,0.55,60,1903,0.011297950604308937,0.9857097706579582,0.26967838951298073,0.2417927425878973
2022 Q1 (0.4 Hz),magnetic,0.55,80,992,0.009072580645161255,0.571500571500855,0.5436467638069494,0.6353198485789601
2022 Q1 (0.4 Hz),magnetic,0.55,100,382,0.05235602094240843,2.046578040386606,0.08121455932567778,0.05352518698199804
2022 Q1 (0.4 Hz),magnetic,0.6,0,2664,0.009759759759759734,1.0074795357797646,0.21938743117656823,0.20194039779833295
2022 Q1 (0.4 Hz),magnetic,0.6,5,2664,0.009759759759759734,1.0074795357797646,0.21938743117656823,0.20194039779833295
2022 Q1 (0.4 Hz),magnetic,0.6,10,2663,0.009575666541494554,0.9882904366796456,0.22935736577042376,0.20340956731204451
2022 Q1 (0.4 Hz),magnetic,0.6,15,2662,0.009767092411720468,1.0078579318628813,0.22119693939224194,0.19662642900416305
2022 Q1 (0.4 Hz),magnetic,0.6,20,2651,0.010750660128253542,1.1070570241053121,0.18836839949845252,0.16294063824303529
2022 Q1 (0.4 Hz),magnetic,0.6,25,2646,0.011715797430083108,1.2053044766075918,0.15523128738151626,0.1432021528120414
2022 Q1 (0.4 Hz),magnetic,0.6,30,2633,0.011963539688568225,1.2277646357342287,0.15726210543298114,0.12504928097255252
2022 Q1 (0.4 Hz),magnetic,0.6,40,2482,0.013295729250604404,1.3247778157411108,0.1261176942396408,0.11064477306756293
2022 Q1 (0.4 Hz),magnetic,0.6,50,2214,0.013098464317976566,1.232648311922459,0.22242054807017775,0.20472052732652857
2022 Q1 (0.4 Hz),magnetic,0.6,60,1828,0.008752735229759279,0.748448431559979,0.3659407601299458,0.41834618744544894
2022 Q1 (0.4 Hz),magnetic,0.6,80,967,0.006721820062047579,0.41805181689981596,0.6932186128887778,0.8185082950500426
2022 Q1 (0.4 Hz),magnetic,0.6,100,367,0.04768392370572205,1.8269851284015814,0.1307081379574101,0.11347769433753485
2022 Q1 (0.4 Hz),magnetic,0.65,0,2453,0.01243375458622098,1.2316322744711437,0.19524694638535278,0.21626354902668843
2022 Q1 (0.4 Hz),magnetic,0.65,5,2453,0.01243375458622098,1.2316322744711437,0.19524694638535278,0.21626354902668843
2022 Q1 (0.4 Hz),magnetic,0.65,10,2452,0.012234910277324595,1.2116885875830254,0.20468117918405915,0.2190343980330306
2022 Q1 (0.4 Hz),magnetic,0.65,15,2451,0.012443900448796397,1.2321346739513335,0.19681532998431273,0.21167547056644287
2022 Q1 (0.4 Hz),magnetic,0.65,20,2441,0.013723883654240043,1.3560974926855969,0.156981414363924,0.16875777305101314
2022 Q1 (0.4 Hz),magnetic,0.65,25,2439,0.014145141451414545,1.3971505002308133,0.14438962970396851,0.16200753941560164
2022 Q1 (0.4 Hz),magnetic,0.65,30,2430,0.014814814814814836,1.460593486680445,0.13032890095089877,0.1339197419918302
2022 Q1 (0.4 Hz),magnetic,0.65,40,2306,0.015177797051170838,1.457700787941035,0.13778708523443195,0.14507122026840336
2022 Q1 (0.4 Hz),magnetic,0.65,50,2081,0.012734262373858773,1.1618226248567531,0.32913228950858653,0.31250383852692354
2022 Q1 (0.4 Hz),magnetic,0.65,60,1740,0.006896551724137945,0.5753559617824622,0.5439466241590614,0.6943205960552583
2022 Q1 (0.4 Hz),magnetic,0.65,80,933,0.002679528403001119,0.1636926511179157,0.8720733426363683,0.9748000477066678
2022 Q1 (0.4 Hz),magnetic,0.65,100,346,0.043352601156069315,1.6128099917114094,0.20265560732989885,0.19243923343243807
2022 Q1 (0.4 Hz),magnetic,0.7,0,2228,0.009425493716337496,0.8897985570747726,0.35769559428015074,0.3980610497298396
2022 Q1 (0.4 Hz),magnetic,0.7,5,2228,0.009425493716337496,0.8897985570747726,0.35769559428015074,0.3980610497298396
2022 Q1 (0.4 Hz),magnetic,0.7,10,2227,0.009205208801077669,0.8688078738641631,0.373106312675626,0.40289052577562723
2022 Q1 (0.4 Hz),magnetic,0.7,15,2226,0.009433962264150941,0.8901981971385242,0.36051890830150946,0.3903237176249402
2022 Q1 (0.4 Hz),magnetic,0.7,20,2219,0.010139702568724651,0.955286988912347,0.32968328115015266,0.3523767875371935
2022 Q1 (0.4 Hz),magnetic,0.7,25,2217,0.010599909788001849,0.9981941294518707,0.306715359778585,0.3393706723028119
2022 Q1 (0.4 Hz),magnetic,0.7,30,2211,0.011080958842152877,1.0420815546448283,0.28966726446155944,0.29866998065771233
2022 Q1 (0.4 Hz),magnetic,0.7,40,2120,0.01226415094339628,1.1293678311839852,0.2615447391712491,0.2677915613874091
2022 Q1 (0.4 Hz),magnetic,0.7,50,1937,0.011099638616417162,0.9770204301916504,0.4044892255328165,0.42543235070271657
2022 Q1 (0.4 Hz),magnetic,0.7,60,1644,0.008515815085158196,0.6905690731337898,0.5039327509388284,0.626263278721273
2022 Q1 (0.4 Hz),magnetic,0.7,80,891,-0.0016835016835016758,-0.10050378152592074,0.9670670795559332,0.9935143602385085
2022 Q1 (0.4 Hz),magnetic,0.7,100,328,0.03963414634146345,1.4356098389730063,0.1960682474226504,0.23494956081950058
2022 Q1 (0.4 Hz),magnetic,0.75,0,1980,0.009595959595959602,0.8539864924534405,0.42379146959219927,0.33554194649204727
2022 Q1 (0.4 Hz),magnetic,0.75,5,1980,0.009595959595959602,0.8539864924534405,0.42379146959219927,0.33554194649204727
2022 Q1 (0.4 Hz),magnetic,0.75,10,1979,0.009348155634158695,0.8317232213469488,0.4419009818724746,0.33971032476993046
2022 Q1 (0.4 Hz),magnetic,0.75,15,1978,0.009605662285136485,0.8544181257852456,0.42712416492379957,0.3287200344167265
2022 Q1 (0.4 Hz),magnetic,0.75,20,1973,0.009883426254434835,0.8780132389923937,0.4191984942341045,0.3258755536324168
2022 Q1 (0.4 Hz),magnetic,0.75,25,1971,0.010400811770674756,0.923507750479295,0.3907629763365167,0.31365960148099103
2022 Q1 (0.4 Hz),magnetic,0.75,30,1967,0.010421962379257743,0.924446274858163,0.397114593133166,0.298375147849294
2022 Q1 (0.4 Hz),magnetic,0.75,40,1903,0.009721492380451946,0.8481688724266213,0.46191342434698346,0.3734944294657371
2022 Q1 (0.4 Hz),magnetic,0.75,50,1759,0.0076748152359295,0.6437701629775899,0.4105164433852333,0.5269177229614834
2022 Q1 (0.4 Hz),magnetic,0.75,60,1522,0.007227332457293012,0.5639172174361158,0.3780034865977806,0.46743470316825986
2022 Q1 (0.4 Hz),magnetic,0.75,80,846,0.0035460992907800915,0.20628424925175576,0.8982375523365151,0.9295764815328013
2022 Q1 (0.4 Hz),magnetic,0.75,100,314,0.04140127388535031,1.4672648847560605,0.1402567304473029,0.1847769647441987
2022 Q1 (0.4 Hz),magnetic,0.8,0,1685,0.0014836795252225476,0.12180638428352362,0.32977081924330276,0.48961591409399574
2022 Q1 (0.4 Hz),magnetic,0.8,5,1685,0.0014836795252225476,0.12180638428352362,0.32977081924330276,0.48961591409399574
2022 Q1 (0.4 Hz),magnetic,0.8,10,1685,0.0014836795252225476,0.12180638428352362,0.32977081924330276,0.48961591409399574
2022 Q1 (0.4 Hz),magnetic,0.8,15,1684,0.0017814726840854611,0.14621105364856973,0.3260611972183356,0.47787411633182153
2022 Q1 (0.4 Hz),magnetic,0.8,20,1683,0.0014854426619133054,0.1218787373545263,0.3223777317135692,0.49314501417879164
2022 Q1 (0.4 Hz),magnetic,0.8,25,1682,0.00178359096313907,0.1462979547282471,0.31872049524245094,0.4867025068486366
2022 Q1 (0.4 Hz),magnetic,0.8,30,1679,0.0014889815366289083,0.12202383114084193,0.3079067966284391,0.47669884133655194
2022 Q1 (0.4 Hz),magnetic,0.8,40,1639,0.0009151921903599591,0.07410231536301451,0.3083204418813029,0.5119912404638409
2022 Q1 (0.4 Hz),magnetic,0.8,50,1546,0.0006468305304010435,0.050865726394146854,0.2629873187545758,0.51704403983914
2022 Q1 (0.4 Hz),magnetic,0.8,60,1361,0.0025716385011020915,0.18974440443772966,0.300812937656884,0.41350561514640904
2022 Q1 (0.4 Hz),magnetic,0.8,80,762,-0.0013123359580052285,-0.07245235560022069,0.8505717094834958,0.9381724066320141
2022 Q1 (0.4 Hz),magnetic,0.8,100,269,0.04275092936802971,1.4023347499542915,0.09231003968316609,0.10870508957110359
2022 Q1 (0.4 Hz),magnetic,0.85,0,1345,0.0026022304832713505,0.1908696591022223,0.8764478559683708,0.7806884956290594
2022 Q1 (0.4 Hz),magnetic,0.85,5,1345,0.0026022304832713505,0.1908696591022223,0.8764478559683708,0.7806884956290594
2022 Q1 (0.4 Hz),magnetic,0.85,10,1345,0.0026022304832713505,0.1908696591022223,0.8764478559683708,0.7806884956290594
2022 Q1 (0.4 Hz),magnetic,0.85,15,1345,0.0026022304832713505,0.1908696591022223,0.8764478559683708,0.7806884956290594
2022 Q1 (0.4 Hz),magnetic,0.85,20,1345,0.0026022304832713505,0.1908696591022223,0.8764478559683708,0.7806884956290594
2022 Q1 (0.4 Hz),magnetic,0.85,25,1345,0.0026022304832713505,0.1908696591022223,0.8764478559683708,0.7806884956290594
2022 Q1 (0.4 Hz),magnetic,0.85,30,1344,0.0022321428571429047,0.1636634176769978,0.8723112255832709,0.7758076662104877
2022 Q1 (0.4 Hz),magnetic,0.85,40,1323,0.003401360544217691,0.247435829652697,0.772707543364441,0.6741090124690065
2022 Q1 (0.4 Hz),magnetic,0.85,50,1275,0.003529411764705892,0.25205041512504245,0.6967781014061918,0.6493050660048028
2022 Q1 (0.4 Hz),magnetic,0.85,60,1149,0.007397737162750273,0.5015207508503623,0.7406060227863819,0.4700817184749745
2022 Q1 (0.4 Hz),magnetic,0.85,80,658,0.006079027355623046,0.31187247023417736,0.8814852396362989,0.885296660518681
2022 Q1 (0.4 Hz),magnetic,0.85,100,227,0.0506607929515418,1.526563616679934,0.25245189484463293,0.15677724213112876
2022 Q1 (0.4 Hz),magnetic,0.9,0,977,0.009723643807574178,0.607863853743433,0.7918110372413619,0.6574204406364037
2022 Q1 (0.4 Hz),magnetic,0.9,5,977,0.009723643807574178,0.607863853743433,0.7918110372413619,0.6574204406364037
2022 Q1 (0.4 Hz),magnetic,0.9,10,977,0.009723643807574178,0.607863853743433,0.7918110372413619,0.6574204406364037
2022 Q1 (0.4 Hz),magnetic,0.9,15,977,0.009723643807574178,0.607863853743433,0.7918110372413619,0.6574204406364037
2022 Q1 (0.4 Hz),magnetic,0.9,20,977,0.009723643807574178,0.607863853743433,0.7918110372413619,0.6574204406364037
2022 Q1 (0.4 Hz),magnetic,0.9,25,977,0.009723643807574178,0.607863853743433,0.7918110372413619,0.6574204406364037
2022 Q1 (0.4 Hz),magnetic,0.9,30,977,0.009723643807574178,0.607863853743433,0.7918110372413619,0.6574204406364037
2022 Q1 (0.4 Hz),magnetic,0.9,40,967,0.009824198552223384,0.6109988093151156,0.7647098531555054,0.6073450979982574
2022 Q1 (0.4 Hz),magnetic,0.9,50,939,0.009052183173588912,0.5547740331901112,0.8740623502320595,0.6891157040783962
2022 Q1 (0.4 Hz),magnetic,0.9,60,879,0.015358361774744034,0.9106873974290949,0.7120813242680101,0.47787141300868174
2022 Q1 (0.4 Hz),magnetic,0.9,80,522,0.009578544061302652,0.43768810953240717,0.9442583473004578,0.795128689064272
2022 Q1 (0.4 Hz),magnetic,0.9,100,169,,,,
2022 Q1 (0.4 Hz),magnetic,0.95,0,505,0.004950495049504955,0.2224970797449926,0.8302986800746954,0.836044597231873
2022 Q1 (0.4 Hz),magnetic,0.95,5,505,0.004950495049504955,0.2224970797449926,0.8302986800746954,0.836044597231873
2022 Q1 (0.4 Hz),magnetic,0.95,10,505,0.004950495049504955,0.2224970797449926,0.8302986800746954,0.836044597231873
2022 Q1 (0.4 Hz),magnetic,0.95,15,505,0.004950495049504955,0.2224970797449926,0.8302986800746954,0.836044597231873
2022 Q1 (0.4 Hz),magnetic,0.95,20,505,0.004950495049504955,0.2224970797449926,0.8302986800746954,0.836044597231873
2022 Q1 (0.4 Hz),magnetic,0.95,25,505,0.004950495049504955,0.2224970797449926,0.8302986800746954,0.836044597231873
2022 Q1 (0.4 Hz),magnetic,0.95,30,505,0.004950495049504955,0.2224970797449926,0.8302986800746954,0.836044597231873
2022 Q1 (0.4 Hz),magnetic,0.95,40,500,0.006000000000000005,0.268328157299975,0.7991361272164262,0.7632891098276677
2022 Q1 (0.4 Hz),magnetic,0.95,50,485,0.003092783505154628,0.13622298275594946,0.7700154858630299,0.7878080654473313
2022 Q1 (0.4 Hz),magnetic,0.95,60,468,0.0064102564102563875,0.2773500981126136,0.7982782873666134,0.7224137165516606
2022 Q1 (0.4 Hz),magnetic,0.95,80,298,0.02684563758389258,0.9268551141815862,0.4968082274785055,0.5559863929548987
2022 Q1 (0.4 Hz),magnetic,0.95,100,88,,,,
2022 Q1 (0.4 Hz),sham 0.71,0.0,0,7156,-0.005030743432084983,-0.8511328064528122,0.5195708801059151,0.375068431495462
2022 Q1 (0.4 Hz),sham 0.71,0.0,5,7096,-0.005496054114994375,-0.9259505612823637,0.5854626050636265,0.35725243463075096
2022 Q1 (0.4 Hz),sham 0.71,0.0,10,6804,-0.0054379776601998775,-0.8971179931924124,0.5465686570893288,0.35132298836395937
2022 Q1 (0.4 Hz),sham 0.71,0.0,15,6273,-0.0061374143153196115,-0.9721943244841632,0.5662251996134631,0.33142356152700203
2022 Q1 (0.4 Hz),sham 0.71,0.0,20,5897,-0.00602001017466508,-0.9245763596385325,0.5039835237329657,0.3049011277337942
2022 Q1 (0.4 Hz),sham 0.71,0.0,25,5620,-0.0051601423487544484,-0.7736772663427018,0.6289463819178246,0.519249083737221
2022 Q1 (0.4 Hz),sham 0.71,0.0,30,5307,-0.0036743923120406974,-0.5353527812005595,0.7540999359860595,0.740548964608746
2022 Q1 (0.4 Hz),sham 0.71,0.0,40,4496,-0.004893238434163727,-0.6562049848990865,0.6709056049614874,0.49130729349720226
2022 Q1 (0.4 Hz),sham 0.71,0.0,50,3608,-0.004157427937915736,-0.49944536865901945,0.589291993819254,0.5924091250154453
2022 Q1 (0.4 Hz),sham 0.71,0.0,60,2749,-0.005638413968715894,-0.5912543158915504,0.388306973884904,0.5070215831205909
2022 Q1 (0.4 Hz),sham 0.71,0.0,80,1458,0.00137174211248281,0.10475656017578151,0.6572014620823475,0.6115090535566374
2022 Q1 (0.4 Hz),sham 0.71,0.0,100,689,0.010885341074020283,0.5714544883195926,0.357703909691807,0.4023854320036091
2022 Q1 (0.4 Hz),sham 0.71,0.05,0,5736,-0.007845188284518856,-1.1883323992946582,0.19119378337547188,0.1774343464339544
2022 Q1 (0.4 Hz),sham 0.71,0.05,5,5720,-0.008216783216783208,-1.2428818305676697,0.19048851662279265,0.149064631502292
2022 Q1 (0.4 Hz),sham 0.71,0.05,10,5526,-0.009771986970684043,-1.4528417620882716,0.16384529899574607,0.10807510226306116
2022 Q1 (0.4 Hz),sham 0.71,0.05,15,5301,-0.010658366345972448,-1.552027961793785,0.20952282640467623,0.10180834721517262
2022 Q1 (0.4 Hz),sham 0.71,0.05,20,5070,-0.010453648915187352,-1.4886818229627556,0.23411205981649208,0.11423940758704776
2022 Q1 (0.4 Hz),sham 0.71,0.05,25,4877,-0.01076481443510352,-1.5035328501139353,0.29945481316180356,0.14678493371030998
2022 Q1 (0.4 Hz),sham 0.71,0.05,30,4657,-0.01019969937728149,-1.3921001694143562,0.36535075439015097,0.19206555850526097
2022 Q1 (0.4 Hz),sham 0.71,0.05,40,3992,-0.011272545090180386,-1.4244501101240696,0.26289805437200964,0.1055650853696598
2022 Q1 (0.4 Hz),sham 0.71,0.05,50,3237,-0.010966944701884473,-1.2479207297210817,0.30996229064352787,0.15291236733559954
2022 Q1 (0.4 Hz),sham 0.71,0.05,60,2465,-0.011561866125760656,-1.1480647796778347,0.2630873692757427,0.19054802725262
2022 Q1 (0.4 Hz),sham 0.71,0.05,80,1270,-0.0047244094488189115,-0.33672811995978924,0.5735118623272439,0.6746206560017065
2022 Q1 (0.4 Hz),sham 0.71,0.05,100,552,0.0018115942028985588,0.08512565307587525,0.5460361565293415,0.6557996677319413
2022 Q1 (0.4 Hz),sham 0.71,0.1,0,5220,-0.011302681992337138,-1.633227770456882,0.12607579454955853,0.0807467846569585
2022 Q1 (0.4 Hz),sham 0.71,0.1,5,5206,-0.011717249327698798,-1.6908603833429017,0.12346783735589628,0.06594234125825393
2022 Q1 (0.4 Hz),sham 0.71,0.1,10,5048,-0.01287638668779717,-1.8297159721736238,0.09367919796859514,0.04432340119692846
2022 Q1 (0.4 Hz),sham 0.71,0.1,15,4947,-0.014048918536486765,-1.9762589286688428,0.11570332085267143,0.04260764864454891
2022 Q1 (0.4 Hz),sham 0.71,0.1,20,4761,-0.013337534131484974,-1.8405797101449264,0.13476889185305418,0.055326501787519855
2022 Q1 (0.4 Hz),sham 0.71,0.1,25,4591,-0.013613591810063164,-1.8448300606060684,0.15777391694941378,0.062083151516658
2022 Q1 (0.4 Hz),sham 0.71,0.1,30,4416,-0.014039855072463747,-1.8659807228294198,0.2092208856273926,0.07217342932255144
2022 Q1 (0.4 Hz),sham 0.71,0.1,40,3816,-0.015199161425576535,-1.8778193338907125,0.10811736799880056,0.03474039071984858
2022 Q1 (0.4 Hz),sham 0.71,0.1,50,3111,-0.015589842494374784,-1.7390886820138602,0.16995899976544238,0.05893504975485131
2022 Q1 (0.4 Hz),sham 0.71,0.1,60,2370,-0.014767932489451463,-1.4378840525310805,0.2899254398112512,0.1196589876302454
2022 Q1 (0.4 Hz),sham 0.71,0.1,80,1215,-0.00781893004115225,-0.5450865450217837,0.7845182853629407,0.6166807004365134
2022 Q1 (0.4 Hz),sham 0.71,0.1,100,517,0.0029013539651837617,0.13193984914006315,0.6225114139875625,0.8004546197499749
2022 Q1 (0.4 Hz),sham 0.71,0.15,0,4881,-0.00932186027453391,-1.3025277616869333,0.17057650611205533,0.10231729887034158
2022 Q1 (0.4 Hz),sham 0.71,0.15,5,4868,-0.009860312243221037,-1.3759287593107572,0.16588795917695243,0.08325143463639073
2022 Q1 (0.4 Hz),sham 0.71,0.15,10,4731,-0.010674276051574727,-1.468401771457014,0.14022728585017474,0.06737140576606182
2022 Q1 (0.4 Hz),sham 0.71,0.15,15,4662,-0.011368511368511358,-1.552457538911904,0.16295589463747107,0.07054830150189195
2022 Q1 (0.4 Hz),sham 0.71,0.15,20,4503,-0.010104374861203635,-1.3560959496802063,0.17474117859869742,0.10764431713309763
2022 Q1 (0.4 Hz),sham 0.71,0.15,25,4371,-0.010867078471745617,-1.4369220262880207,0.1726261695003498,0.10777258492469377
2022 Q1 (0.4 Hz),sham 0.71,0.15,30,4225,-0.011952662721893492,-1.553846153846154,0.19069704245421426,0.10995815841668888
2022 Q1 (0.4 Hz),sham 0.71,0.15,40,3684,-0.013843648208469062,-1.6805071361132893,0.16498063739353097,0.047050758308053275
2022 Q1 (0.4 Hz),sham 0.71,0.15,50,3017,-0.013423931057341743,-1.4746785518510008,0.2663411688424515,0.0988274316360721
2022 Q1 (0.4 Hz),sham 0.71,0.15,60,2302,-0.013900955690703709,-1.333912414070006,0.26755320057671905,0.12304702335370654
2022 Q1 (0.4 Hz),sham 0.71,0.15,80,1175,-0.007234042553191489,-0.4959409710928414,0.6275616218358597,0.5814089664182884
2022 Q1 (0.4 Hz),sham 0.71,0.15,100,489,0.0010224948875255935,0.04522156316461483,0.7844345192788656,0.8240059422431811
2022 Q1 (0.4 Hz),sham 0.71,0.2,0,4557,-0.010423524248409033,-1.4072915857055759,0.23261055274332787,0.13365478777788675
2022 Q1 (0.4 Hz),sham 0.71,0.2,5,4544,-0.011003521126760563,-1.4834770727423165,0.2264847434918419,0.10874760319610377
2022 Q1 (0.4 Hz),sham 0.71,0.2,10,4456,-0.010771992818671472,-1.4381316425087536,0.1821746637783832,0.10340560560031276
2022 Q1 (0.4 Hz),sham 0.71,0.2,15,4416,-0.011096014492753603,-1.47472670030067,0.1919028460736678,0.09880569683113272
2022 Q1 (0.4 Hz),sham 0.71,0.2,20,4288,-0.010494402985074647,-1.3744062490084363,0.20956874265903624,0.12374542057322047
2022 Q1 (0.4 Hz),sham 0.71,0.2,25,4171,-0.011148405658115534,-1.4400011987527943,0.21004232402708622,0.12247283027036038
2022 Q1 (0.4 Hz),sham 0.71,0.2,30,4055,-0.011713933415536393,-1.4918603650985296,0.2248960628157557,0.1186539250611568
2022 Q1 (0.4 Hz),sham 0.71,0.2,40,3579,-0.01187482537021517,-1.4208167766945123,0.19486172923892586,0.08708872703460446
2022 Q1 (0.4 Hz),sham 0.71,0.2,50,2949,-0.01169888097660221,-1.2706083483005695,0.3652644250725796,0.15121239235506578
2022 Q1 (0.4 Hz),sham 0.71,0.2,60,2256,-0.011524822695035464,-1.094797497386475,0.3005457901932358,0.20889612965841842
2022 Q1 (0.4 Hz),sham 0.71,0.2,80,1147,-0.005666957279860496,-0.3838500869823695,0.6414559057158646,0.5321291336209881
2022 Q1 (0.4 Hz),sham 0.71,0.2,100,469,0.0031982942430703876,0.13852712896188413,0.7212482931990987,0.715842282566197
2022 Q1 (0.4 Hz),sham 0.71,0.25,0,4289,-0.011074842620657499,-1.4505930159506923,0.26347701684758895,0.11741438883354316
2022 Q1 (0.4 Hz),sham 0.71,0.25,5,4276,-0.011693171188026208,-1.5292593755165422,0.2501134875675627,0.09385943169406696
2022 Q1 (0.4 Hz),sham 0.71,0.25,10,4204,-0.01165556612749763,-1.5114532612653084,0.205355281121134,0.08782833182979821
2022 Q1 (0.4 Hz),sham 0.71,0.25,15,4177,-0.011850610485994728,-1.5318031453900842,0.21163611379524483,0.08410873533679142
2022 Q1 (0.4 Hz),sham 0.71,0.25,20,4069,-0.010690587367903681,-1.3638776345461654,0.23461574390983886,0.11077907079168092
2022 Q1 (0.4 Hz),sham 0.71,0.25,25,3974,-0.011071967790639181,-1.395946392649983,0.21864079207122422,0.10610760015975229
2022 Q1 (0.4 Hz),sham 0.71,0.25,30,3878,-0.011088189788550806,-1.3810027674232734,0.21950842637982915,0.1195259049467442
2022 Q1 (0.4 Hz),sham 0.71,0.25,40,3450,-0.011304347826086969,-1.3279601879836491,0.22337408428979844,0.08358740109858276
2022 Q1 (0.4 Hz),sham 0.71,0.25,50,2859,-0.011017838405036728,-1.178239211295664,0.3253479225768414,0.14401435570320897
2022 Q1 (0.4 Hz),sham 0.71,0.25,60,2203,-0.01066727190195188,-1.0013608534307081,0.3066114977757911,0.21651871010926882
2022 Q1 (0.4 Hz),sham 0.71,0.25,80,1114,-0.0026929982046678402,-0.17976645531359237,0.6345833764172808,0.5474972134573075
2022 Q1 (0.4 Hz),sham 0.71,0.25,100,447,0.005592841163310935,0.23649188492019993,0.6929521112438702,0.6829476482980712
2022 Q1 (0.4 Hz),sham 0.71,0.3,0,4024,-0.012176938369781287,-1.5448883197426044,0.20377231848866784,0.09637209222400211
2022 Q1 (0.4 Hz),sham 0.71,0.3,5,4011,-0.012839690850162067,-1.6263383150911093,0.17310187937648713,0.07507504975114443
2022 Q1 (0.4 Hz),sham 0.71,0.3,10,3951,-0.012528473804100215,-1.5750040676810457,0.20603751701650652,0.08784667993959072
2022 Q1 (0.4 Hz),sham 0.71,0.3,15,3931,-0.012337827524802836,-1.5471065056458615,0.22304415387754428,0.09001877898235267
2022 Q1 (0.4 Hz),sham 0.71,0.3,20,3844,-0.01092611862643078,-1.3548387096774168,0.2941921472133501,0.12249495140529576
2022 Q1 (0.4 Hz),sham 0.71,0.3,25,3766,-0.011152416356877304,-1.3687972632772847,0.3205109815846201,0.13323506878517766
2022 Q1 (0.4 Hz),sham 0.71,0.3,30,3681,-0.011274110296115192,-1.3680286214678123,0.35534008074812695,0.15078311454119186
2022 Q1 (0.4 Hz),sham 0.71,0.3,40,3315,-0.011613876319758687,-1.3373619380118609,0.21758718743879635,0.08919955016378467
2022 Q1 (0.4 Hz),sham 0.71,0.3,50,2767,-0.011022768341163725,-1.1596455223998303,0.39072522256147124,0.14976686173572495
2022 Q1 (0.4 Hz),sham 0.71,0.3,60,2153,-0.010915002322340939,-1.0129216249542952,0.3569341669200585,0.2464244090698664
2022 Q1 (0.4 Hz),sham 0.71,0.3,80,1097,-0.0013673655423883102,-0.09057700179587383,0.6339409746631057,0.5742660570082465
2022 Q1 (0.4 Hz),sham 0.71,0.3,100,438,0.006849315068493178,0.2866910895404991,0.7170199977698791,0.7013861033775739
2022 Q1 (0.4 Hz),sham 0.71,0.35,0,3748,-0.01093916755602986,-1.3394116167888397,0.23366820486397766,0.11286932620836998
2022 Q1 (0.4 Hz),sham 0.71,0.35,5,3735,-0.011646586345381515,-1.4235540116540648,0.19280204126731748,0.08724363381909295
2022 Q1 (0.4 Hz),sham 0.71,0.35,10,3688,-0.012201735357917576,-1.481996074362265,0.17539951673632215,0.0802010102785965
2022 Q1 (0.4 Hz),sham 0.71,0.35,15,3670,-0.011989100817438703,-1.4526120417610526,0.1554974227776975,0.08094735448425983
2022 Q1 (0.4 Hz),sham 0.71,0.35,20,3598,-0.011117287381878838,-1.3337038580961729,0.1784967297995138,0.09490103173395414
2022 Q1 (0.4 Hz),sham 0.71,0.35,25,3545,-0.010860366713681235,-1.2932503523706884,0.20678963714651677,0.10019735902925664
2022 Q1 (0.4 Hz),sham 0.71,0.35,30,3479,-0.010204081632653073,-1.2037356818823381,0.3050550434285173,0.1430802030443421
2022 Q1 (0.4 Hz),sham 0.71,0.35,40,3168,-0.011047979797979779,-1.2436708454077252,0.19520351436501937,0.10560304550411159
2022 Q1 (0.4 Hz),sham 0.71,0.35,50,2678,-0.008588498879761042,-0.8888992614115607,0.5371243532957632,0.23685168213966834
2022 Q1 (0.4 Hz),sham 0.71,0.35,60,2104,-0.007604562737642595,-0.6976331523151167,0.5082272913833794,0.43994469592507635
2022 Q1 (0.4 Hz),sham 0.71,0.35,80,1077,0.0013927576601671099,0.0914141453003994,0.5534352176426429,0.5252727149728336
2022 Q1 (0.4 Hz),sham 0.71,0.35,100,428,0.011682242990654235,0.48336824452283306,0.5999669777356319,0.5668078705536801
2022 Q1 (0.4 Hz),sham 0.71,0.4,0,3492,-0.010595647193585356,-1.2522602703314656,0.26049978671263907,0.1050501881059207
2022 Q1 (0.4 Hz),sham 0.71,0.4,5,3492,-0.010595647193585356,-1.2522602703314656,0.26049978671263907,0.1050501881059207
2022 Q1 (0.4 Hz),sham 0.71,0.4,10,3453,-0.010280915146249625,-1.2082590578048422,0.2698156707136702,0.11840647221277822
2022 Q1 (0.4 Hz),sham 0.71,0.4,15,3436,-0.01018626309662396,-1.1941845893861431,0.2703099454440022,0.11709758668595682
2022 Q1 (0.4 Hz),sham 0.71,0.4,20,3385,-0.009601181683899562,-1.117207956875954,0.31359747336533805,0.13846704561845902
2022 Q1 (0.4 Hz),sham 0.71,0.4,25,3351,-0.008504923903312422,-0.98466305149407,0.3522732947898016,0.16738263595994662
2022 Q1 (0.4 Hz),sham 0.71,0.4,30,3297,-0.008037609948437996,-0.9230312316137682,0.33138753298307533,0.20672547476845982
2022 Q1 (0.4 Hz),sham 0.71,0.4,40,3022,-0.009265387160820648,-1.018687077571868,0.44281939143243876,0.18351413804629235
2022 Q1 (0.4 Hz),sham 0.71,0.4,50,2584,-0.008126934984520107,-0.8262339491328636,0.5620603543476139,0.27396306067262044
2022 Q1 (0.4 Hz),sham 0.71,0.4,60,2057,-0.007535245503159926,-0.6835094887387552,0.6018537506971702,0.4638749877548354
2022 Q1 (0.4 Hz),sham 0.71,0.4,80,1051,0.0004757373929591413,0.03084598492378533,0.7182567563181586,0.6346408074038816
2022 Q1 (0.4 Hz),sham 0.71,0.4,100,409,0.011002444987775029,0.44502135879073257,0.668599064054592,0.6889297572455402
2022 Q1 (0.4 Hz),sham 0.71,0.45,0,3270,-0.009174311926605505,-1.0492461251740035,0.3427749380500613,0.16714874955363868
2022 Q1 (0.4 Hz),sham 0.71,0.45,5,3270,-0.009174311926605505,-1.0492461251740035,0.3427749380500613,0.16714874955363868
2022 Q1 (0.4 Hz),sham 0.71,0.45,10,3234,-0.009276437847866414,-1.0550699226799942,0.34340562491821425,0.1743708784932405
2022 Q1 (0.4 Hz),sham 0.71,0.45,15,3221,-0.009469108972368856,-1.0748168656236297,0.3703454378422857,0.1702554787917857
2022 Q1 (0.4 Hz),sham 0.71,0.45,20,3189,-0.00799623706491065,-0.9031147106657539,0.4286401373810308,0.244194235458018
2022 Q1 (0.4 Hz),sham 0.71,0.45,25,3169,-0.007731145471757628,-0.8704322238016268,0.4305393816629314,0.25284709977556263
2022 Q1 (0.4 Hz),sham 0.71,0.45,30,3135,-0.007496012759170667,-0.8394195609836859,0.38015000561914103,0.2758488073864136
2022 Q1 (0.4 Hz),sham 0.71,0.45,40,2898,-0.00897170462387853,-0.9659489017972774,0.5442227642805201,0.24703511614437001
2022 Q1 (0.4 Hz),sham 0.71,0.45,50,2507,-0.0077782209812524705,-0.7789102878622743,0.6003723589684263,0.3478162808693046
2022 Q1 (0.4 Hz),sham 0.71,0.45,60,2010,-0.007960199004975133,-0.7137595787927535,0.6251717075258396,0.5123624065888797
2022 Q1 (0.4 Hz),sham 0.71,0.45,80,1027,-0.0014605647517039744,-0.09361297191214335,0.7469110678721317,0.6635466248137296
2022 Q1 (0.4 Hz),sham 0.71,0.45,100,397,0.006297229219143552,0.2509428066142468,0.7564626986506408,0.7685030119594367
2022 Q1 (0.4 Hz),sham 0.71,0.5,0,3064,-0.00652741514360311,-0.7226293735299216,0.3527886418951942,0.24843620785015552
2022 Q1 (0.4 Hz),sham 0.71,0.5,5,3064,-0.00652741514360311,-0.7226293735299216,0.3527886418951942,0.24843620785015552
2022 Q1 (0.4 Hz),sham 0.71,0.5,10,3033,-0.006758984503791643,-0.7444707712938878,0.3554766065324052,0.24763921132054156
2022 Q1 (0.4 Hz),sham 0.71,0.5,15,3022,-0.007279947054930513,-0.8003969895207538,0.3739060889992495,0.22723717810141708
2022 Q1 (0.4 Hz),sham 0.71,0.5,20,2999,-0.005835278426142065,-0.6391161786638998,0.4201361873002778,0.3274673185768846
2022 Q1 (0.4 Hz),sham 0.71,0.5,25,2991,-0.005850885991307231,-0.6399703269617307,0.41971951206972435,0.3194490466863956
2022 Q1 (0.4 Hz),sham 0.71,0.5,30,2960,-0.005743243243243268,-0.6249324287797393,0.38770592199326503,0.34474993491183137
2022 Q1 (0.4 Hz),sham 0.71,0.5,40,2758,-0.0065264684554024455,-0.6854967022451491,0.6115839226183926,0.354757976848308
2022 Q1 (0.4 Hz),sham 0.71,0.5,50,2415,-0.007660455486542428,-0.7529101579897421,0.6675260004304835,0.3965535325526889
2022 Q1 (0.4 Hz),sham 0.71,0.5,60,1959,-0.008422664624808562,-0.7455842442255364,0.7425067655118289,0.5160678411521111
2022 Q1 (0.4 Hz),sham 0.71,0.5,80,1011,-0.0034619188921859445,-0.220151912302853,0.7909745741283947,0.6559283207342338
2022 Q1 (0.4 Hz),sham 0.71,0.5,100,390,0.002564102564102555,0.10127393670836629,0.8186474676875136,0.8357190185548956
2022 Q1 (0.4 Hz),sham 0.71,0.55,0,2867,-0.004011161492849691,-0.4295502632650652,0.32471331199227815,0.4034536092585216
2022 Q1 (0.4 Hz),sham 0.71,0.55,5,2867,-0.004011161492849691,-0.4295502632650652,0.32471331199227815,0.4034536092585216
2022 Q1 (0.4 Hz),sham 0.71,0.55,10,2847,-0.004741833508956794,-0.5060227361331374,0.3428545875935044,0.37818797986198105
2022 Q1 (0.4 Hz),sham 0.71,0.55,15,2843,-0.005451987337319719,-0.5813976392399798,0.33242187694691583,0.34528177829706397
2022 Q1 (0.4 Hz),sham 0.71,0.55,20,2829,-0.004065040650406526,-0.4324255657551958,0.3549551400554207,0.4294416923297264
2022 Q1 (0.4 Hz),sham 0.71,0.55,25,2822,-0.003897944720056723,-0.4141371363238232,0.37921260033177895,0.4448081653085022
2022 Q1 (0.4 Hz),sham 0.71,0.55,30,2800,-0.003928571428571448,-0.415760920310152,0.3808346851530038,0.4442150570777228
2022 Q1 (0.4 Hz),sham 0.71,0.55,40,2626,-0.004569687738004591,-0.4683428353505809,0.5967942818726526,0.5267131750914438
2022 Q1 (0.4 Hz),sham 0.71,0.55,50,2321,-0.00538560965101248,-0.5189224244052508,0.6891293263641421,0.5137001606559508
2022 Q1 (0.4 Hz),sham 0.71,0.55,60,1903,-0.006568575932737797,-0.5730870759639329,0.7519998903954704,0.5145187683535425
2022 Q1 (0.4 Hz),sham 0.71,0.55,80,992,-0.0020161290322580627,-0.1270001270001904,0.8002308837657846,0.6942143399748244
2022 Q1 (0.4 Hz),sham 0.71,0.55,100,382,0.007853403141361293,0.30698670605799194,0.7426694131941143,0.7661831789913449
2022 Q1 (0.4 Hz),sham 0.71,0.6,0,2664,-0.005255255255255276,-0.5424889808044921,0.40552091549919966,0.3513033928052096
2022 Q1 (0.4 Hz),sham 0.71,0.6,5,2664,-0.005255255255255276,-0.5424889808044921,0.40552091549919966,0.3513033928052096
2022 Q1 (0.4 Hz),sham 0.71,0.6,10,2663,-0.005444986856928291,-0.561969071837447,0.40932872544257537,0.33940016154170294
2022 Q1 (0.4 Hz),sham 0.71,0.6,15,2662,-0.00563486100676186,-0.5814564991516675,0.4131589285594568,0.33539589301156025
2022 Q1 (0.4 Hz),sham 0.71,0.6,20,2651,-0.00433798566578647,-0.4467072202530159,0.4280063831493396,0.4152732824535197
2022 Q1 (0.4 Hz),sham 0.71,0.6,25,2646,-0.004157218442932709,-0.4276886852478544,0.4479288097073757,0.4225429917196446
2022 Q1 (0.4 Hz),sham 0.71,0.6,30,2633,-0.003987846562856057,-0.4092548785780743,0.47184513802615424,0.46214730318989905
2022 Q1 (0.4 Hz),sham 0.71,0.6,40,2482,-0.00483481063658342,-0.4817373875422221,0.7377831479435111,0.5129280442414037
2022 Q1 (0.4 Hz),sham 0.71,0.6,50,2214,-0.005871725383920501,-0.5525664846548927,0.704201177920771,0.4748812135260837
2022 Q1 (0.4 Hz),sham 0.71,0.6,60,1828,-0.008752735229759279,-0.748448431559979,0.629568295654912,0.3812748581344927
2022 Q1 (0.4 Hz),sham 0.71,0.6,80,967,-0.0015511892450879028,-0.09647349620764983,0.8678149285659871,0.7348224781501387
2022 Q1 (0.4 Hz),sham 0.71,0.6,100,367,0.009536784741144388,0.3653970256803154,0.6332816449731871,0.647021038311378
2022 Q1 (0.4 Hz),sham 0.71,0.65,0,2453,-0.006726457399103158,-0.6662928697958651,0.34073745740997974,0.21687221779055144
2022 Q1 (0.4 Hz),sham 0.71,0.65,5,2453,-0.006726457399103158,-0.6662928697958651,0.34073745740997974,0.21687221779055144
2022 Q1 (0.4 Hz),sham 0.71,0.65,10,2452,-0.006933115823817282,-0.6866235329637155,0.3449288929892067,0.20798188249148486
2022 Q1 (0.4 Hz),sham 0.71,0.65,15,2451,-0.00713994288045694,-0.7069625178409281,0.3491559597333458,0.20444837390480797
2022 Q1 (0.4 Hz),sham 0.71,0.65,20,2441,-0.005940188447357664,-0.5869675714609333,0.36600816955675364,0.25385596165743796
2022 Q1 (0.4 Hz),sham 0.71,0.65,25,2439,-0.006355063550635531,-0.6277052972051491,0.3748560466591414,0.24029426138448862
2022 Q1 (0.4 Hz),sham 0.71,0.65,30,2430,-0.006584362139917699,-0.649152660746864,0.36080329933206867,0.24394923388865797
2022 Q1 (0.4 Hz),sham 0.71,0.65,40,2306,-0.008673026886383328,-0.8329718788234479,0.3950881812309227,0.2229947385734966
2022 Q1 (0.4 Hz),sham 0.71,0.65,50,2081,-0.006967803940413242,-0.6357142664310491,0.5839299924446194,0.3733699992076963
2022 Q1 (0.4 Hz),sham 0.71,0.65,60,1740,-0.006896551724137945,-0.5753559617824622,0.632587171377375,0.43412445786028964
2022 Q1 (0.4 Hz),sham 0.71,0.65,80,933,-0.001607717041800627,-0.0982155906707467,0.825158687794001,0.7539458021855663
2022 Q1 (0.4 Hz),sham 0.71,0.65,100,346,0.00867052023121384,0.32256199834228105,0.7412846379962699,0.7240251364674137
2022 Q1 (0.4 Hz),sham 0.71,0.7,0,2228,-0.006732495511669656,-0.6355703979105534,0.47730075602655453,0.2948459984590367
2022 Q1 (0.4 Hz),sham 0.71,0.7,5,2228,-0.006732495511669656,-0.6355703979105534,0.47730075602655453,0.2948459984590367
2022 Q1 (0.4 Hz),sham 0.71,0.7,10,2227,-0.006960035922766061,-0.6569035143851008,0.48131465303128884,0.282228130552592
2022 Q1 (0.4 Hz),sham 0.71,0.7,15,2226,-0.007187780772686447,-0.6782462454388771,0.48534649846056865,0.27797272609287405
2022 Q1 (0.4 Hz),sham 0.71,0.7,20,2219,-0.006534474988733663,-0.6156293928546235,0.4807554078629819,0.3150948072347255
2022 Q1 (0.4 Hz),sham 0.71,0.7,25,2217,-0.0069914298601714275,-0.658383361978893,0.4888456846706165,0.297344099830128
2022 Q1 (0.4 Hz),sham 0.71,0.7,30,2211,-0.007462686567164201,-0.7018100265975391,0.4954489440520342,0.27923094805555315
2022 Q1 (0.4 Hz),sham 0.71,0.7,40,2120,-0.008490566037735847,-0.7818700369735246,0.5399304854620951,0.2558476060056696
2022 Q1 (0.4 Hz),sham 0.71,0.7,50,1937,-0.009550851832731022,-0.8406919980718831,0.603467513258137,0.31434870936981396
2022 Q1 (0.4 Hz),sham 0.71,0.7,60,1644,-0.009732360097323589,-0.7892217978671832,0.6175652127485314,0.34721131181740184
2022 Q1 (0.4 Hz),sham 0.71,0.7,80,891,-0.0028058361391694597,-0.16750630254320123,0.8709791487504317,0.8301622848280756
2022 Q1 (0.4 Hz),sham 0.71,0.7,100,328,0.0030487804878048808,0.11043152607484664,0.693554995950555,0.7798618366715715
2022 Q1 (0.4 Hz),sham 0.71,0.75,0,1980,-0.006565656565656552,-0.5843065474681419,0.6310094716516419,0.32820852634219144
2022 Q1 (0.4 Hz),sham 0.71,0.75,5,1980,-0.006565656565656552,-0.5843065474681419,0.6310094716516419,0.32820852634219144
2022 Q1 (0.4 Hz),sham 0.71,0.75,10,1979,-0.0068216270843860505,-0.6069331615234469,0.6248247100173783,0.3138260633024974
2022 Q1 (0.4 Hz),sham 0.71,0.75,15,1978,-0.007077856420626916,-0.6295712505786049,0.6186434877017307,0.3074735427602583
2022 Q1 (0.4 Hz),sham 0.71,0.75,20,1973,-0.006842372022301091,-0.607855319302431,0.625556453994535,0.32902695930232995
2022 Q1 (0.4 Hz),sham 0.71,0.75,25,1971,-0.007356671740233411,-0.6532127991195056,0.6131777206587394,0.3074181382405414
2022 Q1 (0.4 Hz),sham 0.71,0.75,30,1967,-0.007371631926792077,-0.6538766334362629,0.6262875927892916,0.3059811452571035
2022 Q1 (0.4 Hz),sham 0.71,0.75,40,1903,-0.008145034156594844,-0.7106279741952747,0.48730110409224925,0.2724724219893918
2022 Q1 (0.4 Hz),sham 0.71,0.75,50,1759,-0.009948834565093823,-0.8345168779339152,0.5385415905479936,0.30624583800082517
2022 Q1 (0.4 Hz),sham 0.71,0.75,60,1522,-0.01379763469119577,-1.0765692332871317,0.4637056309279185,0.21955774405861161
2022 Q1 (0.4 Hz),sham 0.71,0.75,80,846,-0.00827423167848701,-0.481329914920771,0.859815576717128,0.7925621855752759
2022 Q1 (0.4 Hz),sham 0.71,0.75,100,314,-0.0031847133757961776,-0.11286652959662004,0.5486975538351141,0.71368996513871
2022 Q1 (0.4 Hz),sham 0.71,0.8,0,1685,-0.003264094955489627,-0.2679740454237538,0.5896370598167122,0.47707928635721986
2022 Q1 (0.4 Hz),sham 0.71,0.8,5,1685,-0.003264094955489627,-0.2679740454237538,0.5896370598167122,0.47707928635721986
2022 Q1 (0.4 Hz),sham 0.71,0.8,10,1685,-0.003264094955489627,-0.2679740454237538,0.5896370598167122,0.47707928635721986
2022 Q1 (0.4 Hz),sham 0.71,0.8,15,1684,-0.0035629453681710332,-0.29242210729714857,0.5832760332284004,0.4658726212095856
2022 Q1 (0.4 Hz),sham 0.71,0.8,20,1683,-0.003862150920974472,-0.31688471712175836,0.5755120902548292,0.4593496336915136
2022 Q1 (0.4 Hz),sham 0.71,0.8,25,1682,-0.004161712247324589,-0.3413618943659175,0.5610925113644648,0.44613975088230295
2022 Q1 (0.4 Hz),sham 0.71,0.8,30,1679,-0.004466944609886836,-0.36607149342253487,0.551698770929204,0.42757353813875054
2022 Q1 (0.4 Hz),sham 0.71,0.8,40,1639,-0.006406345332519825,-0.5187162075411105,0.30021155896042995,0.2666017794407508
2022 Q1 (0.4 Hz),sham 0.71,0.8,50,1546,-0.007115135834411368,-0.5595229903356067,0.4496743941844634,0.36822846939939224
2022 Q1 (0.4 Hz),sham 0.71,0.8,60,1361,-0.006980161645848637,-0.5150205263309882,0.5037806417630735,0.4491669827656338
2022 Q1 (0.4 Hz),sham 0.71,0.8,80,762,-0.0026246719160105125,-0.14490471120044446,0.9364818106549437,0.8782161737226897
2022 Q1 (0.4 Hz),sham 0.71,0.8,100,269,0.009293680297397744,0.30485538042484533,0.33331133979201244,0.5537737506927829
2022 Q1 (0.4 Hz),sham 0.71,0.85,0,1345,-0.004089219330855043,-0.2999380357320683,0.8051335473490642,0.549551218790728
2022 Q1 (0.4 Hz),sham 0.71,0.85,5,1345,-0.004089219330855043,-0.2999380357320683,0.8051335473490642,0.549551218790728
2022 Q1 (0.4 Hz),sham 0.71,0.85,10,1345,-0.004089219330855043,-0.2999380357320683,0.8051335473490642,0.549551218790728
2022 Q1 (0.4 Hz),sham 0.71,0.85,15,1345,-0.004089219330855043,-0.2999380357320683,0.8051335473490642,0.549551218790728
2022 Q1 (0.4 Hz),sham 0.71,0.85,20,1345,-0.004089219330855043,-0.2999380357320683,0.8051335473490642,0.549551218790728
2022 Q1 (0.4 Hz),sham 0.71,0.85,25,1345,-0.004089219330855043,-0.2999380357320683,0.8051335473490642,0.549551218790728
2022 Q1 (0.4 Hz),sham 0.71,0.85,30,1344,-0.003720238095238082,-0.2727723627949895,0.813680473374283,0.5686553407662158
2022 Q1 (0.4 Hz),sham 0.71,0.85,40,1323,-0.003401360544217691,-0.247435829652697,0.7730148445327073,0.5320624349011656
2022 Q1 (0.4 Hz),sham 0.71,0.85,50,1275,-0.00588235294117645,-0.42008402520840143,0.7854284925921645,0.512408752053739
2022 Q1 (0.4 Hz),sham 0.71,0.85,60,1149,-0.008268059181897325,-0.5605231921268728,0.5953029671833416,0.3376958648857912
2022 Q1 (0.4 Hz),sham 0.71,0.85,80,658,-0.003039513677811523,-0.15593623511708868,0.908286001330114,0.8608334380693653
2022 Q1 (0.4 Hz),sham 0.71,0.85,100,227,0.0066079295154185536,0.19911699347999312,0.6952681878748436,0.6714499825725735
2022 Q1 (0.4 Hz),sham 0.71,0.9,0,977,-0.012794268167860778,-0.7998208601887287,0.47717297623979227,0.43765289875721736
2022 Q1 (0.4 Hz),sham 0.71,0.9,5,977,-0.012794268167860778,-0.7998208601887287,0.47717297623979227,0.43765289875721736
2022 Q1 (0.4 Hz),sham 0.71,0.9,10,977,-0.012794268167860778,-0.7998208601887287,0.47717297623979227,0.43765289875721736
2022 Q1 (0.4 Hz),sham 0.71,0.9,15,977,-0.012794268167860778,-0.7998208601887287,0.47717297623979227,0.43765289875721736
2022 Q1 (0.4 Hz),sham 0.71,0.9,20,977,-0.012794268167860778,-0.7998208601887287,0.47717297623979227,0.43765289875721736
2022 Q1 (0.4 Hz),sham 0.71,0.9,25,977,-0.012794268167860778,-0.7998208601887287,0.47717297623979227,0.43765289875721736
2022 Q1 (0.4 Hz),sham 0.71,0.9,30,977,-0.012794268167860778,-0.7998208601887287,0.47717297623979227,0.43765289875721736
2022 Q1 (0.4 Hz),sham 0.71,0.9,40,967,-0.011892450879007255,-0.7396301375919822,0.5575043259060948,0.49062187585925265
2022 Q1 (0.4 Hz),sham 0.71,0.9,50,939,-0.013312034078807267,-0.8158441664560485,0.5903711749736735,0.5524515511948225
2022 Q1 (0.4 Hz),sham 0.71,0.9,60,879,-0.01649601820250285,-0.9781457231645833,0.40419206222244697,0.4314675771927775
2022 Q1 (0.4 Hz),sham 0.71,0.9,80,522,-0.011494252873563204,-0.5252257314388896,0.6577588714137407,0.8090259383096154
2022 Q1 (0.4 Hz),sham 0.71,0.9,100,169,,,,
2022 Q1 (0.4 Hz),sham 0.71,0.95,0,505,0.0108910891089109,0.4894935754389837,0.5724720167770643,0.6721788653681413
2022 Q1 (0.4 Hz),sham 0.71,0.95,5,505,0.0108910891089109,0.4894935754389837,0.5724720167770643,0.6721788653681413
2022 Q1 (0.4 Hz),sham 0.71,0.95,10,505,0.0108910891089109,0.4894935754389837,0.5724720167770643,0.6721788653681413
2022 Q1 (0.4 Hz),sham 0.71,0.95,15,505,0.0108910891089109,0.4894935754389837,0.5724720167770643,0.6721788653681413
2022 Q1 (0.4 Hz),sham 0.71,0.95,20,505,0.0108910891089109,0.4894935754389837,0.5724720167770643,0.6721788653681413
2022 Q1 (0.4 Hz),sham 0.71,0.95,25,505,0.0108910891089109,0.4894935754389837,0.5724720167770643,0.6721788653681413
2022 Q1 (0.4 Hz),sham 0.71,0.95,30,505,0.0108910891089109,0.4894935754389837,0.5724720167770643,0.6721788653681413
2022 Q1 (0.4 Hz),sham 0.71,0.95,40,500,0.010000000000000009,0.4472135954999583,0.48124240454265477,0.6313245593234995
2022 Q1 (0.4 Hz),sham 0.71,0.95,50,485,0.013402061855670055,0.5902995919424476,0.5923220843342323,0.7265194040823444
2022 Q1 (0.4 Hz),sham 0.71,0.95,60,468,0.008547008547008517,0.36980013081681806,0.5690984824404586,0.6839400364522636
2022 Q1 (0.4 Hz),sham 0.71,0.95,80,298,0.016778523489932917,0.5792844463634933,0.4368167274542557,0.36492685741138475
2022 Q1 (0.4 Hz),sham 0.71,0.95,100,88,,,,
2022 Q1 (0.4 Hz),sham 0.83,0.0,0,7156,0.0026551145891559047,0.44920898118341873,0.9908420128305921,0.9604928845095712
2022 Q1 (0.4 Hz),sham 0.83,0.0,5,7096,0.0021138669673055333,0.3561348312624483,0.9971683304983182,0.9730355343757748
2022 Q1 (0.4 Hz),sham 0.83,0.0,10,6804,0.0005878894767783471,0.09698572899377134,0.9755144856073057,0.9646110302978589
2022 Q1 (0.4 Hz),sham 0.83,0.0,15,6273,0.002311493703172296,0.3661511092213042,0.9529871744500185,0.790618173778592
2022 Q1 (0.4 Hz),sham 0.83,0.0,20,5897,0.002458877395285719,0.37764386520446824,0.9716035534364085,0.8661736260719333
2022 Q1 (0.4 Hz),sham 0.83,0.0,25,5620,0.003380782918149472,0.5068920020865986,0.9341099184463343,0.7645965514636723
2022 Q1 (0.4 Hz),sham 0.83,0.0,30,5307,0.0025438100621820725,0.3706288485234717,0.9607936749189577,0.922480663001448
2022 Q1 (0.4 Hz),sham 0.83,0.0,40,4496,0.010008896797153,1.3422374691117573,0.46647313859802997,0.30139345300979903
2022 Q1 (0.4 Hz),sham 0.83,0.0,50,3608,0.008314855875831473,0.9988907373180389,0.72681777019077,0.6462788111158395
2022 Q1 (0.4 Hz),sham 0.83,0.0,60,2749,0.010367406329574336,1.0871450324457488,0.7092869666517445,0.6824447765088487
2022 Q1 (0.4 Hz),sham 0.83,0.0,80,1458,0.003429355281207136,0.2618914004394623,0.8301766168282918,0.8323549255840248
2022 Q1 (0.4 Hz),sham 0.83,0.0,100,689,0.03265602322206096,1.7143634649587836,0.22780831815051783,0.5294274480849319
2022 Q1 (0.4 Hz),sham 0.83,0.05,0,5736,0.0026150627615062483,0.39611079976488045,0.9048533602471602,0.9141734540231576
2022 Q1 (0.4 Hz),sham 0.83,0.05,5,5720,0.002272727272727315,0.34377582547617075,0.928270379478232,0.9140968020187852
2022 Q1 (0.4 Hz),sham 0.83,0.05,10,5526,0.0003619254433586683,0.05380895415141747,0.9820327686185565,0.9664763428923833
2022 Q1 (0.4 Hz),sham 0.83,0.05,15,5301,0.001603471043199356,0.23349093230525406,0.971020660856928,0.9061859567860909
2022 Q1 (0.4 Hz),sham 0.83,0.05,20,5070,0.0011834319526626835,0.1685300176938918,0.9516015589934315,0.9138003793888971
2022 Q1 (0.4 Hz),sham 0.83,0.05,25,4877,0.0029731392249333632,0.41526145384099306,0.8504601107758706,0.8054605822371477
2022 Q1 (0.4 Hz),sham 0.83,0.05,30,4657,0.0016104788490444166,0.21980528990752593,0.9707712601058941,0.9431769845534499
2022 Q1 (0.4 Hz),sham 0.83,0.05,40,3992,0.006513026052104243,0.8230156191827983,0.7020968788289725,0.5747459098287664
2022 Q1 (0.4 Hz),sham 0.83,0.05,50,3237,0.0050973123262280096,0.5800194940957157,0.8787078500589669,0.8762838643889297
2022 Q1 (0.4 Hz),sham 0.83,0.05,60,2465,0.008722109533468525,0.8660839565990643,0.7367328363415371,0.8610967011154086
2022 Q1 (0.4 Hz),sham 0.83,0.05,80,1270,0.0031496062992125706,0.22448541330652352,0.5996167307927178,0.550061538230566
2022 Q1 (0.4 Hz),sham 0.83,0.05,100,552,0.03804347826086951,1.7876387145933696,0.10131136023229836,0.37270904719684517
2022 Q1 (0.4 Hz),sham 0.83,0.1,0,5220,0.0032567049808429616,0.47059105250453365,0.931066934056616,0.9181236557537764
2022 Q1 (0.4 Hz),sham 0.83,0.1,5,5206,0.002881290818286586,0.41578534016628677,0.950534416037639,0.919963970636044
2022 Q1 (0.4 Hz),sham 0.83,0.1,10,5048,0.0015847860538826808,0.22519581195982383,0.9292003472403363,0.934976140293903
2022 Q1 (0.4 Hz),sham 0.83,0.1,15,4947,0.0009096422073984201,0.1279592112087735,0.9198084313062382,0.915855036455733
2022 Q1 (0.4 Hz),sham 0.83,0.1,20,4761,0.0011552194917033853,0.15942028985506718,0.877214258982695,0.8898583078969413
2022 Q1 (0.4 Hz),sham 0.83,0.1,25,4591,0.002722718362012655,0.36896601212121666,0.8951870249968163,0.8527209926228911
2022 Q1 (0.4 Hz),sham 0.83,0.1,30,4416,0.0015851449275362528,0.2106752429000989,0.9826917488814804,0.9438046847446622
2022 Q1 (0.4 Hz),sham 0.83,0.1,40,3816,0.006551362683438144,0.8094048852977187,0.7575811020396167,0.5995670876796141
2022 Q1 (0.4 Hz),sham 0.83,0.1,50,3111,0.005303760848601735,0.5916487268706953,0.9255777478926035,0.8261981047313812
2022 Q1 (0.4 Hz),sham 0.83,0.1,60,2370,0.008860759493670933,0.8627304315186537,0.7801744384822596,0.8422037961679001
2022 Q1 (0.4 Hz),sham 0.83,0.1,80,1215,0.0037037037037036535,0.25819888974715766,0.580748053180813,0.5423949115230796
2022 Q1 (0.4 Hz),sham 0.83,0.1,100,517,0.03771760154738879,1.715218038820816,0.09278762925796435,0.34448809843324524
2022 Q1 (0.4 Hz),sham 0.83,0.15,0,4881,0.0031755787748412034,0.44371824848675484,0.9096246634681873,0.853501946493677
2022 Q1 (0.4 Hz),sham 0.83,0.15,5,4868,0.00267050123253898,0.37264737231332296,0.9223415077149479,0.858873150795982
2022 Q1 (0.4 Hz),sham 0.83,0.15,10,4731,0.0011625449165081347,0.15992494540620888,0.8326069686686084,0.8824457875892536
2022 Q1 (0.4 Hz),sham 0.83,0.15,15,4662,0.0010725010725011197,0.14645825838792204,0.8704301986178239,0.8765434289292247
2022 Q1 (0.4 Hz),sham 0.83,0.15,20,4503,0.001221407950255382,0.16392368622507955,0.8525475995341456,0.8462326749632549
2022 Q1 (0.4 Hz),sham 0.83,0.15,25,4371,0.001944635094943914,0.2571334152304828,0.8248177169584664,0.7989398183564355
2022 Q1 (0.4 Hz),sham 0.83,0.15,30,4225,0.0008284023668638785,0.1076923076923042,0.9250715113845014,0.9155282687663245
2022 Q1 (0.4 Hz),sham 0.83,0.15,40,3684,0.006243213897937028,0.7578757672667775,0.781563590274923,0.5683926536838683
2022 Q1 (0.4 Hz),sham 0.83,0.15,50,3017,0.00513755386145176,0.5643831494738378,0.726041647037724,0.710620455904134
2022 Q1 (0.4 Hz),sham 0.83,0.15,60,2302,0.009122502172024372,0.8753800217334474,0.7306993438469355,0.7456824209399701
2022 Q1 (0.4 Hz),sham 0.83,0.15,80,1175,0.0029787234042553123,0.2042109880970519,0.5440177395298151,0.5339976917182412
2022 Q1 (0.4 Hz),sham 0.83,0.15,100,489,0.0316973415132924,1.4018684581030156,0.1911157124752324,0.5230121119104476
2022 Q1 (0.4 Hz),sham 0.83,0.2,0,4557,0.0023041474654378336,0.31108550841913374,0.8204822137011114,0.9180453135296726
2022 Q1 (0.4 Hz),sham 0.83,0.2,5,4544,0.0017605633802817433,0.2373563316387778,0.8142068417260165,0.9173701305448366
2022 Q1 (0.4 Hz),sham 0.83,0.2,10,4456,0.001122082585278239,0.14980537942798994,0.7803761619160966,0.919194073555431
2022 Q1 (0.4 Hz),sham 0.83,0.2,15,4416,0.0015851449275362528,0.2106752429000989,0.8026000635447117,0.9125246436839827
2022 Q1 (0.4 Hz),sham 0.83,0.2,20,4288,0.0013992537313433084,0.18325416653446108,0.8125923025557564,0.9167422893658581
2022 Q1 (0.4 Hz),sham 0.83,0.2,25,4171,0.0032366339007432465,0.41806486415404054,0.933574409177143,0.8856600552362166
2022 Q1 (0.4 Hz),sham 0.83,0.2,30,4055,0.002836004932182501,0.36118724628701315,0.9111406063582719,0.9099059435841764
2022 Q1 (0.4 Hz),sham 0.83,0.2,40,3579,0.006566079910589551,0.785628100054611,0.6872965667919289,0.658969264931619
2022 Q1 (0.4 Hz),sham 0.83,0.2,50,2949,0.0052560189894879095,0.5708530260480776,0.8172274903703098,0.8013239902778164
2022 Q1 (0.4 Hz),sham 0.83,0.2,60,2256,0.00886524822695034,0.8421519210665176,0.7302190503852107,0.7845187096495031
2022 Q1 (0.4 Hz),sham 0.83,0.2,80,1147,0.0030514385353095363,0.20668850837512465,0.4008240128821233,0.4406601047501385
2022 Q1 (0.4 Hz),sham 0.83,0.2,100,469,0.03518123667377404,1.5237984185807159,0.15045956613394418,0.3798159901545426
2022 Q1 (0.4 Hz),sham 0.83,0.25,0,4289,0.0015155047796688859,0.19850220218272172,0.9238842143540577,0.9254839105514433
2022 Q1 (0.4 Hz),sham 0.83,0.25,5,4276,0.00093545369504211,0.12234075004132511,0.9144708736687548,0.9278363497602914
2022 Q1 (0.4 Hz),sham 0.83,0.25,10,4204,0.0,0.0,0.8900612651627939,0.9335746957858485
2022 Q1 (0.4 Hz),sham 0.83,0.25,15,4177,0.00035910940866645813,0.04641827713302655,0.8945191432814299,0.9311555939195166
2022 Q1 (0.4 Hz),sham 0.83,0.25,20,4069,-0.00012288031457358128,-0.015676754420067773,0.8960532166629025,0.9282712849339193
2022 Q1 (0.4 Hz),sham 0.83,0.25,25,3974,0.0015098137896326635,0.1903563262704583,0.9726051448419122,0.961306417372313
2022 Q1 (0.4 Hz),sham 0.83,0.25,30,3878,0.001031459515213995,0.1284653737137887,0.9792746562546181,0.9662819016508546
2022 Q1 (0.4 Hz),sham 0.83,0.25,40,3450,0.00666666666666671,0.7831560082980537,0.6500562019438869,0.5929586225582932
2022 Q1 (0.4 Hz),sham 0.83,0.25,50,2859,0.005771248688352548,0.617172920202488,0.8598392504413161,0.806067991920112
2022 Q1 (0.4 Hz),sham 0.83,0.25,60,2203,0.007489786654562014,0.7030831524088004,0.7820276705640339,0.811459136022426
2022 Q1 (0.4 Hz),sham 0.83,0.25,80,1114,0.0,0.0,0.3491967104560323,0.3473224660336317
2022 Q1 (0.4 Hz),sham 0.83,0.25,100,447,0.027964205816554788,1.1824594246010043,0.2977608034707393,0.4986954162920949
2022 Q1 (0.4 Hz),sham 0.83,0.3,0,4024,0.0014910536779324524,0.18916999833583545,0.7195180387164094,0.8141003359326626
2022 Q1 (0.4 Hz),sham 0.83,0.3,5,4011,0.0008726003490401313,0.11052784665667617,0.70372142532385,0.8094289742571915
2022 Q1 (0.4 Hz),sham 0.83,0.3,10,3951,-0.00037965072133638866,-0.04772739599033704,0.6231079836912943,0.7859377250337103
2022 Q1 (0.4 Hz),sham 0.83,0.3,15,3931,0.00038158229458151727,0.047848654813787805,0.6759056124984014,0.8082457674328566
2022 Q1 (0.4 Hz),sham 0.83,0.3,20,3844,0.0005202913631633388,0.06451612903225401,0.7828675947729463,0.8618445446111401
2022 Q1 (0.4 Hz),sham 0.83,0.3,25,3766,0.0023898035050451405,0.2933136992737043,0.95721920666758,0.9227411327111001
2022 Q1 (0.4 Hz),sham 0.83,0.3,30,3681,0.0023091551208910266,0.28019863331268,0.9134939506621407,0.9159415946614025
2022 Q1 (0.4 Hz),sham 0.83,0.3,40,3315,0.007692307692307665,0.8857851797221373,0.7844782495243221,0.6251160982062384
2022 Q1 (0.4 Hz),sham 0.83,0.3,50,2767,0.006685941452836963,0.7033915463736623,0.7985548437338545,0.7191402977570573
2022 Q1 (0.4 Hz),sham 0.83,0.3,60,2153,0.006270320483046876,0.5818911462503356,0.7663823823983228,0.7912043885049053
2022 Q1 (0.4 Hz),sham 0.83,0.3,80,1097,-0.0013673655423883102,-0.09057700179587383,0.30936227490656343,0.3071796019665133
2022 Q1 (0.4 Hz),sham 0.83,0.3,100,438,0.0273972602739726,1.1467643581619917,0.2916339864081626,0.512535419652163
2022 Q1 (0.4 Hz),sham 0.83,0.35,0,3748,0.0029348986125933285,0.35935433621163393,0.6852311665557422,0.7113144797134343
2022 Q1 (0.4 Hz),sham 0.83,0.35,5,3735,0.0022757697456492476,0.27816572641516035,0.6681651010730163,0.721523416359898
2022 Q1 (0.4 Hz),sham 0.83,0.35,10,3688,0.0010845986984815426,0.1317329843877545,0.6271791451428914,0.728387618231747
2022 Q1 (0.4 Hz),sham 0.83,0.35,15,3670,0.0016348773841962094,0.19808346024014628,0.6652175672421715,0.7381161236870952
2022 Q1 (0.4 Hz),sham 0.83,0.35,20,3598,0.0019455252918287869,0.2333981751668291,0.7429802899312203,0.8081769725522168
2022 Q1 (0.4 Hz),sham 0.83,0.35,25,3545,0.0029619181946403117,0.35270464155563924,0.8853950561897744,0.9013241544027555
2022 Q1 (0.4 Hz),sham 0.83,0.35,30,3479,0.0027306697326817675,0.3221264500811843,0.8848610330145874,0.8805772259999735
2022 Q1 (0.4 Hz),sham 0.83,0.35,40,3168,0.008207070707070718,0.9238697708743131,0.736853754409756,0.6615722138176234
2022 Q1 (0.4 Hz),sham 0.83,0.35,50,2678,0.007841672890216533,0.8116036734627221,0.7806970932805672,0.6812111147062531
2022 Q1 (0.4 Hz),sham 0.83,0.35,60,2104,0.008079847908745275,0.741235224334813,0.7718632794544709,0.7920716171669838
2022 Q1 (0.4 Hz),sham 0.83,0.35,80,1077,0.0004642525533889996,0.03047138176679737,0.2955698112667664,0.3510496593923115
2022 Q1 (0.4 Hz),sham 0.83,0.35,100,428,0.028037383177570097,1.1600837868547966,0.2981144343277988,0.45392237432160254
2022 Q1 (0.4 Hz),sham 0.83,0.4,0,3492,0.0017182130584192379,0.20306923302672308,0.6179059128641499,0.6765628275799356
2022 Q1 (0.4 Hz),sham 0.83,0.4,5,3492,0.0017182130584192379,0.20306923302672308,0.6179059128641499,0.6765628275799356
2022 Q1 (0.4 Hz),sham 0.83,0.4,10,3453,0.0010136113524471524,0.11912413245963306,0.6100565018306389,0.7096243898011054
2022 Q1 (0.4 Hz),sham 0.83,0.4,15,3436,0.0017462165308498312,0.20471735818048278,0.6500355452974289,0.7284765176691794
2022 Q1 (0.4 Hz),sham 0.83,0.4,20,3385,0.0013293943870015257,0.15469033249052228,0.7130946839805259,0.7984381544902986
2022 Q1 (0.4 Hz),sham 0.83,0.4,25,3351,0.0022381378692927223,0.25912185565633183,0.7912061572845284,0.8651792759042851
2022 Q1 (0.4 Hz),sham 0.83,0.4,30,3297,0.0019714892326356814,0.2264038869995974,0.7520576889486292,0.8264081615659913
2022 Q1 (0.4 Hz),sham 0.83,0.4,40,3022,0.0059563203176704604,0.6548702641533484,0.8679951376505737,0.8052328095585731
2022 Q1 (0.4 Hz),sham 0.83,0.4,50,2584,0.006578947368421018,0.6688560540599351,0.8378758308459096,0.7278098350813492
2022 Q1 (0.4 Hz),sham 0.83,0.4,60,2057,0.006562955760816669,0.5953147159982669,0.6188212253239076,0.7452022636388048
2022 Q1 (0.4 Hz),sham 0.83,0.4,80,1051,-0.0014272121788772574,-0.09253795477134519,0.30099474448773234,0.33190654102940054
2022 Q1 (0.4 Hz),sham 0.83,0.4,100,409,0.025672371638141844,1.038383170511714,0.3659812095262035,0.5468031752675506
2022 Q1 (0.4 Hz),sham 0.83,0.45,0,3270,0.0,0.0,0.420855697425498,0.5872696136153429
2022 Q1 (0.4 Hz),sham 0.83,0.45,5,3270,0.0,0.0,0.420855697425498,0.5872696136153429
2022 Q1 (0.4 Hz),sham 0.83,0.45,10,3234,-0.0009276437847866581,-0.10550699226800131,0.40372925783607394,0.583502356143885
2022 Q1 (0.4 Hz),sham 0.83,0.45,15,3221,-0.0001552312946290213,-0.0176199486167835,0.46088119178326326,0.6475752505121739
2022 Q1 (0.4 Hz),sham 0.83,0.45,20,3189,0.0004703668861711918,0.05312439474504176,0.5208719619954266,0.7291366543746628
2022 Q1 (0.4 Hz),sham 0.83,0.45,25,3169,0.0007888923950772897,0.08881961467363321,0.5135113806293654,0.7473600992665861
2022 Q1 (0.4 Hz),sham 0.83,0.45,30,3135,0.0011164274322169598,0.12501993461459734,0.564335086730122,0.7835823916118632
2022 Q1 (0.4 Hz),sham 0.83,0.45,40,2898,0.004830917874396157,0.5201263317369983,0.8974470379967552,0.8580498828206613
2022 Q1 (0.4 Hz),sham 0.83,0.45,50,2507,0.005384922217790189,0.5392455839046532,0.6686574601551405,0.7089597800186223
2022 Q1 (0.4 Hz),sham 0.83,0.45,60,2010,0.0029850746268657025,0.26765984204728505,0.44610538306418823,0.6766013590792437
2022 Q1 (0.4 Hz),sham 0.83,0.45,80,1027,-0.006329113924050611,-0.4056562116192914,0.19495911619351902,0.2400558540850114
2022 Q1 (0.4 Hz),sham 0.83,0.45,100,397,0.018891687657430767,0.7528284198427448,0.5511073752748288,0.6541259791791174
2022 Q1 (0.4 Hz),sham 0.83,0.5,0,3064,0.002937336814621383,0.3251832180884629,0.5275875900018998,0.6698141427582684
2022 Q1 (0.4 Hz),sham 0.83,0.5,5,3064,0.002937336814621383,0.3251832180884629,0.5275875900018998,0.6698141427582684
2022 Q1 (0.4 Hz),sham 0.83,0.5,10,3033,0.002143092647543643,0.23605170797122735,0.5432024629421276,0.7178347561587888
2022 Q1 (0.4 Hz),sham 0.83,0.5,15,3022,0.0029781601588352302,0.3274351320766742,0.5928926549983855,0.7422582398192941
2022 Q1 (0.4 Hz),sham 0.83,0.5,20,2999,0.0035011670556852614,0.38346970719834234,0.6267572910278025,0.7948594906199888
2022 Q1 (0.4 Hz),sham 0.83,0.5,25,2991,0.0035105315947843163,0.383982196177036,0.6052299176819849,0.7925941884674059
2022 Q1 (0.4 Hz),sham 0.83,0.5,30,2960,0.003716216216216206,0.40436804215159317,0.679651603560602,0.8116263853913965
2022 Q1 (0.4 Hz),sham 0.83,0.5,40,2758,0.00616388687454672,0.6474135521204151,0.8602455250281622,0.8030764077431558
2022 Q1 (0.4 Hz),sham 0.83,0.5,50,2415,0.006832298136645987,0.6715144652340981,0.8892496651994108,0.7665020474752687
2022 Q1 (0.4 Hz),sham 0.83,0.5,60,1959,0.0028075548749362245,0.2485280814085154,0.6327207330727828,0.767454151624671
2022 Q1 (0.4 Hz),sham 0.83,0.5,80,1011,-0.00642927794263104,-0.4088535514195841,0.23356343621977427,0.27337037382470186
2022 Q1 (0.4 Hz),sham 0.83,0.5,100,390,0.023076923076923106,0.911465430375301,0.40002506510959746,0.6277488959294082
2022 Q1 (0.4 Hz),sham 0.83,0.55,0,2867,0.005057551447506081,0.5416068536820332,0.5948923115244519,0.7446040818972535
2022 Q1 (0.4 Hz),sham 0.83,0.55,5,2867,0.005057551447506081,0.5416068536820332,0.5948923115244519,0.7446040818972535
2022 Q1 (0.4 Hz),sham 0.83,0.55,10,2847,0.004039339655777963,0.43105640485414903,0.5315031076879334,0.7768021958721602
2022 Q1 (0.4 Hz),sham 0.83,0.55,15,2843,0.004045022863172654,0.4313595387909484,0.5371732849368609,0.7808085044408819
2022 Q1 (0.4 Hz),sham 0.83,0.55,20,2829,0.004065040650406471,0.4324255657551899,0.5727315552205215,0.8097335583525842
2022 Q1 (0.4 Hz),sham 0.83,0.55,25,2822,0.0038979447200566675,0.4141371363238173,0.5596626987253457,0.8153880593881372
2022 Q1 (0.4 Hz),sham 0.83,0.55,30,2800,0.003214285714285725,0.3401680257083057,0.576227976982539,0.8365889129553983
2022 Q1 (0.4 Hz),sham 0.83,0.55,40,2626,0.007616146230007614,0.7805713922509644,0.7793771081027535,0.6728057995160945
2022 Q1 (0.4 Hz),sham 0.83,0.55,50,2321,0.006678155967255517,0.6434638062625151,0.9062165428955828,0.7744032556466636
2022 Q1 (0.4 Hz),sham 0.83,0.55,60,1903,0.0028901734104046506,0.2521583134241322,0.6327302633999474,0.7657128280455848
2022 Q1 (0.4 Hz),sham 0.83,0.55,80,992,-0.0040322580645161255,-0.2540002540003808,0.346921072164331,0.39480406243375066
2022 Q1 (0.4 Hz),sham 0.83,0.55,100,382,0.02617801047120416,1.0232890201933007,0.3624974540595194,0.5867348514768664
2022 Q1 (0.4 Hz),sham 0.83,0.6,0,2664,-0.0007507507507507616,-0.07749842582921398,0.5247919990837824,0.6917896736579506
2022 Q1 (0.4 Hz),sham 0.83,0.6,5,2664,-0.0007507507507507616,-0.07749842582921398,0.5247919990837824,0.6917896736579506
2022 Q1 (0.4 Hz),sham 0.83,0.6,10,2663,-0.0009387908374014486,-0.09689121928232043,0.5184764173103844,0.6845292508144092
2022 Q1 (0.4 Hz),sham 0.83,0.6,15,2662,-0.0007513148009015702,-0.0775275332202212,0.5433627921138726,0.6971819928004552
2022 Q1 (0.4 Hz),sham 0.83,0.6,20,2651,-0.0009430403621275008,-0.09711026527239551,0.5358717722497517,0.7164634455259709
2022 Q1 (0.4 Hz),sham 0.83,0.6,25,2646,-0.0007558578987150177,-0.07776157913597145,0.5353231706973008,0.7100497555507401
2022 Q1 (0.4 Hz),sham 0.83,0.6,30,2633,-0.0020888720091150614,-0.21437160306470396,0.5151240769215383,0.6848092732899338
2022 Q1 (0.4 Hz),sham 0.83,0.6,40,2482,0.0028203062046736616,0.28101347606629623,0.8791954580990806,0.8441177900995567
2022 Q1 (0.4 Hz),sham 0.83,0.6,50,2214,0.003161698283649539,0.2975357994295612,0.8857368038521806,0.7636213838866217
2022 Q1 (0.4 Hz),sham 0.83,0.6,60,1828,0.0,0.0,0.4719579877196344,0.6051720298187586
2022 Q1 (0.4 Hz),sham 0.83,0.6,80,967,-0.006721820062047579,-0.41805181689981596,0.3414645257003842,0.3299027068899706
2022 Q1 (0.4 Hz),sham 0.83,0.6,100,367,0.02043596730245234,0.7829936264578218,0.47190178532981697,0.7310961768011002
2022 Q1 (0.4 Hz),sham 0.83,0.65,0,2453,-0.0026498165511618654,-0.26247900931352414,0.5582496276635984,0.5662856046421033
2022 Q1 (0.4 Hz),sham 0.83,0.65,5,2453,-0.0026498165511618654,-0.26247900931352414,0.5582496276635984,0.5662856046421033
2022 Q1 (0.4 Hz),sham 0.83,0.65,10,2452,-0.0028548123980424167,-0.28272733710270703,0.5515128595514286,0.5512092022045711
2022 Q1 (0.4 Hz),sham 0.83,0.65,15,2451,-0.0026519787841697284,-0.2625860780552027,0.5780012177031784,0.5695012589719965
2022 Q1 (0.4 Hz),sham 0.83,0.65,20,2441,-0.0030725112658746556,-0.30360391627289673,0.5768115684793242,0.5809532071731658
2022 Q1 (0.4 Hz),sham 0.83,0.65,25,2439,-0.003075030750307517,-0.3037283696153949,0.5967890449493776,0.5828456213064235
2022 Q1 (0.4 Hz),sham 0.83,0.65,30,2430,-0.004526748971193428,-0.44629245426347,0.5687838489925772,0.5233585205702923
2022 Q1 (0.4 Hz),sham 0.83,0.65,40,2306,-0.00043365134431916363,-0.04164859394117213,0.8355649585977515,0.9042042173548559
2022 Q1 (0.4 Hz),sham 0.83,0.65,50,2081,0.00024026910139351987,0.02192118160106699,0.8595033889817995,0.8053318066528283
2022 Q1 (0.4 Hz),sham 0.83,0.65,60,1740,-0.0034482758620689724,-0.2876779808912311,0.41949599141779736,0.5235083442908831
2022 Q1 (0.4 Hz),sham 0.83,0.65,80,933,-0.012325830653804937,-0.7529861951423993,0.2770044035727697,0.2141932794544803
2022 Q1 (0.4 Hz),sham 0.83,0.65,100,346,0.014450867052023142,0.5376033305704712,0.7295760113669199,0.8464985050948324
2022 Q1 (0.4 Hz),sham 0.83,0.7,0,2228,-0.006732495511669656,-0.6355703979105534,0.31679763966192964,0.36957733274945237
2022 Q1 (0.4 Hz),sham 0.83,0.7,5,2228,-0.006732495511669656,-0.6355703979105534,0.31679763966192964,0.36957733274945237
2022 Q1 (0.4 Hz),sham 0.83,0.7,10,2227,-0.006960035922766061,-0.6569035143851008,0.31092677871857266,0.35715680853706433
2022 Q1 (0.4 Hz),sham 0.83,0.7,15,2226,-0.006738544474393537,-0.6358558550989466,0.3306213520637641,0.3738092495282823
2022 Q1 (0.4 Hz),sham 0.83,0.7,20,2219,-0.006985128436232557,-0.6580865923618409,0.34055122541764904,0.38783293498628524
2022 Q1 (0.4 Hz),sham 0.83,0.7,25,2217,-0.0069914298601714275,-0.658383361978893,0.3550962415213619,0.3927540909405989
2022 Q1 (0.4 Hz),sham 0.83,0.7,30,2211,-0.007914970601537785,-0.7443439676034502,0.34440197352712265,0.37678538767005
2022 Q1 (0.4 Hz),sham 0.83,0.7,40,2120,-0.003301886792452857,-0.30406056993415104,0.7106671444424608,0.816460519269156
2022 Q1 (0.4 Hz),sham 0.83,0.7,50,1937,-0.0033557046979865723,-0.29537826959282354,0.7453946941645435,0.7210165890728943
2022 Q1 (0.4 Hz),sham 0.83,0.7,60,1644,-0.0048661800486617945,-0.3946108989335916,0.37143166193670907,0.4895497408219054
2022 Q1 (0.4 Hz),sham 0.83,0.7,80,891,-0.016273849607182922,-0.9715365547505704,0.33464398838757325,0.18898299417006914
2022 Q1 (0.4 Hz),sham 0.83,0.7,100,328,0.0030487804878048808,0.11043152607484664,0.9796852064773268,0.9743755819884334
2022 Q1 (0.4 Hz),sham 0.83,0.75,0,1980,-0.011111111111111127,-0.9888264649460897,0.41488205758995034,0.275020172966538
2022 Q1 (0.4 Hz),sham 0.83,0.75,5,1980,-0.011111111111111127,-0.9888264649460897,0.41488205758995034,0.275020172966538
2022 Q1 (0.4 Hz),sham 0.83,0.75,10,1979,-0.011369378473976732,-1.0115552692057432,0.40747787025806925,0.26262943721752163
2022 Q1 (0.4 Hz),sham 0.83,0.75,15,1978,-0.011122345803842248,-0.9893262509092319,0.43227847806096253,0.2770130219188144
2022 Q1 (0.4 Hz),sham 0.83,0.75,20,1973,-0.011403953370501763,-1.01309219883738,0.4270443127151795,0.27879396624289465
2022 Q1 (0.4 Hz),sham 0.83,0.75,25,1971,-0.011415525114155278,-1.0136060675992313,0.44476008203241524,0.2811717478992528
2022 Q1 (0.4 Hz),sham 0.83,0.75,30,1967,-0.01245551601423489,-1.1048260358060995,0.41433270139028766,0.2502012379872903
2022 Q1 (0.4 Hz),sham 0.83,0.75,40,1903,-0.006568575932737797,-0.5730870759639329,0.71429908203901,0.6350862458915407
2022 Q1 (0.4 Hz),sham 0.83,0.75,50,1759,-0.004832291074474138,-0.405336769282187,0.7048868684698324,0.6045962501644517
2022 Q1 (0.4 Hz),sham 0.83,0.75,60,1522,-0.003942181340341633,-0.3075912095106078,0.4574009733875569,0.5705985666736972
2022 Q1 (0.4 Hz),sham 0.83,0.75,80,846,-0.015366430260047304,-0.893898413424289,0.2675197409656367,0.19065698688531718
2022 Q1 (0.4 Hz),sham 0.83,0.75,100,314,0.0031847133757961776,0.11286652959662004,0.98528658977227,0.9664795796995873
2022 Q1 (0.4 Hz),sham 0.83,0.8,0,1685,-0.0014836795252225476,-0.12180638428352362,0.8947770304742114,0.9354818904804709
2022 Q1 (0.4 Hz),sham 0.83,0.8,5,1685,-0.0014836795252225476,-0.12180638428352362,0.8947770304742114,0.9354818904804709
2022 Q1 (0.4 Hz),sham 0.83,0.8,10,1685,-0.0014836795252225476,-0.12180638428352362,0.8947770304742114,0.9354818904804709
2022 Q1 (0.4 Hz),sham 0.83,0.8,15,1684,-0.001187648456057011,-0.09747403576571619,0.9165933172405407,0.9442947089427705
2022 Q1 (0.4 Hz),sham 0.83,0.8,20,1683,-0.00148544266191325,-0.12187873735452175,0.9115166913624826,0.9397559525925737
2022 Q1 (0.4 Hz),sham 0.83,0.8,25,1682,-0.0017835909631391256,-0.14629795472825166,0.9062810161142003,0.9243322471497185
2022 Q1 (0.4 Hz),sham 0.83,0.8,30,1679,-0.0026801667659320794,-0.2196428960535191,0.8896466479956247,0.9228727279899627
2022 Q1 (0.4 Hz),sham 0.83,0.8,40,1639,0.002135448444173238,0.1729054025137005,0.9660527599122656,0.9679918743608316
2022 Q1 (0.4 Hz),sham 0.83,0.8,50,1546,0.0019404915912031306,0.15259717918244056,0.94822130529881,0.8782007846474413
2022 Q1 (0.4 Hz),sham 0.83,0.8,60,1361,0.0011021307861865948,0.08131903047331154,0.7750505786565428,0.8029452542048903
2022 Q1 (0.4 Hz),sham 0.83,0.8,80,762,-0.011811023622047223,-0.6520712004019954,0.2254440067218455,0.24611503333905071
2022 Q1 (0.4 Hz),sham 0.83,0.8,100,269,0.0018587360594795044,0.060971076084967615,0.9660925298569316,0.9365526223754118
2022 Q1 (0.4 Hz),sham 0.83,0.85,0,1345,-0.004089219330855043,-0.2999380357320683,0.8678959966333251,0.8319985025139054
2022 Q1 (0.4 Hz),sham 0.83,0.85,5,1345,-0.004089219330855043,-0.2999380357320683,0.8678959966333251,0.8319985025139054
2022 Q1 (0.4 Hz),sham 0.83,0.85,10,1345,-0.004089219330855043,-0.2999380357320683,0.8678959966333251,0.8319985025139054
2022 Q1 (0.4 Hz),sham 0.83,0.85,15,1345,-0.004089219330855043,-0.2999380357320683,0.8678959966333251,0.8319985025139054
2022 Q1 (0.4 Hz),sham 0.83,0.85,20,1345,-0.004089219330855043,-0.2999380357320683,0.8678959966333251,0.8319985025139054
2022 Q1 (0.4 Hz),sham 0.83,0.85,25,1345,-0.004089219330855043,-0.2999380357320683,0.8678959966333251,0.8319985025139054
2022 Q1 (0.4 Hz),sham 0.83,0.85,30,1344,-0.004464285714285698,-0.32732683535398743,0.8607746685017149,0.8315257509773284
2022 Q1 (0.4 Hz),sham 0.83,0.85,40,1323,0.00037792894935750887,0.027492869961409882,0.9572361122704224,0.9385186273036974
2022 Q1 (0.4 Hz),sham 0.83,0.85,50,1275,0.0011764705882353343,0.08401680504168346,0.9766403957468253,0.9368565686098345
2022 Q1 (0.4 Hz),sham 0.83,0.85,60,1149,-0.0004351610095735259,-0.029501220638255277,0.8627457400321729,0.8238837512823134
2022 Q1 (0.4 Hz),sham 0.83,0.85,80,658,-0.0075987841945288626,-0.38984058779272457,0.4686312914673375,0.49139626530956015
2022 Q1 (0.4 Hz),sham 0.83,0.85,100,227,0.028634361233480177,0.8628403050799635,0.5601536817256754,0.7579846427515551
2022 Q1 (0.4 Hz),sham 0.83,0.9,0,977,-0.0035823950870010335,-0.223949840852845,0.36658435078880325,0.4437900264986616
2022 Q1 (0.4 Hz),sham 0.83,0.9,5,977,-0.0035823950870010335,-0.223949840852845,0.36658435078880325,0.4437900264986616
2022 Q1 (0.4 Hz),sham 0.83,0.9,10,977,-0.0035823950870010335,-0.223949840852845,0.36658435078880325,0.4437900264986616
2022 Q1 (0.4 Hz),sham 0.83,0.9,15,977,-0.0035823950870010335,-0.223949840852845,0.36658435078880325,0.4437900264986616
2022 Q1 (0.4 Hz),sham 0.83,0.9,20,977,-0.0035823950870010335,-0.223949840852845,0.36658435078880325,0.4437900264986616
2022 Q1 (0.4 Hz),sham 0.83,0.9,25,977,-0.0035823950870010335,-0.223949840852845,0.36658435078880325,0.4437900264986616
2022 Q1 (0.4 Hz),sham 0.83,0.9,30,977,-0.0035823950870010335,-0.223949840852845,0.36658435078880325,0.4437900264986616
2022 Q1 (0.4 Hz),sham 0.83,0.9,40,967,0.0005170630816959676,0.032157832069216616,0.42871332746576885,0.5537370060625625
2022 Q1 (0.4 Hz),sham 0.83,0.9,50,939,-0.0015974440894568898,-0.09790129997472691,0.4720652665439553,0.5173124549710812
2022 Q1 (0.4 Hz),sham 0.83,0.9,60,879,0.0005688282138793799,0.03372916286774255,0.5994599042556905,0.47310829940888144
2022 Q1 (0.4 Hz),sham 0.83,0.9,80,522,-0.005747126436781602,-0.2626128657194448,0.3546697329946036,0.34532491843951674
2022 Q1 (0.4 Hz),sham 0.83,0.9,100,169,,,,
2022 Q1 (0.4 Hz),sham 0.83,0.95,0,505,0.000990099009900991,0.04449941594899852,0.7140990959097605,0.5870441317173518
2022 Q1 (0.4 Hz),sham 0.83,0.95,5,505,0.000990099009900991,0.04449941594899852,0.7140990959097605,0.5870441317173518
2022 Q1 (0.4 Hz),sham 0.83,0.95,10,505,0.000990099009900991,0.04449941594899852,0.7140990959097605,0.5870441317173518
2022 Q1 (0.4 Hz),sham 0.83,0.95,15,505,0.000990099009900991,0.04449941594899852,0.7140990959097605,0.5870441317173518
2022 Q1 (0.4 Hz),sham 0.83,0.95,20,505,0.000990099009900991,0.04449941594899852,0.7140990959097605,0.5870441317173518
2022 Q1 (0.4 Hz),sham 0.83,0.95,25,505,0.000990099009900991,0.04449941594899852,0.7140990959097605,0.5870441317173518
2022 Q1 (0.4 Hz),sham 0.83,0.95,30,505,0.000990099009900991,0.04449941594899852,0.7140990959097605,0.5870441317173518
2022 Q1 (0.4 Hz),sham 0.83,0.95,40,500,0.006000000000000005,0.268328157299975,0.7853247596192906,0.7065966907146612
2022 Q1 (0.4 Hz),sham 0.83,0.95,50,485,0.003092783505154628,0.13622298275594946,0.8905613457417326,0.7960143990986717
2022 Q1 (0.4 Hz),sham 0.83,0.95,60,468,0.0064102564102563875,0.2773500981126136,0.8575495345658053,0.7850893743605829
2022 Q1 (0.4 Hz),sham 0.83,0.95,80,298,-0.030201342281879207,-1.0427120034542865,0.20278534535673076,0.14716637554947443
2022 Q1 (0.4 Hz),sham 0.83,0.95,100,88,,,,
