id,p_value,NFC,freq,rec,sens,sens_2f,Q,Q_2f,spk_count,date,ID,species,area,contingency,n_frames,roi_index,p_iscell,npix,iscell_threshold,session
0,0.049114347387071766,2.4631017480295245,0.4,engert_20220221_magnet,1.2698975801467896,,72.0,,,20220221,unknown,zebrafish,WB,mag,2280.0,2,0.7017387440582521,58,0.55,2022_02_21
1,0.7197985112228211,0.8094328595507715,0.4,engert_20220221_magnet,0.6410317420959473,,72.0,,,20220221,unknown,zebrafish,WB,mag,2280.0,3,0.6133442635213278,49,0.55,2022_02_21
2,0.9416009445469679,0.3457765399211428,0.4,engert_20220221_magnet,1.0370564460754395,,72.0,,,20220221,unknown,zebrafish,WB,mag,2280.0,4,0.7849231174455537,29,0.55,2022_02_21
3,0.20175036960228776,1.7906160252994465,0.4,engert_20220221_magnet,0.5684224963188171,,72.0,,,20220221,unknown,zebrafish,WB,mag,2280.0,9,0.6794269168660918,52,0.55,2022_02_21
4,0.2771239348873,1.6023326507353506,0.4,engert_20220221_magnet,0.4789152443408966,,72.0,,,20220221,unknown,zebrafish,WB,mag,2280.0,10,0.864683483451116,45,0.55,2022_02_21
5,0.11041117245491971,2.103182950392287,0.4,engert_20220221_magnet,1.404820203781128,,72.0,,,20220221,unknown,zebrafish,WB,mag,2280.0,11,0.9641955728032252,50,0.55,2022_02_21
6,0.5678312761655259,1.0625685120996176,0.4,engert_20220221_magnet,0.4320985972881317,,72.0,,,20220221,unknown,zebrafish,WB,mag,2280.0,12,0.8553514520692962,64,0.55,2022_02_21
7,0.3670511841529569,1.4152992044431627,0.4,engert_20220221_magnet,1.1306004524230957,,72.0,,,20220221,unknown,zebrafish,WB,mag,2280.0,14,0.9361083439283522,41,0.55,2022_02_21
8,0.003327690241003989,3.4049942459057627,0.4,engert_20220221_magnet,1.664700984954834,,72.0,,,20220221,unknown,zebrafish,WB,mag,2280.0,16,0.6221821333986987,60,0.55,2022_02_21
9,0.32326221671724964,1.5026839869140634,0.4,engert_20220221_magnet,1.1677632331848145,,72.0,,,20220221,unknown,zebrafish,WB,mag,2280.0,17,0.8784824053683902,90,0.55,2022_02_21
10,0.4027779837699018,1.3478804399971533,0.4,engert_20220221_magnet,1.663523554801941,,72.0,,,20220221,unknown,zebrafish,WB,mag,2280.0,18,0.9041105135264882,127,0.55,2022_02_21
11,0.2681637800432124,1.622821176191848,0.4,engert_20220221_magnet,2.024679183959961,,72.0,,,20220221,unknown,zebrafish,WB,mag,2280.0,19,0.8299388786509155,39,0.55,2022_02_21
12,0.6872844824092788,0.86456806622256,0.4,engert_20220221_magnet,1.902476191520691,,72.0,,,20220221,unknown,zebrafish,WB,mag,2280.0,20,0.9422744892139661,112,0.55,2022_02_21
13,0.38514163012259683,1.3807847646978926,0.4,engert_20220221_magnet,2.57903790473938,,72.0,,,20220221,unknown,zebrafish,WB,mag,2280.0,21,0.75398235113008,148,0.55,2022_02_21
14,0.3111971773393174,1.5278909999769172,0.4,engert_20220221_magnet,1.2976092100143433,,72.0,,,20220221,unknown,zebrafish,WB,mag,2280.0,22,0.9741475805709511,74,0.55,2022_02_21
15,0.08645199620378163,2.2178173785897677,0.4,engert_20220221_magnet,2.918034076690674,,72.0,,,20220221,unknown,zebrafish,WB,mag,2280.0,23,0.8875099987940482,173,0.55,2022_02_21
16,0.9362488913111019,0.3618166455157523,0.4,engert_20220221_magnet,1.9082869291305542,,72.0,,,20220221,unknown,zebrafish,WB,mag,2280.0,24,0.8733458806400148,94,0.55,2022_02_21
17,0.2830213575444567,1.589069420222663,0.4,engert_20220221_magnet,3.4171793460845947,,72.0,,,20220221,unknown,zebrafish,WB,mag,2280.0,26,0.8168619279970724,132,0.55,2022_02_21
18,0.5994990017048263,1.0102149985145648,0.4,engert_20220221_magnet,1.7879304885864258,,72.0,,,20220221,unknown,zebrafish,WB,mag,2280.0,27,0.7634960226183847,124,0.55,2022_02_21
19,0.001631166353299518,3.615910392652167,0.4,engert_20220221_magnet,1.2282241582870483,,72.0,,,20220221,unknown,zebrafish,WB,mag,2280.0,28,0.8579065379998595,181,0.55,2022_02_21
20,0.08214036059370167,2.2410740599701926,0.4,engert_20220221_magnet,0.8814490437507629,,72.0,,,20220221,unknown,zebrafish,WB,mag,2280.0,29,0.814885655853012,31,0.55,2022_02_21
21,0.625731878517959,0.9669165557505702,0.4,engert_20220221_magnet,1.0727224349975586,,72.0,,,20220221,unknown,zebrafish,WB,mag,2280.0,30,0.9779192076563749,95,0.55,2022_02_21
22,0.5972008184457525,1.014008411953339,0.4,engert_20220221_magnet,2.8680472373962402,,72.0,,,20220221,unknown,zebrafish,WB,mag,2280.0,31,0.801269232855753,180,0.55,2022_02_21
23,0.22790873068747164,1.720693306372745,0.4,engert_20220221_magnet,2.893528699874878,,72.0,,,20220221,unknown,zebrafish,WB,mag,2280.0,32,0.9536145198600101,145,0.55,2022_02_21
24,0.08284233170221267,2.2372219275530565,0.4,engert_20220221_magnet,3.060728073120117,,72.0,,,20220221,unknown,zebrafish,WB,mag,2280.0,33,0.9413095240333605,91,0.55,2022_02_21
25,0.8715678014523789,0.5230013169813476,0.4,engert_20220221_magnet,1.0320855379104614,,72.0,,,20220221,unknown,zebrafish,WB,mag,2280.0,35,0.9589826528976677,62,0.55,2022_02_21
26,0.5175738592929835,1.1464980079611953,0.4,engert_20220221_magnet,1.5811578035354614,,72.0,,,20220221,unknown,zebrafish,WB,mag,2280.0,39,0.9283538720501282,97,0.55,2022_02_21
27,0.39550629366341516,1.3613640242652982,0.4,engert_20220221_magnet,0.6992775797843933,,72.0,,,20220221,unknown,zebrafish,WB,mag,2280.0,41,0.5937832668928386,28,0.55,2022_02_21
28,0.2486059983343334,1.6690891206891243,0.4,engert_20220221_magnet,3.459277391433716,,72.0,,,20220221,unknown,zebrafish,WB,mag,2280.0,43,0.9047539085776232,138,0.55,2022_02_21
29,0.6452888469550085,0.9345733530911697,0.4,engert_20220221_magnet,3.080111503601074,,72.0,,,20220221,unknown,zebrafish,WB,mag,2280.0,44,0.7425967342647998,181,0.55,2022_02_21
30,0.289600433045475,1.5744704014479578,0.4,engert_20220221_magnet,4.231533527374268,,72.0,,,20220221,unknown,zebrafish,WB,mag,2280.0,45,0.8716047627919765,84,0.55,2022_02_21
31,0.6566237746225252,0.9157710966605281,0.4,engert_20220221_magnet,2.0367937088012695,,72.0,,,20220221,unknown,zebrafish,WB,mag,2280.0,46,0.9855711394620877,80,0.55,2022_02_21
32,0.08744741039018644,2.2125808408403413,0.4,engert_20220221_magnet,2.8764212131500244,,72.0,,,20220221,unknown,zebrafish,WB,mag,2280.0,47,0.7321939415159199,150,0.55,2022_02_21
33,0.4538853473464616,1.2559354597009527,0.4,engert_20220221_magnet,1.060271143913269,,72.0,,,20220221,unknown,zebrafish,WB,mag,2280.0,48,0.9801820644021007,90,0.55,2022_02_21
34,0.48813438255386543,1.1965300444033893,0.4,engert_20220221_magnet,1.915202021598816,,72.0,,,20220221,unknown,zebrafish,WB,mag,2280.0,49,0.7917153598904558,185,0.55,2022_02_21
35,0.818194061564174,0.6320757429884689,0.4,engert_20220221_magnet,2.2597970962524414,,72.0,,,20220221,unknown,zebrafish,WB,mag,2280.0,50,0.8572972080044846,110,0.55,2022_02_21
36,0.5831641988800754,1.03719260336076,0.4,engert_20220221_magnet,3.4438531398773193,,72.0,,,20220221,unknown,zebrafish,WB,mag,2280.0,51,0.945940812366395,139,0.55,2022_02_21
37,0.4794512542413758,1.21145484046715,0.4,engert_20220221_magnet,4.444056034088135,,72.0,,,20220221,unknown,zebrafish,WB,mag,2280.0,52,0.8945046026611922,109,0.55,2022_02_21
38,0.32179437169737446,1.5057218242992692,0.4,engert_20220221_magnet,2.391508102416992,,72.0,,,20220221,unknown,zebrafish,WB,mag,2280.0,53,0.9706747509282218,74,0.55,2022_02_21
39,0.5499811364748047,1.0922177341256205,0.4,engert_20220221_magnet,2.1471219062805176,,72.0,,,20220221,unknown,zebrafish,WB,mag,2280.0,55,0.8419053470084484,87,0.55,2022_02_21
40,0.5637277042558468,1.0693727594334461,0.4,engert_20220221_magnet,3.956235408782959,,72.0,,,20220221,unknown,zebrafish,WB,mag,2280.0,56,0.9610971212579198,88,0.55,2022_02_21
41,0.703973608041286,0.8364008253761815,0.4,engert_20220221_magnet,2.67560076713562,,72.0,,,20220221,unknown,zebrafish,WB,mag,2280.0,57,0.9918935816473797,107,0.55,2022_02_21
42,0.5048319041298017,1.1680535196240567,0.4,engert_20220221_magnet,3.714064121246338,,72.0,,,20220221,unknown,zebrafish,WB,mag,2280.0,58,0.8297269139817568,48,0.55,2022_02_21
43,0.47222629019497997,1.2239401418079165,0.4,engert_20220221_magnet,1.4938539266586304,,72.0,,,20220221,unknown,zebrafish,WB,mag,2280.0,59,0.8765550438136779,79,0.55,2022_02_21
44,0.8608078936428637,0.5461596769779137,0.4,engert_20220221_magnet,3.2624778747558594,,72.0,,,20220221,unknown,zebrafish,WB,mag,2280.0,60,0.8086476018657691,66,0.55,2022_02_21
45,0.24126048011087864,1.687069303610244,0.4,engert_20220221_magnet,0.9762886762619019,,72.0,,,20220221,unknown,zebrafish,WB,mag,2280.0,62,0.9570754842918509,63,0.55,2022_02_21
46,0.8467395834579878,0.5754470602845654,0.4,engert_20220221_magnet,0.798581063747406,,72.0,,,20220221,unknown,zebrafish,WB,mag,2280.0,63,0.9572680378903364,36,0.55,2022_02_21
47,0.05949429839107068,2.3826566209452382,0.4,engert_20220221_magnet,1.3110525608062744,,72.0,,,20220221,unknown,zebrafish,WB,mag,2280.0,64,0.967149860761059,87,0.55,2022_02_21
48,0.7231612623949615,0.8036645301575679,0.4,engert_20220221_magnet,3.096984386444092,,72.0,,,20220221,unknown,zebrafish,WB,mag,2280.0,65,0.916554582987713,71,0.55,2022_02_21
49,0.7623376007807736,0.735240216367733,0.4,engert_20220221_magnet,3.860612630844116,,72.0,,,20220221,unknown,zebrafish,WB,mag,2280.0,66,0.840456529561763,66,0.55,2022_02_21
50,0.723576099771073,0.8029519836605855,0.4,engert_20220221_magnet,1.1615983247756958,,72.0,,,20220221,unknown,zebrafish,WB,mag,2280.0,67,0.9676617081051623,75,0.55,2022_02_21
51,0.12499926069735545,2.042649202774674,0.4,engert_20220221_magnet,2.064713954925537,,72.0,,,20220221,unknown,zebrafish,WB,mag,2280.0,68,0.8018296174484367,105,0.55,2022_02_21
52,0.35188365173563774,1.4449051070886192,0.4,engert_20220221_magnet,0.81449294090271,,72.0,,,20220221,unknown,zebrafish,WB,mag,2280.0,69,0.602695233345871,36,0.55,2022_02_21
53,0.27708575119824697,1.6024190968324266,0.4,engert_20220221_magnet,2.2556161880493164,,72.0,,,20220221,unknown,zebrafish,WB,mag,2280.0,70,0.8931061933311246,71,0.55,2022_02_21
54,0.2525729387005833,1.6595217049886823,0.4,engert_20220221_magnet,2.561131000518799,,72.0,,,20220221,unknown,zebrafish,WB,mag,2280.0,71,0.9894684193471726,105,0.55,2022_02_21
55,0.5792552527095955,1.0436557010469856,0.4,engert_20220221_magnet,3.844813585281372,,72.0,,,20220221,unknown,zebrafish,WB,mag,2280.0,72,0.9973110995388955,75,0.55,2022_02_21
56,0.736921388037574,0.7799043662085505,0.4,engert_20220221_magnet,3.87353777885437,,72.0,,,20220221,unknown,zebrafish,WB,mag,2280.0,74,0.9558460415756461,74,0.55,2022_02_21
57,0.8317377464903517,0.6056242744490314,0.4,engert_20220221_magnet,2.7433416843414307,,72.0,,,20220221,unknown,zebrafish,WB,mag,2280.0,75,0.9949382413046601,88,0.55,2022_02_21
58,0.2886491945559325,1.5765687310432495,0.4,engert_20220221_magnet,5.720200061798096,,72.0,,,20220221,unknown,zebrafish,WB,mag,2280.0,77,0.9209054952656169,136,0.55,2022_02_21
59,0.29636166948404774,1.5596735108264776,0.4,engert_20220221_magnet,3.6968045234680176,,72.0,,,20220221,unknown,zebrafish,WB,mag,2280.0,78,0.992592064121495,82,0.55,2022_02_21
60,0.567008364774213,1.063932493926504,0.4,engert_20220221_magnet,0.26603326201438904,,72.0,,,20220221,unknown,zebrafish,WB,mag,2280.0,79,0.6376321380551266,24,0.55,2022_02_21
61,0.20859788327717177,1.7717412656430038,0.4,engert_20220221_magnet,3.4087767601013184,,72.0,,,20220221,unknown,zebrafish,WB,mag,2280.0,80,0.9172243950615759,73,0.55,2022_02_21
62,0.40593219056244656,1.3420663879372126,0.4,engert_20220221_magnet,2.738896369934082,,72.0,,,20220221,unknown,zebrafish,WB,mag,2280.0,81,0.7939178116293744,76,0.55,2022_02_21
63,0.844779567383829,0.5794476436412389,0.4,engert_20220221_magnet,0.7662818431854248,,72.0,,,20220221,unknown,zebrafish,WB,mag,2280.0,82,0.9199456877252906,35,0.55,2022_02_21
64,0.6331887462822603,0.9545955845949473,0.4,engert_20220221_magnet,2.386937141418457,,72.0,,,20220221,unknown,zebrafish,WB,mag,2280.0,84,0.9522080931235762,72,0.55,2022_02_21
65,0.17936115112820106,1.855638958782333,0.4,engert_20220221_magnet,1.6992292404174805,,72.0,,,20220221,unknown,zebrafish,WB,mag,2280.0,85,0.9618703928679034,99,0.55,2022_02_21
66,0.7912648366256162,0.6828408433755889,0.4,engert_20220221_magnet,3.852996587753296,,72.0,,,20220221,unknown,zebrafish,WB,mag,2280.0,86,0.9686041342933168,93,0.55,2022_02_21
67,0.35292839523216646,1.4428448565068979,0.4,engert_20220221_magnet,3.4474146366119385,,72.0,,,20220221,unknown,zebrafish,WB,mag,2280.0,87,0.9419901237094195,118,0.55,2022_02_21
68,0.9295741333291395,0.3809975201309943,0.4,engert_20220221_magnet,3.317094326019287,,72.0,,,20220221,unknown,zebrafish,WB,mag,2280.0,88,0.8892977886769015,92,0.55,2022_02_21
69,0.05540202410848549,2.4128582104254725,0.4,engert_20220221_magnet,1.2693538665771484,,72.0,,,20220221,unknown,zebrafish,WB,mag,2280.0,90,0.7725318819222827,86,0.55,2022_02_21
70,0.8111453115353497,0.6455814848255995,0.4,engert_20220221_magnet,4.743727684020996,,72.0,,,20220221,unknown,zebrafish,WB,mag,2280.0,91,0.8568593581393547,90,0.55,2022_02_21
71,0.3963103338009767,1.359867492321758,0.4,engert_20220221_magnet,2.3841567039489746,,72.0,,,20220221,unknown,zebrafish,WB,mag,2280.0,93,0.578813528480844,141,0.55,2022_02_21
72,0.5950075548771141,1.0176291285673909,0.4,engert_20220221_magnet,3.114060878753662,,72.0,,,20220221,unknown,zebrafish,WB,mag,2280.0,94,0.9285139606046257,76,0.55,2022_02_21
73,0.7691480186528437,0.7230706935610455,0.4,engert_20220221_magnet,3.2899010181427,,72.0,,,20220221,unknown,zebrafish,WB,mag,2280.0,95,0.980566448924294,92,0.55,2022_02_21
74,0.5732456050667547,1.053599912379962,0.4,engert_20220221_magnet,1.3193503618240356,,72.0,,,20220221,unknown,zebrafish,WB,mag,2280.0,96,0.7781889461402538,79,0.55,2022_02_21
75,0.3051460737399945,1.5407450585723683,0.4,engert_20220221_magnet,3.9199743270874023,,72.0,,,20220221,unknown,zebrafish,WB,mag,2280.0,97,0.9871571081242887,81,0.55,2022_02_21
76,0.7598681859781002,0.7396300565571903,0.4,engert_20220221_magnet,2.378103733062744,,72.0,,,20220221,unknown,zebrafish,WB,mag,2280.0,98,0.9856045092443814,83,0.55,2022_02_21
77,0.1868163958099056,1.8333822064593421,0.4,engert_20220221_magnet,2.0956218242645264,,72.0,,,20220221,unknown,zebrafish,WB,mag,2280.0,99,0.9394032708466419,105,0.55,2022_02_21
78,0.9162265460150893,0.4170906524708155,0.4,engert_20220221_magnet,3.4302008152008057,,72.0,,,20220221,unknown,zebrafish,WB,mag,2280.0,101,0.9467226871811398,83,0.55,2022_02_21
79,0.31836784399572116,1.5128439236313411,0.4,engert_20220221_magnet,2.0855915546417236,,72.0,,,20220221,unknown,zebrafish,WB,mag,2280.0,102,0.8781516241450575,55,0.55,2022_02_21
80,0.1014255425211057,2.1436348777167935,0.4,engert_20220221_magnet,1.7204095125198364,,72.0,,,20220221,unknown,zebrafish,WB,mag,2280.0,103,0.9320004428693458,143,0.55,2022_02_21
81,0.9891549785692787,0.14676084733956593,0.4,engert_20220221_magnet,0.6924799680709839,,72.0,,,20220221,unknown,zebrafish,WB,mag,2280.0,104,0.9821928176921069,84,0.55,2022_02_21
82,0.9104299560473758,0.43198048710651715,0.4,engert_20220221_magnet,1.8813538551330566,,72.0,,,20220221,unknown,zebrafish,WB,mag,2280.0,108,0.948465057343178,70,0.55,2022_02_21
83,0.7185558736746924,0.811560890620871,0.4,engert_20220221_magnet,2.39825177192688,,72.0,,,20220221,unknown,zebrafish,WB,mag,2280.0,109,0.9272333883475902,114,0.55,2022_02_21
84,0.43375864161855493,1.2916069461376316,0.4,engert_20220221_magnet,2.8203186988830566,,72.0,,,20220221,unknown,zebrafish,WB,mag,2280.0,110,0.8799660356418152,97,0.55,2022_02_21
85,0.7554918865722252,0.7473814017788069,0.4,engert_20220221_magnet,1.6247050762176514,,72.0,,,20220221,unknown,zebrafish,WB,mag,2280.0,114,0.8777511896824184,52,0.55,2022_02_21
86,0.8633359323989733,0.540781837920127,0.4,engert_20220221_magnet,3.2788829803466797,,72.0,,,20220221,unknown,zebrafish,WB,mag,2280.0,115,0.976765198051328,115,0.55,2022_02_21
87,0.02965850791070368,2.6636170771600076,0.4,engert_20220221_magnet,3.395632266998291,,72.0,,,20220221,unknown,zebrafish,WB,mag,2280.0,116,0.8884071131663192,131,0.55,2022_02_21
88,0.18722758188459687,1.8321730696585818,0.4,engert_20220221_magnet,2.0511693954467773,,72.0,,,20220221,unknown,zebrafish,WB,mag,2280.0,117,0.6364368187976882,48,0.55,2022_02_21
89,0.9383392825170912,0.3556267345566672,0.4,engert_20220221_magnet,6.228308200836182,,72.0,,,20220221,unknown,zebrafish,WB,mag,2280.0,119,0.9541280199124437,126,0.55,2022_02_21
90,0.8119389076555212,0.6440692816177312,0.4,engert_20220221_magnet,1.2529879808425903,,72.0,,,20220221,unknown,zebrafish,WB,mag,2280.0,120,0.9542366670633399,99,0.55,2022_02_21
91,0.8570062273649378,0.5541781116213732,0.4,engert_20220221_magnet,2.867213249206543,,72.0,,,20220221,unknown,zebrafish,WB,mag,2280.0,121,0.907906442141525,76,0.55,2022_02_21
92,0.3915095870509978,1.3688239538677305,0.4,engert_20220221_magnet,2.7652170658111572,,72.0,,,20220221,unknown,zebrafish,WB,mag,2280.0,122,0.9016756981776362,153,0.55,2022_02_21
93,0.6118006455801701,0.9899139498761476,0.4,engert_20220221_magnet,3.442769765853882,,72.0,,,20220221,unknown,zebrafish,WB,mag,2280.0,123,0.9670629231932921,82,0.55,2022_02_21
94,0.14590459331987138,1.96468202033984,0.4,engert_20220221_magnet,3.400986671447754,,72.0,,,20220221,unknown,zebrafish,WB,mag,2280.0,124,0.751397744307938,85,0.55,2022_02_21
95,0.6723367016050199,0.8896046502012068,0.4,engert_20220221_magnet,1.3053135871887207,,72.0,,,20220221,unknown,zebrafish,WB,mag,2280.0,125,0.9785547454574179,88,0.55,2022_02_21
96,0.8375564576327728,0.5940373080038412,0.4,engert_20220221_magnet,3.0026192665100098,,72.0,,,20220221,unknown,zebrafish,WB,mag,2280.0,126,0.9931492264809408,73,0.55,2022_02_21
97,0.4389376104422664,1.2823670488959753,0.4,engert_20220221_magnet,2.204793691635132,,72.0,,,20220221,unknown,zebrafish,WB,mag,2280.0,127,0.9745976768128316,81,0.55,2022_02_21
98,0.5719316182587336,1.0557755882130264,0.4,engert_20220221_magnet,2.3298985958099365,,72.0,,,20220221,unknown,zebrafish,WB,mag,2280.0,128,0.6104730352123983,52,0.55,2022_02_21
99,0.5374064284057867,1.1131992918121905,0.4,engert_20220221_magnet,1.4620615243911743,,72.0,,,20220221,unknown,zebrafish,WB,mag,2280.0,129,0.9315321821537528,68,0.55,2022_02_21
100,0.5378680317465612,1.1124274595586396,0.4,engert_20220221_magnet,1.0323231220245361,,72.0,,,20220221,unknown,zebrafish,WB,mag,2280.0,131,0.8721996440881714,45,0.55,2022_02_21
101,0.8992257839639112,0.4596480081085792,0.4,engert_20220221_magnet,2.330399751663208,,72.0,,,20220221,unknown,zebrafish,WB,mag,2280.0,132,0.7014346225394915,111,0.55,2022_02_21
102,0.9481368192294252,0.3252536193112273,0.4,engert_20220221_magnet,1.863451600074768,,72.0,,,20220221,unknown,zebrafish,WB,mag,2280.0,133,0.6524910025362722,88,0.55,2022_02_21
103,0.8855245318975655,0.4918028265651509,0.4,engert_20220221_magnet,2.3159046173095703,,72.0,,,20220221,unknown,zebrafish,WB,mag,2280.0,134,0.9065175527844265,83,0.55,2022_02_21
104,0.35136285675396617,1.4459333247484305,0.4,engert_20220221_magnet,2.917247772216797,,72.0,,,20220221,unknown,zebrafish,WB,mag,2280.0,135,0.940655240231104,147,0.55,2022_02_21
105,0.05904993985895657,2.3858510158850414,0.4,engert_20220221_magnet,2.1144139766693115,,72.0,,,20220221,unknown,zebrafish,WB,mag,2280.0,137,0.9463431498340267,65,0.55,2022_02_21
106,0.4115148676484367,1.331825592873636,0.4,engert_20220221_magnet,1.2274364233016968,,72.0,,,20220221,unknown,zebrafish,WB,mag,2280.0,138,0.9308357801945449,113,0.55,2022_02_21
107,0.28064048993098656,1.5944034623498262,0.4,engert_20220221_magnet,5.623480319976807,,72.0,,,20220221,unknown,zebrafish,WB,mag,2280.0,139,0.7088351625562468,123,0.55,2022_02_21
108,0.23363331749730432,1.7061217203233745,0.4,engert_20220221_magnet,2.1095974445343018,,72.0,,,20220221,unknown,zebrafish,WB,mag,2280.0,140,0.9606406195801063,88,0.55,2022_02_21
109,0.41298431744486575,1.3291403162119377,0.4,engert_20220221_magnet,1.3122695684432983,,72.0,,,20220221,unknown,zebrafish,WB,mag,2280.0,141,0.6518827225773901,39,0.55,2022_02_21
110,0.6942598830589961,0.8528257185335735,0.4,engert_20220221_magnet,1.7535126209259033,,72.0,,,20220221,unknown,zebrafish,WB,mag,2280.0,142,0.8996172558807779,141,0.55,2022_02_21
111,0.01590261282382488,2.8930926800030687,0.4,engert_20220221_magnet,4.027144432067871,,72.0,,,20220221,unknown,zebrafish,WB,mag,2280.0,145,0.9014589591199047,84,0.55,2022_02_21
112,0.1153512352287811,2.082026838445717,0.4,engert_20220221_magnet,3.84451961517334,,72.0,,,20220221,unknown,zebrafish,WB,mag,2280.0,146,0.9066320460254764,68,0.55,2022_02_21
113,0.46709680741267934,1.232843485824776,0.4,engert_20220221_magnet,2.1885335445404053,,72.0,,,20220221,unknown,zebrafish,WB,mag,2280.0,147,0.9706604788062393,96,0.55,2022_02_21
114,0.08024227293818964,2.251624825204305,0.4,engert_20220221_magnet,2.074350595474243,,72.0,,,20220221,unknown,zebrafish,WB,mag,2280.0,148,0.9063060815590983,56,0.55,2022_02_21
115,0.9893835389731427,0.14518896013333185,0.4,engert_20220221_magnet,3.1965088844299316,,72.0,,,20220221,unknown,zebrafish,WB,mag,2280.0,149,0.7432911967901634,87,0.55,2022_02_21
116,0.022274391641632807,2.7712711908006424,0.4,engert_20220221_magnet,2.20310640335083,,72.0,,,20220221,unknown,zebrafish,WB,mag,2280.0,150,0.9524215959204084,55,0.55,2022_02_21
117,0.4758390552571031,1.2176891492290902,0.4,engert_20220221_magnet,2.6362662315368652,,72.0,,,20220221,unknown,zebrafish,WB,mag,2280.0,151,0.9834545239914899,108,0.55,2022_02_21
118,0.571584740095879,1.056350038215039,0.4,engert_20220221_magnet,1.513311743736267,,72.0,,,20220221,unknown,zebrafish,WB,mag,2280.0,154,0.9839381158298623,69,0.55,2022_02_21
119,0.7740818452833546,0.7141939573037759,0.4,engert_20220221_magnet,6.085358142852783,,72.0,,,20220221,unknown,zebrafish,WB,mag,2280.0,155,0.942083699971588,106,0.55,2022_02_21
120,0.09292437343624127,2.1845906035177345,0.4,engert_20220221_magnet,2.4515514373779297,,72.0,,,20220221,unknown,zebrafish,WB,mag,2280.0,156,0.8357303948698903,52,0.55,2022_02_21
121,0.07593514489150677,2.2763354193621668,0.4,engert_20220221_magnet,2.5837221145629883,,72.0,,,20220221,unknown,zebrafish,WB,mag,2280.0,157,0.9945896106069949,74,0.55,2022_02_21
122,0.42856356141973284,1.3009207177394497,0.4,engert_20220221_magnet,2.4058895111083984,,72.0,,,20220221,unknown,zebrafish,WB,mag,2280.0,158,0.751397744307938,74,0.55,2022_02_21
123,0.7452239230665476,0.7654340136288328,0.4,engert_20220221_magnet,1.5049400329589844,,72.0,,,20220221,unknown,zebrafish,WB,mag,2280.0,159,0.9665937095214623,89,0.55,2022_02_21
124,0.8310943591095816,0.6068969340525298,0.4,engert_20220221_magnet,2.812955617904663,,72.0,,,20220221,unknown,zebrafish,WB,mag,2280.0,162,0.9716606527788163,93,0.55,2022_02_21
125,0.5127591549818433,1.1546267040549232,0.4,engert_20220221_magnet,3.9632134437561035,,72.0,,,20220221,unknown,zebrafish,WB,mag,2280.0,163,0.9877652259513783,93,0.55,2022_02_21
126,0.10402116566047592,2.131670712896611,0.4,engert_20220221_magnet,2.6416075229644775,,72.0,,,20220221,unknown,zebrafish,WB,mag,2280.0,164,0.8519189877686005,109,0.55,2022_02_21
127,0.7287372766240061,0.7940675940470182,0.4,engert_20220221_magnet,4.019525527954102,,72.0,,,20220221,unknown,zebrafish,WB,mag,2280.0,165,0.8966968540392215,76,0.55,2022_02_21
128,0.06583328229684993,2.339104661106542,0.4,engert_20220221_magnet,3.0424888134002686,,72.0,,,20220221,unknown,zebrafish,WB,mag,2280.0,166,0.766621412727043,103,0.55,2022_02_21
129,0.2171966206867364,1.7486317786572376,0.4,engert_20220221_magnet,3.169229745864868,,72.0,,,20220221,unknown,zebrafish,WB,mag,2280.0,167,0.9716405746194045,65,0.55,2022_02_21
130,0.4341188673749833,1.2909627722133772,0.4,engert_20220221_magnet,2.365785598754883,,72.0,,,20220221,unknown,zebrafish,WB,mag,2280.0,168,0.7958450275850859,70,0.55,2022_02_21
131,0.21020193642445362,1.7673816167055076,0.4,engert_20220221_magnet,3.3116698265075684,,72.0,,,20220221,unknown,zebrafish,WB,mag,2280.0,169,0.7711887256735572,112,0.55,2022_02_21
132,0.5115268769283721,1.1567102738673385,0.4,engert_20220221_magnet,1.2367582321166992,,72.0,,,20220221,unknown,zebrafish,WB,mag,2280.0,171,0.8842301363253271,91,0.55,2022_02_21
133,0.8320022885402221,0.6051006115458202,0.4,engert_20220221_magnet,1.6618196964263916,,72.0,,,20220221,unknown,zebrafish,WB,mag,2280.0,172,0.8286800883108405,129,0.55,2022_02_21
134,0.10684971093452555,2.1188964836599817,0.4,engert_20220221_magnet,3.114278793334961,,72.0,,,20220221,unknown,zebrafish,WB,mag,2280.0,175,0.800651740191918,116,0.55,2022_02_21
135,0.13790206385050963,1.9934653541618241,0.4,engert_20220221_magnet,4.077389240264893,,72.0,,,20220221,unknown,zebrafish,WB,mag,2280.0,176,0.9786366707300896,102,0.55,2022_02_21
136,0.9205936080371987,0.4055776982761503,0.4,engert_20220221_magnet,1.1399449110031128,,72.0,,,20220221,unknown,zebrafish,WB,mag,2280.0,179,0.9368891911228375,104,0.55,2022_02_21
137,0.9561130525467731,0.2985201356148931,0.4,engert_20220221_magnet,2.0958399772644043,,72.0,,,20220221,unknown,zebrafish,WB,mag,2280.0,180,0.9414921916794602,97,0.55,2022_02_21
138,0.6940912944789863,0.8531100192537928,0.4,engert_20220221_magnet,0.7297391295433044,,72.0,,,20220221,unknown,zebrafish,WB,mag,2280.0,181,0.6077322944906077,62,0.55,2022_02_21
139,0.027497840773065052,2.69245638306911,0.4,engert_20220221_magnet,3.392573118209839,,72.0,,,20220221,unknown,zebrafish,WB,mag,2280.0,182,0.9755358291957973,69,0.55,2022_02_21
140,0.9759238802905142,0.21979202021197752,0.4,engert_20220221_magnet,2.031771183013916,,72.0,,,20220221,unknown,zebrafish,WB,mag,2280.0,183,0.9113927039258327,92,0.55,2022_02_21
141,0.3720498132782457,1.4056796677926833,0.4,engert_20220221_magnet,3.5241873264312744,,72.0,,,20220221,unknown,zebrafish,WB,mag,2280.0,184,0.8259027912025171,84,0.55,2022_02_21
142,0.8234280411380006,0.6219351877967523,0.4,engert_20220221_magnet,3.681321620941162,,72.0,,,20220221,unknown,zebrafish,WB,mag,2280.0,185,0.9695129122206656,83,0.55,2022_02_21
143,0.38482851189833933,1.3813753405135567,0.4,engert_20220221_magnet,3.3726119995117188,,72.0,,,20220221,unknown,zebrafish,WB,mag,2280.0,186,0.9316286764227775,90,0.55,2022_02_21
144,0.5959467741981902,1.016078567485755,0.4,engert_20220221_magnet,3.2745447158813477,,72.0,,,20220221,unknown,zebrafish,WB,mag,2280.0,187,0.9847347594703079,110,0.55,2022_02_21
145,0.3398782682449899,1.4688173196895893,0.4,engert_20220221_magnet,1.8824694156646729,,72.0,,,20220221,unknown,zebrafish,WB,mag,2280.0,188,0.9339326992015924,87,0.55,2022_02_21
146,0.3843121975493393,1.382349634355451,0.4,engert_20220221_magnet,1.2811915874481201,,72.0,,,20220221,unknown,zebrafish,WB,mag,2280.0,191,0.7983489493575197,171,0.55,2022_02_21
147,0.4279122341045274,1.302091707853932,0.4,engert_20220221_magnet,2.2874059677124023,,72.0,,,20220221,unknown,zebrafish,WB,mag,2280.0,192,0.9321963544364542,78,0.55,2022_02_21
148,0.8005381884816983,0.6656046891166959,0.4,engert_20220221_magnet,4.6088361740112305,,72.0,,,20220221,unknown,zebrafish,WB,mag,2280.0,194,0.8701081518080511,125,0.55,2022_02_21
149,0.07946275199693376,2.2560160153412765,0.4,engert_20220221_magnet,3.1446592807769775,,72.0,,,20220221,unknown,zebrafish,WB,mag,2280.0,195,0.9643231861707349,80,0.55,2022_02_21
150,0.20579322776909914,1.7794197358170212,0.4,engert_20220221_magnet,2.4398891925811768,,72.0,,,20220221,unknown,zebrafish,WB,mag,2280.0,197,0.6104730352123983,64,0.55,2022_02_21
151,0.6336405546979093,0.9538486919755096,0.4,engert_20220221_magnet,2.7228643894195557,,72.0,,,20220221,unknown,zebrafish,WB,mag,2280.0,198,0.9871985330308654,108,0.55,2022_02_21
152,0.30440980490156555,1.5423191721957903,0.4,engert_20220221_magnet,4.133896350860596,,72.0,,,20220221,unknown,zebrafish,WB,mag,2280.0,203,0.9214690700436425,127,0.55,2022_02_21
153,0.7039063984436118,0.836514781779823,0.4,engert_20220221_magnet,2.1969265937805176,,72.0,,,20220221,unknown,zebrafish,WB,mag,2280.0,205,0.7329688183076739,71,0.55,2022_02_21
154,0.3988694531525555,1.355113760502076,0.4,engert_20220221_magnet,2.7172417640686035,,72.0,,,20220221,unknown,zebrafish,WB,mag,2280.0,206,0.9615771371743533,70,0.55,2022_02_21
155,0.34533309540594803,1.4578973985789578,0.4,engert_20220221_magnet,2.290435552597046,,72.0,,,20220221,unknown,zebrafish,WB,mag,2280.0,207,0.9733057589148313,100,0.55,2022_02_21
156,0.8319330787962469,0.6052376127351521,0.4,engert_20220221_magnet,3.262770175933838,,72.0,,,20220221,unknown,zebrafish,WB,mag,2280.0,208,0.8792647084511207,140,0.55,2022_02_21
157,0.3617447797908946,1.4255839334199374,0.4,engert_20220221_magnet,2.6306676864624023,,72.0,,,20220221,unknown,zebrafish,WB,mag,2280.0,209,0.9319483098153261,83,0.55,2022_02_21
158,0.1551708161782358,1.9327874047648739,0.4,engert_20220221_magnet,3.0272905826568604,,72.0,,,20220221,unknown,zebrafish,WB,mag,2280.0,210,0.72878317992161,68,0.55,2022_02_21
159,0.6343777180038916,0.9526299575408068,0.4,engert_20220221_magnet,1.8725939989089966,,72.0,,,20220221,unknown,zebrafish,WB,mag,2280.0,211,0.835997239343274,63,0.55,2022_02_21
160,0.42770142986511495,1.3024709054062518,0.4,engert_20220221_magnet,2.2679152488708496,,72.0,,,20220221,unknown,zebrafish,WB,mag,2280.0,212,0.9895637606175817,68,0.55,2022_02_21
161,0.18344636912859869,1.8433633501545015,0.4,engert_20220221_magnet,2.901768922805786,,72.0,,,20220221,unknown,zebrafish,WB,mag,2280.0,213,0.8860364185676687,82,0.55,2022_02_21
162,0.36283017850345156,1.423474013227743,0.4,engert_20220221_magnet,3.5927093029022217,,72.0,,,20220221,unknown,zebrafish,WB,mag,2280.0,214,0.9704931941797601,92,0.55,2022_02_21
163,0.07893122155338128,2.2590303647092393,0.4,engert_20220221_magnet,1.8903254270553589,,72.0,,,20220221,unknown,zebrafish,WB,mag,2280.0,215,0.9966371237689791,131,0.55,2022_02_21
164,0.6304769895707916,0.9590775083477269,0.4,engert_20220221_magnet,2.6679515838623047,,72.0,,,20220221,unknown,zebrafish,WB,mag,2280.0,216,0.916554582987713,61,0.55,2022_02_21
165,0.4952818585483222,1.1843062396163724,0.4,engert_20220221_magnet,1.0194053649902344,,72.0,,,20220221,unknown,zebrafish,WB,mag,2280.0,217,0.9458035733176754,65,0.55,2022_02_21
166,0.14236750487945038,1.977254461677776,0.4,engert_20220221_magnet,2.5684056282043457,,72.0,,,20220221,unknown,zebrafish,WB,mag,2280.0,221,0.9724240360515818,67,0.55,2022_02_21
167,0.13355419337802288,2.009633615815733,0.4,engert_20220221_magnet,1.9354474544525146,,72.0,,,20220221,unknown,zebrafish,WB,mag,2280.0,222,0.9260882752123317,130,0.55,2022_02_21
168,0.09390075505768558,2.1797394733950597,0.4,engert_20220221_magnet,3.049917459487915,,72.0,,,20220221,unknown,zebrafish,WB,mag,2280.0,223,0.733526320005551,58,0.55,2022_02_21
169,0.6290507126077524,0.9614341918732082,0.4,engert_20220221_magnet,1.4883534908294678,,72.0,,,20220221,unknown,zebrafish,WB,mag,2280.0,224,0.7625211701104632,85,0.55,2022_02_21
170,0.8351155077251029,0.5989154199126396,0.4,engert_20220221_magnet,3.8851237297058105,,72.0,,,20220221,unknown,zebrafish,WB,mag,2280.0,225,0.9602028069076648,118,0.55,2022_02_21
171,0.5341416037890903,1.118662211665741,0.4,engert_20220221_magnet,4.013104438781738,,72.0,,,20220221,unknown,zebrafish,WB,mag,2280.0,226,0.973182519911779,82,0.55,2022_02_21
172,0.8839375040116313,0.49542360200587116,0.4,engert_20220221_magnet,3.2402970790863037,,72.0,,,20220221,unknown,zebrafish,WB,mag,2280.0,227,0.9724217761993964,67,0.55,2022_02_21
173,0.15331829532773755,1.9390487225558009,0.4,engert_20220221_magnet,3.117114543914795,,72.0,,,20220221,unknown,zebrafish,WB,mag,2280.0,228,0.9254565322339221,96,0.55,2022_02_21
174,0.7712478582387825,0.7192991135187504,0.4,engert_20220221_magnet,3.269430160522461,,72.0,,,20220221,unknown,zebrafish,WB,mag,2280.0,229,0.9318845182382455,55,0.55,2022_02_21
175,0.6424960151200867,0.9391986160780524,0.4,engert_20220221_magnet,3.5852160453796387,,72.0,,,20220221,unknown,zebrafish,WB,mag,2280.0,230,0.9483239538389091,115,0.55,2022_02_21
176,0.3284683499939167,1.491971261106919,0.4,engert_20220221_magnet,2.2776331901550293,,72.0,,,20220221,unknown,zebrafish,WB,mag,2280.0,231,0.851271017263552,112,0.55,2022_02_21
177,0.2603169789049714,1.6411182314738353,0.4,engert_20220221_magnet,1.8431057929992676,,72.0,,,20220221,unknown,zebrafish,WB,mag,2280.0,232,0.9035045501020723,97,0.55,2022_02_21
178,0.5033507622487349,1.1705685169672437,0.4,engert_20220221_magnet,3.093181610107422,,72.0,,,20220221,unknown,zebrafish,WB,mag,2280.0,233,0.9615378285275781,62,0.55,2022_02_21
179,0.7266275331118196,0.7977035091909824,0.4,engert_20220221_magnet,3.4862332344055176,,72.0,,,20220221,unknown,zebrafish,WB,mag,2280.0,234,0.9743113136693144,60,0.55,2022_02_21
180,0.6531869667353684,0.921477652256432,0.4,engert_20220221_magnet,2.133446455001831,,72.0,,,20220221,unknown,zebrafish,WB,mag,2280.0,236,0.8568167838467354,91,0.55,2022_02_21
181,0.5299262876959218,1.1257258604157483,0.4,engert_20220221_magnet,3.1689774990081787,,72.0,,,20220221,unknown,zebrafish,WB,mag,2280.0,237,0.7357219204241843,146,0.55,2022_02_21
182,0.5395320744719759,1.10964611799192,0.4,engert_20220221_magnet,4.938834190368652,,72.0,,,20220221,unknown,zebrafish,WB,mag,2280.0,238,0.789474063732721,144,0.55,2022_02_21
183,0.41920176307748136,1.3178245292484605,0.4,engert_20220221_magnet,1.8907814025878906,,72.0,,,20220221,unknown,zebrafish,WB,mag,2280.0,239,0.9532439293595175,49,0.55,2022_02_21
184,0.03660243715912248,2.5818003616298575,0.4,engert_20220221_magnet,2.191554069519043,,72.0,,,20220221,unknown,zebrafish,WB,mag,2280.0,240,0.9262574900227637,114,0.55,2022_02_21
185,0.9742528265081091,0.22741382790891135,0.4,engert_20220221_magnet,4.049465179443359,,72.0,,,20220221,unknown,zebrafish,WB,mag,2280.0,241,0.9727872760888246,91,0.55,2022_02_21
186,0.4827400920209912,1.2057918730135082,0.4,engert_20220221_magnet,4.821846961975098,,72.0,,,20220221,unknown,zebrafish,WB,mag,2280.0,244,0.70839503923034,68,0.55,2022_02_21
187,0.720621127273061,0.808023126108589,0.4,engert_20220221_magnet,1.1127833127975464,,72.0,,,20220221,unknown,zebrafish,WB,mag,2280.0,245,0.8404813756613574,72,0.55,2022_02_21
188,0.6458275493685359,0.9336808930643614,0.4,engert_20220221_magnet,1.644443392753601,,72.0,,,20220221,unknown,zebrafish,WB,mag,2280.0,246,0.77126413044602,49,0.55,2022_02_21
189,0.49433237314744993,1.1859269951443057,0.4,engert_20220221_magnet,3.9057085514068604,,72.0,,,20220221,unknown,zebrafish,WB,mag,2280.0,248,0.9770722512677535,68,0.55,2022_02_21
190,0.2645705285096026,1.6311574541544618,0.4,engert_20220221_magnet,2.225545883178711,,72.0,,,20220221,unknown,zebrafish,WB,mag,2280.0,249,0.9249444476411656,100,0.55,2022_02_21
191,0.08794959525428236,2.209956876632914,0.4,engert_20220221_magnet,2.7864861488342285,,72.0,,,20220221,unknown,zebrafish,WB,mag,2280.0,250,0.9662496127308324,114,0.55,2022_02_21
192,0.705958318968065,0.8330335864871885,0.4,engert_20220221_magnet,4.065258979797363,,72.0,,,20220221,unknown,zebrafish,WB,mag,2280.0,251,0.9649995010807936,84,0.55,2022_02_21
193,0.559181419078354,1.0769187823109303,0.4,engert_20220221_magnet,1.5074491500854492,,72.0,,,20220221,unknown,zebrafish,WB,mag,2280.0,252,0.9597008515110901,64,0.55,2022_02_21
194,0.043868388631988275,2.50933702552321,0.4,engert_20220221_magnet,2.553395986557007,,72.0,,,20220221,unknown,zebrafish,WB,mag,2280.0,253,0.8144215626923673,82,0.55,2022_02_21
195,0.4630391871869174,1.2399104556327158,0.4,engert_20220221_magnet,2.364668607711792,,72.0,,,20220221,unknown,zebrafish,WB,mag,2280.0,254,0.9814463771558685,69,0.55,2022_02_21
196,0.5186516277690223,1.1446809808111766,0.4,engert_20220221_magnet,2.4170005321502686,,72.0,,,20220221,unknown,zebrafish,WB,mag,2280.0,255,0.8981623752757865,146,0.55,2022_02_21
197,0.4555530811837618,1.2530071138773624,0.4,engert_20220221_magnet,2.3529863357543945,,72.0,,,20220221,unknown,zebrafish,WB,mag,2280.0,256,0.8491851832256969,55,0.55,2022_02_21
198,0.9343962705358494,0.36722666075117905,0.4,engert_20220221_magnet,2.8016252517700195,,72.0,,,20220221,unknown,zebrafish,WB,mag,2280.0,258,0.8522630911007548,82,0.55,2022_02_21
199,0.36938168622087564,1.4108061392921467,0.4,engert_20220221_magnet,3.022007465362549,,72.0,,,20220221,unknown,zebrafish,WB,mag,2280.0,259,0.8350181583248737,107,0.55,2022_02_21
200,0.10871295551297899,2.1106256559858028,0.4,engert_20220221_magnet,3.6456305980682373,,72.0,,,20220221,unknown,zebrafish,WB,mag,2280.0,260,0.8639597635819999,110,0.55,2022_02_21
201,0.06035234974221382,2.3765436016199484,0.4,engert_20220221_magnet,2.8622357845306396,,72.0,,,20220221,unknown,zebrafish,WB,mag,2280.0,262,0.8847846913804015,76,0.55,2022_02_21
202,0.2626155975707686,1.6357228150808605,0.4,engert_20220221_magnet,1.4506551027297974,,72.0,,,20220221,unknown,zebrafish,WB,mag,2280.0,264,0.8179438433593823,116,0.55,2022_02_21
203,0.0023990581871903283,3.503239955805004,0.4,engert_20220221_magnet,3.228062868118286,,72.0,,,20220221,unknown,zebrafish,WB,mag,2280.0,265,0.9806950016969919,114,0.55,2022_02_21
204,0.8205739544979757,0.6274769728015367,0.4,engert_20220221_magnet,1.699164867401123,,72.0,,,20220221,unknown,zebrafish,WB,mag,2280.0,267,0.9153135147668529,79,0.55,2022_02_21
205,0.4316549302147408,1.2953729613937284,0.4,engert_20220221_magnet,2.883298873901367,,72.0,,,20220221,unknown,zebrafish,WB,mag,2280.0,269,0.9793292166614099,86,0.55,2022_02_21
206,0.8769141928217581,0.5112162468041571,0.4,engert_20220221_magnet,2.3746390342712402,,72.0,,,20220221,unknown,zebrafish,WB,mag,2280.0,270,0.8468894023479181,58,0.55,2022_02_21
207,0.8907064173827777,0.47983685611911675,0.4,engert_20220221_magnet,2.3447017669677734,,72.0,,,20220221,unknown,zebrafish,WB,mag,2280.0,271,0.8725134642258584,89,0.55,2022_02_21
208,0.4191717544720073,1.3178789589367417,0.4,engert_20220221_magnet,3.6697702407836914,,72.0,,,20220221,unknown,zebrafish,WB,mag,2280.0,273,0.744065665912289,121,0.55,2022_02_21
209,0.5533005171114582,1.0866933811053732,0.4,engert_20220221_magnet,2.3648808002471924,,72.0,,,20220221,unknown,zebrafish,WB,mag,2280.0,274,0.8992624370475589,123,0.55,2022_02_21
210,0.7488778727271916,0.7590306117455828,0.4,engert_20220221_magnet,3.506441116333008,,72.0,,,20220221,unknown,zebrafish,WB,mag,2280.0,277,0.8931119548516718,54,0.55,2022_02_21
211,0.6604237106270427,0.9094551806858979,0.4,engert_20220221_magnet,3.3684146404266357,,72.0,,,20220221,unknown,zebrafish,WB,mag,2280.0,278,0.9533910220880879,62,0.55,2022_02_21
212,0.19005990658318783,1.8238952130284376,0.4,engert_20220221_magnet,2.263361692428589,,72.0,,,20220221,unknown,zebrafish,WB,mag,2280.0,279,0.8731544755509437,128,0.55,2022_02_21
213,0.2624123279709446,1.636198715401382,0.4,engert_20220221_magnet,2.7146966457366943,,72.0,,,20220221,unknown,zebrafish,WB,mag,2280.0,281,0.5679121987965875,88,0.55,2022_02_21
214,0.4379801548848996,1.2840719101912013,0.4,engert_20220221_magnet,3.4641222953796387,,72.0,,,20220221,unknown,zebrafish,WB,mag,2280.0,282,0.964988690512315,75,0.55,2022_02_21
215,0.9546946402284763,0.30342916313389656,0.4,engert_20220221_magnet,2.4134926795959473,,72.0,,,20220221,unknown,zebrafish,WB,mag,2280.0,283,0.910388255382265,111,0.55,2022_02_21
216,0.9750183749779957,0.22395294063601576,0.4,engert_20220221_magnet,3.360442876815796,,72.0,,,20220221,unknown,zebrafish,WB,mag,2280.0,284,0.9594080733275354,85,0.55,2022_02_21
217,0.526238127621189,1.1319161583757027,0.4,engert_20220221_magnet,3.0586726665496826,,72.0,,,20220221,unknown,zebrafish,WB,mag,2280.0,285,0.954594194815638,63,0.55,2022_02_21
218,0.3262243024854192,1.4965771945490638,0.4,engert_20220221_magnet,1.0580708980560303,,72.0,,,20220221,unknown,zebrafish,WB,mag,2280.0,286,0.8412518866925244,76,0.55,2022_02_21
219,0.3820563616951186,1.3866138846843485,0.4,engert_20220221_magnet,1.1739095449447632,,72.0,,,20220221,unknown,zebrafish,WB,mag,2280.0,287,0.8272843195848143,44,0.55,2022_02_21
220,0.2930287640598547,1.5669419403819886,0.4,engert_20220221_magnet,3.3026342391967773,,72.0,,,20220221,unknown,zebrafish,WB,mag,2280.0,288,0.969968370783577,87,0.55,2022_02_21
221,0.259264346395531,1.6435991815512265,0.4,engert_20220221_magnet,2.1575844287872314,,72.0,,,20220221,unknown,zebrafish,WB,mag,2280.0,289,0.7592115129072278,48,0.55,2022_02_21
222,0.20532370053144777,1.7807121841497444,0.4,engert_20220221_magnet,3.850618600845337,,72.0,,,20220221,unknown,zebrafish,WB,mag,2280.0,290,0.8055456786348952,67,0.55,2022_02_21
223,0.24425075983031608,1.6797074778544414,0.4,engert_20220221_magnet,2.4206318855285645,,72.0,,,20220221,unknown,zebrafish,WB,mag,2280.0,291,0.9444635992827012,56,0.55,2022_02_21
224,0.11492115777292156,2.083840520684087,0.4,engert_20220221_magnet,2.4414682388305664,,72.0,,,20220221,unknown,zebrafish,WB,mag,2280.0,292,0.9545276750495572,219,0.55,2022_02_21
225,0.4074241965532194,1.3393233791585848,0.4,engert_20220221_magnet,3.052867889404297,,72.0,,,20220221,unknown,zebrafish,WB,mag,2280.0,293,0.9910392320601947,85,0.55,2022_02_21
226,0.20481196746458818,1.7821230995639032,0.4,engert_20220221_magnet,3.0174849033355713,,72.0,,,20220221,unknown,zebrafish,WB,mag,2280.0,294,0.9282479896042923,78,0.55,2022_02_21
227,0.6148098224965873,0.9849478628398447,0.4,engert_20220221_magnet,2.2708232402801514,,72.0,,,20220221,unknown,zebrafish,WB,mag,2280.0,296,0.9422799246107616,60,0.55,2022_02_21
228,0.16487213508394405,1.9008651286676383,0.4,engert_20220221_magnet,4.138754844665527,,72.0,,,20220221,unknown,zebrafish,WB,mag,2280.0,297,0.9895183847384302,88,0.55,2022_02_21
229,0.3644583497025864,1.4203150227624068,0.4,engert_20220221_magnet,1.677385926246643,,72.0,,,20220221,unknown,zebrafish,WB,mag,2280.0,301,0.6928100824726446,96,0.55,2022_02_21
230,0.7018294164595135,0.8400342452879188,0.4,engert_20220221_magnet,2.4238767623901367,,72.0,,,20220221,unknown,zebrafish,WB,mag,2280.0,302,0.6848250035160285,57,0.55,2022_02_21
231,0.09299227702141344,2.1842518765339944,0.4,engert_20220221_magnet,1.102508544921875,,72.0,,,20220221,unknown,zebrafish,WB,mag,2280.0,303,0.6996289117077914,45,0.55,2022_02_21
232,0.575643279733514,1.0496312340046723,0.4,engert_20220221_magnet,4.15369176864624,,72.0,,,20220221,unknown,zebrafish,WB,mag,2280.0,304,0.9828641122092254,100,0.55,2022_02_21
233,0.6838296579284313,0.8703691941881002,0.4,engert_20220221_magnet,3.5947325229644775,,72.0,,,20220221,unknown,zebrafish,WB,mag,2280.0,305,0.9468226592158385,98,0.55,2022_02_21
234,0.16737471118626368,1.8928537844777957,0.4,engert_20220221_magnet,3.1089694499969482,,72.0,,,20220221,unknown,zebrafish,WB,mag,2280.0,306,0.8801660242380519,96,0.55,2022_02_21
235,0.392666827035669,1.36666029813942,0.4,engert_20220221_magnet,5.362668514251709,,72.0,,,20220221,unknown,zebrafish,WB,mag,2280.0,307,0.9878108640054003,143,0.55,2022_02_21
236,0.9068575243496078,0.4409527747557865,0.4,engert_20220221_magnet,6.106692314147949,,72.0,,,20220221,unknown,zebrafish,WB,mag,2280.0,308,0.9845148153769698,84,0.55,2022_02_21
237,0.7039679389686051,0.8364104375023815,0.4,engert_20220221_magnet,0.8712722063064575,,72.0,,,20220221,unknown,zebrafish,WB,mag,2280.0,309,0.9134971809661996,91,0.55,2022_02_21
238,0.6212132174406702,0.9743780951489155,0.4,engert_20220221_magnet,2.952511787414551,,72.0,,,20220221,unknown,zebrafish,WB,mag,2280.0,310,0.961268130467381,65,0.55,2022_02_21
239,0.22982936854842406,1.715777601348839,0.4,engert_20220221_magnet,2.779151439666748,,72.0,,,20220221,unknown,zebrafish,WB,mag,2280.0,312,0.9813829548175281,107,0.55,2022_02_21
240,0.5692602448497657,1.0602005281128093,0.4,engert_20220221_magnet,1.4210888147354126,,72.0,,,20220221,unknown,zebrafish,WB,mag,2280.0,313,0.9790586493097223,82,0.55,2022_02_21
241,0.5023096945058863,1.172337462209794,0.4,engert_20220221_magnet,1.1704381704330444,,72.0,,,20220221,unknown,zebrafish,WB,mag,2280.0,315,0.6975727379747377,40,0.55,2022_02_21
242,0.7983489718746031,0.6696953858142707,0.4,engert_20220221_magnet,1.5637729167938232,,72.0,,,20220221,unknown,zebrafish,WB,mag,2280.0,317,0.9284913731420549,102,0.55,2022_02_21
243,0.6704923773924227,0.8926832386900261,0.4,engert_20220221_magnet,2.2921249866485596,,72.0,,,20220221,unknown,zebrafish,WB,mag,2280.0,319,0.9715609520644255,77,0.55,2022_02_21
244,0.9392708665635183,0.35283798129832517,0.4,engert_20220221_magnet,3.2715868949890137,,72.0,,,20220221,unknown,zebrafish,WB,mag,2280.0,320,0.9860094798098669,77,0.55,2022_02_21
245,0.5641385668158494,1.0686912085914346,0.4,engert_20220221_magnet,5.482535362243652,,72.0,,,20220221,unknown,zebrafish,WB,mag,2280.0,321,0.9932053114590798,83,0.55,2022_02_21
246,0.45533967078970317,1.253381667179947,0.4,engert_20220221_magnet,1.7119559049606323,,72.0,,,20220221,unknown,zebrafish,WB,mag,2280.0,322,0.9476568888717348,112,0.55,2022_02_21
247,0.4458866017185842,1.2700368806465037,0.4,engert_20220221_magnet,2.912264108657837,,72.0,,,20220221,unknown,zebrafish,WB,mag,2280.0,323,0.7354398864198949,120,0.55,2022_02_21
248,0.2732825212246309,1.6110653862161683,0.4,engert_20220221_magnet,4.708532333374023,,72.0,,,20220221,unknown,zebrafish,WB,mag,2280.0,324,0.9668709287030258,65,0.55,2022_02_21
249,0.12624014505573888,2.037755635952008,0.4,engert_20220221_magnet,0.8247815370559692,,72.0,,,20220221,unknown,zebrafish,WB,mag,2280.0,325,0.9727953737263478,92,0.55,2022_02_21
250,0.6846836224117054,0.868936158570945,0.4,engert_20220221_magnet,3.228121757507324,,72.0,,,20220221,unknown,zebrafish,WB,mag,2280.0,326,0.914179854274668,92,0.55,2022_02_21
251,0.5445956099654636,1.1011928468908627,0.4,engert_20220221_magnet,5.055348873138428,,72.0,,,20220221,unknown,zebrafish,WB,mag,2280.0,327,0.8584566345802603,68,0.55,2022_02_21
252,0.5544609854517517,1.084763311417935,0.4,engert_20220221_magnet,2.4257185459136963,,72.0,,,20220221,unknown,zebrafish,WB,mag,2280.0,328,0.8980674224549493,74,0.55,2022_02_21
253,0.5052064685266939,1.1674178642246595,0.4,engert_20220221_magnet,3.0431602001190186,,72.0,,,20220221,unknown,zebrafish,WB,mag,2280.0,329,0.9026724118302262,107,0.55,2022_02_21
254,0.33818658662741496,1.4722230798507439,0.4,engert_20220221_magnet,4.174548625946045,,72.0,,,20220221,unknown,zebrafish,WB,mag,2280.0,331,0.865386406650992,67,0.55,2022_02_21
255,0.9384531857562477,0.35528680348307656,0.4,engert_20220221_magnet,6.100888729095459,,72.0,,,20220221,unknown,zebrafish,WB,mag,2280.0,332,0.6143122083320357,173,0.55,2022_02_21
256,0.42012355930213396,1.3161530508095312,0.4,engert_20220221_magnet,3.679064989089966,,72.0,,,20220221,unknown,zebrafish,WB,mag,2280.0,333,0.960852511264614,58,0.55,2022_02_21
257,0.326497061903257,1.4960163271884717,0.4,engert_20220221_magnet,4.530394554138184,,72.0,,,20220221,unknown,zebrafish,WB,mag,2280.0,334,0.9746948270210269,113,0.55,2022_02_21
258,0.041414235862923254,2.532589876878756,0.4,engert_20220221_magnet,4.118210792541504,,72.0,,,20220221,unknown,zebrafish,WB,mag,2280.0,335,0.9707480089930752,78,0.55,2022_02_21
259,0.7330469500291112,0.7866212461033696,0.4,engert_20220221_magnet,2.941596269607544,,72.0,,,20220221,unknown,zebrafish,WB,mag,2280.0,336,0.940062562200096,69,0.55,2022_02_21
260,0.5846554331687168,1.034727900551609,0.4,engert_20220221_magnet,1.5800459384918213,,72.0,,,20220221,unknown,zebrafish,WB,mag,2280.0,337,0.8223851888627631,117,0.55,2022_02_21
261,0.6232051631938299,0.9710892046092473,0.4,engert_20220221_magnet,1.34059476852417,,72.0,,,20220221,unknown,zebrafish,WB,mag,2280.0,338,0.7988003884549788,66,0.55,2022_02_21
262,0.4477304148564498,1.2667778761205355,0.4,engert_20220221_magnet,3.131629228591919,,72.0,,,20220221,unknown,zebrafish,WB,mag,2280.0,339,0.9838339228223384,85,0.55,2022_02_21
263,0.9483251545242692,0.3246451680231419,0.4,engert_20220221_magnet,2.69773530960083,,72.0,,,20220221,unknown,zebrafish,WB,mag,2280.0,340,0.9808080321128472,77,0.55,2022_02_21
264,0.5223442472342217,1.1384624562712358,0.4,engert_20220221_magnet,1.662919282913208,,72.0,,,20220221,unknown,zebrafish,WB,mag,2280.0,341,0.9024836477489485,94,0.55,2022_02_21
265,0.15370307421707763,1.9377437217418894,0.4,engert_20220221_magnet,1.9163289070129395,,72.0,,,20220221,unknown,zebrafish,WB,mag,2280.0,342,0.9324184232819795,81,0.55,2022_02_21
266,0.7585991753769599,0.7418814637537385,0.4,engert_20220221_magnet,3.4010725021362305,,72.0,,,20220221,unknown,zebrafish,WB,mag,2280.0,343,0.9866770399309678,83,0.55,2022_02_21
267,0.13850679214898975,1.9912470943019558,0.4,engert_20220221_magnet,2.220179319381714,,72.0,,,20220221,unknown,zebrafish,WB,mag,2280.0,344,0.9566680562394345,76,0.55,2022_02_21
268,0.9901391797799334,0.13986944286482514,0.4,engert_20220221_magnet,0.872389554977417,,72.0,,,20220221,unknown,zebrafish,WB,mag,2280.0,345,0.7907394008697995,93,0.55,2022_02_21
269,0.02026988715543543,2.8058691709326085,0.4,engert_20220221_magnet,2.1293466091156006,,72.0,,,20220221,unknown,zebrafish,WB,mag,2280.0,346,0.9689766193245841,65,0.55,2022_02_21
270,0.7964854528370123,0.6731667801236256,0.4,engert_20220221_magnet,2.242138624191284,,72.0,,,20220221,unknown,zebrafish,WB,mag,2280.0,347,0.9535215790872252,89,0.55,2022_02_21
271,0.9609474828488399,0.2812053854986512,0.4,engert_20220221_magnet,1.2091915607452393,,72.0,,,20220221,unknown,zebrafish,WB,mag,2280.0,348,0.8608136939423298,121,0.55,2022_02_21
272,0.6177514859550541,0.9800926614601924,0.4,engert_20220221_magnet,2.550693988800049,,72.0,,,20220221,unknown,zebrafish,WB,mag,2280.0,350,0.9613366238676717,73,0.55,2022_02_21
273,0.3568671602380078,1.4351060577300967,0.4,engert_20220221_magnet,3.130139112472534,,72.0,,,20220221,unknown,zebrafish,WB,mag,2280.0,351,0.8981022321256985,71,0.55,2022_02_21
274,0.9394241588991672,0.35237710537240213,0.4,engert_20220221_magnet,1.6666924953460693,,72.0,,,20220221,unknown,zebrafish,WB,mag,2280.0,352,0.9831486141244489,73,0.55,2022_02_21
275,0.4299687769965005,1.298396909378614,0.4,engert_20220221_magnet,3.3807308673858643,,72.0,,,20220221,unknown,zebrafish,WB,mag,2280.0,353,0.9640960102213422,105,0.55,2022_02_21
276,0.7707408008787501,0.7202107147190553,0.4,engert_20220221_magnet,2.7780463695526123,,72.0,,,20220221,unknown,zebrafish,WB,mag,2280.0,354,0.7847092374923207,73,0.55,2022_02_21
277,0.39906405588269656,1.3547528777665565,0.4,engert_20220221_magnet,4.727214813232422,,72.0,,,20220221,unknown,zebrafish,WB,mag,2280.0,355,0.8853336094523926,65,0.55,2022_02_21
278,0.23586868393733773,1.7004960616982705,0.4,engert_20220221_magnet,3.267073631286621,,72.0,,,20220221,unknown,zebrafish,WB,mag,2280.0,356,0.9886431233322509,88,0.55,2022_02_21
279,0.8598576749907918,0.54817148990264,0.4,engert_20220221_magnet,2.1375482082366943,,72.0,,,20220221,unknown,zebrafish,WB,mag,2280.0,357,0.7725318819222827,90,0.55,2022_02_21
280,0.054964670014115646,2.41619464191654,0.4,engert_20220221_magnet,3.0737109184265137,,72.0,,,20220221,unknown,zebrafish,WB,mag,2280.0,358,0.9762449384682035,107,0.55,2022_02_21
281,0.2263094338164945,1.7248076401179675,0.4,engert_20220221_magnet,3.7204067707061768,,72.0,,,20220221,unknown,zebrafish,WB,mag,2280.0,359,0.950513364504341,298,0.55,2022_02_21
282,0.6589594258748523,0.9118898257530854,0.4,engert_20220221_magnet,1.7422715425491333,,72.0,,,20220221,unknown,zebrafish,WB,mag,2280.0,361,0.6928587745448137,53,0.55,2022_02_21
283,0.7142423659844614,0.8189335403720855,0.4,engert_20220221_magnet,4.462690353393555,,72.0,,,20220221,unknown,zebrafish,WB,mag,2280.0,363,0.974981151677406,71,0.55,2022_02_21
284,0.576058938609243,1.0489433891699298,0.4,engert_20220221_magnet,5.539214134216309,,72.0,,,20220221,unknown,zebrafish,WB,mag,2280.0,364,0.6987973646114581,216,0.55,2022_02_21
285,0.356259848845206,1.43629641275149,0.4,engert_20220221_magnet,2.939779758453369,,72.0,,,20220221,unknown,zebrafish,WB,mag,2280.0,365,0.9506681347906628,100,0.55,2022_02_21
286,0.26457640985792663,1.631143746734826,0.4,engert_20220221_magnet,6.150549411773682,,72.0,,,20220221,unknown,zebrafish,WB,mag,2280.0,366,0.9481816255850646,85,0.55,2022_02_21
287,0.9950110224781267,0.09910185719373374,0.4,engert_20220221_magnet,1.4080908298492432,,72.0,,,20220221,unknown,zebrafish,WB,mag,2280.0,367,0.8813334459089931,72,0.55,2022_02_21
288,0.5912620117472754,1.0238137439911217,0.4,engert_20220221_magnet,4.809563636779785,,72.0,,,20220221,unknown,zebrafish,WB,mag,2280.0,368,0.8587242949604381,86,0.55,2022_02_21
289,0.07510834331026739,2.281208159681463,0.4,engert_20220221_magnet,0.7077987790107727,,72.0,,,20220221,unknown,zebrafish,WB,mag,2280.0,369,0.7485606397808855,44,0.55,2022_02_21
290,0.3133296889975047,1.5233955741601957,0.4,engert_20220221_magnet,2.859510660171509,,72.0,,,20220221,unknown,zebrafish,WB,mag,2280.0,370,0.9584802239926445,105,0.55,2022_02_21
291,0.1699527914845811,1.8846911437240061,0.4,engert_20220221_magnet,4.2975850105285645,,72.0,,,20220221,unknown,zebrafish,WB,mag,2280.0,371,0.9979282139310199,87,0.55,2022_02_21
292,0.644298649667143,0.9362135421139031,0.4,engert_20220221_magnet,2.165891408920288,,72.0,,,20220221,unknown,zebrafish,WB,mag,2280.0,372,0.9944083177478215,87,0.55,2022_02_21
293,0.9881970730854847,0.15317817820000015,0.4,engert_20220221_magnet,2.4945919513702393,,72.0,,,20220221,unknown,zebrafish,WB,mag,2280.0,373,0.9404212767713307,72,0.55,2022_02_21
294,0.9725931308682135,0.23475221385768896,0.4,engert_20220221_magnet,3.311579704284668,,72.0,,,20220221,unknown,zebrafish,WB,mag,2280.0,374,0.9773417488096665,93,0.55,2022_02_21
295,0.533300589064531,1.1200705449834498,0.4,engert_20220221_magnet,2.7054553031921387,,72.0,,,20220221,unknown,zebrafish,WB,mag,2280.0,376,0.8178744320756769,89,0.55,2022_02_21
296,0.216314415653178,1.7509736276883394,0.4,engert_20220221_magnet,3.3413896560668945,,72.0,,,20220221,unknown,zebrafish,WB,mag,2280.0,378,0.9296470711342911,80,0.55,2022_02_21
297,0.455766669583315,1.252632417989048,0.4,engert_20220221_magnet,2.940018892288208,,72.0,,,20220221,unknown,zebrafish,WB,mag,2280.0,379,0.9962177256736424,86,0.55,2022_02_21
298,0.6083260445998038,0.9956477705026503,0.4,engert_20220221_magnet,1.8934463262557983,,72.0,,,20220221,unknown,zebrafish,WB,mag,2280.0,380,0.8692539603843458,145,0.55,2022_02_21
299,0.6928752016288009,0.8551599882452784,0.4,engert_20220221_magnet,1.6688382625579834,,72.0,,,20220221,unknown,zebrafish,WB,mag,2280.0,381,0.9190547808002038,68,0.55,2022_02_21
300,0.3896214656605752,1.3723606807543556,0.4,engert_20220221_magnet,3.8279826641082764,,72.0,,,20220221,unknown,zebrafish,WB,mag,2280.0,382,0.8877601279543957,71,0.55,2022_02_21
301,0.9797972254072734,0.20107579892034966,0.4,engert_20220221_magnet,1.8635942935943604,,72.0,,,20220221,unknown,zebrafish,WB,mag,2280.0,383,0.9863138559054505,85,0.55,2022_02_21
302,0.6113560529326101,0.9906476348674668,0.4,engert_20220221_magnet,1.9536336660385132,,72.0,,,20220221,unknown,zebrafish,WB,mag,2280.0,385,0.9091089837767113,74,0.55,2022_02_21
303,0.5381274876223734,1.1119936579336094,0.4,engert_20220221_magnet,1.5416518449783325,,72.0,,,20220221,unknown,zebrafish,WB,mag,2280.0,386,0.9624970120184485,125,0.55,2022_02_21
304,0.9294562619266697,0.3813285486223291,0.4,engert_20220221_magnet,2.140495777130127,,72.0,,,20220221,unknown,zebrafish,WB,mag,2280.0,387,0.9324380609825335,75,0.55,2022_02_21
305,0.4941664434365153,1.1862103502696213,0.4,engert_20220221_magnet,3.2246553897857666,,72.0,,,20220221,unknown,zebrafish,WB,mag,2280.0,388,0.7595903396691392,78,0.55,2022_02_21
306,0.18396833184711558,1.8418089196080283,0.4,engert_20220221_magnet,4.05980110168457,,72.0,,,20220221,unknown,zebrafish,WB,mag,2280.0,390,0.9741351963532853,60,0.55,2022_02_21
307,0.2307565105758108,1.7134144919760048,0.4,engert_20220221_magnet,1.903905987739563,,72.0,,,20220221,unknown,zebrafish,WB,mag,2280.0,391,0.720137958683062,62,0.55,2022_02_21
308,0.3209382762157714,1.5074972246348215,0.4,engert_20220221_magnet,4.224695682525635,,72.0,,,20220221,unknown,zebrafish,WB,mag,2280.0,392,0.5826476539275489,135,0.55,2022_02_21
309,0.7323400721523756,0.7878444085904784,0.4,engert_20220221_magnet,4.185737133026123,,72.0,,,20220221,unknown,zebrafish,WB,mag,2280.0,393,0.8890867366335031,120,0.55,2022_02_21
310,0.5088604450945579,1.1612232342557478,0.4,engert_20220221_magnet,4.04870080947876,,72.0,,,20220221,unknown,zebrafish,WB,mag,2280.0,394,0.9596350656586043,103,0.55,2022_02_21
311,0.1920592050553116,1.8181041784173553,0.4,engert_20220221_magnet,2.740729570388794,,72.0,,,20220221,unknown,zebrafish,WB,mag,2280.0,395,0.8578311687633109,88,0.55,2022_02_21
312,0.4121300691355744,1.3307008803029148,0.4,engert_20220221_magnet,2.3185923099517822,,72.0,,,20220221,unknown,zebrafish,WB,mag,2280.0,396,0.9816890296912776,77,0.55,2022_02_21
313,0.17312873456256428,1.8747576092619609,0.4,engert_20220221_magnet,4.405505180358887,,72.0,,,20220221,unknown,zebrafish,WB,mag,2280.0,397,0.7473171643922153,56,0.55,2022_02_21
314,0.43916143136744545,1.2819686620322586,0.4,engert_20220221_magnet,1.7519015073776245,,72.0,,,20220221,unknown,zebrafish,WB,mag,2280.0,398,0.7472944825046928,31,0.55,2022_02_21
315,0.7603181057590627,0.7388311411189262,0.4,engert_20220221_magnet,3.0202605724334717,,72.0,,,20220221,unknown,zebrafish,WB,mag,2280.0,399,0.9142935752056395,86,0.55,2022_02_21
316,0.08599953739664568,2.22021363878332,0.4,engert_20220221_magnet,4.561909198760986,,72.0,,,20220221,unknown,zebrafish,WB,mag,2280.0,401,0.9361646768454325,131,0.55,2022_02_21
317,0.7010399581358686,0.8413708230650407,0.4,engert_20220221_magnet,1.2531496286392212,,72.0,,,20220221,unknown,zebrafish,WB,mag,2280.0,402,0.7178720357233283,64,0.55,2022_02_21
318,0.2581059533625034,1.6463367138154914,0.4,engert_20220221_magnet,1.7484701871871948,,72.0,,,20220221,unknown,zebrafish,WB,mag,2280.0,404,0.6703370697484129,49,0.55,2022_02_21
319,0.07268173900034214,2.295765611144342,0.4,engert_20220221_magnet,2.1108956336975098,,72.0,,,20220221,unknown,zebrafish,WB,mag,2280.0,406,0.682091180696746,40,0.55,2022_02_21
320,0.8599595131365295,0.5479561862552799,0.4,engert_20220221_magnet,2.732038974761963,,72.0,,,20220221,unknown,zebrafish,WB,mag,2280.0,407,0.7589210277451084,56,0.55,2022_02_21
321,0.0963688693475303,2.1676528717721597,0.4,engert_20220221_magnet,2.439898729324341,,72.0,,,20220221,unknown,zebrafish,WB,mag,2280.0,408,0.813989134098471,60,0.55,2022_02_21
322,0.32279611807122777,1.503647783817742,0.4,engert_20220221_magnet,3.4663357734680176,,72.0,,,20220221,unknown,zebrafish,WB,mag,2280.0,409,0.8946371490044701,112,0.55,2022_02_21
323,0.4408712802412018,1.2789282964834559,0.4,engert_20220221_magnet,1.747219443321228,,72.0,,,20220221,unknown,zebrafish,WB,mag,2280.0,411,0.8640478351849268,130,0.55,2022_02_21
324,0.6411210208013027,0.9414748262361821,0.4,engert_20220221_magnet,3.1632468700408936,,72.0,,,20220221,unknown,zebrafish,WB,mag,2280.0,412,0.9691402623103029,77,0.55,2022_02_21
325,0.8576653539835877,0.5527936522741173,0.4,engert_20220221_magnet,1.7046394348144531,,72.0,,,20220221,unknown,zebrafish,WB,mag,2280.0,415,0.7432827155946677,55,0.55,2022_02_21
326,0.09154992604770351,2.1914885855496262,0.4,engert_20220221_magnet,1.664779782295227,,72.0,,,20220221,unknown,zebrafish,WB,mag,2280.0,416,0.8668555800795733,65,0.55,2022_02_21
327,0.10298263936387109,2.136429221423065,0.4,engert_20220221_magnet,4.280958652496338,,72.0,,,20220221,unknown,zebrafish,WB,mag,2280.0,417,0.9786396490017019,88,0.55,2022_02_21
328,0.6177558718497026,0.9800854221475129,0.4,engert_20220221_magnet,2.9057905673980713,,72.0,,,20220221,unknown,zebrafish,WB,mag,2280.0,419,0.898330869303275,100,0.55,2022_02_21
329,0.6394489079567324,0.9442421217551716,0.4,engert_20220221_magnet,3.626372814178467,,72.0,,,20220221,unknown,zebrafish,WB,mag,2280.0,420,0.9788118222045885,69,0.55,2022_02_21
330,0.566886335979188,1.0641347836839572,0.4,engert_20220221_magnet,1.561024785041809,,72.0,,,20220221,unknown,zebrafish,WB,mag,2280.0,421,0.9026799323992981,56,0.55,2022_02_21
331,0.9779553687606722,0.21017380663861251,0.4,engert_20220221_magnet,3.309706449508667,,72.0,,,20220221,unknown,zebrafish,WB,mag,2280.0,423,0.7467392630073397,115,0.55,2022_02_21
332,0.49931794155855413,1.177426688205776,0.4,engert_20220221_magnet,6.313113689422607,,72.0,,,20220221,unknown,zebrafish,WB,mag,2280.0,424,0.9288347949048228,99,0.55,2022_02_21
333,0.17025177299037209,1.8837503047390338,0.4,engert_20220221_magnet,3.6503021717071533,,72.0,,,20220221,unknown,zebrafish,WB,mag,2280.0,426,0.9800579735935561,80,0.55,2022_02_21
334,0.6285684462047134,0.9622309706334933,0.4,engert_20220221_magnet,5.452351093292236,,72.0,,,20220221,unknown,zebrafish,WB,mag,2280.0,427,0.842076194729037,69,0.55,2022_02_21
335,0.032520214693427696,2.628090902806339,0.4,engert_20220221_magnet,2.2862942218780518,,72.0,,,20220221,unknown,zebrafish,WB,mag,2280.0,428,0.9341459117446427,69,0.55,2022_02_21
336,0.09780031185934235,2.1607547885492235,0.4,engert_20220221_magnet,5.018447399139404,,72.0,,,20220221,unknown,zebrafish,WB,mag,2280.0,429,0.9340431971118458,68,0.55,2022_02_21
337,0.4285816062800646,1.300888293421896,0.4,engert_20220221_magnet,2.1566107273101807,,72.0,,,20220221,unknown,zebrafish,WB,mag,2280.0,430,0.7172883668982045,75,0.55,2022_02_21
338,0.6950265612205995,0.8515325220940483,0.4,engert_20220221_magnet,4.386288166046143,,72.0,,,20220221,unknown,zebrafish,WB,mag,2280.0,431,0.8449516583855681,81,0.55,2022_02_21
339,0.07686131530382256,2.2709276909476244,0.4,engert_20220221_magnet,5.359851837158203,,72.0,,,20220221,unknown,zebrafish,WB,mag,2280.0,432,0.5872763396263271,153,0.55,2022_02_21
340,0.006055213852020458,3.21808943996257,0.4,engert_20220221_magnet,1.9997432231903076,,72.0,,,20220221,unknown,zebrafish,WB,mag,2280.0,435,0.924710807061388,52,0.55,2022_02_21
341,0.0889624824082742,2.2047011710495057,0.4,engert_20220221_magnet,3.569732427597046,,72.0,,,20220221,unknown,zebrafish,WB,mag,2280.0,436,0.735173205255299,68,0.55,2022_02_21
342,0.957840936659912,0.292439119822668,0.4,engert_20220221_magnet,3.8685991764068604,,72.0,,,20220221,unknown,zebrafish,WB,mag,2280.0,437,0.9259543320249016,94,0.55,2022_02_21
343,0.07514171621296772,2.2810104927761716,0.4,engert_20220221_magnet,1.8643879890441895,,72.0,,,20220221,unknown,zebrafish,WB,mag,2280.0,438,0.9035763763157629,71,0.55,2022_02_21
344,0.5606507021792702,1.0744791100660167,0.4,engert_20220221_magnet,2.706477165222168,,72.0,,,20220221,unknown,zebrafish,WB,mag,2280.0,442,0.9921362629407829,82,0.55,2022_02_21
345,0.2317562741790654,1.7108732226128573,0.4,engert_20220221_magnet,2.738274097442627,,72.0,,,20220221,unknown,zebrafish,WB,mag,2280.0,444,0.995991505313357,75,0.55,2022_02_21
346,0.09101088775984567,2.194216310374004,0.4,engert_20220221_magnet,2.7646329402923584,,72.0,,,20220221,unknown,zebrafish,WB,mag,2280.0,447,0.9475411446675007,78,0.55,2022_02_21
347,0.5911333378720471,1.0240262407485177,0.4,engert_20220221_magnet,3.695952892303467,,72.0,,,20220221,unknown,zebrafish,WB,mag,2280.0,448,0.8177028320983158,110,0.55,2022_02_21
348,0.8250558588664471,0.6187608685102317,0.4,engert_20220221_magnet,3.256887674331665,,72.0,,,20220221,unknown,zebrafish,WB,mag,2280.0,449,0.8261496085865923,74,0.55,2022_02_21
349,0.7937529548686042,0.6782394274365077,0.4,engert_20220221_magnet,3.0763821601867676,,72.0,,,20220221,unknown,zebrafish,WB,mag,2280.0,450,0.9778153786685767,85,0.55,2022_02_21
350,0.9461052325953403,0.33175321447914174,0.4,engert_20220221_magnet,1.7538443803787231,,72.0,,,20220221,unknown,zebrafish,WB,mag,2280.0,452,0.8622864896073144,57,0.55,2022_02_21
351,0.5106353917728389,1.1582184300212193,0.4,engert_20220221_magnet,4.526670932769775,,72.0,,,20220221,unknown,zebrafish,WB,mag,2280.0,453,0.7990869519092887,177,0.55,2022_02_21
352,0.42810523679662604,1.3017446700355169,0.4,engert_20220221_magnet,1.9673584699630737,,72.0,,,20220221,unknown,zebrafish,WB,mag,2280.0,454,0.8320864057893869,42,0.55,2022_02_21
353,0.0016280559611961953,3.616460087925528,0.4,engert_20220221_magnet,5.020102500915527,,72.0,,,20220221,unknown,zebrafish,WB,mag,2280.0,455,0.7100550319267149,78,0.55,2022_02_21
354,0.9395072823344934,0.35212719339826676,0.4,engert_20220221_magnet,1.321274757385254,,72.0,,,20220221,unknown,zebrafish,WB,mag,2280.0,456,0.9699622947123481,108,0.55,2022_02_21
355,0.41282387737527393,1.3294333355805796,0.4,engert_20220221_magnet,2.443950653076172,,72.0,,,20220221,unknown,zebrafish,WB,mag,2280.0,457,0.9847065740524522,131,0.55,2022_02_21
356,0.9429773254078759,0.341545231969035,0.4,engert_20220221_magnet,3.5547239780426025,,72.0,,,20220221,unknown,zebrafish,WB,mag,2280.0,459,0.8935689425896366,67,0.55,2022_02_21
357,0.2506070661571127,1.6642507943372429,0.4,engert_20220221_magnet,1.7421621084213257,,72.0,,,20220221,unknown,zebrafish,WB,mag,2280.0,460,0.8562422219976316,103,0.55,2022_02_21
358,0.6361137123830504,0.9497593627680064,0.4,engert_20220221_magnet,4.659480571746826,,72.0,,,20220221,unknown,zebrafish,WB,mag,2280.0,461,0.8851515161951169,85,0.55,2022_02_21
359,0.3365474301095993,1.4755319668510718,0.4,engert_20220221_magnet,3.8002676963806152,,72.0,,,20220221,unknown,zebrafish,WB,mag,2280.0,464,0.8911846719513872,115,0.55,2022_02_21
360,0.174460660928905,1.8706307918905734,0.4,engert_20220221_magnet,2.379176139831543,,72.0,,,20220221,unknown,zebrafish,WB,mag,2280.0,465,0.8373107002257322,102,0.55,2022_02_21
361,0.08809607796047103,2.209193899087409,0.4,engert_20220221_magnet,3.0639901161193848,,72.0,,,20220221,unknown,zebrafish,WB,mag,2280.0,466,0.8038705056213551,66,0.55,2022_02_21
362,0.4386977769846432,1.2827939541269944,0.4,engert_20220221_magnet,3.946671724319458,,72.0,,,20220221,unknown,zebrafish,WB,mag,2280.0,467,0.9755316216229049,118,0.55,2022_02_21
363,0.6126744889676061,0.9884718747718599,0.4,engert_20220221_magnet,2.0892438888549805,,72.0,,,20220221,unknown,zebrafish,WB,mag,2280.0,468,0.9270341735465787,77,0.55,2022_02_21
364,0.0016617078365536164,3.610566730597493,0.4,engert_20220221_magnet,3.122206926345825,,72.0,,,20220221,unknown,zebrafish,WB,mag,2280.0,470,0.9438592733574285,84,0.55,2022_02_21
365,0.05056409724043387,2.4510591420110512,0.4,engert_20220221_magnet,4.937328815460205,,72.0,,,20220221,unknown,zebrafish,WB,mag,2280.0,471,0.8832272148335225,94,0.55,2022_02_21
366,0.07632052677813395,2.2740787113402234,0.4,engert_20220221_magnet,3.504270553588867,,72.0,,,20220221,unknown,zebrafish,WB,mag,2280.0,472,0.8033188025980359,85,0.55,2022_02_21
367,0.7901511913316098,0.6848950610318543,0.4,engert_20220221_magnet,2.950119972229004,,72.0,,,20220221,unknown,zebrafish,WB,mag,2280.0,473,0.9449406084506756,82,0.55,2022_02_21
368,0.9320510905828328,0.37397830172036084,0.4,engert_20220221_magnet,4.964925765991211,,72.0,,,20220221,unknown,zebrafish,WB,mag,2280.0,474,0.9687250448469322,89,0.55,2022_02_21
369,0.5137861737965375,1.152891150792852,0.4,engert_20220221_magnet,3.266859292984009,,72.0,,,20220221,unknown,zebrafish,WB,mag,2280.0,475,0.7061700772547016,71,0.55,2022_02_21
370,0.04185120986840085,2.5283656737539135,0.4,engert_20220221_magnet,1.4665498733520508,,72.0,,,20220221,unknown,zebrafish,WB,mag,2280.0,476,0.8013302787235544,38,0.55,2022_02_21
371,0.36671564270192236,1.4159472339570527,0.4,engert_20220221_magnet,1.5215106010437012,,72.0,,,20220221,unknown,zebrafish,WB,mag,2280.0,479,0.8573059941612944,54,0.55,2022_02_21
372,0.2717205365398594,1.6146381069377822,0.4,engert_20220221_magnet,3.025944948196411,,72.0,,,20220221,unknown,zebrafish,WB,mag,2280.0,481,0.9815057633191707,78,0.55,2022_02_21
373,0.5425217438204815,1.104653249883682,0.4,engert_20220221_magnet,3.5203821659088135,,72.0,,,20220221,unknown,zebrafish,WB,mag,2280.0,482,0.9536636973530536,72,0.55,2022_02_21
374,0.6789715411826451,0.8785113641008929,0.4,engert_20220221_magnet,2.5072197914123535,,72.0,,,20220221,unknown,zebrafish,WB,mag,2280.0,483,0.8042006115488781,66,0.55,2022_02_21
375,0.025383336959905245,2.722646397941502,0.4,engert_20220221_magnet,5.3013997077941895,,72.0,,,20220221,unknown,zebrafish,WB,mag,2280.0,484,0.7207949709636498,158,0.55,2022_02_21
376,0.39528759926825874,1.3617712901524894,0.4,engert_20220221_magnet,3.009530782699585,,72.0,,,20220221,unknown,zebrafish,WB,mag,2280.0,486,0.9699475271006192,94,0.55,2022_02_21
377,0.5389442461434478,1.1106284425399504,0.4,engert_20220221_magnet,1.331130027770996,,72.0,,,20220221,unknown,zebrafish,WB,mag,2280.0,487,0.9016297496183591,86,0.55,2022_02_21
378,0.878433256763406,0.50783141909825,0.4,engert_20220221_magnet,3.812030553817749,,72.0,,,20220221,unknown,zebrafish,WB,mag,2280.0,488,0.8798706033885568,119,0.55,2022_02_21
379,0.5382914427150454,1.1117195899821997,0.4,engert_20220221_magnet,1.2169651985168457,,72.0,,,20220221,unknown,zebrafish,WB,mag,2280.0,489,0.853904143945425,61,0.55,2022_02_21
380,0.4443207887303363,1.272808654116455,0.4,engert_20220221_magnet,2.41438627243042,,72.0,,,20220221,unknown,zebrafish,WB,mag,2280.0,490,0.8968966341295239,55,0.55,2022_02_21
381,0.014080045197565783,2.9359243767723595,0.4,engert_20220221_magnet,2.4909894466400146,,72.0,,,20220221,unknown,zebrafish,WB,mag,2280.0,491,0.9434814240812183,80,0.55,2022_02_21
382,0.4293407733499638,1.299524422468753,0.4,engert_20220221_magnet,3.3884854316711426,,72.0,,,20220221,unknown,zebrafish,WB,mag,2280.0,492,0.8666459836743273,132,0.55,2022_02_21
383,0.065264294697022,2.3428692066119305,0.4,engert_20220221_magnet,2.978653907775879,,72.0,,,20220221,unknown,zebrafish,WB,mag,2280.0,495,0.9640438774244028,57,0.55,2022_02_21
384,0.8059446496294684,0.6554420487003103,0.4,engert_20220221_magnet,2.8612513542175293,,72.0,,,20220221,unknown,zebrafish,WB,mag,2280.0,497,0.9312506734401161,86,0.55,2022_02_21
385,0.42386028766818895,1.3093933349834455,0.4,engert_20220221_magnet,6.343215465545654,,72.0,,,20220221,unknown,zebrafish,WB,mag,2280.0,498,0.9213295483567402,65,0.55,2022_02_21
386,0.5880353454107337,1.0291432634281623,0.4,engert_20220221_magnet,4.237467288970947,,72.0,,,20220221,unknown,zebrafish,WB,mag,2280.0,499,0.9611225382048264,85,0.55,2022_02_21
387,0.7582810663956547,0.7424453062579508,0.4,engert_20220221_magnet,1.2346246242523193,,72.0,,,20220221,unknown,zebrafish,WB,mag,2280.0,500,0.7501437383745047,120,0.55,2022_02_21
388,0.43278335779477406,1.293351945061358,0.4,engert_20220221_magnet,2.4175868034362793,,72.0,,,20220221,unknown,zebrafish,WB,mag,2280.0,501,0.8403527527143639,60,0.55,2022_02_21
389,0.35551582487399846,1.4377561103527274,0.4,engert_20220221_magnet,2.2440054416656494,,72.0,,,20220221,unknown,zebrafish,WB,mag,2280.0,503,0.7591463476849,32,0.55,2022_02_21
390,0.7831300146076425,0.6977731407446686,0.4,engert_20220221_magnet,2.7139739990234375,,72.0,,,20220221,unknown,zebrafish,WB,mag,2280.0,504,0.9313272027258371,121,0.55,2022_02_21
391,0.8257013839686447,0.617499293924158,0.4,engert_20220221_magnet,6.35502815246582,,72.0,,,20220221,unknown,zebrafish,WB,mag,2280.0,505,0.9617488667241118,96,0.55,2022_02_21
392,0.6875037940413022,0.8641995058682522,0.4,engert_20220221_magnet,2.6798431873321533,,72.0,,,20220221,unknown,zebrafish,WB,mag,2280.0,506,0.9007106181557071,95,0.55,2022_02_21
393,0.6263936066837426,0.9658236029078937,0.4,engert_20220221_magnet,2.4673659801483154,,72.0,,,20220221,unknown,zebrafish,WB,mag,2280.0,507,0.9061655205523133,59,0.55,2022_02_21
394,0.5093036772105983,1.160472640712194,0.4,engert_20220221_magnet,3.4297995567321777,,72.0,,,20220221,unknown,zebrafish,WB,mag,2280.0,510,0.9816730808802255,95,0.55,2022_02_21
395,0.747577433716154,0.7613121014534174,0.4,engert_20220221_magnet,2.4811689853668213,,72.0,,,20220221,unknown,zebrafish,WB,mag,2280.0,511,0.9291553207901546,74,0.55,2022_02_21
396,0.3890148361319389,1.3734987077274337,0.4,engert_20220221_magnet,3.6620285511016846,,72.0,,,20220221,unknown,zebrafish,WB,mag,2280.0,512,0.6680528282624132,93,0.55,2022_02_21
397,0.4113175695775044,1.3321864593747832,0.4,engert_20220221_magnet,3.543642997741699,,72.0,,,20220221,unknown,zebrafish,WB,mag,2280.0,514,0.9809791228984935,77,0.55,2022_02_21
398,0.9433002298959684,0.34054587887445503,0.4,engert_20220221_magnet,3.650843858718872,,72.0,,,20220221,unknown,zebrafish,WB,mag,2280.0,515,0.9687088238653123,102,0.55,2022_02_21
399,0.48126745091706136,1.2083260406696377,0.4,engert_20220221_magnet,2.166975259780884,,72.0,,,20220221,unknown,zebrafish,WB,mag,2280.0,516,0.9823527933930774,83,0.55,2022_02_21
400,0.35667700129041746,1.4354787078822828,0.4,engert_20220221_magnet,3.2940845489501953,,72.0,,,20220221,unknown,zebrafish,WB,mag,2280.0,517,0.9291361368690771,110,0.55,2022_02_21
401,0.7085385988176042,0.8286497107334178,0.4,engert_20220221_magnet,2.400731086730957,,72.0,,,20220221,unknown,zebrafish,WB,mag,2280.0,518,0.6572023913055318,73,0.55,2022_02_21
402,0.8023308946469319,0.6622445755409644,0.4,engert_20220221_magnet,1.7769721746444702,,72.0,,,20220221,unknown,zebrafish,WB,mag,2280.0,519,0.970573990798778,68,0.55,2022_02_21
403,0.5813777695837489,1.0401458530648007,0.4,engert_20220221_magnet,3.2252461910247803,,72.0,,,20220221,unknown,zebrafish,WB,mag,2280.0,520,0.9320315718301333,55,0.55,2022_02_21
404,0.6014131080738282,1.0070558588464869,0.4,engert_20220221_magnet,1.8999152183532715,,72.0,,,20220221,unknown,zebrafish,WB,mag,2280.0,521,0.8844342477645974,71,0.55,2022_02_21
405,0.1414569266973248,1.9805288803714316,0.4,engert_20220221_magnet,1.5473203659057617,,72.0,,,20220221,unknown,zebrafish,WB,mag,2280.0,522,0.6333919994360206,51,0.55,2022_02_21
406,0.14067701241414754,1.983345963142234,0.4,engert_20220221_magnet,10.080070495605469,,72.0,,,20220221,unknown,zebrafish,WB,mag,2280.0,524,0.8575834480670019,124,0.55,2022_02_21
407,0.24512428664077535,1.6775680090410738,0.4,engert_20220221_magnet,2.5624167919158936,,72.0,,,20220221,unknown,zebrafish,WB,mag,2280.0,525,0.9181735863834111,95,0.55,2022_02_21
408,0.6933702536997719,0.8543256194920424,0.4,engert_20220221_magnet,3.462423086166382,,72.0,,,20220221,unknown,zebrafish,WB,mag,2280.0,526,0.8973292399593481,103,0.55,2022_02_21
409,0.41875405198254434,1.31863694909741,0.4,engert_20220221_magnet,4.2669677734375,,72.0,,,20220221,unknown,zebrafish,WB,mag,2280.0,527,0.993278181707437,77,0.55,2022_02_21
410,0.46801458076259794,1.2312480378432404,0.4,engert_20220221_magnet,3.1516568660736084,,72.0,,,20220221,unknown,zebrafish,WB,mag,2280.0,528,0.9813280295954461,76,0.55,2022_02_21
411,0.12109425994250367,2.058295601869506,0.4,engert_20220221_magnet,3.7345142364501953,,72.0,,,20220221,unknown,zebrafish,WB,mag,2280.0,529,0.8426223516309059,66,0.55,2022_02_21
412,0.13195504119749557,2.015680439859119,0.4,engert_20220221_magnet,1.4729516506195068,,72.0,,,20220221,unknown,zebrafish,WB,mag,2280.0,531,0.9539857807980676,67,0.55,2022_02_21
413,0.261586968190039,1.6381335294946804,0.4,engert_20220221_magnet,2.0148074626922607,,72.0,,,20220221,unknown,zebrafish,WB,mag,2280.0,532,0.8486587650144245,73,0.55,2022_02_21
414,0.9864214534263278,0.16442915145139939,0.4,engert_20220221_magnet,2.1886494159698486,,72.0,,,20220221,unknown,zebrafish,WB,mag,2280.0,533,0.8827011439407542,73,0.55,2022_02_21
415,0.6383764759288384,0.9460165367015559,0.4,engert_20220221_magnet,4.964646816253662,,72.0,,,20220221,unknown,zebrafish,WB,mag,2280.0,534,0.746375666708796,82,0.55,2022_02_21
416,0.7622256723922256,0.735439426417088,0.4,engert_20220221_magnet,3.0265769958496094,,72.0,,,20220221,unknown,zebrafish,WB,mag,2280.0,535,0.8377549736338379,95,0.55,2022_02_21
417,0.32430609056546544,1.500528324291671,0.4,engert_20220221_magnet,3.394501209259033,,72.0,,,20220221,unknown,zebrafish,WB,mag,2280.0,536,0.8879096716290739,46,0.55,2022_02_21
418,0.017008997693162997,2.8691672667031645,0.4,engert_20220221_magnet,3.298173666000366,,72.0,,,20220221,unknown,zebrafish,WB,mag,2280.0,538,0.9808957811291001,83,0.55,2022_02_21
419,0.9776587022077962,0.21160410778760205,0.4,engert_20220221_magnet,2.326967716217041,,72.0,,,20220221,unknown,zebrafish,WB,mag,2280.0,539,0.9024865536199704,53,0.55,2022_02_21
420,0.6016019139330588,1.006744258432678,0.4,engert_20220221_magnet,1.801469326019287,,72.0,,,20220221,unknown,zebrafish,WB,mag,2280.0,540,0.8828594453381868,139,0.55,2022_02_21
421,0.3380208024381679,1.4725573690068372,0.4,engert_20220221_magnet,3.7623305320739746,,72.0,,,20220221,unknown,zebrafish,WB,mag,2280.0,541,0.8873858179494014,101,0.55,2022_02_21
422,0.4644128924471673,1.2375155348061109,0.4,engert_20220221_magnet,3.3513734340667725,,72.0,,,20220221,unknown,zebrafish,WB,mag,2280.0,545,0.9680687781661987,84,0.55,2022_02_21
423,0.9028843992972073,0.4507623984903546,0.4,engert_20220221_magnet,3.062366008758545,,72.0,,,20220221,unknown,zebrafish,WB,mag,2280.0,546,0.9544309526005726,93,0.55,2022_02_21
424,0.3432194095329689,1.462117651447766,0.4,engert_20220221_magnet,4.262759208679199,,72.0,,,20220221,unknown,zebrafish,WB,mag,2280.0,547,0.9831299324557035,92,0.55,2022_02_21
425,0.1627571462566315,1.9077050624418992,0.4,engert_20220221_magnet,2.7520039081573486,,72.0,,,20220221,unknown,zebrafish,WB,mag,2280.0,548,0.9838742880948307,75,0.55,2022_02_21
426,0.05160867156940563,2.442560459087056,0.4,engert_20220221_magnet,1.8187434673309326,,72.0,,,20220221,unknown,zebrafish,WB,mag,2280.0,549,0.9593914426934749,104,0.55,2022_02_21
427,0.9780850634880247,0.2095452631605256,0.4,engert_20220221_magnet,5.643599987030029,,72.0,,,20220221,unknown,zebrafish,WB,mag,2280.0,550,0.96013222411751,78,0.55,2022_02_21
428,0.49009562809902085,1.1931705040244256,0.4,engert_20220221_magnet,1.8202375173568726,,72.0,,,20220221,unknown,zebrafish,WB,mag,2280.0,551,0.9160231791093502,70,0.55,2022_02_21
429,0.8482817954602351,0.5722862472325525,0.4,engert_20220221_magnet,5.591892242431641,,72.0,,,20220221,unknown,zebrafish,WB,mag,2280.0,552,0.6415152246750333,127,0.55,2022_02_21
430,0.8726538258548386,0.5206229803835812,0.4,engert_20220221_magnet,2.207620143890381,,72.0,,,20220221,unknown,zebrafish,WB,mag,2280.0,554,0.9754988087568985,90,0.55,2022_02_21
431,0.8864483385420392,0.4896858125913992,0.4,engert_20220221_magnet,2.5170633792877197,,72.0,,,20220221,unknown,zebrafish,WB,mag,2280.0,555,0.9313805636629479,100,0.55,2022_02_21
432,0.602636870792654,1.0050362176798653,0.4,engert_20220221_magnet,2.4052340984344482,,72.0,,,20220221,unknown,zebrafish,WB,mag,2280.0,556,0.8462993001100356,53,0.55,2022_02_21
433,0.04116372720388761,2.535028371331551,0.4,engert_20220221_magnet,7.119500637054443,,72.0,,,20220221,unknown,zebrafish,WB,mag,2280.0,557,0.9834563633854242,94,0.55,2022_02_21
434,0.14605359239084603,1.9641573632554565,0.4,engert_20220221_magnet,4.977097511291504,,72.0,,,20220221,unknown,zebrafish,WB,mag,2280.0,558,0.9038692804170547,71,0.55,2022_02_21
435,0.7846752490728328,0.6949495156769034,0.4,engert_20220221_magnet,3.0551071166992188,,72.0,,,20220221,unknown,zebrafish,WB,mag,2280.0,559,0.9649031262113067,66,0.55,2022_02_21
436,0.11231207853993741,2.094956843218298,0.4,engert_20220221_magnet,2.237365245819092,,72.0,,,20220221,unknown,zebrafish,WB,mag,2280.0,560,0.8606688778743454,64,0.55,2022_02_21
437,0.8261037535588213,0.6167121698759617,0.4,engert_20220221_magnet,9.557802200317383,,72.0,,,20220221,unknown,zebrafish,WB,mag,2280.0,563,0.6924585649656158,228,0.55,2022_02_21
438,0.19594031534281864,1.8069820010193554,0.4,engert_20220221_magnet,2.0768136978149414,,72.0,,,20220221,unknown,zebrafish,WB,mag,2280.0,564,0.7880116513861808,75,0.55,2022_02_21
439,0.3367296167960453,1.4751637202622871,0.4,engert_20220221_magnet,4.261097431182861,,72.0,,,20220221,unknown,zebrafish,WB,mag,2280.0,565,0.8941195293773336,80,0.55,2022_02_21
440,0.3297239666785674,1.4894018682653338,0.4,engert_20220221_magnet,2.2652316093444824,,72.0,,,20220221,unknown,zebrafish,WB,mag,2280.0,566,0.9594098283535702,85,0.55,2022_02_21
441,0.9696390030425431,0.247305809067037,0.4,engert_20220221_magnet,4.4604010581970215,,72.0,,,20220221,unknown,zebrafish,WB,mag,2280.0,567,0.9833401774232415,85,0.55,2022_02_21
442,0.34103553822849664,1.4664927948157713,0.4,engert_20220221_magnet,1.7045495510101318,,72.0,,,20220221,unknown,zebrafish,WB,mag,2280.0,568,0.6736335990434207,39,0.55,2022_02_21
443,0.07576354726824253,2.2773431870548344,0.4,engert_20220221_magnet,2.4405171871185303,,72.0,,,20220221,unknown,zebrafish,WB,mag,2280.0,569,0.9075118705637353,82,0.55,2022_02_21
444,0.10351135143056489,2.134001799917798,0.4,engert_20220221_magnet,3.6840639114379883,,72.0,,,20220221,unknown,zebrafish,WB,mag,2280.0,571,0.9669440970652684,104,0.55,2022_02_21
445,0.3893598298731822,1.3728513652580616,0.4,engert_20220221_magnet,3.573486328125,,72.0,,,20220221,unknown,zebrafish,WB,mag,2280.0,572,0.8671163508049559,58,0.55,2022_02_21
446,0.3327945946101306,1.4831408592593573,0.4,engert_20220221_magnet,3.4380385875701904,,72.0,,,20220221,unknown,zebrafish,WB,mag,2280.0,573,0.7317260942471691,74,0.55,2022_02_21
447,0.4043951920052622,1.3448969266950392,0.4,engert_20220221_magnet,3.8623430728912354,,72.0,,,20220221,unknown,zebrafish,WB,mag,2280.0,574,0.7935909716267451,39,0.55,2022_02_21
448,0.8075926730779743,0.6523265945899538,0.4,engert_20220221_magnet,2.7452874183654785,,72.0,,,20220221,unknown,zebrafish,WB,mag,2280.0,575,0.9294348980433084,50,0.55,2022_02_21
449,0.8301622236257887,0.6087376346284923,0.4,engert_20220221_magnet,5.528931617736816,,72.0,,,20220221,unknown,zebrafish,WB,mag,2280.0,576,0.9310566482853093,109,0.55,2022_02_21
450,0.1265361381330835,2.0365938362693012,0.4,engert_20220221_magnet,4.284125328063965,,72.0,,,20220221,unknown,zebrafish,WB,mag,2280.0,578,0.9406846170833505,86,0.55,2022_02_21
451,0.34874176805458745,1.4511205226336015,0.4,engert_20220221_magnet,2.9446651935577393,,72.0,,,20220221,unknown,zebrafish,WB,mag,2280.0,580,0.8475576240009295,88,0.55,2022_02_21
452,0.9595749344107958,0.2862185233868166,0.4,engert_20220221_magnet,0.7820818424224854,,72.0,,,20220221,unknown,zebrafish,WB,mag,2280.0,581,0.9080090963948941,63,0.55,2022_02_21
453,0.6819982094025185,0.8734407281445197,0.4,engert_20220221_magnet,4.798710823059082,,72.0,,,20220221,unknown,zebrafish,WB,mag,2280.0,582,0.7750033944099814,47,0.55,2022_02_21
454,0.7143499813096951,0.8187498449435072,0.4,engert_20220221_magnet,3.9274630546569824,,72.0,,,20220221,unknown,zebrafish,WB,mag,2280.0,583,0.9289899223926603,72,0.55,2022_02_21
455,0.3453894114081253,1.4577851756748912,0.4,engert_20220221_magnet,2.1197452545166016,,72.0,,,20220221,unknown,zebrafish,WB,mag,2280.0,584,0.6457464268171563,87,0.55,2022_02_21
456,0.6823826871421048,0.8727961371857089,0.4,engert_20220221_magnet,3.0046794414520264,,72.0,,,20220221,unknown,zebrafish,WB,mag,2280.0,585,0.947134595289194,74,0.55,2022_02_21
457,0.10424725402007462,2.1306397358270295,0.4,engert_20220221_magnet,5.014896392822266,,72.0,,,20220221,unknown,zebrafish,WB,mag,2280.0,586,0.808053856552277,115,0.55,2022_02_21
458,0.13106715492137988,2.0190616801105845,0.4,engert_20220221_magnet,2.664618492126465,,72.0,,,20220221,unknown,zebrafish,WB,mag,2280.0,588,0.9410852247353695,71,0.55,2022_02_21
459,0.8958487308416975,0.46773171841426103,0.4,engert_20220221_magnet,2.79776668548584,,72.0,,,20220221,unknown,zebrafish,WB,mag,2280.0,589,0.9548249709523801,85,0.55,2022_02_21
460,0.5395825218775763,1.109561826626198,0.4,engert_20220221_magnet,2.480442762374878,,72.0,,,20220221,unknown,zebrafish,WB,mag,2280.0,591,0.8050724062789133,58,0.55,2022_02_21
461,0.023206129403630427,2.756108050703532,0.4,engert_20220221_magnet,2.1617205142974854,,72.0,,,20220221,unknown,zebrafish,WB,mag,2280.0,592,0.9729341665608893,72,0.55,2022_02_21
462,0.38885585159594394,1.3737970691496264,0.4,engert_20220221_magnet,3.7758662700653076,,72.0,,,20220221,unknown,zebrafish,WB,mag,2280.0,593,0.7628527989568638,64,0.55,2022_02_21
463,0.4731998015105575,1.2222541648685463,0.4,engert_20220221_magnet,3.0295767784118652,,72.0,,,20220221,unknown,zebrafish,WB,mag,2280.0,594,0.9100046173167224,68,0.55,2022_02_21
464,0.04393278714177995,2.5087417940781767,0.4,engert_20220221_magnet,0.89134681224823,,72.0,,,20220221,unknown,zebrafish,WB,mag,2280.0,595,0.9667495039731318,83,0.55,2022_02_21
465,0.8334324727206213,0.6022641275246982,0.4,engert_20220221_magnet,3.3324968814849854,,72.0,,,20220221,unknown,zebrafish,WB,mag,2280.0,596,0.7928127371907208,117,0.55,2022_02_21
466,0.6561463571366748,0.916564125272571,0.4,engert_20220221_magnet,1.9024603366851807,,72.0,,,20220221,unknown,zebrafish,WB,mag,2280.0,597,0.9095825214455763,74,0.55,2022_02_21
467,0.10489557420688478,2.1276930052631418,0.4,engert_20220221_magnet,2.9339680671691895,,72.0,,,20220221,unknown,zebrafish,WB,mag,2280.0,598,0.8751912624400803,241,0.55,2022_02_21
468,0.6163447517101239,0.9824145477683488,0.4,engert_20220221_magnet,3.7734551429748535,,72.0,,,20220221,unknown,zebrafish,WB,mag,2280.0,599,0.9646490594602374,83,0.55,2022_02_21
469,0.2607134540847771,1.640185478445309,0.4,engert_20220221_magnet,1.8615024089813232,,72.0,,,20220221,unknown,zebrafish,WB,mag,2280.0,600,0.8176303094357902,80,0.55,2022_02_21
470,0.6733987369510313,0.8878309186868181,0.4,engert_20220221_magnet,6.026893615722656,,72.0,,,20220221,unknown,zebrafish,WB,mag,2280.0,601,0.7634123835611207,127,0.55,2022_02_21
471,0.9100276614320606,0.4329983747181512,0.4,engert_20220221_magnet,2.8064589500427246,,72.0,,,20220221,unknown,zebrafish,WB,mag,2280.0,604,0.6949308034308078,62,0.55,2022_02_21
472,0.02679797371113868,2.7022187483112763,0.4,engert_20220221_magnet,4.499233722686768,,72.0,,,20220221,unknown,zebrafish,WB,mag,2280.0,607,0.9198976542871693,102,0.55,2022_02_21
473,0.7471720815793836,0.7620227386480933,0.4,engert_20220221_magnet,2.9375200271606445,,72.0,,,20220221,unknown,zebrafish,WB,mag,2280.0,608,0.7406090386097905,43,0.55,2022_02_21
474,0.47365472589206625,1.2214667037873443,0.4,engert_20220221_magnet,5.1247029304504395,,72.0,,,20220221,unknown,zebrafish,WB,mag,2280.0,609,0.7725318819222827,83,0.55,2022_02_21
475,0.41119021597864525,1.3324194606588071,0.4,engert_20220221_magnet,2.4601376056671143,,72.0,,,20220221,unknown,zebrafish,WB,mag,2280.0,611,0.6610054727147938,64,0.55,2022_02_21
476,0.22410900224994856,1.730500454751678,0.4,engert_20220221_magnet,3.647869825363159,,72.0,,,20220221,unknown,zebrafish,WB,mag,2280.0,612,0.796951848044631,72,0.55,2022_02_21
477,0.130205427249535,2.0223602195679473,0.4,engert_20220221_magnet,2.6302990913391113,,72.0,,,20220221,unknown,zebrafish,WB,mag,2280.0,614,0.8046068012539104,89,0.55,2022_02_21
478,0.38523130346710976,1.3806157020168652,0.4,engert_20220221_magnet,4.8899455070495605,,72.0,,,20220221,unknown,zebrafish,WB,mag,2280.0,616,0.9797125610118852,93,0.55,2022_02_21
479,0.5042949801631063,1.1689649742073962,0.4,engert_20220221_magnet,1.6833709478378296,,72.0,,,20220221,unknown,zebrafish,WB,mag,2280.0,618,0.8480318713271887,98,0.55,2022_02_21
480,0.4858529676063048,1.2004432388257946,0.4,engert_20220221_magnet,3.519998073577881,,72.0,,,20220221,unknown,zebrafish,WB,mag,2280.0,619,0.8768983134448513,98,0.55,2022_02_21
481,0.884147112334944,0.4949466653659909,0.4,engert_20220221_magnet,5.97503137588501,,72.0,,,20220221,unknown,zebrafish,WB,mag,2280.0,620,0.9198885996248584,240,0.55,2022_02_21
482,0.8872508823745855,0.48784115265785044,0.4,engert_20220221_magnet,3.085815668106079,,72.0,,,20220221,unknown,zebrafish,WB,mag,2280.0,621,0.8287495302934894,46,0.55,2022_02_21
483,0.8692976276619577,0.5279474785456884,0.4,engert_20220221_magnet,2.46774959564209,,72.0,,,20220221,unknown,zebrafish,WB,mag,2280.0,623,0.7710874787199055,65,0.55,2022_02_21
484,0.1909530503910305,1.8213029998086443,0.4,engert_20220221_magnet,4.405248165130615,,72.0,,,20220221,unknown,zebrafish,WB,mag,2280.0,624,0.9035432378028538,93,0.55,2022_02_21
485,0.7586437744340971,0.7418023753749301,0.4,engert_20220221_magnet,2.5117990970611572,,72.0,,,20220221,unknown,zebrafish,WB,mag,2280.0,625,0.7410771551503114,49,0.55,2022_02_21
486,0.8379346223619715,0.5932791748469528,0.4,engert_20220221_magnet,2.140035390853882,,72.0,,,20220221,unknown,zebrafish,WB,mag,2280.0,626,0.8002962823162462,62,0.55,2022_02_21
487,0.9541037419792255,0.3054531094203087,0.4,engert_20220221_magnet,4.348729133605957,,72.0,,,20220221,unknown,zebrafish,WB,mag,2280.0,627,0.9330955591974502,80,0.55,2022_02_21
488,0.24215879538224117,1.6848515116398903,0.4,engert_20220221_magnet,4.915546894073486,,72.0,,,20220221,unknown,zebrafish,WB,mag,2280.0,628,0.8804150783066353,107,0.55,2022_02_21
489,0.03409726178279693,2.6096477549754145,0.4,engert_20220221_magnet,2.1165621280670166,,72.0,,,20220221,unknown,zebrafish,WB,mag,2280.0,629,0.9470390626122498,88,0.55,2022_02_21
490,0.8613915206112863,0.5449214865393706,0.4,engert_20220221_magnet,3.706059217453003,,72.0,,,20220221,unknown,zebrafish,WB,mag,2280.0,630,0.9753764907716732,85,0.55,2022_02_21
491,0.01895931420868302,2.8301495492418622,0.4,engert_20220221_magnet,4.954169750213623,,72.0,,,20220221,unknown,zebrafish,WB,mag,2280.0,631,0.5542975427730059,127,0.55,2022_02_21
492,0.805692652094667,0.6559177652267121,0.4,engert_20220221_magnet,2.618551015853882,,72.0,,,20220221,unknown,zebrafish,WB,mag,2280.0,635,0.8890363991438855,104,0.55,2022_02_21
493,0.6563041764922173,0.9163019873971978,0.4,engert_20220221_magnet,4.313475608825684,,72.0,,,20220221,unknown,zebrafish,WB,mag,2280.0,636,0.9694903061895191,78,0.55,2022_02_21
494,0.5052665496444662,1.1673159061617124,0.4,engert_20220221_magnet,2.8170478343963623,,72.0,,,20220221,unknown,zebrafish,WB,mag,2280.0,637,0.9564401033290388,74,0.55,2022_02_21
495,0.4531772752136519,1.2571799758104072,0.4,engert_20220221_magnet,2.673304557800293,,72.0,,,20220221,unknown,zebrafish,WB,mag,2280.0,638,0.8491935726214457,100,0.55,2022_02_21
496,0.8533792101095434,0.5617543412912899,0.4,engert_20220221_magnet,2.303360939025879,,72.0,,,20220221,unknown,zebrafish,WB,mag,2280.0,639,0.7147051757733535,83,0.55,2022_02_21
497,0.3979317239684771,1.3568540162647185,0.4,engert_20220221_magnet,1.6073812246322632,,72.0,,,20220221,unknown,zebrafish,WB,mag,2280.0,640,0.8828926394450507,58,0.55,2022_02_21
498,0.8478036144807668,0.5732675495580798,0.4,engert_20220221_magnet,2.4095263481140137,,72.0,,,20220221,unknown,zebrafish,WB,mag,2280.0,644,0.634436783701565,53,0.55,2022_02_21
499,0.6749370468221185,0.8852604367518515,0.4,engert_20220221_magnet,3.9195494651794434,,72.0,,,20220221,unknown,zebrafish,WB,mag,2280.0,645,0.6546687185047458,52,0.55,2022_02_21
500,0.966182050375321,0.2612779969248366,0.4,engert_20220221_magnet,4.19903039932251,,72.0,,,20220221,unknown,zebrafish,WB,mag,2280.0,647,0.9193171991992324,95,0.55,2022_02_21
501,0.8223285053373981,0.6240737163600776,0.4,engert_20220221_magnet,3.755436420440674,,72.0,,,20220221,unknown,zebrafish,WB,mag,2280.0,648,0.8976223352566699,48,0.55,2022_02_21
502,0.1522941688056868,1.9425343553626413,0.4,engert_20220221_magnet,2.526508331298828,,72.0,,,20220221,unknown,zebrafish,WB,mag,2280.0,649,0.9217914297211214,88,0.55,2022_02_21
503,0.7611293958025651,0.7373894851424124,0.4,engert_20220221_magnet,0.6783925294876099,,72.0,,,20220221,unknown,zebrafish,WB,mag,2280.0,651,0.7588902311686003,34,0.55,2022_02_21
504,0.9607588950550092,0.28189915262201315,0.4,engert_20220221_magnet,4.7576704025268555,,72.0,,,20220221,unknown,zebrafish,WB,mag,2280.0,652,0.9300438107620123,88,0.55,2022_02_21
505,0.36542532079661005,1.41844232265613,0.4,engert_20220221_magnet,3.7404966354370117,,72.0,,,20220221,unknown,zebrafish,WB,mag,2280.0,653,0.9316044476262446,101,0.55,2022_02_21
506,0.1081270469048311,2.1132144437324976,0.4,engert_20220221_magnet,4.128673553466797,,72.0,,,20220221,unknown,zebrafish,WB,mag,2280.0,654,0.9394744795960406,88,0.55,2022_02_21
507,0.2921304840208735,1.5689093847376254,0.4,engert_20220221_magnet,3.6746225357055664,,72.0,,,20220221,unknown,zebrafish,WB,mag,2280.0,655,0.9852377113618649,117,0.55,2022_02_21
508,0.31185262418645743,1.526507455092775,0.4,engert_20220221_magnet,2.4542856216430664,,72.0,,,20220221,unknown,zebrafish,WB,mag,2280.0,656,0.9658931744350937,70,0.55,2022_02_21
509,0.6860542670493059,0.866634841991892,0.4,engert_20220221_magnet,2.798236846923828,,72.0,,,20220221,unknown,zebrafish,WB,mag,2280.0,658,0.6544427363297458,82,0.55,2022_02_21
510,0.4425858088412914,1.27588427874619,0.4,engert_20220221_magnet,3.284745931625366,,72.0,,,20220221,unknown,zebrafish,WB,mag,2280.0,659,0.6756383005318954,53,0.55,2022_02_21
511,0.8490709963986166,0.5706642148835203,0.4,engert_20220221_magnet,2.8543286323547363,,72.0,,,20220221,unknown,zebrafish,WB,mag,2280.0,662,0.9547655049381119,64,0.55,2022_02_21
512,0.7869312341479088,0.6908164304644936,0.4,engert_20220221_magnet,2.425258159637451,,72.0,,,20220221,unknown,zebrafish,WB,mag,2280.0,663,0.689776429333959,117,0.55,2022_02_21
513,0.818264610872656,0.6319397142801358,0.4,engert_20220221_magnet,4.184269905090332,,72.0,,,20220221,unknown,zebrafish,WB,mag,2280.0,664,0.916554582987713,75,0.55,2022_02_21
514,0.14968064259402003,1.9515084570250063,0.4,engert_20220221_magnet,2.134969711303711,,72.0,,,20220221,unknown,zebrafish,WB,mag,2280.0,666,0.8927980899142739,71,0.55,2022_02_21
515,0.6898650494732165,0.860228726363197,0.4,engert_20220221_magnet,3.380512237548828,,72.0,,,20220221,unknown,zebrafish,WB,mag,2280.0,667,0.9161360587784769,73,0.55,2022_02_21
516,0.2601140733331361,1.641596021183256,0.4,engert_20220221_magnet,4.84421968460083,,72.0,,,20220221,unknown,zebrafish,WB,mag,2280.0,668,0.9683147710522417,78,0.55,2022_02_21
517,0.26739485497818594,1.6245992011278274,0.4,engert_20220221_magnet,1.7402704954147339,,72.0,,,20220221,unknown,zebrafish,WB,mag,2280.0,669,0.9195195885665419,88,0.55,2022_02_21
518,0.16815013725329098,1.8903891914557636,0.4,engert_20220221_magnet,3.0512800216674805,,72.0,,,20220221,unknown,zebrafish,WB,mag,2280.0,671,0.9395877959619389,70,0.55,2022_02_21
519,0.11990774121946435,2.063126271706971,0.4,engert_20220221_magnet,3.31708025932312,,72.0,,,20220221,unknown,zebrafish,WB,mag,2280.0,673,0.9251591447234457,67,0.55,2022_02_21
520,0.9696639225608846,0.24720251289652476,0.4,engert_20220221_magnet,1.6774977445602417,,72.0,,,20220221,unknown,zebrafish,WB,mag,2280.0,675,0.898365577462874,71,0.55,2022_02_21
521,0.8505902945881612,0.5675328897249854,0.4,engert_20220221_magnet,2.793466806411743,,72.0,,,20220221,unknown,zebrafish,WB,mag,2280.0,676,0.9770992610875109,77,0.55,2022_02_21
522,0.3965576663260446,1.3594074762560209,0.4,engert_20220221_magnet,3.504422664642334,,72.0,,,20220221,unknown,zebrafish,WB,mag,2280.0,677,0.794845393716594,244,0.55,2022_02_21
523,0.04182870610849598,2.528582312383678,0.4,engert_20220221_magnet,3.2602744102478027,,72.0,,,20220221,unknown,zebrafish,WB,mag,2280.0,678,0.8660208169957244,89,0.55,2022_02_21
524,0.03017844134774761,2.656948887572975,0.4,engert_20220221_magnet,1.6159600019454956,,72.0,,,20220221,unknown,zebrafish,WB,mag,2280.0,680,0.9543907813394611,71,0.55,2022_02_21
525,0.4208654593388006,1.314808927233136,0.4,engert_20220221_magnet,3.23309588432312,,72.0,,,20220221,unknown,zebrafish,WB,mag,2280.0,682,0.5531370509020502,62,0.55,2022_02_21
526,0.29240443032243,1.568309059974617,0.4,engert_20220221_magnet,1.3336471319198608,,72.0,,,20220221,unknown,zebrafish,WB,mag,2280.0,683,0.9108186005858564,77,0.55,2022_02_21
527,0.3750141784425578,1.4000053959524852,0.4,engert_20220221_magnet,4.723738670349121,,72.0,,,20220221,unknown,zebrafish,WB,mag,2280.0,685,0.9436535923531574,107,0.55,2022_02_21
528,0.7458892005418081,0.7642697912592029,0.4,engert_20220221_magnet,3.6195566654205322,,72.0,,,20220221,unknown,zebrafish,WB,mag,2280.0,686,0.893396212588487,92,0.55,2022_02_21
529,0.49278487609566946,1.1885705946896652,0.4,engert_20220221_magnet,2.641861915588379,,72.0,,,20220221,unknown,zebrafish,WB,mag,2280.0,687,0.6385797633146238,56,0.55,2022_02_21
530,0.30506353333401104,1.5409213621674336,0.4,engert_20220221_magnet,2.5487921237945557,,72.0,,,20220221,unknown,zebrafish,WB,mag,2280.0,688,0.8347656264316516,60,0.55,2022_02_21
531,0.4802960942206962,1.2099988955938377,0.4,engert_20220221_magnet,3.1025309562683105,,72.0,,,20220221,unknown,zebrafish,WB,mag,2280.0,689,0.9760645317045297,86,0.55,2022_02_21
532,0.961759629173845,0.27820007534155416,0.4,engert_20220221_magnet,2.8294010162353516,,72.0,,,20220221,unknown,zebrafish,WB,mag,2280.0,690,0.9769158506116533,58,0.55,2022_02_21
533,0.8257784725858892,0.6173485464259492,0.4,engert_20220221_magnet,2.8129661083221436,,72.0,,,20220221,unknown,zebrafish,WB,mag,2280.0,691,0.9743801809637734,72,0.55,2022_02_21
534,0.2136035700628257,1.7582109785337097,0.4,engert_20220221_magnet,2.088463544845581,,72.0,,,20220221,unknown,zebrafish,WB,mag,2280.0,694,0.6528410270329316,33,0.55,2022_02_21
535,0.4430322849883719,1.2750923466881827,0.4,engert_20220221_magnet,3.0003979206085205,,72.0,,,20220221,unknown,zebrafish,WB,mag,2280.0,695,0.9439610495381466,111,0.55,2022_02_21
536,0.8562117314944292,0.5558437430078634,0.4,engert_20220221_magnet,3.2179248332977295,,72.0,,,20220221,unknown,zebrafish,WB,mag,2280.0,696,0.975190376151744,78,0.55,2022_02_21
537,0.019140194928036203,2.826712485467126,0.4,engert_20220221_magnet,3.2290947437286377,,72.0,,,20220221,unknown,zebrafish,WB,mag,2280.0,697,0.8872965676512229,73,0.55,2022_02_21
538,0.4004222076236156,1.3522363067587218,0.4,engert_20220221_magnet,3.1756296157836914,,72.0,,,20220221,unknown,zebrafish,WB,mag,2280.0,698,0.9770077426889268,83,0.55,2022_02_21
539,0.511155969521115,1.1573376724723377,0.4,engert_20220221_magnet,3.670492172241211,,72.0,,,20220221,unknown,zebrafish,WB,mag,2280.0,699,0.8015521348330871,43,0.55,2022_02_21
540,0.09191502338977331,2.1896482516407807,0.4,engert_20220221_magnet,1.768114686012268,,72.0,,,20220221,unknown,zebrafish,WB,mag,2280.0,700,0.8946672335832313,67,0.55,2022_02_21
541,0.3131639982041472,1.523744209225459,0.4,engert_20220221_magnet,6.00366735458374,,72.0,,,20220221,unknown,zebrafish,WB,mag,2280.0,701,0.9655490424622475,104,0.55,2022_02_21
542,0.778036484597582,0.7070403031799083,0.4,engert_20220221_magnet,3.027169704437256,,72.0,,,20220221,unknown,zebrafish,WB,mag,2280.0,702,0.7985264746839418,70,0.55,2022_02_21
543,0.3208052332819803,1.5077733387930314,0.4,engert_20220221_magnet,3.1389434337615967,,72.0,,,20220221,unknown,zebrafish,WB,mag,2280.0,703,0.7754706186249992,42,0.55,2022_02_21
544,0.43719813767442595,1.2854655691289942,0.4,engert_20220221_magnet,1.4868906736373901,,72.0,,,20220221,unknown,zebrafish,WB,mag,2280.0,704,0.9043311738232066,60,0.55,2022_02_21
545,0.05048173118283161,2.451735663338599,0.4,engert_20220221_magnet,1.9709962606430054,,72.0,,,20220221,unknown,zebrafish,WB,mag,2280.0,707,0.9774469523564231,67,0.55,2022_02_21
546,0.6971087509810678,0.8480177902945036,0.4,engert_20220221_magnet,6.090959548950195,,72.0,,,20220221,unknown,zebrafish,WB,mag,2280.0,708,0.8684806294823306,58,0.55,2022_02_21
547,0.678391724600953,0.8794819943886444,0.4,engert_20220221_magnet,3.9423625469207764,,72.0,,,20220221,unknown,zebrafish,WB,mag,2280.0,709,0.8930100206690652,111,0.55,2022_02_21
548,0.6412537375668353,0.941255151335446,0.4,engert_20220221_magnet,2.246678352355957,,72.0,,,20220221,unknown,zebrafish,WB,mag,2280.0,710,0.8587724073628137,66,0.55,2022_02_21
549,0.7186876178894124,0.8113353709820761,0.4,engert_20220221_magnet,2.0321106910705566,,72.0,,,20220221,unknown,zebrafish,WB,mag,2280.0,711,0.9437645966608035,79,0.55,2022_02_21
550,0.07084120612142009,2.3070733145488442,0.4,engert_20220221_magnet,4.198083400726318,,72.0,,,20220221,unknown,zebrafish,WB,mag,2280.0,714,0.8844507487405536,97,0.55,2022_02_21
551,0.2500632701922262,1.6655631978737147,0.4,engert_20220221_magnet,1.9104321002960205,,72.0,,,20220221,unknown,zebrafish,WB,mag,2280.0,715,0.8678444921775065,89,0.55,2022_02_21
552,0.4004782565307039,1.3521325157481354,0.4,engert_20220221_magnet,3.6440131664276123,,72.0,,,20220221,unknown,zebrafish,WB,mag,2280.0,718,0.9477938088055653,113,0.55,2022_02_21
553,0.16715794000446815,1.8935443501732483,0.4,engert_20220221_magnet,2.809573173522949,,72.0,,,20220221,unknown,zebrafish,WB,mag,2280.0,719,0.762424712033657,83,0.55,2022_02_21
554,0.644865100517911,0.9352753001711384,0.4,engert_20220221_magnet,1.9601951837539673,,72.0,,,20220221,unknown,zebrafish,WB,mag,2280.0,721,0.8342572741382135,69,0.55,2022_02_21
555,0.8356456788434239,0.5978580360373046,0.4,engert_20220221_magnet,3.8094561100006104,,72.0,,,20220221,unknown,zebrafish,WB,mag,2280.0,722,0.7899451371923528,48,0.55,2022_02_21
556,0.8976059606109938,0.4635391278068922,0.4,engert_20220221_magnet,3.9046630859375,,72.0,,,20220221,unknown,zebrafish,WB,mag,2280.0,723,0.9176696426307418,91,0.55,2022_02_21
557,0.3097578747597016,1.5309351847046462,0.4,engert_20220221_magnet,4.845588207244873,,72.0,,,20220221,unknown,zebrafish,WB,mag,2280.0,724,0.9829906967222859,81,0.55,2022_02_21
558,0.0485409062334089,2.467947509378793,0.4,engert_20220221_magnet,3.5309243202209473,,72.0,,,20220221,unknown,zebrafish,WB,mag,2280.0,725,0.8293996639582346,96,0.55,2022_02_21
559,0.27923797552305174,1.5975585339649687,0.4,engert_20220221_magnet,2.07647705078125,,72.0,,,20220221,unknown,zebrafish,WB,mag,2280.0,728,0.7835572289978834,142,0.55,2022_02_21
560,0.767482467127508,0.7260556115302501,0.4,engert_20220221_magnet,3.211573600769043,,72.0,,,20220221,unknown,zebrafish,WB,mag,2280.0,729,0.9643712430081598,78,0.55,2022_02_21
561,0.5543150253919058,1.0850060190247766,0.4,engert_20220221_magnet,4.310353755950928,,72.0,,,20220221,unknown,zebrafish,WB,mag,2280.0,731,0.8372310626605338,93,0.55,2022_02_21
562,0.5692924745640481,1.0601471254637755,0.4,engert_20220221_magnet,4.0724778175354,,72.0,,,20220221,unknown,zebrafish,WB,mag,2280.0,732,0.7618764237581307,48,0.55,2022_02_21
563,0.7934012169542781,0.6788909537658583,0.4,engert_20220221_magnet,4.473908424377441,,72.0,,,20220221,unknown,zebrafish,WB,mag,2280.0,736,0.9829000872198532,78,0.55,2022_02_21
564,0.2624685291420584,1.6360670569268962,0.4,engert_20220221_magnet,2.259080171585083,,72.0,,,20220221,unknown,zebrafish,WB,mag,2280.0,737,0.7992639416268524,134,0.55,2022_02_21
565,0.4368527841817439,1.2860812875083298,0.4,engert_20220221_magnet,1.381661295890808,,72.0,,,20220221,unknown,zebrafish,WB,mag,2280.0,738,0.9806722544417481,91,0.55,2022_02_21
566,0.5573742241072688,1.0799208346643037,0.4,engert_20220221_magnet,2.079493761062622,,72.0,,,20220221,unknown,zebrafish,WB,mag,2280.0,739,0.8618749059433122,66,0.55,2022_02_21
567,0.9805038390401875,0.1974787372284918,0.4,engert_20220221_magnet,3.300481081008911,,72.0,,,20220221,unknown,zebrafish,WB,mag,2280.0,741,0.7408819378275446,73,0.55,2022_02_21
568,0.5170262347621468,1.1474216097205812,0.4,engert_20220221_magnet,2.683988332748413,,72.0,,,20220221,unknown,zebrafish,WB,mag,2280.0,742,0.9048923984526777,98,0.55,2022_02_21
569,0.7216085950291844,0.8063296765694178,0.4,engert_20220221_magnet,2.105745553970337,,72.0,,,20220221,unknown,zebrafish,WB,mag,2280.0,743,0.896661404543275,61,0.55,2022_02_21
570,0.36296693958548043,1.423208360288048,0.4,engert_20220221_magnet,4.094294548034668,,72.0,,,20220221,unknown,zebrafish,WB,mag,2280.0,744,0.7553238716856743,125,0.55,2022_02_21
571,0.32255593102111146,1.5041447008556879,0.4,engert_20220221_magnet,1.9974502325057983,,72.0,,,20220221,unknown,zebrafish,WB,mag,2280.0,746,0.9719992825442701,64,0.55,2022_02_21
572,0.8328127106333962,0.6034942820419813,0.4,engert_20220221_magnet,1.2725621461868286,,72.0,,,20220221,unknown,zebrafish,WB,mag,2280.0,747,0.9412994487375335,68,0.55,2022_02_21
573,0.0073575485486628844,3.1550509516526746,0.4,engert_20220221_magnet,1.2674720287322998,,72.0,,,20220221,unknown,zebrafish,WB,mag,2280.0,748,0.7959283320865496,45,0.55,2022_02_21
574,0.33901210432409123,1.4705599961020386,0.4,engert_20220221_magnet,5.392467498779297,,72.0,,,20220221,unknown,zebrafish,WB,mag,2280.0,749,0.9610240665632669,77,0.55,2022_02_21
575,0.619207232637292,0.9776896894049444,0.4,engert_20220221_magnet,1.1028358936309814,,72.0,,,20220221,unknown,zebrafish,WB,mag,2280.0,750,0.635234209596869,54,0.55,2022_02_21
576,0.15515179407515367,1.932851388618236,0.4,engert_20220221_magnet,1.8443042039871216,,72.0,,,20220221,unknown,zebrafish,WB,mag,2280.0,751,0.6823759573013358,57,0.55,2022_02_21
577,0.24525682937216364,1.677243778204897,0.4,engert_20220221_magnet,2.436418294906616,,72.0,,,20220221,unknown,zebrafish,WB,mag,2280.0,752,0.8997230439936533,51,0.55,2022_02_21
578,0.6807694648998415,0.8755000673787735,0.4,engert_20220221_magnet,8.480008125305176,,72.0,,,20220221,unknown,zebrafish,WB,mag,2280.0,753,0.9160519126795171,95,0.55,2022_02_21
579,0.385608177911261,1.3799052369085603,0.4,engert_20220221_magnet,3.4567646980285645,,72.0,,,20220221,unknown,zebrafish,WB,mag,2280.0,755,0.9086201743626241,64,0.55,2022_02_21
580,0.2860770881264556,1.5822634787788237,0.4,engert_20220221_magnet,2.2443270683288574,,72.0,,,20220221,unknown,zebrafish,WB,mag,2280.0,756,0.5596802621925383,40,0.55,2022_02_21
581,0.5381114531756042,1.112020465685579,0.4,engert_20220221_magnet,1.9995732307434082,,72.0,,,20220221,unknown,zebrafish,WB,mag,2280.0,760,0.7438172613884253,74,0.55,2022_02_21
582,0.002788899545838275,3.45834972892564,0.4,engert_20220221_magnet,2.057676315307617,,72.0,,,20220221,unknown,zebrafish,WB,mag,2280.0,761,0.6785192530177541,52,0.55,2022_02_21
583,0.8293659792355064,0.6103072731017252,0.4,engert_20220221_magnet,3.6017355918884277,,72.0,,,20220221,unknown,zebrafish,WB,mag,2280.0,762,0.9210904174882643,153,0.55,2022_02_21
584,0.6157046109849029,0.9834710829403503,0.4,engert_20220221_magnet,2.040421962738037,,72.0,,,20220221,unknown,zebrafish,WB,mag,2280.0,763,0.6286509807681924,59,0.55,2022_02_21
585,0.5300941263917274,1.1254443874920907,0.4,engert_20220221_magnet,1.8352183103561401,,72.0,,,20220221,unknown,zebrafish,WB,mag,2280.0,764,0.7820293657140467,36,0.55,2022_02_21
586,0.8931059714658081,0.4742179279354531,0.4,engert_20220221_magnet,4.115291595458984,,72.0,,,20220221,unknown,zebrafish,WB,mag,2280.0,766,0.8949736192893615,83,0.55,2022_02_21
587,0.6160433597088999,0.9829119930611542,0.4,engert_20220221_magnet,2.63791823387146,,72.0,,,20220221,unknown,zebrafish,WB,mag,2280.0,767,0.8271604726457652,81,0.55,2022_02_21
588,0.3852149976674094,1.38064644361827,0.4,engert_20220221_magnet,3.974891185760498,,72.0,,,20220221,unknown,zebrafish,WB,mag,2280.0,770,0.9490210704499354,58,0.55,2022_02_21
589,0.7801799376183447,0.7031479554575962,0.4,engert_20220221_magnet,2.0238568782806396,,72.0,,,20220221,unknown,zebrafish,WB,mag,2280.0,772,0.9055415498581031,66,0.55,2022_02_21
590,0.7260729607159035,0.7986582725759857,0.4,engert_20220221_magnet,4.7754011154174805,,72.0,,,20220221,unknown,zebrafish,WB,mag,2280.0,773,0.7419155988510457,95,0.55,2022_02_21
591,0.15464598832401855,1.9345557237200235,0.4,engert_20220221_magnet,1.9540399312973022,,72.0,,,20220221,unknown,zebrafish,WB,mag,2280.0,775,0.9764949574078087,103,0.55,2022_02_21
592,0.30273676428043383,1.5459042819315938,0.4,engert_20220221_magnet,3.5209274291992188,,72.0,,,20220221,unknown,zebrafish,WB,mag,2280.0,776,0.7702313923663916,41,0.55,2022_02_21
593,0.6548526825609822,0.9187125181847408,0.4,engert_20220221_magnet,5.6254706382751465,,72.0,,,20220221,unknown,zebrafish,WB,mag,2280.0,778,0.9430912110629547,71,0.55,2022_02_21
594,0.2489460707639748,1.6682651526507786,0.4,engert_20220221_magnet,5.075565338134766,,72.0,,,20220221,unknown,zebrafish,WB,mag,2280.0,780,0.9777066209718568,84,0.55,2022_02_21
595,0.253492614429338,1.6573174205254237,0.4,engert_20220221_magnet,4.204268932342529,,72.0,,,20220221,unknown,zebrafish,WB,mag,2280.0,782,0.7803630151651622,78,0.55,2022_02_21
596,0.1818158780551301,1.8482391794511315,0.4,engert_20220221_magnet,3.977112293243408,,72.0,,,20220221,unknown,zebrafish,WB,mag,2280.0,783,0.8377306455739219,64,0.55,2022_02_21
597,0.9892384234585023,0.1461889393743909,0.4,engert_20220221_magnet,5.9838762283325195,,72.0,,,20220221,unknown,zebrafish,WB,mag,2280.0,785,0.8599120624441061,126,0.55,2022_02_21
598,0.24921606009016395,1.667611482169782,0.4,engert_20220221_magnet,4.881496429443359,,72.0,,,20220221,unknown,zebrafish,WB,mag,2280.0,786,0.9092399220089927,111,0.55,2022_02_21
599,0.8189718179298571,0.6305750042551059,0.4,engert_20220221_magnet,1.8316513299942017,,72.0,,,20220221,unknown,zebrafish,WB,mag,2280.0,788,0.8762278756355439,40,0.55,2022_02_21
600,0.5167683258042284,1.1478566555631025,0.4,engert_20220221_magnet,4.024431228637695,,72.0,,,20220221,unknown,zebrafish,WB,mag,2280.0,789,0.8798726903560168,69,0.55,2022_02_21
601,0.11309755020539491,2.0915894949332148,0.4,engert_20220221_magnet,2.402230739593506,,72.0,,,20220221,unknown,zebrafish,WB,mag,2280.0,790,0.7902795750754952,87,0.55,2022_02_21
602,0.28378772049199974,1.587358407516107,0.4,engert_20220221_magnet,2.4992105960845947,,72.0,,,20220221,unknown,zebrafish,WB,mag,2280.0,791,0.8884046146034184,93,0.55,2022_02_21
603,0.43475996889867363,1.2898169824442869,0.4,engert_20220221_magnet,5.03818416595459,,72.0,,,20220221,unknown,zebrafish,WB,mag,2280.0,792,0.8228703182599358,114,0.55,2022_02_21
604,0.2445281158157322,1.6790275265092613,0.4,engert_20220221_magnet,1.2536474466323853,,72.0,,,20220221,unknown,zebrafish,WB,mag,2280.0,793,0.9260660525917181,75,0.55,2022_02_21
605,0.7472860240136856,0.7618229910006115,0.4,engert_20220221_magnet,4.267007350921631,,72.0,,,20220221,unknown,zebrafish,WB,mag,2280.0,794,0.9861860214246537,87,0.55,2022_02_21
606,0.32378162935225197,1.5016108825433603,0.4,engert_20220221_magnet,1.908629298210144,,72.0,,,20220221,unknown,zebrafish,WB,mag,2280.0,795,0.7400976176771149,50,0.55,2022_02_21
607,0.024669466300227816,2.73333300061516,0.4,engert_20220221_magnet,3.5753371715545654,,72.0,,,20220221,unknown,zebrafish,WB,mag,2280.0,797,0.8405694815751044,68,0.55,2022_02_21
608,0.6694967375787997,0.8943443125133954,0.4,engert_20220221_magnet,3.794795274734497,,72.0,,,20220221,unknown,zebrafish,WB,mag,2280.0,798,0.6728226869489539,64,0.55,2022_02_21
609,0.8698484927532136,0.5267502466074491,0.4,engert_20220221_magnet,3.8430159091949463,,72.0,,,20220221,unknown,zebrafish,WB,mag,2280.0,800,0.8191361604459302,73,0.55,2022_02_21
610,0.06349710834445177,2.354735980713626,0.4,engert_20220221_magnet,2.385979652404785,,72.0,,,20220221,unknown,zebrafish,WB,mag,2280.0,801,0.6430909844168607,116,0.55,2022_02_21
611,0.701866849344789,0.8399708542708406,0.4,engert_20220221_magnet,4.406585216522217,,72.0,,,20220221,unknown,zebrafish,WB,mag,2280.0,802,0.8715844080771348,64,0.55,2022_02_21
612,0.436332423185374,1.2870094403183359,0.4,engert_20220221_magnet,2.8060576915740967,,72.0,,,20220221,unknown,zebrafish,WB,mag,2280.0,803,0.7980160755789977,55,0.55,2022_02_21
613,0.5338697094699738,1.1191174575907208,0.4,engert_20220221_magnet,2.8681561946868896,,72.0,,,20220221,unknown,zebrafish,WB,mag,2280.0,804,0.638396192345229,44,0.55,2022_02_21
614,0.5929155610311897,1.0210831801957374,0.4,engert_20220221_magnet,2.024261951446533,,72.0,,,20220221,unknown,zebrafish,WB,mag,2280.0,805,0.7133771483156641,77,0.55,2022_02_21
615,0.19664075701072614,1.8049911852666458,0.4,engert_20220221_magnet,3.7457242012023926,,72.0,,,20220221,unknown,zebrafish,WB,mag,2280.0,806,0.9411411307513529,66,0.55,2022_02_21
616,0.4130618706803614,1.3289986778016947,0.4,engert_20220221_magnet,2.3763325214385986,,72.0,,,20220221,unknown,zebrafish,WB,mag,2280.0,807,0.9484005201171486,97,0.55,2022_02_21
617,0.2987178301415804,1.5545644024850993,0.4,engert_20220221_magnet,2.061495304107666,,72.0,,,20220221,unknown,zebrafish,WB,mag,2280.0,808,0.6696965520839515,57,0.55,2022_02_21
618,0.6175531698126624,0.9804200000488273,0.4,engert_20220221_magnet,5.0376386642456055,,72.0,,,20220221,unknown,zebrafish,WB,mag,2280.0,810,0.8020756207757942,97,0.55,2022_02_21
619,0.37046324949964793,1.408725826939322,0.4,engert_20220221_magnet,1.2618826627731323,,72.0,,,20220221,unknown,zebrafish,WB,mag,2280.0,811,0.9368556811936325,75,0.55,2022_02_21
620,0.2704329768129716,1.6175926789321369,0.4,engert_20220221_magnet,4.5620527267456055,,72.0,,,20220221,unknown,zebrafish,WB,mag,2280.0,812,0.6920070377811609,47,0.55,2022_02_21
621,0.35307949240497094,1.4425471974753665,0.4,engert_20220221_magnet,6.393983840942383,,72.0,,,20220221,unknown,zebrafish,WB,mag,2280.0,813,0.9774102018586193,96,0.55,2022_02_21
622,0.0384468400527761,2.562320974834314,0.4,engert_20220221_magnet,4.911065578460693,,72.0,,,20220221,unknown,zebrafish,WB,mag,2280.0,815,0.7865197049354041,50,0.55,2022_02_21
623,0.9980745067078881,0.06109118202033765,0.4,engert_20220221_magnet,4.264904975891113,,72.0,,,20220221,unknown,zebrafish,WB,mag,2280.0,816,0.9712215752528617,92,0.55,2022_02_21
624,0.9220208694293474,0.40175586701071625,0.4,engert_20220221_magnet,3.5666050910949707,,72.0,,,20220221,unknown,zebrafish,WB,mag,2280.0,817,0.9709030211011191,152,0.55,2022_02_21
625,0.5230449042350656,1.1372836943379172,0.4,engert_20220221_magnet,3.3401010036468506,,72.0,,,20220221,unknown,zebrafish,WB,mag,2280.0,818,0.961155634142794,118,0.55,2022_02_21
626,0.0767239823792204,2.271726302667407,0.4,engert_20220221_magnet,2.174811840057373,,72.0,,,20220221,unknown,zebrafish,WB,mag,2280.0,819,0.7260589278824306,45,0.55,2022_02_21
627,0.7337497548167673,0.7854044471361512,0.4,engert_20220221_magnet,3.399214506149292,,72.0,,,20220221,unknown,zebrafish,WB,mag,2280.0,826,0.9008285819948001,66,0.55,2022_02_21
628,0.5678774591875406,1.0624919702004925,0.4,engert_20220221_magnet,4.6800537109375,,72.0,,,20220221,unknown,zebrafish,WB,mag,2280.0,827,0.5722662597565423,145,0.55,2022_02_21
629,0.8401623463131517,0.588800897609574,0.4,engert_20220221_magnet,1.8208061456680298,,72.0,,,20220221,unknown,zebrafish,WB,mag,2280.0,828,0.6477702249485583,77,0.55,2022_02_21
630,0.22041159028886792,1.7401511007301471,0.4,engert_20220221_magnet,4.421382427215576,,72.0,,,20220221,unknown,zebrafish,WB,mag,2280.0,829,0.8952584151012154,66,0.55,2022_02_21
631,0.860172205164283,0.5475060631433979,0.4,engert_20220221_magnet,1.7705851793289185,,72.0,,,20220221,unknown,zebrafish,WB,mag,2280.0,830,0.5830402455515699,46,0.55,2022_02_21
632,0.4635529057307973,1.239014514538016,0.4,engert_20220221_magnet,2.930741786956787,,72.0,,,20220221,unknown,zebrafish,WB,mag,2280.0,831,0.9713294186842887,74,0.55,2022_02_21
633,0.9910419237466737,0.1332425578931473,0.4,engert_20220221_magnet,3.116438865661621,,72.0,,,20220221,unknown,zebrafish,WB,mag,2280.0,832,0.8116376245176101,65,0.55,2022_02_21
634,0.6335515126188611,0.9539958991627776,0.4,engert_20220221_magnet,2.8038158416748047,,72.0,,,20220221,unknown,zebrafish,WB,mag,2280.0,833,0.8394721074406701,104,0.55,2022_02_21
635,0.7911557209853465,0.6830422954612273,0.4,engert_20220221_magnet,3.4251151084899902,,72.0,,,20220221,unknown,zebrafish,WB,mag,2280.0,834,0.9294828350931565,62,0.55,2022_02_21
636,0.2077251832194128,1.7741228018367858,0.4,engert_20220221_magnet,2.777498960494995,,72.0,,,20220221,unknown,zebrafish,WB,mag,2280.0,835,0.7777742052309342,69,0.55,2022_02_21
637,0.8657974712499401,0.5355090295737869,0.4,engert_20220221_magnet,4.304905891418457,,72.0,,,20220221,unknown,zebrafish,WB,mag,2280.0,836,0.8944395366300152,46,0.55,2022_02_21
638,0.35544633300446227,1.4378924952398529,0.4,engert_20220221_magnet,3.2534050941467285,,72.0,,,20220221,unknown,zebrafish,WB,mag,2280.0,838,0.9246028145263543,68,0.55,2022_02_21
639,0.99223222092584,0.12397787556808383,0.4,engert_20220221_magnet,2.631532907485962,,72.0,,,20220221,unknown,zebrafish,WB,mag,2280.0,839,0.8982753603598568,83,0.55,2022_02_21
640,0.3119875085488599,1.5262228960923512,0.4,engert_20220221_magnet,5.6217780113220215,,72.0,,,20220221,unknown,zebrafish,WB,mag,2280.0,840,0.9011951948884231,69,0.55,2022_02_21
641,0.6607295864540351,0.9089464909101602,0.4,engert_20220221_magnet,1.6532304286956787,,72.0,,,20220221,unknown,zebrafish,WB,mag,2280.0,841,0.7475554132001466,52,0.55,2022_02_21
642,0.5594225847198662,1.076518287037893,0.4,engert_20220221_magnet,2.2965168952941895,,72.0,,,20220221,unknown,zebrafish,WB,mag,2280.0,843,0.6710999743449084,53,0.55,2022_02_21
643,0.7919441102925855,0.6815862259622257,0.4,engert_20220221_magnet,1.5559585094451904,,72.0,,,20220221,unknown,zebrafish,WB,mag,2280.0,847,0.8459084557639505,45,0.55,2022_02_21
644,0.007602898671097091,3.1443203360544736,0.4,engert_20220221_magnet,3.6466047763824463,,72.0,,,20220221,unknown,zebrafish,WB,mag,2280.0,848,0.9442501047513092,69,0.55,2022_02_21
645,0.053274887678174454,2.429296851380383,0.4,engert_20220221_magnet,4.006970405578613,,72.0,,,20220221,unknown,zebrafish,WB,mag,2280.0,853,0.9658600186302084,83,0.55,2022_02_21
646,0.8771260137894752,0.5107452340636719,0.4,engert_20220221_magnet,3.983590602874756,,72.0,,,20220221,unknown,zebrafish,WB,mag,2280.0,855,0.9044643624921638,77,0.55,2022_02_21
647,0.8334989695734115,0.6021320835222923,0.4,engert_20220221_magnet,2.0666513442993164,,72.0,,,20220221,unknown,zebrafish,WB,mag,2280.0,857,0.8845038293672165,54,0.55,2022_02_21
648,0.670859457963985,0.8920706845089007,0.4,engert_20220221_magnet,2.784783363342285,,72.0,,,20220221,unknown,zebrafish,WB,mag,2280.0,858,0.8548621506046706,36,0.55,2022_02_21
649,0.9008782333100113,0.4556516572044664,0.4,engert_20220221_magnet,2.7992634773254395,,72.0,,,20220221,unknown,zebrafish,WB,mag,2280.0,861,0.6268138233948738,75,0.55,2022_02_21
650,0.6796678891566919,0.8773453460218996,0.4,engert_20220221_magnet,4.893127918243408,,72.0,,,20220221,unknown,zebrafish,WB,mag,2280.0,863,0.974734779162447,67,0.55,2022_02_21
651,0.0733912181283295,2.291469049396492,0.4,engert_20220221_magnet,4.6863250732421875,,72.0,,,20220221,unknown,zebrafish,WB,mag,2280.0,865,0.9693139313744763,70,0.55,2022_02_21
652,0.1685054525717975,1.8892625535730057,0.4,engert_20220221_magnet,3.9888687133789062,,72.0,,,20220221,unknown,zebrafish,WB,mag,2280.0,866,0.977510461316317,78,0.55,2022_02_21
653,0.5789115491052099,1.044224161010847,0.4,engert_20220221_magnet,2.490438938140869,,72.0,,,20220221,unknown,zebrafish,WB,mag,2280.0,868,0.8200408466417997,59,0.55,2022_02_21
654,0.04265916755690524,2.520652687316699,0.4,engert_20220221_magnet,5.829596042633057,,72.0,,,20220221,unknown,zebrafish,WB,mag,2280.0,870,0.954165591143074,86,0.55,2022_02_21
655,0.7691706242111298,0.7230301531251485,0.4,engert_20220221_magnet,2.208312511444092,,72.0,,,20220221,unknown,zebrafish,WB,mag,2280.0,871,0.7884026033584987,52,0.55,2022_02_21
656,0.044060765515951616,2.5075612058798145,0.4,engert_20220221_magnet,5.339998722076416,,72.0,,,20220221,unknown,zebrafish,WB,mag,2280.0,872,0.9761867733455031,67,0.55,2022_02_21
657,0.7138189107110456,0.8196561044143496,0.4,engert_20220221_magnet,2.4884514808654785,,72.0,,,20220221,unknown,zebrafish,WB,mag,2280.0,873,0.6840919128939384,70,0.55,2022_02_21
658,0.8223539078801954,0.6240243817047731,0.4,engert_20220221_magnet,4.943615913391113,,72.0,,,20220221,unknown,zebrafish,WB,mag,2280.0,874,0.9694958661060505,65,0.55,2022_02_21
659,0.47840027727930723,1.213267123493085,0.4,engert_20220221_magnet,3.1528608798980713,,72.0,,,20220221,unknown,zebrafish,WB,mag,2280.0,875,0.664717458706653,59,0.55,2022_02_21
660,0.622489956221572,0.9722701366032857,0.4,engert_20220221_magnet,2.3205881118774414,,72.0,,,20220221,unknown,zebrafish,WB,mag,2280.0,876,0.9477839414011286,100,0.55,2022_02_21
661,0.9894741990960515,0.14456049152887585,0.4,engert_20220221_magnet,4.829692840576172,,72.0,,,20220221,unknown,zebrafish,WB,mag,2280.0,877,0.9233159279477497,59,0.55,2022_02_21
662,0.29310848299012005,1.5667675703779593,0.4,engert_20220221_magnet,2.820970058441162,,72.0,,,20220221,unknown,zebrafish,WB,mag,2280.0,878,0.9367183094108884,90,0.55,2022_02_21
663,0.5626245066158202,1.0712030949515707,0.4,engert_20220221_magnet,2.7585043907165527,,72.0,,,20220221,unknown,zebrafish,WB,mag,2280.0,879,0.8181731699499334,42,0.55,2022_02_21
664,0.42821387372097486,1.3015493580612567,0.4,engert_20220221_magnet,2.453293561935425,,72.0,,,20220221,unknown,zebrafish,WB,mag,2280.0,881,0.6746699154902169,49,0.55,2022_02_21
665,0.5310714309114619,1.1238057427034682,0.4,engert_20220221_magnet,3.3399858474731445,,72.0,,,20220221,unknown,zebrafish,WB,mag,2280.0,882,0.9234370194230819,48,0.55,2022_02_21
666,0.09739291314129428,2.162709868787855,0.4,engert_20220221_magnet,5.25125789642334,,72.0,,,20220221,unknown,zebrafish,WB,mag,2280.0,883,0.9225860200392708,97,0.55,2022_02_21
667,0.052414572979256224,2.436101109630731,0.4,engert_20220221_magnet,3.9084038734436035,,72.0,,,20220221,unknown,zebrafish,WB,mag,2280.0,886,0.9021225931066246,66,0.55,2022_02_21
668,0.0007214136083464329,3.8442027995202297,0.4,engert_20220221_magnet,3.8877108097076416,,72.0,,,20220221,unknown,zebrafish,WB,mag,2280.0,890,0.9676576619485665,83,0.55,2022_02_21
669,0.09828353030429238,2.1584442513228947,0.4,engert_20220221_magnet,3.41721773147583,,72.0,,,20220221,unknown,zebrafish,WB,mag,2280.0,891,0.816436325663651,99,0.55,2022_02_21
670,0.3530975446719581,1.4425116347960085,0.4,engert_20220221_magnet,4.470766544342041,,72.0,,,20220221,unknown,zebrafish,WB,mag,2280.0,893,0.9761845180266594,115,0.55,2022_02_21
671,0.07327058289680444,2.292197143780072,0.4,engert_20220221_magnet,3.0570528507232666,,72.0,,,20220221,unknown,zebrafish,WB,mag,2280.0,895,0.8103530296594441,71,0.55,2022_02_21
672,0.8980769338473383,0.46241040736437466,0.4,engert_20220221_magnet,4.487606048583984,,72.0,,,20220221,unknown,zebrafish,WB,mag,2280.0,896,0.9693684497069137,75,0.55,2022_02_21
673,0.36460248445993015,1.4200356544313577,0.4,engert_20220221_magnet,3.280797243118286,,72.0,,,20220221,unknown,zebrafish,WB,mag,2280.0,897,0.7507842191461497,61,0.55,2022_02_21
674,0.705084158785478,0.8345171513168049,0.4,engert_20220221_magnet,5.370146751403809,,72.0,,,20220221,unknown,zebrafish,WB,mag,2280.0,899,0.9304182958776087,49,0.55,2022_02_21
675,0.4237988802612467,1.3095042191633892,0.4,engert_20220221_magnet,2.018369197845459,,72.0,,,20220221,unknown,zebrafish,WB,mag,2280.0,900,0.7175814377187171,69,0.55,2022_02_21
676,0.9260237597496722,0.3908707349871633,0.4,engert_20220221_magnet,2.4124021530151367,,72.0,,,20220221,unknown,zebrafish,WB,mag,2280.0,901,0.9353450751865873,61,0.55,2022_02_21
677,0.2628503473426199,1.635173448136187,0.4,engert_20220221_magnet,2.4823601245880127,,72.0,,,20220221,unknown,zebrafish,WB,mag,2280.0,905,0.8230937762742003,45,0.55,2022_02_21
678,0.23569322748352084,1.7009362508075498,0.4,engert_20220221_magnet,2.3256852626800537,,72.0,,,20220221,unknown,zebrafish,WB,mag,2280.0,906,0.8871366977167188,61,0.55,2022_02_21
679,0.08609713197849411,2.219695958598848,0.4,engert_20220221_magnet,1.6377623081207275,,72.0,,,20220221,unknown,zebrafish,WB,mag,2280.0,907,0.5999214406155187,44,0.55,2022_02_21
680,0.7965622677629003,0.6730239281373185,0.4,engert_20220221_magnet,3.116642713546753,,72.0,,,20220221,unknown,zebrafish,WB,mag,2280.0,908,0.944524898474737,73,0.55,2022_02_21
681,0.9334316611239883,0.3700166520240376,0.4,engert_20220221_magnet,2.562561511993408,,72.0,,,20220221,unknown,zebrafish,WB,mag,2280.0,909,0.9325528295565495,86,0.55,2022_02_21
682,0.8038068503824835,0.6594709764239419,0.4,engert_20220221_magnet,3.4792368412017822,,72.0,,,20220221,unknown,zebrafish,WB,mag,2280.0,910,0.8569938602517139,40,0.55,2022_02_21
683,0.4007943313429251,1.3515474904127551,0.4,engert_20220221_magnet,3.975407361984253,,72.0,,,20220221,unknown,zebrafish,WB,mag,2280.0,911,0.878626916781993,65,0.55,2022_02_21
684,0.9726628087559408,0.23444837318341966,0.4,engert_20220221_magnet,2.7938003540039062,,72.0,,,20220221,unknown,zebrafish,WB,mag,2280.0,912,0.8361746172273342,68,0.55,2022_02_21
685,0.2641092972010415,1.632232664839171,0.4,engert_20220221_magnet,4.6380462646484375,,72.0,,,20220221,unknown,zebrafish,WB,mag,2280.0,913,0.9502583438295545,92,0.55,2022_02_21
686,0.4096593449148197,1.33522244609658,0.4,engert_20220221_magnet,1.3651680946350098,,72.0,,,20220221,unknown,zebrafish,WB,mag,2280.0,915,0.7964920383984664,57,0.55,2022_02_21
687,0.026384328036319626,2.708093002148305,0.4,engert_20220221_magnet,4.877808094024658,,72.0,,,20220221,unknown,zebrafish,WB,mag,2280.0,916,0.8931061933311246,74,0.55,2022_02_21
688,0.8367380387762846,0.5956756331701667,0.4,engert_20220221_magnet,2.5470101833343506,,72.0,,,20220221,unknown,zebrafish,WB,mag,2280.0,917,0.7137092527307457,28,0.55,2022_02_21
689,0.898891669827579,0.46045270913689096,0.4,engert_20220221_magnet,4.795706272125244,,72.0,,,20220221,unknown,zebrafish,WB,mag,2280.0,918,0.9055330194471829,66,0.55,2022_02_21
690,0.8413896101541161,0.5863242941131246,0.4,engert_20220221_magnet,3.518604040145874,,72.0,,,20220221,unknown,zebrafish,WB,mag,2280.0,920,0.7283390560232432,74,0.55,2022_02_21
691,0.925424204265529,0.3925171281748981,0.4,engert_20220221_magnet,5.700324535369873,,72.0,,,20220221,unknown,zebrafish,WB,mag,2280.0,921,0.953280774601201,69,0.55,2022_02_21
692,0.7241652850261102,0.8019395314947975,0.4,engert_20220221_magnet,1.8115376234054565,,72.0,,,20220221,unknown,zebrafish,WB,mag,2280.0,923,0.5807288464140293,60,0.55,2022_02_21
693,0.20031454467011633,1.7946297452803393,0.4,engert_20220221_magnet,4.36215353012085,,72.0,,,20220221,unknown,zebrafish,WB,mag,2280.0,924,0.9133173259925448,74,0.55,2022_02_21
694,0.3692288546899525,1.4111003257698247,0.4,engert_20220221_magnet,4.36509895324707,,72.0,,,20220221,unknown,zebrafish,WB,mag,2280.0,925,0.9611821099418381,66,0.55,2022_02_21
695,0.3469010157314566,1.454775796621681,0.4,engert_20220221_magnet,3.551912307739258,,72.0,,,20220221,unknown,zebrafish,WB,mag,2280.0,926,0.6406768381305843,75,0.55,2022_02_21
696,0.196090640273606,1.8065544696733973,0.4,engert_20220221_magnet,2.302290439605713,,72.0,,,20220221,unknown,zebrafish,WB,mag,2280.0,930,0.677989181111003,51,0.55,2022_02_21
697,0.25448638224411346,1.6549412385726125,0.4,engert_20220221_magnet,2.6625540256500244,,72.0,,,20220221,unknown,zebrafish,WB,mag,2280.0,931,0.727402497968343,69,0.55,2022_02_21
698,0.5795870213071563,1.0431070010293138,0.4,engert_20220221_magnet,3.093747854232788,,72.0,,,20220221,unknown,zebrafish,WB,mag,2280.0,932,0.8659817116253815,60,0.55,2022_02_21
699,0.9156379262159169,0.4186222340300111,0.4,engert_20220221_magnet,2.9193263053894043,,72.0,,,20220221,unknown,zebrafish,WB,mag,2280.0,933,0.9708319475247709,71,0.55,2022_02_21
700,0.4024168648967009,1.348547437994975,0.4,engert_20220221_magnet,4.361047744750977,,72.0,,,20220221,unknown,zebrafish,WB,mag,2280.0,935,0.9245423780245783,65,0.55,2022_02_21
701,0.2907418838324717,1.57195784972587,0.4,engert_20220221_magnet,5.14572286605835,,72.0,,,20220221,unknown,zebrafish,WB,mag,2280.0,936,0.984588118998043,82,0.55,2022_02_21
702,0.8078736736399634,0.6517945647540436,0.4,engert_20220221_magnet,3.837038516998291,,72.0,,,20220221,unknown,zebrafish,WB,mag,2280.0,937,0.9268027461538199,55,0.55,2022_02_21
703,0.6198369030022857,0.9766502408930193,0.4,engert_20220221_magnet,4.593773365020752,,72.0,,,20220221,unknown,zebrafish,WB,mag,2280.0,939,0.9065865607684936,99,0.55,2022_02_21
704,0.7629888298453792,0.7340805915783012,0.4,engert_20220221_magnet,3.9504566192626953,,72.0,,,20220221,unknown,zebrafish,WB,mag,2280.0,940,0.9732401127454824,78,0.55,2022_02_21
705,0.9356945950675272,0.3634424896413599,0.4,engert_20220221_magnet,5.1243205070495605,,72.0,,,20220221,unknown,zebrafish,WB,mag,2280.0,941,0.9141878105527548,84,0.55,2022_02_21
706,0.8375474800168234,0.5940552875480773,0.4,engert_20220221_magnet,3.2025225162506104,,72.0,,,20220221,unknown,zebrafish,WB,mag,2280.0,943,0.6685823147234662,87,0.55,2022_02_21
707,0.30964046278771984,1.5311839170550194,0.4,engert_20220221_magnet,2.3977315425872803,,72.0,,,20220221,unknown,zebrafish,WB,mag,2280.0,944,0.9403985747970661,61,0.55,2022_02_21
708,0.3968798781549213,1.3588083121466934,0.4,engert_20220221_magnet,3.822092056274414,,72.0,,,20220221,unknown,zebrafish,WB,mag,2280.0,946,0.6335393465989902,109,0.55,2022_02_21
709,0.5900744584461886,1.0257750422918857,0.4,engert_20220221_magnet,3.2172553539276123,,72.0,,,20220221,unknown,zebrafish,WB,mag,2280.0,947,0.9742071472297154,83,0.55,2022_02_21
710,0.09843868412057677,2.157704227916542,0.4,engert_20220221_magnet,3.840430736541748,,72.0,,,20220221,unknown,zebrafish,WB,mag,2280.0,948,0.9453932267325214,85,0.55,2022_02_21
711,0.5814290143528089,1.0400611241293467,0.4,engert_20220221_magnet,5.530028820037842,,72.0,,,20220221,unknown,zebrafish,WB,mag,2280.0,949,0.968097491412559,80,0.55,2022_02_21
712,0.5139442245509644,1.1526241635528536,0.4,engert_20220221_magnet,2.4321348667144775,,72.0,,,20220221,unknown,zebrafish,WB,mag,2280.0,950,0.6064115774828739,62,0.55,2022_02_21
713,0.840981511812547,0.5871486261131998,0.4,engert_20220221_magnet,2.113090753555298,,72.0,,,20220221,unknown,zebrafish,WB,mag,2280.0,952,0.9704157226796581,71,0.55,2022_02_21
714,0.3183217057575486,1.5129400867036764,0.4,engert_20220221_magnet,3.007140874862671,,72.0,,,20220221,unknown,zebrafish,WB,mag,2280.0,954,0.8535268859430732,46,0.55,2022_02_21
715,0.45363692530887045,1.2563720401338543,0.4,engert_20220221_magnet,3.912139892578125,,72.0,,,20220221,unknown,zebrafish,WB,mag,2280.0,955,0.9831486141244489,76,0.55,2022_02_21
716,0.3951505525293796,1.3620265236601357,0.4,engert_20220221_magnet,3.743370771408081,,72.0,,,20220221,unknown,zebrafish,WB,mag,2280.0,956,0.9571913472958141,66,0.55,2022_02_21
717,0.424233484668332,1.3087196028672836,0.4,engert_20220221_magnet,6.008996963500977,,72.0,,,20220221,unknown,zebrafish,WB,mag,2280.0,958,0.9750886031424025,93,0.55,2022_02_21
718,0.8784418551072908,0.5078122035619147,0.4,engert_20220221_magnet,2.7187840938568115,,72.0,,,20220221,unknown,zebrafish,WB,mag,2280.0,959,0.7131690123930852,76,0.55,2022_02_21
719,0.0011642106051570345,3.7118345892636273,0.4,engert_20220221_magnet,4.138200283050537,,72.0,,,20220221,unknown,zebrafish,WB,mag,2280.0,963,0.8896300125631144,78,0.55,2022_02_21
720,0.29686194684083866,1.5585867067288637,0.4,engert_20220221_magnet,5.363497257232666,,72.0,,,20220221,unknown,zebrafish,WB,mag,2280.0,965,0.6122703038122665,80,0.55,2022_02_21
721,0.9022001480434385,0.45243465343035766,0.4,engert_20220221_magnet,2.6036384105682373,,72.0,,,20220221,unknown,zebrafish,WB,mag,2280.0,966,0.8841054835585276,98,0.55,2022_02_21
722,0.38315789032875847,1.3845301314828709,0.4,engert_20220221_magnet,2.1742804050445557,,72.0,,,20220221,unknown,zebrafish,WB,mag,2280.0,967,0.9405160053006725,67,0.55,2022_02_21
723,0.2401895382432181,1.689720461642625,0.4,engert_20220221_magnet,3.809206247329712,,72.0,,,20220221,unknown,zebrafish,WB,mag,2280.0,968,0.7138224586264247,51,0.55,2022_02_21
724,0.9844080385126146,0.17634549335348482,0.4,engert_20220221_magnet,2.977273464202881,,72.0,,,20220221,unknown,zebrafish,WB,mag,2280.0,969,0.8495095366900397,66,0.55,2022_02_21
725,0.8572845091659402,0.5535938326783998,0.4,engert_20220221_magnet,3.6948652267456055,,72.0,,,20220221,unknown,zebrafish,WB,mag,2280.0,970,0.9059422591989226,104,0.55,2022_02_21
726,0.7809508136886182,0.7017454613331127,0.4,engert_20220221_magnet,2.478367328643799,,72.0,,,20220221,unknown,zebrafish,WB,mag,2280.0,971,0.7737688517180449,48,0.55,2022_02_21
727,0.952276229955621,0.3116375089305662,0.4,engert_20220221_magnet,2.379957437515259,,72.0,,,20220221,unknown,zebrafish,WB,mag,2280.0,972,0.9770597937545756,83,0.55,2022_02_21
728,0.4192104315932702,1.3178088062715079,0.4,engert_20220221_magnet,4.637363433837891,,72.0,,,20220221,unknown,zebrafish,WB,mag,2280.0,973,0.8793170482980847,133,0.55,2022_02_21
729,0.09143609367133976,2.192063401100925,0.4,engert_20220221_magnet,4.771780967712402,,72.0,,,20220221,unknown,zebrafish,WB,mag,2280.0,974,0.9499968441880825,122,0.55,2022_02_21
730,0.12436498237777949,2.0451648208661215,0.4,engert_20220221_magnet,2.757838010787964,,72.0,,,20220221,unknown,zebrafish,WB,mag,2280.0,975,0.8985336493623645,58,0.55,2022_02_21
731,0.9247992766837769,0.39422725322458135,0.4,engert_20220221_magnet,2.3127222061157227,,72.0,,,20220221,unknown,zebrafish,WB,mag,2280.0,976,0.9327640881499647,49,0.55,2022_02_21
732,0.4974024578469046,1.1806896362846067,0.4,engert_20220221_magnet,2.9956016540527344,,72.0,,,20220221,unknown,zebrafish,WB,mag,2280.0,977,0.9795701282356972,81,0.55,2022_02_21
733,0.7213205140211588,0.8068238481972885,0.4,engert_20220221_magnet,2.9423930644989014,,72.0,,,20220221,unknown,zebrafish,WB,mag,2280.0,978,0.8768707562440844,57,0.55,2022_02_21
734,0.6759972852406112,0.883487891492347,0.4,engert_20220221_magnet,2.161348342895508,,72.0,,,20220221,unknown,zebrafish,WB,mag,2280.0,979,0.6424689707950662,46,0.55,2022_02_21
735,0.13206674650537198,2.015256232440268,0.4,engert_20220221_magnet,3.8129727840423584,,72.0,,,20220221,unknown,zebrafish,WB,mag,2280.0,980,0.9109509337473811,88,0.55,2022_02_21
736,0.41927859804054346,1.317685165788463,0.4,engert_20220221_magnet,3.548708438873291,,72.0,,,20220221,unknown,zebrafish,WB,mag,2280.0,983,0.7882941836744092,55,0.55,2022_02_21
737,0.33836843124660265,1.4718565207386227,0.4,engert_20220221_magnet,2.120009422302246,,72.0,,,20220221,unknown,zebrafish,WB,mag,2280.0,985,0.7072987900387006,55,0.55,2022_02_21
738,0.571183892462825,1.0570138966945162,0.4,engert_20220221_magnet,3.1635146141052246,,72.0,,,20220221,unknown,zebrafish,WB,mag,2280.0,987,0.9723556786558807,72,0.55,2022_02_21
739,0.06146622139695179,2.368714280268834,0.4,engert_20220221_magnet,1.83582603931427,,72.0,,,20220221,unknown,zebrafish,WB,mag,2280.0,988,0.9643624304512312,85,0.55,2022_02_21
740,0.7337126884567515,0.7854686375476867,0.4,engert_20220221_magnet,3.209096670150757,,72.0,,,20220221,unknown,zebrafish,WB,mag,2280.0,990,0.8840368777597162,79,0.55,2022_02_21
741,0.12334197562871796,2.049243098592999,0.4,engert_20220221_magnet,3.329082489013672,,72.0,,,20220221,unknown,zebrafish,WB,mag,2280.0,991,0.7287143257292049,50,0.55,2022_02_21
742,0.9589823460775799,0.2883581296214067,0.4,engert_20220221_magnet,1.8341951370239258,,72.0,,,20220221,unknown,zebrafish,WB,mag,2280.0,992,0.7101086433859444,43,0.55,2022_02_21
743,0.2582456393205603,1.6460060782040524,0.4,engert_20220221_magnet,2.8330414295196533,,72.0,,,20220221,unknown,zebrafish,WB,mag,2280.0,994,0.8500052665421982,76,0.55,2022_02_21
744,0.9752538379510161,0.22287797444995522,0.4,engert_20220221_magnet,1.8781250715255737,,72.0,,,20220221,unknown,zebrafish,WB,mag,2280.0,995,0.8445465638201263,50,0.55,2022_02_21
745,0.6259748766028661,0.9665152084351599,0.4,engert_20220221_magnet,2.009251356124878,,72.0,,,20220221,unknown,zebrafish,WB,mag,2280.0,996,0.8931733643333262,103,0.55,2022_02_21
746,0.149741852022095,1.9512969290523672,0.4,engert_20220221_magnet,3.535339117050171,,72.0,,,20220221,unknown,zebrafish,WB,mag,2280.0,997,0.9234965196499342,79,0.55,2022_02_21
747,0.6917404832926122,0.8570716390964023,0.4,engert_20220221_magnet,4.953436374664307,,72.0,,,20220221,unknown,zebrafish,WB,mag,2280.0,999,0.8775803692298774,53,0.55,2022_02_21
748,0.947493374954868,0.3273245491934264,0.4,engert_20220221_magnet,2.060208320617676,,72.0,,,20220221,unknown,zebrafish,WB,mag,2280.0,1000,0.6446556210967233,44,0.55,2022_02_21
749,0.5795858511472072,1.0431089363142971,0.4,engert_20220221_magnet,2.834677219390869,,72.0,,,20220221,unknown,zebrafish,WB,mag,2280.0,1001,0.884975352376023,71,0.55,2022_02_21
750,0.008832200806332513,3.0948488175478124,0.4,engert_20220221_magnet,2.030395030975342,,72.0,,,20220221,unknown,zebrafish,WB,mag,2280.0,1004,0.9228692308966797,91,0.55,2022_02_21
751,0.7290480284612119,0.7935314909532808,0.4,engert_20220221_magnet,3.525434970855713,,72.0,,,20220221,unknown,zebrafish,WB,mag,2280.0,1005,0.8798644345114137,84,0.55,2022_02_21
752,0.5402917343831379,1.108376954339916,0.4,engert_20220221_magnet,4.053074359893799,,72.0,,,20220221,unknown,zebrafish,WB,mag,2280.0,1006,0.8959872843189105,67,0.55,2022_02_21
753,0.937972311280072,0.3567201549494823,0.4,engert_20220221_magnet,2.805901288986206,,72.0,,,20220221,unknown,zebrafish,WB,mag,2280.0,1007,0.854535409420794,71,0.55,2022_02_21
754,0.7500175906947313,0.7570286887486899,0.4,engert_20220221_magnet,3.202056884765625,,72.0,,,20220221,unknown,zebrafish,WB,mag,2280.0,1009,0.8086476018657691,69,0.55,2022_02_21
755,0.7627760970758257,0.7344594471738506,0.4,engert_20220221_magnet,2.5270164012908936,,72.0,,,20220221,unknown,zebrafish,WB,mag,2280.0,1014,0.746993570341267,57,0.55,2022_02_21
756,0.8824622761791876,0.49877168519152093,0.4,engert_20220221_magnet,4.975401878356934,,72.0,,,20220221,unknown,zebrafish,WB,mag,2280.0,1015,0.8015533570308205,55,0.55,2022_02_21
757,0.21246685317869163,1.7612643495719627,0.4,engert_20220221_magnet,3.4371631145477295,,72.0,,,20220221,unknown,zebrafish,WB,mag,2280.0,1017,0.9729439519725724,61,0.55,2022_02_21
758,0.31810893974488597,1.5133838703481708,0.4,engert_20220221_magnet,1.878631591796875,,72.0,,,20220221,unknown,zebrafish,WB,mag,2280.0,1022,0.7638491603870432,77,0.55,2022_02_21
759,0.7294693434966208,0.7928045144671434,0.4,engert_20220221_magnet,4.208341598510742,,72.0,,,20220221,unknown,zebrafish,WB,mag,2280.0,1024,0.9349709318366329,86,0.55,2022_02_21
760,0.08897224311886365,2.204650771364438,0.4,engert_20220221_magnet,3.835388660430908,,72.0,,,20220221,unknown,zebrafish,WB,mag,2280.0,1026,0.964236771603442,70,0.55,2022_02_21
761,0.641760800782444,0.9404157857978963,0.4,engert_20220221_magnet,1.6172969341278076,,72.0,,,20220221,unknown,zebrafish,WB,mag,2280.0,1027,0.9451905025375413,116,0.55,2022_02_21
762,0.1295872855849517,2.0247364644737913,0.4,engert_20220221_magnet,3.841695547103882,,72.0,,,20220221,unknown,zebrafish,WB,mag,2280.0,1028,0.8996532960463767,67,0.55,2022_02_21
763,0.768508176002816,0.7242180351654656,0.4,engert_20220221_magnet,2.1900243759155273,,72.0,,,20220221,unknown,zebrafish,WB,mag,2280.0,1029,0.8535391439515408,79,0.55,2022_02_21
764,0.059036989289756314,2.3859443434143404,0.4,engert_20220221_magnet,1.7108657360076904,,72.0,,,20220221,unknown,zebrafish,WB,mag,2280.0,1031,0.7636862822664807,40,0.55,2022_02_21
765,0.9662987072974941,0.2608179703779327,0.4,engert_20220221_magnet,1.933639407157898,,72.0,,,20220221,unknown,zebrafish,WB,mag,2280.0,1033,0.7371425674930906,31,0.55,2022_02_21
766,0.10401942140409415,2.131678671407532,0.4,engert_20220221_magnet,3.9677326679229736,,72.0,,,20220221,unknown,zebrafish,WB,mag,2280.0,1034,0.736195192960333,67,0.55,2022_02_21
767,0.23930818881084415,1.6919079592821697,0.4,engert_20220221_magnet,2.1427719593048096,,72.0,,,20220221,unknown,zebrafish,WB,mag,2280.0,1035,0.8694126488486771,47,0.55,2022_02_21
768,0.6786803409068123,0.8789989027637505,0.4,engert_20220221_magnet,2.488926887512207,,72.0,,,20220221,unknown,zebrafish,WB,mag,2280.0,1036,0.9022781515255628,93,0.55,2022_02_21
769,0.0633829518505381,2.355511905178267,0.4,engert_20220221_magnet,3.5697739124298096,,72.0,,,20220221,unknown,zebrafish,WB,mag,2280.0,1037,0.9470980241218969,65,0.55,2022_02_21
770,0.5517647510382815,1.0892486336965896,0.4,engert_20220221_magnet,2.9884440898895264,,72.0,,,20220221,unknown,zebrafish,WB,mag,2280.0,1038,0.9117478929345573,66,0.55,2022_02_21
771,0.5682434445122042,1.0618854154086685,0.4,engert_20220221_magnet,2.683732748031616,,72.0,,,20220221,unknown,zebrafish,WB,mag,2280.0,1040,0.8493059837701585,66,0.55,2022_02_21
772,0.5706272965226686,1.0579358028538772,0.4,engert_20220221_magnet,2.8241915702819824,,72.0,,,20220221,unknown,zebrafish,WB,mag,2280.0,1041,0.5826568260056362,58,0.55,2022_02_21
773,0.1472819560496107,1.9598476578295776,0.4,engert_20220221_magnet,4.570667743682861,,72.0,,,20220221,unknown,zebrafish,WB,mag,2280.0,1042,0.8600784447265689,40,0.55,2022_02_21
774,0.5908074382970898,1.0245644693663647,0.4,engert_20220221_magnet,3.2706046104431152,,72.0,,,20220221,unknown,zebrafish,WB,mag,2280.0,1044,0.8212053976333762,53,0.55,2022_02_21
775,0.7965113804577533,0.6731185627741946,0.4,engert_20220221_magnet,2.877004623413086,,72.0,,,20220221,unknown,zebrafish,WB,mag,2280.0,1045,0.8611535930082836,40,0.55,2022_02_21
776,0.961162808547639,0.28041133570456045,0.4,engert_20220221_magnet,1.9071556329727173,,72.0,,,20220221,unknown,zebrafish,WB,mag,2280.0,1046,0.605164454670796,41,0.55,2022_02_21
777,0.31397285551956744,1.5220431012909879,0.4,engert_20220221_magnet,2.517296552658081,,72.0,,,20220221,unknown,zebrafish,WB,mag,2280.0,1047,0.7180342079259907,51,0.55,2022_02_21
778,0.5652490921652839,1.0668493602834885,0.4,engert_20220221_magnet,3.9062609672546387,,72.0,,,20220221,unknown,zebrafish,WB,mag,2280.0,1051,0.7647625167774208,95,0.55,2022_02_21
779,0.27075278235466893,1.6168579448215596,0.4,engert_20220221_magnet,4.838037967681885,,72.0,,,20220221,unknown,zebrafish,WB,mag,2280.0,1053,0.8506909794212153,45,0.55,2022_02_21
780,0.7274260859446869,0.7963279776807444,0.4,engert_20220221_magnet,1.7734246253967285,,72.0,,,20220221,unknown,zebrafish,WB,mag,2280.0,1054,0.6202671638326013,64,0.55,2022_02_21
781,0.8005561135904948,0.6655711354759011,0.4,engert_20220221_magnet,6.021864891052246,,72.0,,,20220221,unknown,zebrafish,WB,mag,2280.0,1055,0.9823047966608958,84,0.55,2022_02_21
782,0.7618273580069157,0.736148254814762,0.4,engert_20220221_magnet,2.1134278774261475,,72.0,,,20220221,unknown,zebrafish,WB,mag,2280.0,1057,0.6765270594001783,76,0.55,2022_02_21
783,0.7031062369503388,0.8378711808923447,0.4,engert_20220221_magnet,3.7169551849365234,,72.0,,,20220221,unknown,zebrafish,WB,mag,2280.0,1059,0.8902961750788008,77,0.55,2022_02_21
784,0.04673458022863641,2.483532929885386,0.4,engert_20220221_magnet,4.261554718017578,,72.0,,,20220221,unknown,zebrafish,WB,mag,2280.0,1061,0.700578613428901,53,0.55,2022_02_21
785,0.6957838141193043,0.8502547321908469,0.4,engert_20220221_magnet,5.126657962799072,,72.0,,,20220221,unknown,zebrafish,WB,mag,2280.0,1062,0.8820239615118871,65,0.55,2022_02_21
786,0.594122820339636,1.0190898282212522,0.4,engert_20220221_magnet,2.780428647994995,,72.0,,,20220221,unknown,zebrafish,WB,mag,2280.0,1063,0.5899771988907145,49,0.55,2022_02_21
787,0.02134281025442608,2.7869959148839496,0.4,engert_20220221_magnet,2.8618807792663574,,72.0,,,20220221,unknown,zebrafish,WB,mag,2280.0,1064,0.831102982293051,40,0.55,2022_02_21
788,0.17722628430297205,1.8621334413368493,0.4,engert_20220221_magnet,2.5087804794311523,,72.0,,,20220221,unknown,zebrafish,WB,mag,2280.0,1069,0.6476947929216957,120,0.55,2022_02_21
789,0.8846636108309913,0.4937695034368334,0.4,engert_20220221_magnet,2.578650712966919,,72.0,,,20220221,unknown,zebrafish,WB,mag,2280.0,1072,0.8659655183667319,76,0.55,2022_02_21
790,0.6307512588835293,0.9586242695136717,0.4,engert_20220221_magnet,4.246130466461182,,72.0,,,20220221,unknown,zebrafish,WB,mag,2280.0,1075,0.8371962699893621,66,0.55,2022_02_21
791,0.6069726253686224,0.997881168440461,0.4,engert_20220221_magnet,1.3070005178451538,,72.0,,,20220221,unknown,zebrafish,WB,mag,2280.0,1076,0.7042339203864907,49,0.55,2022_02_21
792,0.27663034803430786,1.6034505507325634,0.4,engert_20220221_magnet,3.579589605331421,,72.0,,,20220221,unknown,zebrafish,WB,mag,2280.0,1077,0.9750060128592424,81,0.55,2022_02_21
793,0.6779914759208643,0.8801519003468825,0.4,engert_20220221_magnet,2.7108640670776367,,72.0,,,20220221,unknown,zebrafish,WB,mag,2280.0,1078,0.9775836028213232,108,0.55,2022_02_21
794,0.14602068107219812,1.9642732509342997,0.4,engert_20220221_magnet,2.574984550476074,,72.0,,,20220221,unknown,zebrafish,WB,mag,2280.0,1083,0.9220699107389599,69,0.55,2022_02_21
795,0.9453923267698211,0.3340075721649263,0.4,engert_20220221_magnet,5.4475226402282715,,72.0,,,20220221,unknown,zebrafish,WB,mag,2280.0,1086,0.7924862270999873,206,0.55,2022_02_21
796,0.1761313339741586,1.8654862689962037,0.4,engert_20220221_magnet,6.543093204498291,,72.0,,,20220221,unknown,zebrafish,WB,mag,2280.0,1090,0.7532933448755668,83,0.55,2022_02_21
797,0.8638264472363999,0.5397340138085923,0.4,engert_20220221_magnet,1.8857728242874146,,72.0,,,20220221,unknown,zebrafish,WB,mag,2280.0,1091,0.586664120488276,50,0.55,2022_02_21
798,0.07575845619450816,2.277373122129628,0.4,engert_20220221_magnet,2.936837911605835,,72.0,,,20220221,unknown,zebrafish,WB,mag,2280.0,1093,0.9221621272321731,109,0.55,2022_02_21
799,0.31804992361204987,1.5135069794092997,0.4,engert_20220221_magnet,3.9056267738342285,,72.0,,,20220221,unknown,zebrafish,WB,mag,2280.0,1094,0.9155150084943489,77,0.55,2022_02_21
800,0.6215971860321905,0.9737441662118987,0.4,engert_20220221_magnet,4.666987419128418,,72.0,,,20220221,unknown,zebrafish,WB,mag,2280.0,1095,0.7926541293177622,57,0.55,2022_02_21
801,0.6076633899500579,0.9967412753006897,0.4,engert_20220221_magnet,2.743375301361084,,72.0,,,20220221,unknown,zebrafish,WB,mag,2280.0,1096,0.9317688618448521,55,0.55,2022_02_21
802,0.5168326399841146,1.1477481691545635,0.4,engert_20220221_magnet,4.899536609649658,,72.0,,,20220221,unknown,zebrafish,WB,mag,2280.0,1097,0.9007130659366551,83,0.55,2022_02_21
803,0.9838761681206674,0.17936544308049604,0.4,engert_20220221_magnet,2.53702712059021,,72.0,,,20220221,unknown,zebrafish,WB,mag,2280.0,1099,0.7177179011015759,94,0.55,2022_02_21
804,0.22316007684895867,1.732966870898762,0.4,engert_20220221_magnet,4.404078006744385,,72.0,,,20220221,unknown,zebrafish,WB,mag,2280.0,1100,0.8362429450220761,51,0.55,2022_02_21
805,0.41310819227985274,1.3289141277552217,0.4,engert_20220221_magnet,2.578939914703369,,72.0,,,20220221,unknown,zebrafish,WB,mag,2280.0,1102,0.6007145375442312,35,0.55,2022_02_21
806,0.1355124434702395,2.002303087804923,0.4,engert_20220221_magnet,2.346829414367676,,72.0,,,20220221,unknown,zebrafish,WB,mag,2280.0,1103,0.7789541984406441,45,0.55,2022_02_21
807,0.3116741569218383,1.5268839588291896,0.4,engert_20220221_magnet,3.8015825748443604,,72.0,,,20220221,unknown,zebrafish,WB,mag,2280.0,1104,0.7309650121509225,80,0.55,2022_02_21
808,0.1649302564005195,1.9006781386490201,0.4,engert_20220221_magnet,1.4183118343353271,,72.0,,,20220221,unknown,zebrafish,WB,mag,2280.0,1105,0.765843949351293,44,0.55,2022_02_21
809,0.08275444970459045,2.2377027904383078,0.4,engert_20220221_magnet,3.8490688800811768,,72.0,,,20220221,unknown,zebrafish,WB,mag,2280.0,1106,0.9700894808579531,69,0.55,2022_02_21
810,0.961707089076583,0.2783952694609441,0.4,engert_20220221_magnet,3.6198770999908447,,72.0,,,20220221,unknown,zebrafish,WB,mag,2280.0,1107,0.9568205780655131,71,0.55,2022_02_21
811,0.8981077891330465,0.4623364007807385,0.4,engert_20220221_magnet,2.717768430709839,,72.0,,,20220221,unknown,zebrafish,WB,mag,2280.0,1108,0.9497650274125061,71,0.55,2022_02_21
812,0.18070631409726023,1.8515751101373796,0.4,engert_20220221_magnet,1.3795634508132935,,72.0,,,20220221,unknown,zebrafish,WB,mag,2280.0,1109,0.7532295729908106,34,0.55,2022_02_21
813,0.5141386580420175,1.1522957167743002,0.4,engert_20220221_magnet,2.874709129333496,,72.0,,,20220221,unknown,zebrafish,WB,mag,2280.0,1110,0.9065156274892842,75,0.55,2022_02_21
814,0.41632825392252504,1.3230451711998148,0.4,engert_20220221_magnet,1.6121463775634766,,72.0,,,20220221,unknown,zebrafish,WB,mag,2280.0,1111,0.8439480122906742,64,0.55,2022_02_21
815,0.7903962702734058,0.6844432146653862,0.4,engert_20220221_magnet,2.08518648147583,,72.0,,,20220221,unknown,zebrafish,WB,mag,2280.0,1112,0.6378470337899778,70,0.55,2022_02_21
816,0.9885298257513397,0.15097951834282963,0.4,engert_20220221_magnet,2.032520294189453,,72.0,,,20220221,unknown,zebrafish,WB,mag,2280.0,1113,0.576417827557924,133,0.55,2022_02_21
817,0.85733859553117,0.5534802301611971,0.4,engert_20220221_magnet,2.7619662284851074,,72.0,,,20220221,unknown,zebrafish,WB,mag,2280.0,1118,0.8841059708133735,56,0.55,2022_02_21
818,0.33813181380635426,1.4723335244004467,0.4,engert_20220221_magnet,2.6610116958618164,,72.0,,,20220221,unknown,zebrafish,WB,mag,2280.0,1120,0.7445541551136187,59,0.55,2022_02_21
819,0.5885021758612227,1.028372090075405,0.4,engert_20220221_magnet,4.928628444671631,,72.0,,,20220221,unknown,zebrafish,WB,mag,2280.0,1121,0.8523078437858062,74,0.55,2022_02_21
820,0.9685928135179226,0.2516105738209131,0.4,engert_20220221_magnet,2.5440821647644043,,72.0,,,20220221,unknown,zebrafish,WB,mag,2280.0,1122,0.8571500551251388,43,0.55,2022_02_21
821,0.7852394510934275,0.6939170540143254,0.4,engert_20220221_magnet,1.8892881870269775,,72.0,,,20220221,unknown,zebrafish,WB,mag,2280.0,1123,0.84306323543983,60,0.55,2022_02_21
822,0.5276983275608432,1.1294641887851098,0.4,engert_20220221_magnet,4.687610626220703,,72.0,,,20220221,unknown,zebrafish,WB,mag,2280.0,1127,0.7445151579761393,61,0.55,2022_02_21
823,0.4425899407887509,1.2758769497507294,0.4,engert_20220221_magnet,1.3384071588516235,,72.0,,,20220221,unknown,zebrafish,WB,mag,2280.0,1128,0.9501861335307522,63,0.55,2022_02_21
824,0.3772235644189571,1.395790833942355,0.4,engert_20220221_magnet,4.966506481170654,,72.0,,,20220221,unknown,zebrafish,WB,mag,2280.0,1133,0.9770744132063056,72,0.55,2022_02_21
825,0.17198976397290222,1.8783047930107488,0.4,engert_20220221_magnet,2.521864891052246,,72.0,,,20220221,unknown,zebrafish,WB,mag,2280.0,1137,0.8135976539400835,38,0.55,2022_02_21
826,0.4022494598002969,1.3488566744642292,0.4,engert_20220221_magnet,3.606534242630005,,72.0,,,20220221,unknown,zebrafish,WB,mag,2280.0,1138,0.8984687409387279,68,0.55,2022_02_21
827,0.6973062682925715,0.8476841399600693,0.4,engert_20220221_magnet,3.356851100921631,,72.0,,,20220221,unknown,zebrafish,WB,mag,2280.0,1139,0.9079227920214916,102,0.55,2022_02_21
828,0.7877070270035623,0.6893921651016389,0.4,engert_20220221_magnet,1.3670282363891602,,72.0,,,20220221,unknown,zebrafish,WB,mag,2280.0,1143,0.6324788215075441,32,0.55,2022_02_21
829,0.713387837563991,0.8203914872258297,0.4,engert_20220221_magnet,4.368311882019043,,72.0,,,20220221,unknown,zebrafish,WB,mag,2280.0,1145,0.8451025034511944,95,0.55,2022_02_21
830,0.028413866340724847,2.6799984802339174,0.4,engert_20220221_magnet,3.076796293258667,,72.0,,,20220221,unknown,zebrafish,WB,mag,2280.0,1146,0.7267728083080044,67,0.55,2022_02_21
831,0.3063682963246056,1.5381368708924597,0.4,engert_20220221_magnet,4.466092586517334,,72.0,,,20220221,unknown,zebrafish,WB,mag,2280.0,1147,0.892737790531544,75,0.55,2022_02_21
832,0.8186115893429825,0.6312703409889153,0.4,engert_20220221_magnet,2.045360803604126,,72.0,,,20220221,unknown,zebrafish,WB,mag,2280.0,1150,0.7262726417263169,34,0.55,2022_02_21
833,0.4158589671862828,1.3238992792691118,0.4,engert_20220221_magnet,2.533952474594116,,72.0,,,20220221,unknown,zebrafish,WB,mag,2280.0,1152,0.7087272023061069,61,0.55,2022_02_21
834,0.4750886813216608,1.218986140358295,0.4,engert_20220221_magnet,2.293229579925537,,72.0,,,20220221,unknown,zebrafish,WB,mag,2280.0,1153,0.809315552138222,54,0.55,2022_02_21
835,0.5755019343167083,1.0498651386540998,0.4,engert_20220221_magnet,3.4745256900787354,,72.0,,,20220221,unknown,zebrafish,WB,mag,2280.0,1154,0.7317390117580977,70,0.55,2022_02_21
836,0.7726789431025556,0.7167233303650907,0.4,engert_20220221_magnet,4.096559524536133,,72.0,,,20220221,unknown,zebrafish,WB,mag,2280.0,1157,0.7193952162553917,128,0.55,2022_02_21
837,0.5017971638959616,1.1732087032907572,0.4,engert_20220221_magnet,3.3000376224517822,,72.0,,,20220221,unknown,zebrafish,WB,mag,2280.0,1159,0.9695655879610796,68,0.55,2022_02_21
838,0.0349393342202835,2.6000973753481054,0.4,engert_20220221_magnet,3.7648744583129883,,72.0,,,20220221,unknown,zebrafish,WB,mag,2280.0,1160,0.919663556991372,84,0.55,2022_02_21
839,0.3408345694842507,1.4668961046944768,0.4,engert_20220221_magnet,3.082855701446533,,72.0,,,20220221,unknown,zebrafish,WB,mag,2280.0,1163,0.9517066008104871,69,0.55,2022_02_21
840,0.40876030221558923,1.3368707349375324,0.4,engert_20220221_magnet,2.8228352069854736,,72.0,,,20220221,unknown,zebrafish,WB,mag,2280.0,1165,0.7167952111238356,61,0.55,2022_02_21
841,0.6728708206920757,0.8887126927733611,0.4,engert_20220221_magnet,3.4081432819366455,,72.0,,,20220221,unknown,zebrafish,WB,mag,2280.0,1167,0.8369732969856412,47,0.55,2022_02_21
842,0.2939761162317154,1.5648709594103725,0.4,engert_20220221_magnet,3.030825138092041,,72.0,,,20220221,unknown,zebrafish,WB,mag,2280.0,1168,0.8701269913438741,67,0.55,2022_02_21
843,0.2646120208700611,1.6310607495953786,0.4,engert_20220221_magnet,7.254455089569092,,72.0,,,20220221,unknown,zebrafish,WB,mag,2280.0,1169,0.9066986957760822,91,0.55,2022_02_21
844,0.32768424422050535,1.4935787062960488,0.4,engert_20220221_magnet,1.8266552686691284,,72.0,,,20220221,unknown,zebrafish,WB,mag,2280.0,1171,0.7333817565390818,50,0.55,2022_02_21
845,0.07769041867282322,2.2661314928938276,0.4,engert_20220221_magnet,9.373233795166016,,72.0,,,20220221,unknown,zebrafish,WB,mag,2280.0,1172,0.9327486345098837,82,0.55,2022_02_21
846,0.7882217693829658,0.6884463329534899,0.4,engert_20220221_magnet,2.198906660079956,,72.0,,,20220221,unknown,zebrafish,WB,mag,2280.0,1173,0.8165036843022978,90,0.55,2022_02_21
847,0.36387503282645706,1.421445955423822,0.4,engert_20220221_magnet,1.29241943359375,,72.0,,,20220221,unknown,zebrafish,WB,mag,2280.0,1174,0.9124527924624349,80,0.55,2022_02_21
848,0.5431667600522352,1.103576733177347,0.4,engert_20220221_magnet,3.904369831085205,,72.0,,,20220221,unknown,zebrafish,WB,mag,2280.0,1175,0.9065056199072267,55,0.55,2022_02_21
849,0.5334654664678042,1.1197944184062905,0.4,engert_20220221_magnet,1.710957407951355,,72.0,,,20220221,unknown,zebrafish,WB,mag,2280.0,1177,0.7170635972206802,32,0.55,2022_02_21
850,0.10391248204644987,2.1321668786340275,0.4,engert_20220221_magnet,5.045643329620361,,72.0,,,20220221,unknown,zebrafish,WB,mag,2280.0,1178,0.9398240661688272,67,0.55,2022_02_21
851,0.8821395593054319,0.49950179561812186,0.4,engert_20220221_magnet,5.053099632263184,,72.0,,,20220221,unknown,zebrafish,WB,mag,2280.0,1182,0.5668368090631258,45,0.55,2022_02_21
852,0.3030085007533163,1.5453212472906446,0.4,engert_20220221_magnet,2.5902411937713623,,72.0,,,20220221,unknown,zebrafish,WB,mag,2280.0,1185,0.6768466810085959,52,0.55,2022_02_21
853,0.8349812492261525,0.5991829548210764,0.4,engert_20220221_magnet,1.7772116661071777,,72.0,,,20220221,unknown,zebrafish,WB,mag,2280.0,1186,0.8772535901469316,76,0.55,2022_02_21
854,0.05386531493296032,2.4246799505770795,0.4,engert_20220221_magnet,4.256881237030029,,72.0,,,20220221,unknown,zebrafish,WB,mag,2280.0,1187,0.7713811848082697,64,0.55,2022_02_21
855,0.5369632564573614,1.1139404276794351,0.4,engert_20220221_magnet,3.4887442588806152,,72.0,,,20220221,unknown,zebrafish,WB,mag,2280.0,1188,0.9609054313706293,69,0.55,2022_02_21
856,0.10586668247361108,2.1233057417906642,0.4,engert_20220221_magnet,4.647972106933594,,72.0,,,20220221,unknown,zebrafish,WB,mag,2280.0,1190,0.9677112154224461,76,0.55,2022_02_21
857,0.27231336527163974,1.6132806528447532,0.4,engert_20220221_magnet,1.9559963941574097,,72.0,,,20220221,unknown,zebrafish,WB,mag,2280.0,1191,0.56440774515412,57,0.55,2022_02_21
858,0.11375224863267874,2.0887964143344937,0.4,engert_20220221_magnet,1.3868896961212158,,72.0,,,20220221,unknown,zebrafish,WB,mag,2280.0,1192,0.9645313322113567,62,0.55,2022_02_21
859,0.5074023052226341,1.16369379975065,0.4,engert_20220221_magnet,2.478020429611206,,72.0,,,20220221,unknown,zebrafish,WB,mag,2280.0,1193,0.7575114242786032,31,0.55,2022_02_21
860,0.4133047940214023,1.3285552738605546,0.4,engert_20220221_magnet,1.6867674589157104,,72.0,,,20220221,unknown,zebrafish,WB,mag,2280.0,1194,0.732592991193647,89,0.55,2022_02_21
861,0.8401647577751472,0.588796036416153,0.4,engert_20220221_magnet,1.6633001565933228,,72.0,,,20220221,unknown,zebrafish,WB,mag,2280.0,1195,0.6949439015173702,75,0.55,2022_02_21
862,0.5556885627836371,1.0827223233741987,0.4,engert_20220221_magnet,3.8471407890319824,,72.0,,,20220221,unknown,zebrafish,WB,mag,2280.0,1196,0.961811597671641,73,0.55,2022_02_21
863,0.5072801291454034,1.1639008723235018,0.4,engert_20220221_magnet,3.09167218208313,,72.0,,,20220221,unknown,zebrafish,WB,mag,2280.0,1198,0.7607446329675299,60,0.55,2022_02_21
864,0.11866955845059901,2.0682067805282833,0.4,engert_20220221_magnet,2.752906560897827,,72.0,,,20220221,unknown,zebrafish,WB,mag,2280.0,1199,0.6588024382127382,46,0.55,2022_02_21
865,0.14711107468718154,1.9604456723810537,0.4,engert_20220221_magnet,2.881296396255493,,72.0,,,20220221,unknown,zebrafish,WB,mag,2280.0,1200,0.7995308409225402,45,0.55,2022_02_21
866,0.8638156988087387,0.5397569966639549,0.4,engert_20220221_magnet,1.876647710800171,,72.0,,,20220221,unknown,zebrafish,WB,mag,2280.0,1201,0.8829509398732428,65,0.55,2022_02_21
867,0.349544368298075,1.449530032832945,0.4,engert_20220221_magnet,1.9907466173171997,,72.0,,,20220221,unknown,zebrafish,WB,mag,2280.0,1205,0.6810963686856827,71,0.55,2022_02_21
868,0.8925751688041621,0.4754652141546111,0.4,engert_20220221_magnet,3.046757459640503,,72.0,,,20220221,unknown,zebrafish,WB,mag,2280.0,1206,0.6820432372855613,48,0.55,2022_02_21
869,0.23075654631315667,1.7134144009996666,0.4,engert_20220221_magnet,1.1628270149230957,,72.0,,,20220221,unknown,zebrafish,WB,mag,2280.0,1207,0.9678252973850137,84,0.55,2022_02_21
870,0.018993390192535542,2.829499977963959,0.4,engert_20220221_magnet,3.762753486633301,,72.0,,,20220221,unknown,zebrafish,WB,mag,2280.0,1208,0.9703409309067199,74,0.55,2022_02_21
871,0.21341979325202143,1.7587038976201856,0.4,engert_20220221_magnet,3.797743082046509,,72.0,,,20220221,unknown,zebrafish,WB,mag,2280.0,1209,0.6756745054293344,64,0.55,2022_02_21
872,0.6550452583740164,0.9183927550388952,0.4,engert_20220221_magnet,3.0447745323181152,,72.0,,,20220221,unknown,zebrafish,WB,mag,2280.0,1210,0.8544224377647898,77,0.55,2022_02_21
873,0.5455674734857117,1.099572062738462,0.4,engert_20220221_magnet,2.594858407974243,,72.0,,,20220221,unknown,zebrafish,WB,mag,2280.0,1211,0.7048817848152233,92,0.55,2022_02_21
874,0.8653418742361325,0.5364877061026844,0.4,engert_20220221_magnet,4.476569652557373,,72.0,,,20220221,unknown,zebrafish,WB,mag,2280.0,1212,0.7964916578197334,66,0.55,2022_02_21
875,0.6967281929287854,0.8486604401026072,0.4,engert_20220221_magnet,4.038356304168701,,72.0,,,20220221,unknown,zebrafish,WB,mag,2280.0,1216,0.9716625136631315,79,0.55,2022_02_21
876,0.4932883814719079,1.1877101857890024,0.4,engert_20220221_magnet,3.0315520763397217,,72.0,,,20220221,unknown,zebrafish,WB,mag,2280.0,1217,0.9625701479530738,82,0.55,2022_02_21
877,0.14373370944677677,1.9723709976085813,0.4,engert_20220221_magnet,2.268929958343506,,72.0,,,20220221,unknown,zebrafish,WB,mag,2280.0,1218,0.7486514610575457,66,0.55,2022_02_21
878,0.9688259833873748,0.25065714673425904,0.4,engert_20220221_magnet,2.9560837745666504,,72.0,,,20220221,unknown,zebrafish,WB,mag,2280.0,1219,0.9343657070574426,69,0.55,2022_02_21
879,0.7021658939409319,0.8394643410861278,0.4,engert_20220221_magnet,4.380797386169434,,72.0,,,20220221,unknown,zebrafish,WB,mag,2280.0,1220,0.9625039328550973,90,0.55,2022_02_21
880,0.9675233530044689,0.2559415103510529,0.4,engert_20220221_magnet,4.1059441566467285,,72.0,,,20220221,unknown,zebrafish,WB,mag,2280.0,1223,0.928343411869478,54,0.55,2022_02_21
881,0.05602368759303589,2.4081533221548073,0.4,engert_20220221_magnet,2.6915194988250732,,72.0,,,20220221,unknown,zebrafish,WB,mag,2280.0,1226,0.6698644015895516,86,0.55,2022_02_21
882,0.5098884320779999,1.1594826332863937,0.4,engert_20220221_magnet,3.191577196121216,,72.0,,,20220221,unknown,zebrafish,WB,mag,2280.0,1228,0.8580409036186942,42,0.55,2022_02_21
883,0.7885886840529576,0.6877717482280613,0.4,engert_20220221_magnet,3.2707862854003906,,72.0,,,20220221,unknown,zebrafish,WB,mag,2280.0,1231,0.6851994734930843,47,0.55,2022_02_21
884,0.8445971888874682,0.5798190229085813,0.4,engert_20220221_magnet,2.8167405128479004,,72.0,,,20220221,unknown,zebrafish,WB,mag,2280.0,1233,0.8097091468324519,57,0.55,2022_02_21
885,0.9046879022641066,0.446330789354774,0.4,engert_20220221_magnet,3.737183094024658,,72.0,,,20220221,unknown,zebrafish,WB,mag,2280.0,1234,0.6160563658245409,52,0.55,2022_02_21
886,0.08716995428391028,2.2140354680306835,0.4,engert_20220221_magnet,4.883357048034668,,72.0,,,20220221,unknown,zebrafish,WB,mag,2280.0,1240,0.9377478430962525,86,0.55,2022_02_21
887,0.42179675463333166,1.313123081000665,0.4,engert_20220221_magnet,1.7456966638565063,,72.0,,,20220221,unknown,zebrafish,WB,mag,2280.0,1241,0.7482878296335426,66,0.55,2022_02_21
888,0.34477415663594246,1.4590120113738168,0.4,engert_20220221_magnet,2.251070737838745,,72.0,,,20220221,unknown,zebrafish,WB,mag,2280.0,1245,0.601579221343351,38,0.55,2022_02_21
889,0.1442929792715636,1.9703818986384545,0.4,engert_20220221_magnet,2.271068811416626,,72.0,,,20220221,unknown,zebrafish,WB,mag,2280.0,1246,0.5844298413404952,31,0.55,2022_02_21
890,0.6444685467727636,0.9359321513196603,0.4,engert_20220221_magnet,1.837922215461731,,72.0,,,20220221,unknown,zebrafish,WB,mag,2280.0,1249,0.9786668012619795,78,0.55,2022_02_21
891,0.4108903116577547,1.332968154158463,0.4,engert_20220221_magnet,1.7821342945098877,,72.0,,,20220221,unknown,zebrafish,WB,mag,2280.0,1250,0.837697572909179,46,0.55,2022_02_21
892,0.22121254697156578,1.7380512628957316,0.4,engert_20220221_magnet,2.7570953369140625,,72.0,,,20220221,unknown,zebrafish,WB,mag,2280.0,1252,0.9319553218752742,76,0.55,2022_02_21
893,0.13001499184464027,2.023091267278436,0.4,engert_20220221_magnet,4.166477203369141,,72.0,,,20220221,unknown,zebrafish,WB,mag,2280.0,1253,0.9249162029349918,69,0.55,2022_02_21
894,0.6519152609624734,0.9235879181609158,0.4,engert_20220221_magnet,5.34501838684082,,72.0,,,20220221,unknown,zebrafish,WB,mag,2280.0,1254,0.9810708540262122,79,0.55,2022_02_21
895,0.4267404398556197,1.3042003068222483,0.4,engert_20220221_magnet,4.5817084312438965,,72.0,,,20220221,unknown,zebrafish,WB,mag,2280.0,1256,0.9592753897871032,67,0.55,2022_02_21
896,0.7642933678043332,0.7317550193216901,0.4,engert_20220221_magnet,2.2131168842315674,,72.0,,,20220221,unknown,zebrafish,WB,mag,2280.0,1257,0.9599810040544953,64,0.55,2022_02_21
897,0.8283441544219423,0.6123179336543676,0.4,engert_20220221_magnet,3.2299816608428955,,72.0,,,20220221,unknown,zebrafish,WB,mag,2280.0,1258,0.9409765850546276,54,0.55,2022_02_21
898,0.19170137043935243,1.819137550792742,0.4,engert_20220221_magnet,4.414977550506592,,72.0,,,20220221,unknown,zebrafish,WB,mag,2280.0,1260,0.8746327986840814,83,0.55,2022_02_21
899,0.5661100914815329,1.0654216939949581,0.4,engert_20220221_magnet,3.039479970932007,,72.0,,,20220221,unknown,zebrafish,WB,mag,2280.0,1261,0.8248531635399559,96,0.55,2022_02_21
900,0.7924353030484509,0.6806782704743594,0.4,engert_20220221_magnet,3.5499017238616943,,72.0,,,20220221,unknown,zebrafish,WB,mag,2280.0,1262,0.882595732758617,62,0.55,2022_02_21
901,0.9553681976968461,0.3011073027862245,0.4,engert_20220221_magnet,3.1599652767181396,,72.0,,,20220221,unknown,zebrafish,WB,mag,2280.0,1265,0.5557483630246912,70,0.55,2022_02_21
902,0.18683120317362423,1.8333386255037543,0.4,engert_20220221_magnet,3.1595301628112793,,72.0,,,20220221,unknown,zebrafish,WB,mag,2280.0,1267,0.796239358312524,67,0.55,2022_02_21
903,0.30679272718215234,1.5372326046130569,0.4,engert_20220221_magnet,2.3662941455841064,,72.0,,,20220221,unknown,zebrafish,WB,mag,2280.0,1269,0.815074925050771,36,0.55,2022_02_21
904,0.9547705168498253,0.3031685408392178,0.4,engert_20220221_magnet,3.6259422302246094,,72.0,,,20220221,unknown,zebrafish,WB,mag,2280.0,1272,0.8531642273923717,37,0.55,2022_02_21
905,0.10217513634203412,2.1401551798548413,0.4,engert_20220221_magnet,2.143777847290039,,72.0,,,20220221,unknown,zebrafish,WB,mag,2280.0,1273,0.9169817938725151,55,0.55,2022_02_21
906,0.7720254989588271,0.7179000397128315,0.4,engert_20220221_magnet,2.749237298965454,,72.0,,,20220221,unknown,zebrafish,WB,mag,2280.0,1275,0.8968761799654695,98,0.55,2022_02_21
907,0.7023826204232277,0.8390972559684722,0.4,engert_20220221_magnet,2.1050639152526855,,72.0,,,20220221,unknown,zebrafish,WB,mag,2280.0,1276,0.6184124626353903,34,0.55,2022_02_21
908,0.02309173837630818,2.7579406713684302,0.4,engert_20220221_magnet,2.6627438068389893,,72.0,,,20220221,unknown,zebrafish,WB,mag,2280.0,1278,0.835646498774786,34,0.55,2022_02_21
909,0.602689792966358,1.0049488792578942,0.4,engert_20220221_magnet,4.159176826477051,,72.0,,,20220221,unknown,zebrafish,WB,mag,2280.0,1280,0.8649841649072778,66,0.55,2022_02_21
910,0.7534566546493554,0.7509743104703347,0.4,engert_20220221_magnet,2.984490156173706,,72.0,,,20220221,unknown,zebrafish,WB,mag,2280.0,1282,0.8974671432471506,53,0.55,2022_02_21
911,0.43364526325009867,1.2918097012040357,0.4,engert_20220221_magnet,2.439748764038086,,72.0,,,20220221,unknown,zebrafish,WB,mag,2280.0,1283,0.5658202995520181,66,0.55,2022_02_21
912,0.09256225652009709,2.1864000532603214,0.4,engert_20220221_magnet,3.0708680152893066,,72.0,,,20220221,unknown,zebrafish,WB,mag,2280.0,1284,0.7427512197560605,31,0.55,2022_02_21
913,0.7064283110095877,0.8322355740160141,0.4,engert_20220221_magnet,5.0252299308776855,,72.0,,,20220221,unknown,zebrafish,WB,mag,2280.0,1285,0.6733696063556516,67,0.55,2022_02_21
914,0.30764896228518146,1.5354105495503092,0.4,engert_20220221_magnet,4.637523651123047,,72.0,,,20220221,unknown,zebrafish,WB,mag,2280.0,1288,0.9715927005672637,77,0.55,2022_02_21
915,0.9954860635891539,0.0942054291667008,0.4,engert_20220221_magnet,3.6760056018829346,,72.0,,,20220221,unknown,zebrafish,WB,mag,2280.0,1289,0.8560236225703627,47,0.55,2022_02_21
916,0.10363957355661002,2.1334148213145196,0.4,engert_20220221_magnet,4.4155097007751465,,72.0,,,20220221,unknown,zebrafish,WB,mag,2280.0,1290,0.8731170555394074,69,0.55,2022_02_21
917,0.17765821928550063,1.8608149606432376,0.4,engert_20220221_magnet,2.663085699081421,,72.0,,,20220221,unknown,zebrafish,WB,mag,2280.0,1291,0.8665436477052211,76,0.55,2022_02_21
918,0.9787259403422318,0.20641379021012932,0.4,engert_20220221_magnet,2.8694841861724854,,72.0,,,20220221,unknown,zebrafish,WB,mag,2280.0,1292,0.8159144734848254,66,0.55,2022_02_21
919,0.8657243007809334,0.5356663120825407,0.4,engert_20220221_magnet,3.259416341781616,,72.0,,,20220221,unknown,zebrafish,WB,mag,2280.0,1293,0.6250526529069471,48,0.55,2022_02_21
920,0.8637541624349544,0.5398885769864722,0.4,engert_20220221_magnet,3.073413133621216,,72.0,,,20220221,unknown,zebrafish,WB,mag,2280.0,1295,0.9370878783791841,84,0.55,2022_02_21
921,0.15188727767249666,1.943923842793209,0.4,engert_20220221_magnet,4.317549705505371,,72.0,,,20220221,unknown,zebrafish,WB,mag,2280.0,1297,0.9307398079145371,78,0.55,2022_02_21
922,0.8711659654221651,0.5238792041224917,0.4,engert_20220221_magnet,2.104215621948242,,72.0,,,20220221,unknown,zebrafish,WB,mag,2280.0,1299,0.6694261869543038,78,0.55,2022_02_21
923,0.14170154082099018,1.9796477022945511,0.4,engert_20220221_magnet,2.997929096221924,,72.0,,,20220221,unknown,zebrafish,WB,mag,2280.0,1300,0.638396192345229,50,0.55,2022_02_21
924,0.8790084173095165,0.5065453907778694,0.4,engert_20220221_magnet,3.589639902114868,,72.0,,,20220221,unknown,zebrafish,WB,mag,2280.0,1302,0.9169752703220772,73,0.55,2022_02_21
925,0.9546454974909239,0.30359795943504947,0.4,engert_20220221_magnet,2.7550392150878906,,72.0,,,20220221,unknown,zebrafish,WB,mag,2280.0,1303,0.5525122813469688,57,0.55,2022_02_21
926,0.8690353312709693,0.5285166803660252,0.4,engert_20220221_magnet,2.7008063793182373,,72.0,,,20220221,unknown,zebrafish,WB,mag,2280.0,1307,0.8080800873113855,153,0.55,2022_02_21
927,0.06366781852284986,2.353577927184872,0.4,engert_20220221_magnet,5.619180202484131,,72.0,,,20220221,unknown,zebrafish,WB,mag,2280.0,1310,0.8555689306254086,65,0.55,2022_02_21
928,0.5551840050752171,1.083561127925837,0.4,engert_20220221_magnet,3.6710457801818848,,72.0,,,20220221,unknown,zebrafish,WB,mag,2280.0,1311,0.6115973546541981,46,0.55,2022_02_21
929,0.1762045285429369,1.8652616443111871,0.4,engert_20220221_magnet,6.113699436187744,,72.0,,,20220221,unknown,zebrafish,WB,mag,2280.0,1312,0.7949361989883716,86,0.55,2022_02_21
930,0.17425253420502584,1.8712741332435459,0.4,engert_20220221_magnet,3.558939218521118,,72.0,,,20220221,unknown,zebrafish,WB,mag,2280.0,1315,0.9542835671746874,85,0.55,2022_02_21
931,0.3393334935997333,1.4699130441548098,0.4,engert_20220221_magnet,4.582732677459717,,72.0,,,20220221,unknown,zebrafish,WB,mag,2280.0,1316,0.6347339545132789,91,0.55,2022_02_21
932,0.48046481508232397,1.2097082816697715,0.4,engert_20220221_magnet,2.526022434234619,,72.0,,,20220221,unknown,zebrafish,WB,mag,2280.0,1318,0.7543345505908825,47,0.55,2022_02_21
933,0.7216554606292991,0.8062492837311028,0.4,engert_20220221_magnet,2.012774705886841,,72.0,,,20220221,unknown,zebrafish,WB,mag,2280.0,1321,0.8282592838969076,42,0.55,2022_02_21
934,0.6403292359866299,0.9427853134034208,0.4,engert_20220221_magnet,5.496467590332031,,72.0,,,20220221,unknown,zebrafish,WB,mag,2280.0,1323,0.9682812570754514,72,0.55,2022_02_21
935,0.9822187085707176,0.1884771358857452,0.4,engert_20220221_magnet,2.7388620376586914,,72.0,,,20220221,unknown,zebrafish,WB,mag,2280.0,1324,0.8407871377623016,52,0.55,2022_02_21
936,0.31176086881326004,1.5267010269554842,0.4,engert_20220221_magnet,3.4180526733398438,,72.0,,,20220221,unknown,zebrafish,WB,mag,2280.0,1325,0.8279199101077493,83,0.55,2022_02_21
937,0.4484313985894486,1.2655402194822722,0.4,engert_20220221_magnet,2.18037486076355,,72.0,,,20220221,unknown,zebrafish,WB,mag,2280.0,1326,0.7968252538750928,52,0.55,2022_02_21
938,0.5406505374014752,1.1077776152252876,0.4,engert_20220221_magnet,1.8069071769714355,,72.0,,,20220221,unknown,zebrafish,WB,mag,2280.0,1327,0.9425249082663363,53,0.55,2022_02_21
939,0.7298453136342022,0.792155562002815,0.4,engert_20220221_magnet,2.7183334827423096,,72.0,,,20220221,unknown,zebrafish,WB,mag,2280.0,1328,0.9084902598616894,76,0.55,2022_02_21
940,0.13505621175483706,2.0040036011434683,0.4,engert_20220221_magnet,2.1799349784851074,,72.0,,,20220221,unknown,zebrafish,WB,mag,2280.0,1331,0.5830402455515699,46,0.55,2022_02_21
941,0.6753036366700749,0.8846476412207653,0.4,engert_20220221_magnet,2.5167295932769775,,72.0,,,20220221,unknown,zebrafish,WB,mag,2280.0,1334,0.6044133339302723,81,0.55,2022_02_21
942,0.3002371471118299,1.5512825159759118,0.4,engert_20220221_magnet,4.026941776275635,,72.0,,,20220221,unknown,zebrafish,WB,mag,2280.0,1336,0.9204721025775,80,0.55,2022_02_21
943,0.1457161526070252,1.965346061457781,0.4,engert_20220221_magnet,3.371086359024048,,72.0,,,20220221,unknown,zebrafish,WB,mag,2280.0,1339,0.7639258531513904,57,0.55,2022_02_21
944,0.8985272476179191,0.4613291909728291,0.4,engert_20220221_magnet,4.617306709289551,,72.0,,,20220221,unknown,zebrafish,WB,mag,2280.0,1340,0.8339046096345681,47,0.55,2022_02_21
945,0.8426394218322175,0.5837952257871211,0.4,engert_20220221_magnet,1.385250210762024,,72.0,,,20220221,unknown,zebrafish,WB,mag,2280.0,1342,0.6060306045322392,44,0.55,2022_02_21
946,0.04893700123315692,2.46459544918198,0.4,engert_20220221_magnet,2.508082628250122,,72.0,,,20220221,unknown,zebrafish,WB,mag,2280.0,1345,0.9137538833501118,56,0.55,2022_02_21
947,0.9948744689070291,0.10046498287968632,0.4,engert_20220221_magnet,2.7673797607421875,,72.0,,,20220221,unknown,zebrafish,WB,mag,2280.0,1348,0.7622482993659703,43,0.55,2022_02_21
948,0.981037837410344,0.1947186402457357,0.4,engert_20220221_magnet,3.307907819747925,,72.0,,,20220221,unknown,zebrafish,WB,mag,2280.0,1349,0.9616655858031969,97,0.55,2022_02_21
949,0.9487945983198083,0.3231244001243214,0.4,engert_20220221_magnet,2.396792411804199,,72.0,,,20220221,unknown,zebrafish,WB,mag,2280.0,1352,0.834630227931406,39,0.55,2022_02_21
950,0.8172711370565222,0.6338537220935019,0.4,engert_20220221_magnet,5.773566246032715,,72.0,,,20220221,unknown,zebrafish,WB,mag,2280.0,1354,0.8824423351663139,70,0.55,2022_02_21
951,0.9977172438069769,0.06663334390549057,0.4,engert_20220221_magnet,2.6877896785736084,,72.0,,,20220221,unknown,zebrafish,WB,mag,2280.0,1357,0.7239148750152455,38,0.55,2022_02_21
952,0.8786478507673917,0.5073518454807968,0.4,engert_20220221_magnet,2.1078317165374756,,72.0,,,20220221,unknown,zebrafish,WB,mag,2280.0,1358,0.7092385197934633,81,0.55,2022_02_21
953,0.12281615499367216,2.051349419879734,0.4,engert_20220221_magnet,3.064892530441284,,72.0,,,20220221,unknown,zebrafish,WB,mag,2280.0,1360,0.8785695500174984,69,0.55,2022_02_21
954,0.19317201497403858,1.814899210234279,0.4,engert_20220221_magnet,4.397126197814941,,72.0,,,20220221,unknown,zebrafish,WB,mag,2280.0,1361,0.9159159333278194,79,0.55,2022_02_21
955,0.6915502610472968,0.8573919690308024,0.4,engert_20220221_magnet,3.1986193656921387,,72.0,,,20220221,unknown,zebrafish,WB,mag,2280.0,1362,0.9764818673165406,72,0.55,2022_02_21
956,0.16324361870854243,1.9061260319607893,0.4,engert_20220221_magnet,2.8071584701538086,,72.0,,,20220221,unknown,zebrafish,WB,mag,2280.0,1364,0.6154174502268621,40,0.55,2022_02_21
957,0.3666880180589961,1.4160005857096047,0.4,engert_20220221_magnet,1.7958499193191528,,72.0,,,20220221,unknown,zebrafish,WB,mag,2280.0,1365,0.8580069343860177,60,0.55,2022_02_21
958,0.6170038890510141,0.9813266272992971,0.4,engert_20220221_magnet,2.1190507411956787,,72.0,,,20220221,unknown,zebrafish,WB,mag,2280.0,1367,0.6510044544999105,41,0.55,2022_02_21
959,0.6918757214471685,0.856843853981144,0.4,engert_20220221_magnet,4.697329998016357,,72.0,,,20220221,unknown,zebrafish,WB,mag,2280.0,1369,0.9627356093978583,65,0.55,2022_02_21
960,0.9552738114316276,0.30143344962247715,0.4,engert_20220221_magnet,2.6315245628356934,,72.0,,,20220221,unknown,zebrafish,WB,mag,2280.0,1375,0.551584295049369,63,0.55,2022_02_21
961,0.43595061741577157,1.2876908046201472,0.4,engert_20220221_magnet,2.257734537124634,,72.0,,,20220221,unknown,zebrafish,WB,mag,2280.0,1380,0.8753946152734736,52,0.55,2022_02_21
962,0.8112679416671078,0.6453479412876916,0.4,engert_20220221_magnet,6.2460784912109375,,72.0,,,20220221,unknown,zebrafish,WB,mag,2280.0,1383,0.9674813718071364,79,0.55,2022_02_21
963,0.8246666506707959,0.6195206982960791,0.4,engert_20220221_magnet,2.2622220516204834,,72.0,,,20220221,unknown,zebrafish,WB,mag,2280.0,1384,0.8408539307353317,44,0.55,2022_02_21
964,0.6981210405992537,0.8463075604609874,0.4,engert_20220221_magnet,7.781827926635742,,72.0,,,20220221,unknown,zebrafish,WB,mag,2280.0,1385,0.9609054313706293,74,0.55,2022_02_21
965,0.5909388749291111,1.0243473995625867,0.4,engert_20220221_magnet,4.014646530151367,,72.0,,,20220221,unknown,zebrafish,WB,mag,2280.0,1386,0.9795328817136231,63,0.55,2022_02_21
966,0.4846505805413085,1.2025079376322338,0.4,engert_20220221_magnet,2.011821746826172,,72.0,,,20220221,unknown,zebrafish,WB,mag,2280.0,1387,0.7473292150812372,32,0.55,2022_02_21
967,0.062043986115634664,2.3646993057078927,0.4,engert_20220221_magnet,2.238729953765869,,72.0,,,20220221,unknown,zebrafish,WB,mag,2280.0,1390,0.7504104771509674,57,0.55,2022_02_21
968,0.284659159659682,1.5854161241413793,0.4,engert_20220221_magnet,4.891997337341309,,72.0,,,20220221,unknown,zebrafish,WB,mag,2280.0,1394,0.9549609152493787,84,0.55,2022_02_21
969,0.6772846952227534,0.8813345468492622,0.4,engert_20220221_magnet,5.269983768463135,,72.0,,,20220221,unknown,zebrafish,WB,mag,2280.0,1395,0.9530609009468706,60,0.55,2022_02_21
970,0.1680295128287399,1.8907720089079942,0.4,engert_20220221_magnet,4.169839859008789,,72.0,,,20220221,unknown,zebrafish,WB,mag,2280.0,1398,0.9460374165017792,61,0.55,2022_02_21
971,0.10115721368358532,2.1448852677734958,0.4,engert_20220221_magnet,3.2847447395324707,,72.0,,,20220221,unknown,zebrafish,WB,mag,2280.0,1401,0.8994378237921337,103,0.55,2022_02_21
972,0.37219105365227145,1.405408813145786,0.4,engert_20220221_magnet,5.465384483337402,,72.0,,,20220221,unknown,zebrafish,WB,mag,2280.0,1402,0.90290011026605,79,0.55,2022_02_21
973,0.9903071827821077,0.13865926525860497,0.4,engert_20220221_magnet,4.9794697761535645,,72.0,,,20220221,unknown,zebrafish,WB,mag,2280.0,1403,0.9017616238182188,78,0.55,2022_02_21
974,0.739678766832776,0.7751104575852572,0.4,engert_20220221_magnet,3.7671122550964355,,72.0,,,20220221,unknown,zebrafish,WB,mag,2280.0,1404,0.6145792490705796,64,0.55,2022_02_21
975,0.49666140833195616,1.1819529285006836,0.4,engert_20220221_magnet,3.36976957321167,,72.0,,,20220221,unknown,zebrafish,WB,mag,2280.0,1405,0.7485469029593176,63,0.55,2022_02_21
976,0.1598656681699996,1.9171618333933247,0.4,engert_20220221_magnet,4.589963436126709,,72.0,,,20220221,unknown,zebrafish,WB,mag,2280.0,1406,0.9775343445197344,82,0.55,2022_02_21
977,0.7302745554830927,0.791414387639865,0.4,engert_20220221_magnet,5.273828506469727,,72.0,,,20220221,unknown,zebrafish,WB,mag,2280.0,1407,0.9712473987990385,69,0.55,2022_02_21
978,0.561489534031399,1.0730866568248043,0.4,engert_20220221_magnet,3.327136754989624,,72.0,,,20220221,unknown,zebrafish,WB,mag,2280.0,1410,0.8125673837707543,108,0.55,2022_02_21
979,0.7065588398955946,0.8320139420597552,0.4,engert_20220221_magnet,2.2562949657440186,,72.0,,,20220221,unknown,zebrafish,WB,mag,2280.0,1411,0.6840843327794328,74,0.55,2022_02_21
980,0.8395689448501847,0.5899960200717829,0.4,engert_20220221_magnet,3.4919283390045166,,72.0,,,20220221,unknown,zebrafish,WB,mag,2280.0,1412,0.8950412790753346,53,0.55,2022_02_21
981,0.9690527503262466,0.24972666672317323,0.4,engert_20220221_magnet,4.4828901290893555,,72.0,,,20220221,unknown,zebrafish,WB,mag,2280.0,1415,0.9392942802383992,57,0.55,2022_02_21
982,0.109643732949391,2.1065353008713017,0.4,engert_20220221_magnet,3.100659132003784,,72.0,,,20220221,unknown,zebrafish,WB,mag,2280.0,1416,0.6584645317037164,50,0.55,2022_02_21
983,0.28639367273041805,1.5815609034643365,0.4,engert_20220221_magnet,3.5956225395202637,,72.0,,,20220221,unknown,zebrafish,WB,mag,2280.0,1423,0.6911835560680707,50,0.55,2022_02_21
984,0.5266188444320459,1.131276721011445,0.4,engert_20220221_magnet,3.793595552444458,,72.0,,,20220221,unknown,zebrafish,WB,mag,2280.0,1424,0.6415592101865605,33,0.55,2022_02_21
985,0.9266617662694373,0.389112156125709,0.4,engert_20220221_magnet,2.233865261077881,,72.0,,,20220221,unknown,zebrafish,WB,mag,2280.0,1427,0.6313211146686355,33,0.55,2022_02_21
986,0.5290250075824889,1.1272377097061086,0.4,engert_20220221_magnet,3.2315635681152344,,72.0,,,20220221,unknown,zebrafish,WB,mag,2280.0,1431,0.6639058783107165,66,0.55,2022_02_21
987,0.36116095711652496,1.426720163661985,0.4,engert_20220221_magnet,2.357764482498169,,72.0,,,20220221,unknown,zebrafish,WB,mag,2280.0,1432,0.783092121126362,57,0.55,2022_02_21
988,0.014548377404055235,2.9244691765585222,0.4,engert_20220221_magnet,2.1995491981506348,,72.0,,,20220221,unknown,zebrafish,WB,mag,2280.0,1433,0.809315552138222,39,0.55,2022_02_21
989,0.8460621548881456,0.576831897808899,0.4,engert_20220221_magnet,3.2337329387664795,,72.0,,,20220221,unknown,zebrafish,WB,mag,2280.0,1436,0.7846376672348593,41,0.55,2022_02_21
990,0.3053919364970926,1.540219903801773,0.4,engert_20220221_magnet,3.5833380222320557,,72.0,,,20220221,unknown,zebrafish,WB,mag,2280.0,1438,0.7837582756942619,49,0.55,2022_02_21
991,0.9018828485004992,0.4532085447990803,0.4,engert_20220221_magnet,2.7260589599609375,,72.0,,,20220221,unknown,zebrafish,WB,mag,2280.0,1439,0.8382104434221506,81,0.55,2022_02_21
992,0.7761968222162573,0.7103724574379948,0.4,engert_20220221_magnet,3.7056145668029785,,72.0,,,20220221,unknown,zebrafish,WB,mag,2280.0,1441,0.8961233704522887,81,0.55,2022_02_21
993,0.34557248245194006,1.4574203634830967,0.4,engert_20220221_magnet,3.7007358074188232,,72.0,,,20220221,unknown,zebrafish,WB,mag,2280.0,1443,0.9103588075441237,68,0.55,2022_02_21
994,0.547139362167481,1.0969516747499966,0.4,engert_20220221_magnet,2.428577423095703,,72.0,,,20220221,unknown,zebrafish,WB,mag,2280.0,1448,0.7374506124639942,42,0.55,2022_02_21
995,0.024848436081876035,2.730628835357745,0.4,engert_20220221_magnet,2.1671788692474365,,72.0,,,20220221,unknown,zebrafish,WB,mag,2280.0,1450,0.6132415321090882,47,0.55,2022_02_21
996,0.24957810290373295,1.6667356043771913,0.4,engert_20220221_magnet,1.8182814121246338,,72.0,,,20220221,unknown,zebrafish,WB,mag,2280.0,1451,0.5864181585111924,28,0.55,2022_02_21
997,0.9094664944722715,0.43441476930879025,0.4,engert_20220221_magnet,2.715437889099121,,72.0,,,20220221,unknown,zebrafish,WB,mag,2280.0,1452,0.8907658278705738,69,0.55,2022_02_21
998,0.7294145747439783,0.7928990494140523,0.4,engert_20220221_magnet,3.319420337677002,,72.0,,,20220221,unknown,zebrafish,WB,mag,2280.0,1454,0.6138249176979119,55,0.55,2022_02_21
999,0.5811533762088644,1.040516868724069,0.4,engert_20220221_magnet,2.473104476928711,,72.0,,,20220221,unknown,zebrafish,WB,mag,2280.0,1455,0.7059844469524555,35,0.55,2022_02_21
1000,0.17135441007612306,1.8802908740019497,0.4,engert_20220221_magnet,2.883134603500366,,72.0,,,20220221,unknown,zebrafish,WB,mag,2280.0,1458,0.8230937762742003,52,0.55,2022_02_21
1001,0.9043052848688116,0.44727389755401104,0.4,engert_20220221_magnet,5.496159553527832,,72.0,,,20220221,unknown,zebrafish,WB,mag,2280.0,1462,0.8848247906951636,79,0.55,2022_02_21
1002,0.680527666285391,0.8759052060732696,0.4,engert_20220221_magnet,4.911617279052734,,72.0,,,20220221,unknown,zebrafish,WB,mag,2280.0,1467,0.7481747492022165,60,0.55,2022_02_21
1003,0.9573240765871903,0.29427019201882587,0.4,engert_20220221_magnet,3.0769903659820557,,72.0,,,20220221,unknown,zebrafish,WB,mag,2280.0,1471,0.6935961535935805,50,0.55,2022_02_21
1004,0.5119476964624486,1.1559985631517526,0.4,engert_20220221_magnet,3.5315730571746826,,72.0,,,20220221,unknown,zebrafish,WB,mag,2280.0,1475,0.8147121487419668,43,0.55,2022_02_21
1005,0.8526557828101919,0.5632571234703218,0.4,engert_20220221_magnet,2.789764165878296,,72.0,,,20220221,unknown,zebrafish,WB,mag,2280.0,1479,0.8958386971445277,55,0.55,2022_02_21
1006,0.19682448968280475,1.8044699460491582,0.4,engert_20220221_magnet,3.8974366188049316,,72.0,,,20220221,unknown,zebrafish,WB,mag,2280.0,1480,0.6110517001642929,77,0.55,2022_02_21
1007,0.33321735376900674,1.4822813937569908,0.4,engert_20220221_magnet,1.8039950132369995,,72.0,,,20220221,unknown,zebrafish,WB,mag,2280.0,1482,0.8189523885855572,44,0.55,2022_02_21
1008,0.16506233711324791,1.9002532037647573,0.4,engert_20220221_magnet,2.684746742248535,,72.0,,,20220221,unknown,zebrafish,WB,mag,2280.0,1483,0.608067566552339,88,0.55,2022_02_21
1009,0.8938425267515526,0.4724828017422611,0.4,engert_20220221_magnet,1.5848950147628784,,72.0,,,20220221,unknown,zebrafish,WB,mag,2280.0,1487,0.7223171398048114,28,0.55,2022_02_21
1010,0.03716775305056319,2.5757425618590455,0.4,engert_20220221_magnet,2.9578373432159424,,72.0,,,20220221,unknown,zebrafish,WB,mag,2280.0,1489,0.7921460690917763,81,0.55,2022_02_21
1011,0.044687948392357346,2.501816671004549,0.4,engert_20220221_magnet,5.080304145812988,,72.0,,,20220221,unknown,zebrafish,WB,mag,2280.0,1490,0.922951552227081,59,0.55,2022_02_21
1012,0.40542732557118977,1.3429955929165003,0.4,engert_20220221_magnet,3.8032729625701904,,72.0,,,20220221,unknown,zebrafish,WB,mag,2280.0,1495,0.6419175628351005,55,0.55,2022_02_21
1013,8.595458550086921e-05,4.388814760812599,0.4,engert_20220221_magnet,6.257133960723877,,72.0,,,20220221,unknown,zebrafish,WB,mag,2280.0,1502,0.8857860744395171,90,0.55,2022_02_21
1014,0.032885634030266786,2.6237502506236905,0.4,engert_20220221_magnet,2.1564745903015137,,72.0,,,20220221,unknown,zebrafish,WB,mag,2280.0,1504,0.699803499087094,35,0.55,2022_02_21
1015,0.6333261131804407,0.9543685048722614,0.4,engert_20220221_magnet,3.607652187347412,,72.0,,,20220221,unknown,zebrafish,WB,mag,2280.0,1505,0.7800409862725464,64,0.55,2022_02_21
1016,0.7760559412383283,0.7106273214999707,0.4,engert_20220221_magnet,4.169299125671387,,72.0,,,20220221,unknown,zebrafish,WB,mag,2280.0,1506,0.7329817702269041,58,0.55,2022_02_21
1017,0.5880145610459435,1.0291775996578523,0.4,engert_20220221_magnet,2.937991142272949,,72.0,,,20220221,unknown,zebrafish,WB,mag,2280.0,1507,0.9642032120868543,69,0.55,2022_02_21
1018,0.6223056019342311,0.9725745263567054,0.4,engert_20220221_magnet,2.6652848720550537,,72.0,,,20220221,unknown,zebrafish,WB,mag,2280.0,1509,0.7742487795492904,63,0.55,2022_02_21
1019,0.5827255501703763,1.0379176886429116,0.4,engert_20220221_magnet,2.5067241191864014,,72.0,,,20220221,unknown,zebrafish,WB,mag,2280.0,1510,0.8875437248065315,78,0.55,2022_02_21
1020,0.18838749755381268,1.828772481974614,0.4,engert_20220221_magnet,1.1993321180343628,,72.0,,,20220221,unknown,zebrafish,WB,mag,2280.0,1511,0.7794124051317713,54,0.55,2022_02_21
1021,0.7277429011874881,0.795782029615216,0.4,engert_20220221_magnet,2.9951953887939453,,72.0,,,20220221,unknown,zebrafish,WB,mag,2280.0,1514,0.919322377456654,70,0.55,2022_02_21
1022,0.5181147989276267,1.1455859147647298,0.4,engert_20220221_magnet,3.1372220516204834,,72.0,,,20220221,unknown,zebrafish,WB,mag,2280.0,1515,0.709583103242984,43,0.55,2022_02_21
1023,0.7283597609530923,0.7947186164247777,0.4,engert_20220221_magnet,2.759722948074341,,72.0,,,20220221,unknown,zebrafish,WB,mag,2280.0,1520,0.573469361004831,52,0.55,2022_02_21
1024,0.4119864871247719,1.330963264320212,0.4,engert_20220221_magnet,4.679594039916992,,72.0,,,20220221,unknown,zebrafish,WB,mag,2280.0,1523,0.8482841320683856,49,0.55,2022_02_21
1025,0.6614581064857834,0.9077346708207791,0.4,engert_20220221_magnet,3.7166624069213867,,72.0,,,20220221,unknown,zebrafish,WB,mag,2280.0,1531,0.8147255581004506,55,0.55,2022_02_21
1026,0.6454827803301433,0.9342520814262681,0.4,engert_20220221_magnet,1.667194128036499,,72.0,,,20220221,unknown,zebrafish,WB,mag,2280.0,1532,0.6046830723047446,66,0.55,2022_02_21
1027,0.7274459213059323,0.7962938028055248,0.4,engert_20220221_magnet,2.6802945137023926,,72.0,,,20220221,unknown,zebrafish,WB,mag,2280.0,1533,0.90488642975823,76,0.55,2022_02_21
1028,0.7786794179006977,0.7058738898441193,0.4,engert_20220221_magnet,2.2230114936828613,,72.0,,,20220221,unknown,zebrafish,WB,mag,2280.0,1536,0.866627539063135,85,0.55,2022_02_21
1029,0.6385208921466248,0.9457776020288744,0.4,engert_20220221_magnet,8.235307693481445,,72.0,,,20220221,unknown,zebrafish,WB,mag,2280.0,1537,0.7671209023465589,19,0.55,2022_02_21
1030,0.9615590235518374,0.2789453544668881,0.4,engert_20220221_magnet,3.3576817512512207,,72.0,,,20220221,unknown,zebrafish,WB,mag,2280.0,1538,0.5862084233755446,28,0.55,2022_02_21
1031,0.654844754872407,0.9187256817414622,0.4,engert_20220221_magnet,4.168784141540527,,72.0,,,20220221,unknown,zebrafish,WB,mag,2280.0,1539,0.8766400904697158,123,0.55,2022_02_21
1032,0.7726393200460542,0.716794719364608,0.4,engert_20220221_magnet,2.838409423828125,,72.0,,,20220221,unknown,zebrafish,WB,mag,2280.0,1546,0.9616148238575266,82,0.55,2022_02_21
1033,0.8689382949108304,0.5287272297869859,0.4,engert_20220221_magnet,1.4880692958831787,,72.0,,,20220221,unknown,zebrafish,WB,mag,2280.0,1548,0.6535100494726247,56,0.55,2022_02_21
1034,0.4297263531641442,1.2988320468831842,0.4,engert_20220221_magnet,4.259252071380615,,72.0,,,20220221,unknown,zebrafish,WB,mag,2280.0,1553,0.8100753444775801,40,0.55,2022_02_21
1035,0.9983343213719342,0.056724042914169125,0.4,engert_20220221_magnet,3.754657030105591,,72.0,,,20220221,unknown,zebrafish,WB,mag,2280.0,1555,0.6173590930281377,39,0.55,2022_02_21
1036,0.7488954558969891,0.7589997516744315,0.4,engert_20220221_magnet,5.897594451904297,,72.0,,,20220221,unknown,zebrafish,WB,mag,2280.0,1556,0.8664765326984635,58,0.55,2022_02_21
1037,0.3613094405662778,1.4264311092604303,0.4,engert_20220221_magnet,5.373030185699463,,72.0,,,20220221,unknown,zebrafish,WB,mag,2280.0,1558,0.9491544471772226,82,0.55,2022_02_21
1038,0.7095276393145789,0.8269675117543117,0.4,engert_20220221_magnet,2.134408950805664,,72.0,,,20220221,unknown,zebrafish,WB,mag,2280.0,1561,0.8233403289542751,81,0.55,2022_02_21
1039,0.10497945772802064,2.1273127868717476,0.4,engert_20220221_magnet,6.099316120147705,,72.0,,,20220221,unknown,zebrafish,WB,mag,2280.0,1564,0.6850976423802819,56,0.55,2022_02_21
1040,0.22861797615927038,1.7188748018755549,0.4,engert_20220221_magnet,2.1678028106689453,,72.0,,,20220221,unknown,zebrafish,WB,mag,2280.0,1565,0.6793174709963464,53,0.55,2022_02_21
1041,0.4235719101099974,1.309914062215656,0.4,engert_20220221_magnet,6.644250392913818,,72.0,,,20220221,unknown,zebrafish,WB,mag,2280.0,1570,0.9655890209820389,91,0.55,2022_02_21
1042,0.5125061723190305,1.155054322583826,0.4,engert_20220221_magnet,3.8953962326049805,,72.0,,,20220221,unknown,zebrafish,WB,mag,2280.0,1572,0.828978659349987,47,0.55,2022_02_21
1043,0.1255157316616834,2.040607973713569,0.4,engert_20220221_magnet,2.858283758163452,,72.0,,,20220221,unknown,zebrafish,WB,mag,2280.0,1573,0.7797495421053369,54,0.55,2022_02_21
1044,0.31746647002271766,1.5147246989433376,0.4,engert_20220221_magnet,1.923044204711914,,72.0,,,20220221,unknown,zebrafish,WB,mag,2280.0,1576,0.9200565931473104,87,0.55,2022_02_21
1045,0.32374719802688046,1.501681979415909,0.4,engert_20220221_magnet,7.119146347045898,,72.0,,,20220221,unknown,zebrafish,WB,mag,2280.0,1579,0.7750417935569938,57,0.55,2022_02_21
1046,0.33758114021161756,1.473444263838026,0.4,engert_20220221_magnet,4.420746803283691,,72.0,,,20220221,unknown,zebrafish,WB,mag,2280.0,1597,0.6960556457043455,51,0.55,2022_02_21
1047,0.8880076393945318,0.48609685158284466,0.4,engert_20220221_magnet,6.400484561920166,,72.0,,,20220221,unknown,zebrafish,WB,mag,2280.0,1601,0.7389441996534454,83,0.55,2022_02_21
1048,0.6421209110152594,0.9398196369233396,0.4,engert_20220221_magnet,3.6281237602233887,,72.0,,,20220221,unknown,zebrafish,WB,mag,2280.0,1602,0.7392165280136881,56,0.55,2022_02_21
1049,0.4022264331382278,1.3488992101087818,0.4,engert_20220221_magnet,4.848125457763672,,72.0,,,20220221,unknown,zebrafish,WB,mag,2280.0,1603,0.9443713516695253,60,0.55,2022_02_21
1050,0.00042218231983615073,3.9876482433958156,0.4,engert_20220221_magnet,2.144704580307007,,72.0,,,20220221,unknown,zebrafish,WB,mag,2280.0,1612,0.5847284941390706,62,0.55,2022_02_21
1051,0.23427162991733297,1.7045117495064805,0.4,engert_20220221_magnet,1.3651779890060425,,72.0,,,20220221,unknown,zebrafish,WB,mag,2280.0,1613,0.6375323081101663,53,0.55,2022_02_21
1052,0.8393026358127667,0.5905316895949526,0.4,engert_20220221_magnet,3.006378412246704,,72.0,,,20220221,unknown,zebrafish,WB,mag,2280.0,1615,0.6511958779632805,37,0.55,2022_02_21
1053,0.2392656042770155,1.6920137516709495,0.4,engert_20220221_magnet,3.640831232070923,,72.0,,,20220221,unknown,zebrafish,WB,mag,2280.0,1621,0.5865180634580274,79,0.55,2022_02_21
1054,0.0022452504762942027,3.522826915717122,0.4,engert_20220221_magnet,4.317084789276123,,72.0,,,20220221,unknown,zebrafish,WB,mag,2280.0,1623,0.9488924918359697,62,0.55,2022_02_21
1055,0.3857301729625803,1.379675389615542,0.4,engert_20220221_magnet,3.08796763420105,,72.0,,,20220221,unknown,zebrafish,WB,mag,2280.0,1625,0.8856266015529525,79,0.55,2022_02_21
1056,0.6640051294396947,0.9034958209648545,0.4,engert_20220221_magnet,3.3699839115142822,,72.0,,,20220221,unknown,zebrafish,WB,mag,2280.0,1628,0.7761142793201192,69,0.55,2022_02_21
1057,0.6035918792247276,1.0034601696045915,0.4,engert_20220221_magnet,3.609096050262451,,72.0,,,20220221,unknown,zebrafish,WB,mag,2280.0,1631,0.6934499084329677,78,0.55,2022_02_21
1058,0.37677253305093295,1.3966502494292687,0.4,engert_20220221_magnet,5.174403190612793,,72.0,,,20220221,unknown,zebrafish,WB,mag,2280.0,1635,0.564822643220549,73,0.55,2022_02_21
1059,0.4116236644852278,1.331626659269916,0.4,engert_20220221_magnet,3.9904422760009766,,72.0,,,20220221,unknown,zebrafish,WB,mag,2280.0,1636,0.6588771615442995,35,0.55,2022_02_21
1060,0.983764406896196,0.17999441307957847,0.4,engert_20220221_magnet,1.7288118600845337,,72.0,,,20220221,unknown,zebrafish,WB,mag,2280.0,1638,0.6587112733401503,50,0.55,2022_02_21
1061,0.6136472073367911,0.9868665943053578,0.4,engert_20220221_magnet,3.2175395488739014,,72.0,,,20220221,unknown,zebrafish,WB,mag,2280.0,1639,0.7766163547747769,35,0.55,2022_02_21
1062,0.8918716146053668,0.4771147628553993,0.4,engert_20220221_magnet,2.563443422317505,,72.0,,,20220221,unknown,zebrafish,WB,mag,2280.0,1642,0.7264120957168327,40,0.55,2022_02_21
1063,0.4516292029226815,1.259903362959467,0.4,engert_20220221_magnet,3.632619619369507,,72.0,,,20220221,unknown,zebrafish,WB,mag,2280.0,1647,0.873132353787648,73,0.55,2022_02_21
1064,0.35469518032039127,1.4393680073012016,0.4,engert_20220221_magnet,3.1154656410217285,,72.0,,,20220221,unknown,zebrafish,WB,mag,2280.0,1649,0.8209854358251093,73,0.55,2022_02_21
1065,0.5129376161099062,1.1543250612148304,0.4,engert_20220221_magnet,2.5622382164001465,,72.0,,,20220221,unknown,zebrafish,WB,mag,2280.0,1653,0.6550207543976945,48,0.55,2022_02_21
1066,0.9045756375364756,0.4466076524921535,0.4,engert_20220221_magnet,3.0067174434661865,,72.0,,,20220221,unknown,zebrafish,WB,mag,2280.0,1655,0.8115379604936498,44,0.55,2022_02_21
1067,0.4099562521808815,1.3346784628364723,0.4,engert_20220221_magnet,2.12768292427063,,72.0,,,20220221,unknown,zebrafish,WB,mag,2280.0,1658,0.6106630377415003,68,0.55,2022_02_21
1068,0.4371577805343301,1.2855375155371287,0.4,engert_20220221_magnet,7.172623634338379,,72.0,,,20220221,unknown,zebrafish,WB,mag,2280.0,1665,0.8582022169174602,76,0.55,2022_02_21
1069,0.14448647759709488,1.9696950252939351,0.4,engert_20220221_magnet,3.2517330646514893,,72.0,,,20220221,unknown,zebrafish,WB,mag,2280.0,1670,0.7862920883054033,41,0.55,2022_02_21
1070,0.7347910859146368,0.7836002347002323,0.4,engert_20220221_magnet,5.724328517913818,,72.0,,,20220221,unknown,zebrafish,WB,mag,2280.0,1672,0.6973806709408573,105,0.55,2022_02_21
1071,0.38425961828593236,1.3824488945825686,0.4,engert_20220221_magnet,4.386396408081055,,72.0,,,20220221,unknown,zebrafish,WB,mag,2280.0,1673,0.8466527826528691,88,0.55,2022_02_21
1072,0.6267730465649635,0.965196863385836,0.4,engert_20220221_magnet,3.39062237739563,,72.0,,,20220221,unknown,zebrafish,WB,mag,2280.0,1674,0.568413544182901,55,0.55,2022_02_21
1073,0.6128199527289256,0.9882318185364966,0.4,engert_20220221_magnet,1.813096046447754,,72.0,,,20220221,unknown,zebrafish,WB,mag,2280.0,1677,0.8631049984870229,47,0.55,2022_02_21
1074,0.5861349791937127,1.0322829718999622,0.4,engert_20220221_magnet,4.378820896148682,,72.0,,,20220221,unknown,zebrafish,WB,mag,2280.0,1678,0.629847588697866,69,0.55,2022_02_21
1075,0.42038609407171534,1.3156773147559828,0.4,engert_20220221_magnet,2.6606664657592773,,72.0,,,20220221,unknown,zebrafish,WB,mag,2280.0,1685,0.8174810627050816,73,0.55,2022_02_21
1076,0.842543597037292,0.5839894741992143,0.4,engert_20220221_magnet,3.2470595836639404,,72.0,,,20220221,unknown,zebrafish,WB,mag,2280.0,1689,0.610868805654029,83,0.55,2022_02_21
1077,0.5017413561862087,1.1733035934211744,0.4,engert_20220221_magnet,2.5077872276306152,,72.0,,,20220221,unknown,zebrafish,WB,mag,2280.0,1690,0.7765204394772458,59,0.55,2022_02_21
1078,0.1726097014442558,1.8763720069867966,0.4,engert_20220221_magnet,2.608538866043091,,72.0,,,20220221,unknown,zebrafish,WB,mag,2280.0,1691,0.6581518352846154,77,0.55,2022_02_21
1079,0.1712539638112569,1.8806053722144085,0.4,engert_20220221_magnet,2.3068532943725586,,72.0,,,20220221,unknown,zebrafish,WB,mag,2280.0,1692,0.8984501621742659,68,0.55,2022_02_21
1080,0.24716428992348038,1.6725907226191372,0.4,engert_20220221_magnet,2.597731351852417,,72.0,,,20220221,unknown,zebrafish,WB,mag,2280.0,1693,0.8702716234937863,62,0.55,2022_02_21
1081,0.37138445913321516,1.4069562775151228,0.4,engert_20220221_magnet,3.102905511856079,,72.0,,,20220221,unknown,zebrafish,WB,mag,2280.0,1698,0.7691887031149538,75,0.55,2022_02_21
1082,0.7908981299136197,0.6835175761628739,0.4,engert_20220221_magnet,4.095588684082031,,72.0,,,20220221,unknown,zebrafish,WB,mag,2280.0,1700,0.8676580058182061,57,0.55,2022_02_21
1083,0.2326603395251693,1.7085816001288534,0.4,engert_20220221_magnet,2.2067346572875977,,72.0,,,20220221,unknown,zebrafish,WB,mag,2280.0,1701,0.698215564402118,37,0.55,2022_02_21
1084,0.5886532043151855,1.0281226039694245,0.4,engert_20220221_magnet,4.474542617797852,,72.0,,,20220221,unknown,zebrafish,WB,mag,2280.0,1704,0.7641977525882844,54,0.55,2022_02_21
1085,0.09742156431015325,2.162572196603796,0.4,engert_20220221_magnet,2.61788010597229,,72.0,,,20220221,unknown,zebrafish,WB,mag,2280.0,1706,0.7511055268332697,61,0.55,2022_02_21
1086,0.9508277603298436,0.3164617368649094,0.4,engert_20220221_magnet,3.2622509002685547,,72.0,,,20220221,unknown,zebrafish,WB,mag,2280.0,1707,0.799222825065803,62,0.55,2022_02_21
1087,0.04619704723682205,2.4882686094991255,0.4,engert_20220221_magnet,7.567816734313965,,72.0,,,20220221,unknown,zebrafish,WB,mag,2280.0,1708,0.5880896263660114,106,0.55,2022_02_21
1088,0.7500678933516185,0.7569402726193538,0.4,engert_20220221_magnet,3.8582534790039062,,72.0,,,20220221,unknown,zebrafish,WB,mag,2280.0,1710,0.7193727910972417,62,0.55,2022_02_21
1089,0.1662015170975707,1.896598625038913,0.4,engert_20220221_magnet,1.8774361610412598,,72.0,,,20220221,unknown,zebrafish,WB,mag,2280.0,1714,0.5649891660815486,64,0.55,2022_02_21
1090,0.4007979889791593,1.351540721413595,0.4,engert_20220221_magnet,1.9108107089996338,,72.0,,,20220221,unknown,zebrafish,WB,mag,2280.0,1721,0.5642457990373647,46,0.55,2022_02_21
1091,0.20375481401993423,1.785045614962914,0.4,engert_20220221_magnet,4.131652355194092,,72.0,,,20220221,unknown,zebrafish,WB,mag,2280.0,1723,0.7788136718239425,45,0.55,2022_02_21
1092,0.6751679561532619,0.8848744690782729,0.4,engert_20220221_magnet,1.5517585277557373,,72.0,,,20220221,unknown,zebrafish,WB,mag,2280.0,1725,0.6622277900385244,32,0.55,2022_02_21
1093,0.41564290981610474,1.3242926748328727,0.4,engert_20220221_magnet,1.7948589324951172,,72.0,,,20220221,unknown,zebrafish,WB,mag,2280.0,1727,0.864655190374676,69,0.55,2022_02_21
1094,0.045782356322562556,2.491953756887685,0.4,engert_20220221_magnet,1.9376029968261719,,72.0,,,20220221,unknown,zebrafish,WB,mag,2280.0,1728,0.5651503355560148,62,0.55,2022_02_21
1095,0.7848770347024872,0.6945802799249426,0.4,engert_20220221_magnet,4.53813362121582,,72.0,,,20220221,unknown,zebrafish,WB,mag,2280.0,1729,0.6324769299168813,67,0.55,2022_02_21
1096,0.7667802979102567,0.7273122296756047,0.4,engert_20220221_magnet,3.591519355773926,,72.0,,,20220221,unknown,zebrafish,WB,mag,2280.0,1731,0.8316811963182528,47,0.55,2022_02_21
1097,0.6173323981313176,0.9807844035195205,0.4,engert_20220221_magnet,3.940725564956665,,72.0,,,20220221,unknown,zebrafish,WB,mag,2280.0,1732,0.7636806103797571,55,0.55,2022_02_21
1098,0.33502332235469123,1.4786164808480748,0.4,engert_20220221_magnet,3.0975914001464844,,72.0,,,20220221,unknown,zebrafish,WB,mag,2280.0,1737,0.6761682756543924,36,0.55,2022_02_21
1099,0.28818456771392453,1.5775951614674426,0.4,engert_20220221_magnet,2.895606279373169,,72.0,,,20220221,unknown,zebrafish,WB,mag,2280.0,1749,0.9285741680318101,67,0.55,2022_02_21
1100,0.319498085364491,1.5104899591357153,0.4,engert_20220221_magnet,2.9201745986938477,,72.0,,,20220221,unknown,zebrafish,WB,mag,2280.0,1750,0.7574015990634602,60,0.55,2022_02_21
1101,0.08374751324537832,2.232293137533924,0.4,engert_20220221_magnet,2.7343063354492188,,72.0,,,20220221,unknown,zebrafish,WB,mag,2280.0,1755,0.8663611382922358,82,0.55,2022_02_21
1102,0.8326579848352907,0.6038012020464836,0.4,engert_20220221_magnet,3.3377954959869385,,72.0,,,20220221,unknown,zebrafish,WB,mag,2280.0,1756,0.7242825911817986,44,0.55,2022_02_21
1103,0.5520394683829163,1.0887914636137548,0.4,engert_20220221_magnet,2.130932331085205,,72.0,,,20220221,unknown,zebrafish,WB,mag,2280.0,1758,0.6285311049929789,44,0.55,2022_02_21
1104,0.07769406408541535,2.266110482021969,0.4,engert_20220221_magnet,2.7205214500427246,,72.0,,,20220221,unknown,zebrafish,WB,mag,2280.0,1761,0.5520256221166504,48,0.55,2022_02_21
1105,0.1942267305040971,1.8118734977830198,0.4,engert_20220221_magnet,2.6637847423553467,,72.0,,,20220221,unknown,zebrafish,WB,mag,2280.0,1764,0.9426224333662272,83,0.55,2022_02_21
1106,0.6740445260755817,0.8867520042120143,0.4,engert_20220221_magnet,2.09346342086792,,72.0,,,20220221,unknown,zebrafish,WB,mag,2280.0,1766,0.8145013147216065,62,0.55,2022_02_21
1107,0.10572436101915494,2.123946611943947,0.4,engert_20220221_magnet,6.610135555267334,,72.0,,,20220221,unknown,zebrafish,WB,mag,2280.0,1767,0.9742930173394203,75,0.55,2022_02_21
1108,0.668826857609671,0.8954615680422466,0.4,engert_20220221_magnet,2.1932621002197266,,72.0,,,20220221,unknown,zebrafish,WB,mag,2280.0,1772,0.8114550048543931,70,0.55,2022_02_21
1109,0.7509526122639355,0.755384592493289,0.4,engert_20220221_magnet,5.932210922241211,,72.0,,,20220221,unknown,zebrafish,WB,mag,2280.0,1773,0.7867873356737862,69,0.55,2022_02_21
1110,0.6827287356003684,0.8722158693705386,0.4,engert_20220221_magnet,3.2288084030151367,,72.0,,,20220221,unknown,zebrafish,WB,mag,2280.0,1775,0.7863340837805561,124,0.55,2022_02_21
1111,0.5909098256911351,1.024395374866658,0.4,engert_20220221_magnet,4.549424648284912,,72.0,,,20220221,unknown,zebrafish,WB,mag,2280.0,1776,0.6470688830171334,68,0.55,2022_02_21
1112,0.332548544740099,1.4836414167549843,0.4,engert_20220221_magnet,4.522764205932617,,72.0,,,20220221,unknown,zebrafish,WB,mag,2280.0,1779,0.7301350400715481,52,0.55,2022_02_21
1113,0.5746720885957881,1.0512385603066552,0.4,engert_20220221_magnet,2.456594228744507,,72.0,,,20220221,unknown,zebrafish,WB,mag,2280.0,1783,0.8534426277488636,85,0.55,2022_02_21
1114,0.5022238640222886,1.1724833523646627,0.4,engert_20220221_magnet,8.73071575164795,,72.0,,,20220221,unknown,zebrafish,WB,mag,2280.0,1786,0.8388553063444147,21,0.55,2022_02_21
1115,0.5020209938140581,1.1728281805056269,0.4,engert_20220221_magnet,3.977642774581909,,72.0,,,20220221,unknown,zebrafish,WB,mag,2280.0,1790,0.60028047925318,44,0.55,2022_02_21
1116,0.7955198530496204,0.6749617251393714,0.4,engert_20220221_magnet,3.797800064086914,,72.0,,,20220221,unknown,zebrafish,WB,mag,2280.0,1794,0.8675937787032263,259,0.55,2022_02_21
1117,0.907190344935499,0.4401230526539418,0.4,engert_20220221_magnet,7.456348419189453,,72.0,,,20220221,unknown,zebrafish,WB,mag,2280.0,1796,0.758165376363256,71,0.55,2022_02_21
1118,0.39640784932956086,1.359686122282394,0.4,engert_20220221_magnet,3.388366460800171,,72.0,,,20220221,unknown,zebrafish,WB,mag,2280.0,1800,0.5933517718368148,29,0.55,2022_02_21
1119,0.5454259048934494,1.0998081176114687,0.4,engert_20220221_magnet,3.169909715652466,,72.0,,,20220221,unknown,zebrafish,WB,mag,2280.0,1802,0.5995236622928459,43,0.55,2022_02_21
1120,0.32565787753100495,1.4977425366378576,0.4,engert_20220221_magnet,6.114372730255127,,72.0,,,20220221,unknown,zebrafish,WB,mag,2280.0,1809,0.7835503125896476,58,0.55,2022_02_21
1121,0.9903362192027547,0.138449047201718,0.4,engert_20220221_magnet,1.9730509519577026,,72.0,,,20220221,unknown,zebrafish,WB,mag,2280.0,1810,0.5680809657321212,43,0.55,2022_02_21
1122,0.23580046890379258,1.700667201113222,0.4,engert_20220221_magnet,3.4895143508911133,,72.0,,,20220221,unknown,zebrafish,WB,mag,2280.0,1811,0.7214231481604446,84,0.55,2022_02_21
1123,0.19224739001197277,1.8175613762342862,0.4,engert_20220221_magnet,2.217578649520874,,72.0,,,20220221,unknown,zebrafish,WB,mag,2280.0,1814,0.7486514610575457,44,0.55,2022_02_21
1124,0.8184820680165804,0.6315202069718261,0.4,engert_20220221_magnet,3.0727365016937256,,72.0,,,20220221,unknown,zebrafish,WB,mag,2280.0,1822,0.5733407653686146,37,0.55,2022_02_21
1125,0.321008883620283,1.5073506876974243,0.4,engert_20220221_magnet,2.1515557765960693,,72.0,,,20220221,unknown,zebrafish,WB,mag,2280.0,1824,0.6345132492196982,54,0.55,2022_02_21
1126,0.3978057237640912,1.357087979350669,0.4,engert_20220221_magnet,2.3629865646362305,,72.0,,,20220221,unknown,zebrafish,WB,mag,2280.0,1826,0.6587112733401503,46,0.55,2022_02_21
1127,0.43071743347196556,1.297053617746072,0.4,engert_20220221_magnet,4.038928985595703,,72.0,,,20220221,unknown,zebrafish,WB,mag,2280.0,1827,0.8093018841974454,40,0.55,2022_02_21
1128,0.696784832155876,0.8485647932277018,0.4,engert_20220221_magnet,2.0352184772491455,,72.0,,,20220221,unknown,zebrafish,WB,mag,2280.0,1834,0.5726113663298802,39,0.55,2022_02_21
1129,0.9358555741498935,0.3629711875537232,0.4,engert_20220221_magnet,7.810752868652344,,72.0,,,20220221,unknown,zebrafish,WB,mag,2280.0,1837,0.7471791087422324,17,0.55,2022_02_21
1130,0.6894416691934366,0.8609410536904222,0.4,engert_20220221_magnet,2.7527527809143066,,72.0,,,20220221,unknown,zebrafish,WB,mag,2280.0,1839,0.5869907694783371,51,0.55,2022_02_21
1131,0.1922614857114644,1.817520728364271,0.4,engert_20220221_magnet,5.659095287322998,,72.0,,,20220221,unknown,zebrafish,WB,mag,2280.0,1841,0.8216149512608845,45,0.55,2022_02_21
1132,0.7072759418956005,0.8307958260895196,0.4,engert_20220221_magnet,4.139453411102295,,72.0,,,20220221,unknown,zebrafish,WB,mag,2280.0,1847,0.8354519228902326,79,0.55,2022_02_21
1133,0.36091203629670576,1.4272048904815595,0.4,engert_20220221_magnet,2.944096326828003,,72.0,,,20220221,unknown,zebrafish,WB,mag,2280.0,1855,0.666693702098833,94,0.55,2022_02_21
1134,0.4341451233327879,1.2909158431178605,0.4,engert_20220221_magnet,4.257689952850342,,72.0,,,20220221,unknown,zebrafish,WB,mag,2280.0,1856,0.7692800425634357,83,0.55,2022_02_21
1135,0.5591229525326705,1.077015878122085,0.4,engert_20220221_magnet,4.159340858459473,,72.0,,,20220221,unknown,zebrafish,WB,mag,2280.0,1857,0.6018724893283733,164,0.55,2022_02_21
1136,0.26792228181798294,1.6233792909079447,0.4,engert_20220221_magnet,6.715831279754639,,72.0,,,20220221,unknown,zebrafish,WB,mag,2280.0,1861,0.8610894134222028,44,0.55,2022_02_21
1137,0.44907349866500246,1.2644071573554163,0.4,engert_20220221_magnet,3.1721553802490234,,72.0,,,20220221,unknown,zebrafish,WB,mag,2280.0,1862,0.6521557794076377,37,0.55,2022_02_21
1138,0.16184916190674692,1.9106613930464953,0.4,engert_20220221_magnet,3.8521127700805664,,72.0,,,20220221,unknown,zebrafish,WB,mag,2280.0,1866,0.7609244286686668,118,0.55,2022_02_21
1139,0.3218520861205637,1.5056022479271072,0.4,engert_20220221_magnet,0.7198204398155212,,72.0,,,20220221,unknown,zebrafish,WB,mag,2280.0,1871,0.5980822337490033,51,0.55,2022_02_21
1140,0.9246251860297808,0.3947024862088073,0.4,engert_20220221_magnet,5.646539211273193,,72.0,,,20220221,unknown,zebrafish,WB,mag,2280.0,1876,0.7047183529364306,53,0.55,2022_02_21
1141,0.8904629832009021,0.4804039866391357,0.4,engert_20220221_magnet,2.8441426753997803,,72.0,,,20220221,unknown,zebrafish,WB,mag,2280.0,1877,0.6977920557991991,54,0.55,2022_02_21
1142,0.8152571829918858,0.6377233302541521,0.4,engert_20220221_magnet,4.4945831298828125,,72.0,,,20220221,unknown,zebrafish,WB,mag,2280.0,1878,0.8470294813348256,59,0.55,2022_02_21
1143,0.008077503497404881,3.1244209210975726,0.4,engert_20220221_magnet,4.317188262939453,,72.0,,,20220221,unknown,zebrafish,WB,mag,2280.0,1881,0.7467771552214032,42,0.55,2022_02_21
1144,0.7784140495386147,0.7063553863427906,0.4,engert_20220221_magnet,2.446479320526123,,72.0,,,20220221,unknown,zebrafish,WB,mag,2280.0,1883,0.7782619413109668,36,0.55,2022_02_21
1145,0.10212326977077968,2.1403953867194825,0.4,engert_20220221_magnet,5.722982406616211,,72.0,,,20220221,unknown,zebrafish,WB,mag,2280.0,1888,0.7686953987122038,82,0.55,2022_02_21
1146,0.9450258680643012,0.3351608717322757,0.4,engert_20220221_magnet,4.119418621063232,,72.0,,,20220221,unknown,zebrafish,WB,mag,2280.0,1889,0.6177403720224361,53,0.55,2022_02_21
1147,0.3332027809496816,1.4823110162171405,0.4,engert_20220221_magnet,2.805314779281616,,72.0,,,20220221,unknown,zebrafish,WB,mag,2280.0,1896,0.8729107269825037,65,0.55,2022_02_21
1148,0.4680801569532804,1.2311340666069062,0.4,engert_20220221_magnet,7.217640399932861,,72.0,,,20220221,unknown,zebrafish,WB,mag,2280.0,1905,0.7475554132001466,59,0.55,2022_02_21
1149,0.9245597603274801,0.3948810854100611,0.4,engert_20220221_magnet,3.2636144161224365,,72.0,,,20220221,unknown,zebrafish,WB,mag,2280.0,1909,0.7618541187901601,67,0.55,2022_02_21
1150,0.7753274008708162,0.7119446547004908,0.4,engert_20220221_magnet,3.589212417602539,,72.0,,,20220221,unknown,zebrafish,WB,mag,2280.0,1911,0.9414309082525559,64,0.55,2022_02_21
1151,0.6477202379714431,0.930544469267685,0.4,engert_20220221_magnet,2.4608991146087646,,72.0,,,20220221,unknown,zebrafish,WB,mag,2280.0,1920,0.5894422528456927,52,0.55,2022_02_21
1152,0.287497953835973,1.5791137607937076,0.4,engert_20220221_magnet,3.3636624813079834,,72.0,,,20220221,unknown,zebrafish,WB,mag,2280.0,1922,0.687101992528403,63,0.55,2022_02_21
1153,0.18932880772328864,1.8260235218829772,0.4,engert_20220221_magnet,2.178257942199707,,72.0,,,20220221,unknown,zebrafish,WB,mag,2280.0,1926,0.6343745641446698,83,0.55,2022_02_21
1154,0.9124341970726031,0.42688005159399056,0.4,engert_20220221_magnet,2.651012420654297,,72.0,,,20220221,unknown,zebrafish,WB,mag,2280.0,1927,0.8382408243012505,54,0.55,2022_02_21
1155,0.6882191060363605,0.862997113629221,0.4,engert_20220221_magnet,8.011568069458008,,72.0,,,20220221,unknown,zebrafish,WB,mag,2280.0,1929,0.7773681445765351,22,0.55,2022_02_21
1156,0.9697908562208049,0.24667511950728654,0.4,engert_20220221_magnet,3.362938642501831,,72.0,,,20220221,unknown,zebrafish,WB,mag,2280.0,1934,0.6842071974051761,66,0.55,2022_02_21
1157,0.20540293422026668,1.780493961514542,0.4,engert_20220221_magnet,3.1594438552856445,,72.0,,,20220221,unknown,zebrafish,WB,mag,2280.0,1936,0.5582327165501523,72,0.55,2022_02_21
1158,0.20220119518644497,1.7893598636968011,0.4,engert_20220221_magnet,4.132840156555176,,72.0,,,20220221,unknown,zebrafish,WB,mag,2280.0,1939,0.7987018584168775,56,0.55,2022_02_21
1159,0.8319513715157116,0.605201402164518,0.4,engert_20220221_magnet,5.418859481811523,,72.0,,,20220221,unknown,zebrafish,WB,mag,2280.0,1941,0.840328325209691,64,0.55,2022_02_21
1160,0.1509883990896107,1.9470034375293717,0.4,engert_20220221_magnet,4.044946193695068,,72.0,,,20220221,unknown,zebrafish,WB,mag,2280.0,1943,0.5530241507388586,64,0.55,2022_02_21
1161,0.6575453344626534,0.9142400002836981,0.4,engert_20220221_magnet,3.400651454925537,,72.0,,,20220221,unknown,zebrafish,WB,mag,2280.0,1950,0.8424823771045644,66,0.55,2022_02_21
1162,0.3460737168576823,1.4564219844006125,0.4,engert_20220221_magnet,3.476656675338745,,72.0,,,20220221,unknown,zebrafish,WB,mag,2280.0,1961,0.8393261258535345,52,0.55,2022_02_21
1163,0.5792583650594685,1.0436505536447214,0.4,engert_20220221_magnet,5.7914838790893555,,72.0,,,20220221,unknown,zebrafish,WB,mag,2280.0,1962,0.6506239789079505,65,0.55,2022_02_21
1164,0.793227749911378,0.6792121010369729,0.4,engert_20220221_magnet,4.375251293182373,,72.0,,,20220221,unknown,zebrafish,WB,mag,2280.0,1967,0.7275728572676494,54,0.55,2022_02_21
1165,0.6380840811359085,0.9465002534901054,0.4,engert_20220221_magnet,2.616410493850708,,72.0,,,20220221,unknown,zebrafish,WB,mag,2280.0,1968,0.6202057123602456,59,0.55,2022_02_21
1166,0.23656495757613916,1.6987509031013701,0.4,engert_20220221_magnet,3.1420576572418213,,72.0,,,20220221,unknown,zebrafish,WB,mag,2280.0,1970,0.8206086490390425,41,0.55,2022_02_21
1167,0.24254499893249692,1.6838996552471865,0.4,engert_20220221_magnet,3.5835936069488525,,72.0,,,20220221,unknown,zebrafish,WB,mag,2280.0,1977,0.8480811584284269,47,0.55,2022_02_21
1168,0.5134875280268307,1.1533957541949293,0.4,engert_20220221_magnet,2.750819206237793,,72.0,,,20220221,unknown,zebrafish,WB,mag,2280.0,1978,0.755637839193132,41,0.55,2022_02_21
1169,0.03190248315151201,2.635525278855184,0.4,engert_20220221_magnet,5.755003452301025,,72.0,,,20220221,unknown,zebrafish,WB,mag,2280.0,1980,0.8614747396176261,72,0.55,2022_02_21
1170,0.5179981111559457,1.1457826350475573,0.4,engert_20220221_magnet,7.885302543640137,,72.0,,,20220221,unknown,zebrafish,WB,mag,2280.0,1981,0.645771075676031,126,0.55,2022_02_21
1171,0.05331999791040165,2.4289424508067703,0.4,engert_20220221_magnet,3.2950563430786133,,72.0,,,20220221,unknown,zebrafish,WB,mag,2280.0,1982,0.5537710647537587,46,0.55,2022_02_21
1172,0.5353443636913492,1.1166488861376485,0.4,engert_20220221_magnet,2.2480294704437256,,72.0,,,20220221,unknown,zebrafish,WB,mag,2280.0,1989,0.929426178082897,53,0.55,2022_02_21
1173,0.732353492432233,0.7878211899195003,0.4,engert_20220221_magnet,7.572562217712402,,72.0,,,20220221,unknown,zebrafish,WB,mag,2280.0,1998,0.771308640636906,73,0.55,2022_02_21
1174,0.06313929400842666,2.3571716961991735,0.4,engert_20220221_magnet,3.343238353729248,,72.0,,,20220221,unknown,zebrafish,WB,mag,2280.0,1999,0.7957808593048075,77,0.55,2022_02_21
1175,0.2865064213173354,1.5813107773731305,0.4,engert_20220221_magnet,2.816897392272949,,72.0,,,20220221,unknown,zebrafish,WB,mag,2280.0,2001,0.7054477971620644,106,0.55,2022_02_21
1176,0.711529255849783,0.8235597114523738,0.4,engert_20220221_magnet,1.9046474695205688,,72.0,,,20220221,unknown,zebrafish,WB,mag,2280.0,2008,0.6551041615457179,52,0.55,2022_02_21
1177,0.6979784254394787,0.846548551581178,0.4,engert_20220221_magnet,9.218226432800293,,72.0,,,20220221,unknown,zebrafish,WB,mag,2280.0,2009,0.7979522977174568,19,0.55,2022_02_21
1178,0.4883334254964159,1.1961888872496196,0.4,engert_20220221_magnet,6.596807479858398,,72.0,,,20220221,unknown,zebrafish,WB,mag,2280.0,2014,0.7919121233579012,60,0.55,2022_02_21
1179,0.03280201852885689,2.624739845196365,0.4,engert_20220221_magnet,13.6221342086792,,72.0,,,20220221,unknown,zebrafish,WB,mag,2280.0,2017,0.5758627868352287,35,0.55,2022_02_21
1180,0.45507818450757465,1.2538405977347766,0.4,engert_20220221_magnet,3.96276593208313,,72.0,,,20220221,unknown,zebrafish,WB,mag,2280.0,2019,0.5615409686671896,35,0.55,2022_02_21
1181,0.6364895170486139,0.9491378431289861,0.4,engert_20220221_magnet,3.8530020713806152,,72.0,,,20220221,unknown,zebrafish,WB,mag,2280.0,2020,0.8512437286775157,71,0.55,2022_02_21
1182,0.7109385410150719,0.8245658639962183,0.4,engert_20220221_magnet,2.938551425933838,,72.0,,,20220221,unknown,zebrafish,WB,mag,2280.0,2022,0.8123496254435135,52,0.55,2022_02_21
1183,0.5217451465735417,1.1394706530903664,0.4,engert_20220221_magnet,3.371098041534424,,72.0,,,20220221,unknown,zebrafish,WB,mag,2280.0,2023,0.7191083194704869,68,0.55,2022_02_21
1184,0.8027742580689765,0.6614120782033304,0.4,engert_20220221_magnet,2.5113165378570557,,72.0,,,20220221,unknown,zebrafish,WB,mag,2280.0,2024,0.9236699261558428,49,0.55,2022_02_21
1185,0.6803538553451711,0.8761963793854054,0.4,engert_20220221_magnet,3.7770192623138428,,72.0,,,20220221,unknown,zebrafish,WB,mag,2280.0,2025,0.6849906750804833,55,0.55,2022_02_21
1186,0.3700950592783666,1.4094336941125605,0.4,engert_20220221_magnet,3.476127862930298,,72.0,,,20220221,unknown,zebrafish,WB,mag,2280.0,2037,0.747956839359267,84,0.55,2022_02_21
1187,0.48667494158508473,1.1990326526027844,0.4,engert_20220221_magnet,3.367877960205078,,72.0,,,20220221,unknown,zebrafish,WB,mag,2280.0,2066,0.757260699548288,51,0.55,2022_02_21
1188,0.8559410142910453,0.556410437474412,0.4,engert_20220221_magnet,4.238744258880615,,72.0,,,20220221,unknown,zebrafish,WB,mag,2280.0,2080,0.6118276469890834,59,0.55,2022_02_21
1189,0.19644829992648705,1.8055378470147467,0.4,engert_20220221_magnet,3.015512704849243,,72.0,,,20220221,unknown,zebrafish,WB,mag,2280.0,2083,0.8784458831972074,67,0.55,2022_02_21
1190,0.967207389183449,0.2572077380826307,0.4,engert_20220221_magnet,5.009194850921631,,72.0,,,20220221,unknown,zebrafish,WB,mag,2280.0,2098,0.7227323327449264,48,0.55,2022_02_21
1191,0.8033831054188895,0.6602679535861955,0.4,engert_20220221_magnet,2.7659997940063477,,72.0,,,20220221,unknown,zebrafish,WB,mag,2280.0,2104,0.9447676410036336,58,0.55,2022_02_21
1192,0.09141184180580197,2.1921860528072075,0.4,engert_20220221_magnet,3.504857301712036,,72.0,,,20220221,unknown,zebrafish,WB,mag,2280.0,2110,0.557422796277431,81,0.55,2022_02_21
1193,0.2907182994934583,1.5720096868639024,0.4,engert_20220221_magnet,4.732547283172607,,72.0,,,20220221,unknown,zebrafish,WB,mag,2280.0,2123,0.8508678496163695,70,0.55,2022_02_21
1194,0.26053454617754845,1.6406063245433913,0.4,engert_20220221_magnet,3.2799086570739746,,72.0,,,20220221,unknown,zebrafish,WB,mag,2280.0,2127,0.6564857454236136,78,0.55,2022_02_21
1195,0.5138701953549165,1.1527492173737215,0.4,engert_20220221_magnet,3.034593105316162,,72.0,,,20220221,unknown,zebrafish,WB,mag,2280.0,2135,0.5925274171587555,49,0.55,2022_02_21
1196,0.5287728861804659,1.1276607369019536,0.4,engert_20220221_magnet,2.2427310943603516,,72.0,,,20220221,unknown,zebrafish,WB,mag,2280.0,2146,0.6702835858980475,91,0.55,2022_02_21
1197,0.24802766319277003,1.6704922479525677,0.4,engert_20220221_magnet,3.2447242736816406,,72.0,,,20220221,unknown,zebrafish,WB,mag,2280.0,2152,0.6819859284423403,61,0.55,2022_02_21
1198,0.30480070914644297,1.5414831787557641,0.4,engert_20220221_magnet,3.6166799068450928,,72.0,,,20220221,unknown,zebrafish,WB,mag,2280.0,2156,0.7976042412168727,88,0.55,2022_02_21
1199,0.8635244132975787,0.5403793435269814,0.4,engert_20220221_magnet,2.932217597961426,,72.0,,,20220221,unknown,zebrafish,WB,mag,2280.0,2158,0.6937099211961889,33,0.55,2022_02_21
1200,0.5199485186700147,1.142495759629484,0.4,engert_20220221_magnet,4.847367286682129,,72.0,,,20220221,unknown,zebrafish,WB,mag,2280.0,2164,0.7008776156398856,46,0.55,2022_02_21
1201,0.3600540258829762,1.4288770543686695,0.4,engert_20220221_magnet,2.234462022781372,,72.0,,,20220221,unknown,zebrafish,WB,mag,2280.0,2168,0.733664666474109,68,0.55,2022_02_21
1202,0.5802323553485216,1.042039794961032,0.4,engert_20220221_magnet,4.127275466918945,,72.0,,,20220221,unknown,zebrafish,WB,mag,2280.0,2171,0.6651750293150427,50,0.55,2022_02_21
1203,0.08523064355705257,2.2243090525448976,0.4,engert_20220221_magnet,2.1523430347442627,,72.0,,,20220221,unknown,zebrafish,WB,mag,2280.0,2175,0.7979272709247286,36,0.55,2022_02_21
1204,0.31513016753988277,1.5196137000369283,0.4,engert_20220221_magnet,3.1552696228027344,,72.0,,,20220221,unknown,zebrafish,WB,mag,2280.0,2178,0.6326085265386391,77,0.55,2022_02_21
1205,0.12182219169661002,2.0553499187505246,0.4,engert_20220221_magnet,2.996833562850952,,72.0,,,20220221,unknown,zebrafish,WB,mag,2280.0,2180,0.6480922454332119,48,0.55,2022_02_21
1206,0.06261256587542008,2.3607781275565243,0.4,engert_20220221_magnet,2.838078498840332,,72.0,,,20220221,unknown,zebrafish,WB,mag,2280.0,2187,0.6391572779040063,50,0.55,2022_02_21
1207,0.8823098990394304,0.4991166015926512,0.4,engert_20220221_magnet,4.339634895324707,,72.0,,,20220221,unknown,zebrafish,WB,mag,2280.0,2189,0.9331225323477548,56,0.55,2022_02_21
1208,0.5207595544175665,1.1411298356608153,0.4,engert_20220221_magnet,3.232355833053589,,72.0,,,20220221,unknown,zebrafish,WB,mag,2280.0,2192,0.9508272433254626,60,0.55,2022_02_21
1209,0.3180221307921631,1.5135649558946769,0.4,engert_20220221_magnet,7.717416286468506,,72.0,,,20220221,unknown,zebrafish,WB,mag,2280.0,2197,0.834630227931406,48,0.55,2022_02_21
1210,0.8314985333713394,0.6060976972104518,0.4,engert_20220221_magnet,3.3249521255493164,,72.0,,,20220221,unknown,zebrafish,WB,mag,2280.0,2198,0.5584218040327072,56,0.55,2022_02_21
1211,0.16369164932316616,1.9046749490558321,0.4,engert_20220221_magnet,2.980883836746216,,72.0,,,20220221,unknown,zebrafish,WB,mag,2280.0,2204,0.6992964840020638,36,0.55,2022_02_21
1212,0.9643745878737133,0.26831332089235294,0.4,engert_20220221_magnet,1.405841588973999,,72.0,,,20220221,unknown,zebrafish,WB,mag,2280.0,2205,0.8774841631196123,91,0.55,2022_02_21
1213,0.8559456499343774,0.5564007369485373,0.4,engert_20220221_magnet,2.5401952266693115,,72.0,,,20220221,unknown,zebrafish,WB,mag,2280.0,2215,0.7465680335707865,75,0.55,2022_02_21
1214,0.0974627312377696,2.162374384749633,0.4,engert_20220221_magnet,2.353677749633789,,72.0,,,20220221,unknown,zebrafish,WB,mag,2280.0,2218,0.8462449851923092,76,0.55,2022_02_21
1215,0.6492643752699601,0.9279846677953836,0.4,engert_20220221_magnet,3.917269706726074,,72.0,,,20220221,unknown,zebrafish,WB,mag,2280.0,2220,0.8295366714889958,45,0.55,2022_02_21
1216,0.7874740882331193,0.6898199978974078,0.4,engert_20220221_magnet,4.250861167907715,,72.0,,,20220221,unknown,zebrafish,WB,mag,2280.0,2224,0.6763274540539905,94,0.55,2022_02_21
1217,0.5506562773082974,1.0910936615297906,0.4,engert_20220221_magnet,4.35988187789917,,72.0,,,20220221,unknown,zebrafish,WB,mag,2280.0,2227,0.6893885411681046,47,0.55,2022_02_21
1218,0.9102081536340759,0.4325417089547766,0.4,engert_20220221_magnet,3.766045331954956,,72.0,,,20220221,unknown,zebrafish,WB,mag,2280.0,2236,0.5501360394424065,44,0.55,2022_02_21
1219,0.8824770113439231,0.4987383142067622,0.4,engert_20220221_magnet,3.6987884044647217,,72.0,,,20220221,unknown,zebrafish,WB,mag,2280.0,2259,0.7801588136685642,75,0.55,2022_02_21
1220,0.7505838351569576,0.7560332467116614,0.4,engert_20220221_magnet,4.491530895233154,,72.0,,,20220221,unknown,zebrafish,WB,mag,2280.0,2265,0.971189246870562,76,0.55,2022_02_21
1221,0.014480798710574616,2.9261015739307434,0.4,engert_20220221_magnet,4.699757099151611,,72.0,,,20220221,unknown,zebrafish,WB,mag,2280.0,2268,0.7391595959862778,57,0.55,2022_02_21
1222,0.7435758335156445,0.7683150776177999,0.4,engert_20220221_magnet,3.090573787689209,,72.0,,,20220221,unknown,zebrafish,WB,mag,2280.0,2270,0.8290403279414823,72,0.55,2022_02_21
1223,0.8480002219639021,0.5728642638060772,0.4,engert_20220221_magnet,3.209240436553955,,72.0,,,20220221,unknown,zebrafish,WB,mag,2280.0,2287,0.6391744484256466,47,0.55,2022_02_21
1224,0.12013823894993492,2.0621849962013292,0.4,engert_20220221_magnet,4.55549955368042,,72.0,,,20220221,unknown,zebrafish,WB,mag,2280.0,2292,0.7364453500113433,53,0.55,2022_02_21
1225,0.21091720460846974,1.7654449307090616,0.4,engert_20220221_magnet,2.4230048656463623,,72.0,,,20220221,unknown,zebrafish,WB,mag,2280.0,2296,0.5847052209901332,32,0.55,2022_02_21
1226,0.6976985053556483,0.8470215535627134,0.4,engert_20220221_magnet,8.703205108642578,,72.0,,,20220221,unknown,zebrafish,WB,mag,2280.0,2297,0.8358162865843497,14,0.55,2022_02_21
1227,0.6283459877511026,0.9625984882901683,0.4,engert_20220221_magnet,2.085222005844116,,72.0,,,20220221,unknown,zebrafish,WB,mag,2280.0,2298,0.6255016176627456,44,0.55,2022_02_21
1228,0.6613605540420155,0.907896963032649,0.4,engert_20220221_magnet,5.192126750946045,,72.0,,,20220221,unknown,zebrafish,WB,mag,2280.0,2299,0.6527182354163894,44,0.55,2022_02_21
1229,0.27142728755172185,1.6153102506277264,0.4,engert_20220221_magnet,4.827768325805664,,72.0,,,20220221,unknown,zebrafish,WB,mag,2280.0,2306,0.6859725088302354,74,0.55,2022_02_21
1230,0.9431363561037699,0.3410536268690625,0.4,engert_20220221_magnet,1.978302240371704,,72.0,,,20220221,unknown,zebrafish,WB,mag,2280.0,2308,0.7064947801929984,84,0.55,2022_02_21
1231,0.02948649370940848,2.6658451948956925,0.4,engert_20220221_magnet,5.315540313720703,,72.0,,,20220221,unknown,zebrafish,WB,mag,2280.0,2310,0.7638327597915312,64,0.55,2022_02_21
1232,0.6269868978837405,0.9648436247404149,0.4,engert_20220221_magnet,3.5048439502716064,,72.0,,,20220221,unknown,zebrafish,WB,mag,2280.0,2311,0.717163704476545,54,0.55,2022_02_21
1233,0.5082838661921847,1.1621999170545707,0.4,engert_20220221_magnet,1.7949968576431274,,72.0,,,20220221,unknown,zebrafish,WB,mag,2280.0,2317,0.6588771615442995,34,0.55,2022_02_21
1234,0.679416020493726,0.8777671408947451,0.4,engert_20220221_magnet,3.511871337890625,,72.0,,,20220221,unknown,zebrafish,WB,mag,2280.0,2318,0.6008250454936586,42,0.55,2022_02_21
1235,0.970381746479873,0.24420663144800264,0.4,engert_20220221_magnet,5.22475004196167,,72.0,,,20220221,unknown,zebrafish,WB,mag,2280.0,2320,0.9229000804894996,76,0.55,2022_02_21
1236,0.4683866498913646,1.230601552425497,0.4,engert_20220221_magnet,4.020198345184326,,72.0,,,20220221,unknown,zebrafish,WB,mag,2280.0,2350,0.6628488774230947,50,0.55,2022_02_21
1237,0.8719824294050079,0.5220942327776661,0.4,engert_20220221_magnet,1.025316834449768,,72.0,,,20220221,unknown,zebrafish,WB,mag,2280.0,2351,0.8196165369816885,63,0.55,2022_02_21
1238,0.6578409403786505,0.9137487899362624,0.4,engert_20220221_magnet,2.8084545135498047,,72.0,,,20220221,unknown,zebrafish,WB,mag,2280.0,2358,0.698039451326279,79,0.55,2022_02_21
1239,0.8126480955711581,0.6427160388198823,0.4,engert_20220221_magnet,2.335530996322632,,72.0,,,20220221,unknown,zebrafish,WB,mag,2280.0,2374,0.8156686092295224,73,0.55,2022_02_21
1240,0.657521055103313,0.9142803419079426,0.4,engert_20220221_magnet,4.488611221313477,,72.0,,,20220221,unknown,zebrafish,WB,mag,2280.0,2376,0.6981070299127875,30,0.55,2022_02_21
1241,0.23581060182942892,1.7006417794008073,0.4,engert_20220221_magnet,2.4767370223999023,,72.0,,,20220221,unknown,zebrafish,WB,mag,2280.0,2378,0.7026960034339547,45,0.55,2022_02_21
1242,0.18855101048291478,1.82829430939444,0.4,engert_20220221_magnet,3.20841121673584,,72.0,,,20220221,unknown,zebrafish,WB,mag,2280.0,2381,0.9213662523539066,53,0.55,2022_02_21
1243,0.30080631865878926,1.550055507170943,0.4,engert_20220221_magnet,1.238315224647522,,72.0,,,20220221,unknown,zebrafish,WB,mag,2280.0,2385,0.6350126088948064,48,0.55,2022_02_21
1244,0.2971945546785396,1.5578646852910247,0.4,engert_20220221_magnet,3.1585781574249268,,72.0,,,20220221,unknown,zebrafish,WB,mag,2280.0,2393,0.6287807275641644,62,0.55,2022_02_21
1245,0.811484390777949,0.6449356660102246,0.4,engert_20220221_magnet,7.038421630859375,,72.0,,,20220221,unknown,zebrafish,WB,mag,2280.0,2395,0.828563839173726,67,0.55,2022_02_21
1246,0.12936449090815094,2.0255950849275064,0.4,engert_20220221_magnet,5.067626476287842,,72.0,,,20220221,unknown,zebrafish,WB,mag,2280.0,2405,0.8239171829756983,41,0.55,2022_02_21
1247,0.276831779835908,1.6029940761910935,0.4,engert_20220221_magnet,5.795380115509033,,72.0,,,20220221,unknown,zebrafish,WB,mag,2280.0,2407,0.5537849712754073,57,0.55,2022_02_21
1248,0.33260755014608256,1.4835213776822396,0.4,engert_20220221_magnet,4.381590366363525,,72.0,,,20220221,unknown,zebrafish,WB,mag,2280.0,2409,0.6581400870404698,57,0.55,2022_02_21
1249,0.9907124328465982,0.13569776466621303,0.4,engert_20220221_magnet,3.4672634601593018,,72.0,,,20220221,unknown,zebrafish,WB,mag,2280.0,2417,0.6619308558277066,49,0.55,2022_02_21
1250,0.08240025227547476,2.239644910902459,0.4,engert_20220221_magnet,1.4502512216567993,,72.0,,,20220221,unknown,zebrafish,WB,mag,2280.0,2424,0.6067809449874216,77,0.55,2022_02_21
1251,0.669145612446112,0.8949299864532736,0.4,engert_20220221_magnet,3.4194107055664062,,72.0,,,20220221,unknown,zebrafish,WB,mag,2280.0,2432,0.764013272997894,60,0.55,2022_02_21
1252,0.631727551809115,0.9570108162042478,0.4,engert_20220221_magnet,15.931011199951172,,72.0,,,20220221,unknown,zebrafish,WB,mag,2280.0,2434,0.5751276946531412,43,0.55,2022_02_21
1253,0.23997831708142925,1.6902442364464785,0.4,engert_20220221_magnet,6.212090969085693,,72.0,,,20220221,unknown,zebrafish,WB,mag,2280.0,2435,0.7713930391359874,16,0.55,2022_02_21
1254,0.9205680871519142,0.4056457799373394,0.4,engert_20220221_magnet,2.9024341106414795,,72.0,,,20220221,unknown,zebrafish,WB,mag,2280.0,2443,0.6615513865441013,39,0.55,2022_02_21
1255,0.07534059591279596,2.279834964301643,0.4,engert_20220221_magnet,2.764008045196533,,72.0,,,20220221,unknown,zebrafish,WB,mag,2280.0,2449,0.8452286046166808,63,0.55,2022_02_21
1256,0.7096334507466098,0.8267874515741143,0.4,engert_20220221_magnet,3.995931625366211,,72.0,,,20220221,unknown,zebrafish,WB,mag,2280.0,2450,0.8031143599053329,77,0.55,2022_02_21
1257,0.48085501555470567,1.209036179302837,0.4,engert_20220221_magnet,2.983146905899048,,72.0,,,20220221,unknown,zebrafish,WB,mag,2280.0,2460,0.8051875283321575,39,0.55,2022_02_21
1258,0.777079813397786,0.7087740582061735,0.4,engert_20220221_magnet,1.8817225694656372,,72.0,,,20220221,unknown,zebrafish,WB,mag,2280.0,2469,0.6470035845925534,37,0.55,2022_02_21
1259,0.6710258964711635,0.891792899685296,0.4,engert_20220221_magnet,10.704353332519531,,72.0,,,20220221,unknown,zebrafish,WB,mag,2280.0,2471,0.57552458703251,21,0.55,2022_02_21
1260,0.8071366946331894,0.6531894608252142,0.4,engert_20220221_magnet,3.0491104125976562,,72.0,,,20220221,unknown,zebrafish,WB,mag,2280.0,2490,0.830241315951446,39,0.55,2022_02_21
1261,0.14887045651385045,1.9543139539954848,0.4,engert_20220221_magnet,2.465888023376465,,72.0,,,20220221,unknown,zebrafish,WB,mag,2280.0,2491,0.5702724713137952,42,0.55,2022_02_21
1262,0.8813898286111488,0.501195106508369,0.4,engert_20220221_magnet,2.8559207916259766,,72.0,,,20220221,unknown,zebrafish,WB,mag,2280.0,2498,0.6714696488939464,78,0.55,2022_02_21
1263,0.34254348524734235,1.4634702228347176,0.4,engert_20220221_magnet,2.6103098392486572,,72.0,,,20220221,unknown,zebrafish,WB,mag,2280.0,2502,0.5726113663298802,45,0.55,2022_02_21
1264,0.2800738461800929,1.5956769971037277,0.4,engert_20220221_magnet,3.3746330738067627,,72.0,,,20220221,unknown,zebrafish,WB,mag,2280.0,2506,0.7365111362956078,65,0.55,2022_02_21
1265,0.3792119760429713,1.3920080735948681,0.4,engert_20220221_magnet,3.6381773948669434,,72.0,,,20220221,unknown,zebrafish,WB,mag,2280.0,2516,0.626460238311283,66,0.55,2022_02_21
1266,0.25621462408406637,1.6508231569967557,0.4,engert_20220221_magnet,3.470846176147461,,72.0,,,20220221,unknown,zebrafish,WB,mag,2280.0,2521,0.7855150553294196,59,0.55,2022_02_21
1267,0.25627955288257986,1.6506688278157653,0.4,engert_20220221_magnet,3.3588309288024902,,72.0,,,20220221,unknown,zebrafish,WB,mag,2280.0,2522,0.6250985653248705,58,0.55,2022_02_21
1268,0.7360923042594629,0.7813435225571064,0.4,engert_20220221_magnet,2.88728666305542,,72.0,,,20220221,unknown,zebrafish,WB,mag,2280.0,2523,0.7856103171609377,139,0.55,2022_02_21
1269,0.5984045611741967,1.0120214390545537,0.4,engert_20220221_magnet,3.0139687061309814,,72.0,,,20220221,unknown,zebrafish,WB,mag,2280.0,2526,0.7809394155828172,72,0.55,2022_02_21
1270,0.47523365439997756,1.2187355359512906,0.4,engert_20220221_magnet,2.901515007019043,,72.0,,,20220221,unknown,zebrafish,WB,mag,2280.0,2530,0.8133443788563427,57,0.55,2022_02_21
1271,0.8435821330697076,0.5818828484634133,0.4,engert_20220221_magnet,2.0587894916534424,,72.0,,,20220221,unknown,zebrafish,WB,mag,2280.0,2533,0.6118971762900942,44,0.55,2022_02_21
1272,0.1835941479041946,1.8429228494981065,0.4,engert_20220221_magnet,3.044560670852661,,72.0,,,20220221,unknown,zebrafish,WB,mag,2280.0,2534,0.759172504460077,36,0.55,2022_02_21
1273,0.2441928815249449,1.6798493692635446,0.4,engert_20220221_magnet,2.223660469055176,,72.0,,,20220221,unknown,zebrafish,WB,mag,2280.0,2548,0.5674483640392807,50,0.55,2022_02_21
1274,0.6592005826248227,0.9114889196141863,0.4,engert_20220221_magnet,2.4214441776275635,,72.0,,,20220221,unknown,zebrafish,WB,mag,2280.0,2563,0.7699600468807075,47,0.55,2022_02_21
1275,0.9298591571713289,0.3801952845829279,0.4,engert_20220221_magnet,2.596299171447754,,72.0,,,20220221,unknown,zebrafish,WB,mag,2280.0,2570,0.7087189345200327,32,0.55,2022_02_21
1276,0.34807820834646774,1.4524370458199447,0.4,engert_20220221_magnet,3.5843594074249268,,72.0,,,20220221,unknown,zebrafish,WB,mag,2280.0,2575,0.6717894330977902,53,0.55,2022_02_21
1277,0.5872039029347726,1.0305168593990182,0.4,engert_20220221_magnet,4.441500663757324,,72.0,,,20220221,unknown,zebrafish,WB,mag,2280.0,2596,0.6729815352833824,51,0.55,2022_02_21
1278,0.2066374117995533,1.7771009494857444,0.4,engert_20220221_magnet,2.8793129920959473,,72.0,,,20220221,unknown,zebrafish,WB,mag,2280.0,2599,0.5619316347620449,40,0.55,2022_02_21
1279,0.9571712852341787,0.29480954290809475,0.4,engert_20220221_magnet,3.675868511199951,,72.0,,,20220221,unknown,zebrafish,WB,mag,2280.0,2605,0.852825227710731,78,0.55,2022_02_21
1280,0.17750123230673798,1.8612939432625581,0.4,engert_20220221_magnet,5.447999477386475,,72.0,,,20220221,unknown,zebrafish,WB,mag,2280.0,2615,0.8140051534987335,16,0.55,2022_02_21
1281,0.3052637246026747,1.5404937601954591,0.4,engert_20220221_magnet,3.6651101112365723,,72.0,,,20220221,unknown,zebrafish,WB,mag,2280.0,2637,0.5905703576363647,67,0.55,2022_02_21
1282,0.2698719380285366,1.6188827663828484,0.4,engert_20220221_magnet,2.9374213218688965,,72.0,,,20220221,unknown,zebrafish,WB,mag,2280.0,2638,0.7937596977451299,49,0.55,2022_02_21
1283,0.8943995736319861,0.47116741009169977,0.4,engert_20220221_magnet,2.7511649131774902,,72.0,,,20220221,unknown,zebrafish,WB,mag,2280.0,2639,0.5769453964944384,53,0.55,2022_02_21
1284,0.33475189451372067,1.479166567675353,0.4,engert_20220221_magnet,3.0153746604919434,,72.0,,,20220221,unknown,zebrafish,WB,mag,2280.0,2646,0.5746931727889147,51,0.55,2022_02_21
1285,0.1572343312079324,1.9258773180754678,0.4,engert_20220221_magnet,3.9080159664154053,,72.0,,,20220221,unknown,zebrafish,WB,mag,2280.0,2654,0.7564015534137284,34,0.55,2022_02_21
1286,0.4143185158440298,1.326705867602707,0.4,engert_20220221_magnet,4.2623677253723145,,72.0,,,20220221,unknown,zebrafish,WB,mag,2280.0,2655,0.70002401250495,55,0.55,2022_02_21
1287,0.33333345719004315,1.4820453880201359,0.4,engert_20220221_magnet,3.965552568435669,,72.0,,,20220221,unknown,zebrafish,WB,mag,2280.0,2657,0.9004367823107042,71,0.55,2022_02_21
1288,0.06254301149364594,2.361256237461584,0.4,engert_20220221_magnet,3.923229217529297,,72.0,,,20220221,unknown,zebrafish,WB,mag,2280.0,2658,0.6730163039533569,45,0.55,2022_02_21
1289,0.020364456415461696,2.804170960377003,0.4,engert_20220221_magnet,2.5534050464630127,,72.0,,,20220221,unknown,zebrafish,WB,mag,2280.0,2660,0.8044273783087517,46,0.55,2022_02_21
1290,0.5913101859920826,1.0237341878198167,0.4,engert_20220221_magnet,9.578337669372559,,72.0,,,20220221,unknown,zebrafish,WB,mag,2280.0,2697,0.6429282127513789,21,0.55,2022_02_21
1291,0.4266895535778372,1.304291941209959,0.4,engert_20220221_magnet,2.995945453643799,,72.0,,,20220221,unknown,zebrafish,WB,mag,2280.0,2703,0.7258664178657176,48,0.55,2022_02_21
1292,0.21777675368999316,1.7470951376554213,0.4,engert_20220221_magnet,2.0948944091796875,,72.0,,,20220221,unknown,zebrafish,WB,mag,2280.0,2721,0.7133484694746098,36,0.55,2022_02_21
1293,0.9882681998781763,0.15271052266231383,0.4,engert_20220221_magnet,1.8459699153900146,,72.0,,,20220221,unknown,zebrafish,WB,mag,2280.0,2726,0.6490788877070461,34,0.55,2022_02_21
1294,0.5703762737626898,1.0583516216268551,0.4,engert_20220221_magnet,3.270669937133789,,72.0,,,20220221,unknown,zebrafish,WB,mag,2280.0,2769,0.5774270015188953,79,0.55,2022_02_21
1295,0.3134154590943786,1.5232151026764436,0.4,engert_20220221_magnet,9.281339645385742,,72.0,,,20220221,unknown,zebrafish,WB,mag,2280.0,2782,0.6431077885130957,18,0.55,2022_02_21
1296,0.21484204394154482,1.754896822689732,0.4,engert_20220221_magnet,6.4423675537109375,,72.0,,,20220221,unknown,zebrafish,WB,mag,2280.0,2807,0.5800683893248131,49,0.55,2022_02_21
1297,0.26786616395105556,1.6235090241319412,0.4,engert_20220221_magnet,2.5638277530670166,,72.0,,,20220221,unknown,zebrafish,WB,mag,2280.0,2818,0.7846376672348593,44,0.55,2022_02_21
1298,0.911116732132532,0.4302381716128875,0.4,engert_20220221_magnet,3.3262414932250977,,72.0,,,20220221,unknown,zebrafish,WB,mag,2280.0,2844,0.7076739283963919,47,0.55,2022_02_21
1299,0.886789047310863,0.4889034043833336,0.4,engert_20220221_magnet,3.892643690109253,,72.0,,,20220221,unknown,zebrafish,WB,mag,2280.0,2890,0.5671520726302218,44,0.55,2022_02_21
1300,0.896882527799646,0.4652687661812877,0.4,engert_20220221_magnet,9.230761528015137,,72.0,,,20220221,unknown,zebrafish,WB,mag,2280.0,2911,0.5897941021790392,16,0.55,2022_02_21
1301,0.2525244998986971,1.659637935298722,0.4,engert_20220221_magnet,4.590590476989746,,72.0,,,20220221,unknown,zebrafish,WB,mag,2280.0,2948,0.6305989149892077,38,0.55,2022_02_21
1302,0.22963639325837637,1.7162702773656187,0.4,engert_20220221_magnet,9.979962348937988,,72.0,,,20220221,unknown,zebrafish,WB,mag,2280.0,2965,0.5552706279879462,26,0.55,2022_02_21
1303,0.09742957176683598,2.162533719847204,0.4,engert_20220221_magnet,11.941701889038086,,72.0,,,20220221,unknown,zebrafish,WB,mag,2280.0,3005,0.5631092729370848,21,0.55,2022_02_21
1304,0.17921043286312255,1.8560955510695891,0.4,engert_20220221_magnet,2.6670894622802734,,72.0,,,20220221,unknown,zebrafish,WB,mag,2280.0,3030,0.601030935371871,44,0.55,2022_02_21
1305,0.7104636014839215,0.8253745416591213,0.4,engert_20220221_magnet,8.401662826538086,,72.0,,,20220221,unknown,zebrafish,WB,mag,2280.0,3049,0.5797932959667889,16,0.55,2022_02_21
1306,0.6586613499136497,0.9123852880584455,0.4,engert_20220221_magnet,7.50134801864624,,72.0,,,20220221,unknown,zebrafish,WB,mag,2280.0,3055,0.7965906664202905,16,0.55,2022_02_21
1307,0.5648016895708328,1.0675913431955821,0.4,engert_20220221_magnet,2.1158933639526367,,72.0,,,20220221,unknown,zebrafish,WB,mag,2280.0,3060,0.573026647048604,35,0.55,2022_02_21
1308,0.7958514596722888,0.6743455339096092,0.4,engert_20220221_magnet,2.8842039108276367,,72.0,,,20220221,unknown,zebrafish,WB,mag,2280.0,3072,0.6263399429898001,54,0.55,2022_02_21
1309,0.559832640449523,1.0758373470731095,0.4,engert_20220221_magnet,2.4321188926696777,,72.0,,,20220221,unknown,zebrafish,WB,mag,2280.0,3089,0.6352245018239575,52,0.55,2022_02_21
1310,0.6465086273299983,0.9325524097945297,0.4,engert_20220221_magnet,7.985626697540283,,72.0,,,20220221,unknown,zebrafish,WB,mag,2280.0,3126,0.5651633254266077,15,0.55,2022_02_21
1311,0.516918174474214,1.1476038879143526,0.4,engert_20220221_magnet,4.29621696472168,,72.0,,,20220221,unknown,zebrafish,WB,mag,2280.0,3135,0.5983504547341626,65,0.55,2022_02_21
1312,0.4741290589867172,1.2206459005613959,0.4,engert_20220221_magnet,7.921451091766357,,72.0,,,20220221,unknown,zebrafish,WB,mag,2280.0,3158,0.5786043443909805,14,0.55,2022_02_21
1313,0.05330129292750452,2.429089335969155,0.4,engert_20220221_magnet,4.7861833572387695,,72.0,,,20220221,unknown,zebrafish,WB,mag,2280.0,3162,0.8073671476679957,63,0.55,2022_02_21
1314,0.5478066844655924,1.095839646885669,0.4,engert_20220221_magnet,2.1679134368896484,,72.0,,,20220221,unknown,zebrafish,WB,mag,2280.0,3169,0.7745289680945009,52,0.55,2022_02_21
1315,0.8778158283871189,0.5092091828710057,0.4,engert_20220221_magnet,3.506828784942627,,72.0,,,20220221,unknown,zebrafish,WB,mag,2280.0,3207,0.750607476705931,59,0.55,2022_02_21
1316,0.29349699923254335,1.5659178414893833,0.4,engert_20220221_magnet,4.627913951873779,,72.0,,,20220221,unknown,zebrafish,WB,mag,2280.0,3290,0.9367036717293845,76,0.55,2022_02_21
1317,0.5108665093750023,1.1578273690085468,0.4,engert_20220221_magnet,2.7534937858581543,,72.0,,,20220221,unknown,zebrafish,WB,mag,2280.0,3295,0.7861000885273811,53,0.55,2022_02_21
1318,0.7580903871238562,0.7427832393963104,0.4,engert_20220221_magnet,3.261216402053833,,72.0,,,20220221,unknown,zebrafish,WB,mag,2280.0,3376,0.605515679822071,28,0.55,2022_02_21
1319,0.5220437313950375,1.1389681160777616,0.4,engert_20220221_magnet,3.3900365829467773,,72.0,,,20220221,unknown,zebrafish,WB,mag,2280.0,3386,0.7050561926254555,35,0.55,2022_02_21
1320,0.694789042077868,0.8519332384264503,0.4,engert_20220221_magnet,13.086652755737305,,72.0,,,20220221,unknown,zebrafish,WB,mag,2280.0,3421,0.5507222313180902,30,0.55,2022_02_21
1321,0.7028964327428204,0.8382267086225461,0.4,engert_20220221_magnet,10.436441421508789,,72.0,,,20220221,unknown,zebrafish,WB,mag,2280.0,3433,0.5704130799287312,11,0.55,2022_02_21
1322,0.5890991148165159,1.0273860366694225,0.4,engert_20220221_magnet,4.664440631866455,,72.0,,,20220221,unknown,zebrafish,WB,mag,2280.0,3440,0.8781166501068149,71,0.55,2022_02_21
1323,0.12990256029551628,2.023523447228932,0.4,engert_20220221_magnet,3.884373188018799,,72.0,,,20220221,unknown,zebrafish,WB,mag,2280.0,3522,0.8076553224656937,45,0.55,2022_02_21
1324,0.41217957937329586,1.3306104045183922,0.4,engert_20220221_magnet,3.4067392349243164,,72.0,,,20220221,unknown,zebrafish,WB,mag,2280.0,3531,0.5587056023074296,32,0.55,2022_02_21
1325,0.491645564262598,1.1905184499296009,0.4,engert_20220221_magnet,2.8241701126098633,,72.0,,,20220221,unknown,zebrafish,WB,mag,2280.0,3537,0.6730607264307513,60,0.55,2022_02_21
1326,0.713330654661668,0.8204890196835476,0.4,engert_20220221_magnet,8.321172714233398,,72.0,,,20220221,unknown,zebrafish,WB,mag,2280.0,3596,0.6770824736663886,18,0.55,2022_02_21
1327,0.9679682988624295,0.25414801000485115,0.4,engert_20220221_magnet,2.014728546142578,,72.0,,,20220221,unknown,zebrafish,WB,mag,2280.0,3672,0.715067614739738,38,0.55,2022_02_21
1328,0.9291040221438986,0.3823170504295215,0.4,engert_20220221_magnet,2.6757075786590576,,72.0,,,20220221,unknown,zebrafish,WB,mag,2280.0,3683,0.6030032964287032,64,0.55,2022_02_21
1329,0.3865721234001158,1.3780896963401106,0.4,engert_20220221_magnet,3.4125454425811768,,72.0,,,20220221,unknown,zebrafish,WB,mag,2280.0,3719,0.6714696488939464,47,0.55,2022_02_21
1330,0.47529087197044506,1.218636628102442,0.4,engert_20220221_magnet,4.0764479637146,,72.0,,,20220221,unknown,zebrafish,WB,mag,2280.0,3742,0.6440971810929625,70,0.55,2022_02_21
1331,0.3475912638600628,1.4534039659408409,0.4,engert_20220221_magnet,12.382810592651367,,72.0,,,20220221,unknown,zebrafish,WB,mag,2280.0,3744,0.5915282892234526,41,0.55,2022_02_21
1332,0.08909356489514575,2.2040243231913856,0.4,engert_20220221_magnet,2.7781434059143066,,72.0,,,20220221,unknown,zebrafish,WB,mag,2280.0,3766,0.7433323186130323,70,0.55,2022_02_21
81,0.2645783573677265,1.6311392077528442,0.4,engert_20220221_visualmagnet,1.18473219871521,,72.0,,,20220221,unknown,zebrafish,WB,mag,2280.0,107,0.6932491496842883,119,0.55,2022_02_21
85,0.37916684641223586,1.3920938452593015,0.4,engert_20220221_visualmagnet,2.4067928791046143,,72.0,,,20220221,unknown,zebrafish,WB,mag,2280.0,111,0.9046379051155845,92,0.55,2022_02_21
164,0.6277668782555781,0.9635551821326029,0.4,engert_20220221_visualmagnet,1.4481233358383179,,72.0,,,20220221,unknown,zebrafish,WB,mag,2280.0,220,0.8210402338116021,96,0.55,2022_02_21
240,0.1506466462251913,1.948177979415861,0.4,engert_20220221_visualmagnet,3.1064705848693848,,72.0,,,20220221,unknown,zebrafish,WB,mag,2280.0,316,0.9841016774502018,86,0.55,2022_02_21
323,0.34390821753170375,1.4607408637608448,0.4,engert_20220221_visualmagnet,1.9612019062042236,,72.0,,,20220221,unknown,zebrafish,WB,mag,2280.0,413,0.7647526578277659,89,0.55,2022_02_21
343,0.10969430445180806,2.106313809831903,0.4,engert_20220221_visualmagnet,2.052478313446045,,72.0,,,20220221,unknown,zebrafish,WB,mag,2280.0,440,0.977510461316317,79,0.55,2022_02_21
346,0.9092429718759683,0.4349782003178956,0.4,engert_20220221_visualmagnet,2.5774738788604736,,72.0,,,20220221,unknown,zebrafish,WB,mag,2280.0,446,0.8474821695234711,90,0.55,2022_02_21
470,0.06568683585600965,2.34007098894578,0.4,engert_20220221_visualmagnet,4.363771915435791,,72.0,,,20220221,unknown,zebrafish,WB,mag,2280.0,602,0.6212708317635177,80,0.55,2022_02_21
545,0.3795497892426447,1.3913664692326613,0.4,engert_20220221_visualmagnet,2.8860673904418945,,72.0,,,20220221,unknown,zebrafish,WB,mag,2280.0,705,0.9082423470883285,75,0.55,2022_02_21
627,0.15572411634277594,1.930927906718619,0.4,engert_20220221_visualmagnet,3.0419139862060547,,72.0,,,20220221,unknown,zebrafish,WB,mag,2280.0,822,0.782615956975725,81,0.55,2022_02_21
755,0.10161412179729279,2.142757553935733,0.4,engert_20220221_visualmagnet,3.8646113872528076,,72.0,,,20220221,unknown,zebrafish,WB,mag,2280.0,1008,0.9242963300797886,76,0.55,2022_02_21
926,0.632426326174168,0.9558558609396988,0.4,engert_20220221_visualmagnet,1.9876192808151245,,72.0,,,20220221,unknown,zebrafish,WB,mag,2280.0,1305,0.6654553514141116,74,0.55,2022_02_21
960,0.9702013900146382,0.24496283277433525,0.4,engert_20220221_visualmagnet,1.6125186681747437,,72.0,,,20220221,unknown,zebrafish,WB,mag,2280.0,1374,0.6231561702022129,36,0.55,2022_02_21
1004,0.33233308702918096,1.4840798033590943,0.4,engert_20220221_visualmagnet,3.128455877304077,,72.0,,,20220221,unknown,zebrafish,WB,mag,2280.0,1470,0.7860220401846404,74,0.55,2022_02_21
1006,0.6193471835838744,0.9774586638995202,0.4,engert_20220221_visualmagnet,3.751777410507202,,72.0,,,20220221,unknown,zebrafish,WB,mag,2280.0,1474,0.8636407971825203,40,0.55,2022_02_21
1152,0.5372939351971893,1.1133874191338977,0.4,engert_20220221_visualmagnet,2.806074857711792,,72.0,,,20220221,unknown,zebrafish,WB,mag,2280.0,1915,0.7576332690334308,50,0.55,2022_02_21
1189,0.427366733869575,1.3030730007142868,0.4,engert_20220221_visualmagnet,4.590460300445557,,72.0,,,20220221,unknown,zebrafish,WB,mag,2280.0,2057,0.6655853158705552,58,0.55,2022_02_21
1283,0.4594124130032987,1.2462457293294444,0.4,engert_20220221_visualmagnet,4.0728631019592285,,72.0,,,20220221,unknown,zebrafish,WB,mag,2280.0,2643,0.735451764703008,51,0.55,2022_02_21
1292,0.40020118532377935,1.3526455944514493,0.4,engert_20220221_visualmagnet,2.2525768280029297,,72.0,,,20220221,unknown,zebrafish,WB,mag,2280.0,2718,0.6328548765872559,30,0.55,2022_02_21
1302,0.6412195178801261,0.9413117923050395,0.4,engert_20220221_visualmagnet,2.7625324726104736,,72.0,,,20220221,unknown,zebrafish,WB,mag,2280.0,2930,0.6696211336010295,58,0.55,2022_02_21
1303,0.6393222104522617,0.9444517646135747,0.4,engert_20220221_visualmagnet,4.682475566864014,,72.0,,,20220221,unknown,zebrafish,WB,mag,2280.0,2931,0.6770824736663886,18,0.55,2022_02_21
1330,0.04981634264326851,2.4572339193959656,0.4,engert_20220221_visualmagnet,4.510088920593262,,72.0,,,20220221,unknown,zebrafish,WB,mag,2280.0,3620,0.7817087533653229,57,0.55,2022_02_21
0,0.788516733680192,0.6879040977200253,0.4,engert_20220223_magnet,2.263504981994629,,72.0,,,20220223,unknown,zebrafish,WB,mag,2280.0,0,0.7574500774209646,82,0.6,2022_02_23
1,0.6579894836844937,0.9135019337610248,0.4,engert_20220223_magnet,1.0789114236831665,,72.0,,,20220223,unknown,zebrafish,WB,mag,2280.0,1,0.7315116765537436,35,0.6,2022_02_23
2,0.2861194781836671,1.5821693492510416,0.4,engert_20220223_magnet,3.0631048679351807,,72.0,,,20220223,unknown,zebrafish,WB,mag,2280.0,2,0.9897660362637235,39,0.6,2022_02_23
3,0.18668555008163612,1.8337673109236439,0.4,engert_20220223_magnet,1.194114089012146,,72.0,,,20220223,unknown,zebrafish,WB,mag,2280.0,3,0.9590085924204405,41,0.6,2022_02_23
4,0.5816856962173856,1.0396367535173756,0.4,engert_20220223_magnet,1.7428078651428223,,72.0,,,20220223,unknown,zebrafish,WB,mag,2280.0,4,0.9002954261203301,90,0.6,2022_02_23
5,0.6974646665606465,0.8474165657105377,0.4,engert_20220223_magnet,3.775543689727783,,72.0,,,20220223,unknown,zebrafish,WB,mag,2280.0,5,0.9533536939327973,46,0.6,2022_02_23
6,0.8169193443939815,0.6345306097904878,0.4,engert_20220223_magnet,2.4664664268493652,,72.0,,,20220223,unknown,zebrafish,WB,mag,2280.0,7,0.9771454454201746,42,0.6,2022_02_23
7,0.41659440914455725,1.322561017053105,0.4,engert_20220223_magnet,1.854608416557312,,72.0,,,20220223,unknown,zebrafish,WB,mag,2280.0,9,0.9929840879582318,60,0.6,2022_02_23
8,0.955993713895625,0.29893626248255484,0.4,engert_20220223_magnet,1.8451576232910156,,72.0,,,20220223,unknown,zebrafish,WB,mag,2280.0,10,0.981378562583419,34,0.6,2022_02_23
9,0.9938008760873261,0.11061234073739509,0.4,engert_20220223_magnet,3.53230881690979,,72.0,,,20220223,unknown,zebrafish,WB,mag,2280.0,11,0.98941370592186,60,0.6,2022_02_23
10,0.6927483087316657,0.8553738025807003,0.4,engert_20220223_magnet,2.720773696899414,,72.0,,,20220223,unknown,zebrafish,WB,mag,2280.0,12,0.9898178868212928,62,0.6,2022_02_23
11,0.6763809549573301,0.8828462898487244,0.4,engert_20220223_magnet,4.0515923500061035,,72.0,,,20220223,unknown,zebrafish,WB,mag,2280.0,13,0.9390063543434144,58,0.6,2022_02_23
12,0.9721245253840003,0.2367853146005148,0.4,engert_20220223_magnet,3.7959868907928467,,72.0,,,20220223,unknown,zebrafish,WB,mag,2280.0,14,0.9470715974300123,74,0.6,2022_02_23
13,0.24199235207897285,1.6852620695892093,0.4,engert_20220223_magnet,1.9978406429290771,,72.0,,,20220223,unknown,zebrafish,WB,mag,2280.0,15,0.9692769474929819,50,0.6,2022_02_23
14,0.4110430949056143,1.33268862775915,0.4,engert_20220223_magnet,2.9256339073181152,,72.0,,,20220223,unknown,zebrafish,WB,mag,2280.0,16,0.9394559799010723,69,0.6,2022_02_23
15,0.9473270269563641,0.3278581886170913,0.4,engert_20220223_magnet,2.3153157234191895,,72.0,,,20220223,unknown,zebrafish,WB,mag,2280.0,17,0.9556535850225394,56,0.6,2022_02_23
16,0.18527412202474858,1.8379339369462329,0.4,engert_20220223_magnet,1.6591989994049072,,72.0,,,20220223,unknown,zebrafish,WB,mag,2280.0,19,0.678602633441932,69,0.6,2022_02_23
17,0.9242570175614366,0.3957060084531568,0.4,engert_20220223_magnet,2.003689765930176,,72.0,,,20220223,unknown,zebrafish,WB,mag,2280.0,20,0.9561853908539846,50,0.6,2022_02_23
18,0.9476762200271691,0.3267372733129752,0.4,engert_20220223_magnet,2.0333468914031982,,72.0,,,20220223,unknown,zebrafish,WB,mag,2280.0,23,0.986188630245653,62,0.6,2022_02_23
19,0.5901702192899678,1.0256168825907106,0.4,engert_20220223_magnet,2.0696372985839844,,72.0,,,20220223,unknown,zebrafish,WB,mag,2280.0,24,0.8416292652970822,30,0.6,2022_02_23
20,0.4889557392110758,1.1951225714611236,0.4,engert_20220223_magnet,3.134274482727051,,72.0,,,20220223,unknown,zebrafish,WB,mag,2280.0,25,0.983389360531464,68,0.6,2022_02_23
21,0.29409153281348643,1.5646189768757086,0.4,engert_20220223_magnet,1.5515977144241333,,72.0,,,20220223,unknown,zebrafish,WB,mag,2280.0,27,0.9440206471917089,51,0.6,2022_02_23
22,0.9029846269693401,0.45051696827116167,0.4,engert_20220223_magnet,4.411844730377197,,72.0,,,20220223,unknown,zebrafish,WB,mag,2280.0,28,0.6436541794626182,71,0.6,2022_02_23
23,0.8814477539925962,0.5010645080354218,0.4,engert_20220223_magnet,2.3652021884918213,,72.0,,,20220223,unknown,zebrafish,WB,mag,2280.0,29,0.9687206092476763,45,0.6,2022_02_23
24,0.8293920698652764,0.6102558916334634,0.4,engert_20220223_magnet,3.581139326095581,,72.0,,,20220223,unknown,zebrafish,WB,mag,2280.0,30,0.977921273049982,61,0.6,2022_02_23
25,0.144879230923609,1.9683029877423566,0.4,engert_20220223_magnet,2.616894006729126,,72.0,,,20220223,unknown,zebrafish,WB,mag,2280.0,31,0.9329182245332146,46,0.6,2022_02_23
26,0.7188307513634251,0.8110903552185568,0.4,engert_20220223_magnet,3.1591997146606445,,72.0,,,20220223,unknown,zebrafish,WB,mag,2280.0,32,0.9774530850069325,47,0.6,2022_02_23
27,0.6433784339107662,0.9377375065951333,0.4,engert_20220223_magnet,2.5148985385894775,,72.0,,,20220223,unknown,zebrafish,WB,mag,2280.0,33,0.9871584126321361,50,0.6,2022_02_23
28,0.6541160671772372,0.9199354828488918,0.4,engert_20220223_magnet,3.0278286933898926,,72.0,,,20220223,unknown,zebrafish,WB,mag,2280.0,34,0.9840365802784715,56,0.6,2022_02_23
29,0.49515935017729973,1.1845153176585976,0.4,engert_20220223_magnet,2.6265976428985596,,72.0,,,20220223,unknown,zebrafish,WB,mag,2280.0,35,0.9890688181847469,37,0.6,2022_02_23
30,0.7608128810044752,0.7379521270586831,0.4,engert_20220223_magnet,2.1133511066436768,,72.0,,,20220223,unknown,zebrafish,WB,mag,2280.0,36,0.9484438823440952,50,0.6,2022_02_23
31,0.20034172761267122,1.7945535813491997,0.4,engert_20220223_magnet,4.596621513366699,,72.0,,,20220223,unknown,zebrafish,WB,mag,2280.0,38,0.9510835668044726,102,0.6,2022_02_23
32,0.16784612133300436,1.8913545073500324,0.4,engert_20220223_magnet,1.2452802658081055,,72.0,,,20220223,unknown,zebrafish,WB,mag,2280.0,41,0.9015585792462727,38,0.6,2022_02_23
33,0.7822093820477395,0.6994526667656495,0.4,engert_20220223_magnet,2.23297381401062,,72.0,,,20220223,unknown,zebrafish,WB,mag,2280.0,42,0.9328677004584225,67,0.6,2022_02_23
34,0.7997728898131355,0.6670363474730132,0.4,engert_20220223_magnet,3.1225664615631104,,72.0,,,20220223,unknown,zebrafish,WB,mag,2280.0,43,0.9307991785135317,37,0.6,2022_02_23
35,0.9685760227995337,0.25167913901990835,0.4,engert_20220223_magnet,3.1937544345855713,,72.0,,,20220223,unknown,zebrafish,WB,mag,2280.0,46,0.9347297080664835,85,0.6,2022_02_23
36,0.37652583994420563,1.3971204707639422,0.4,engert_20220223_magnet,1.2002109289169312,,72.0,,,20220223,unknown,zebrafish,WB,mag,2280.0,47,0.864823123979637,48,0.6,2022_02_23
37,0.9445149287839861,0.3367632110646138,0.4,engert_20220223_magnet,5.542628288269043,,72.0,,,20220223,unknown,zebrafish,WB,mag,2280.0,48,0.7307161947782151,150,0.6,2022_02_23
38,0.38923982107500454,1.3730764853574091,0.4,engert_20220223_magnet,2.087348699569702,,72.0,,,20220223,unknown,zebrafish,WB,mag,2280.0,50,0.9361292632262632,67,0.6,2022_02_23
39,0.8727817369344468,0.5203423696257827,0.4,engert_20220223_magnet,7.1142706871032715,,72.0,,,20220223,unknown,zebrafish,WB,mag,2280.0,51,0.9378680190633568,92,0.6,2022_02_23
40,0.3383674606402387,1.4718584763201796,0.4,engert_20220223_magnet,2.8079047203063965,,72.0,,,20220223,unknown,zebrafish,WB,mag,2280.0,55,0.7796735922413204,51,0.6,2022_02_23
41,0.026379744423332574,2.7081585985652294,0.4,engert_20220223_magnet,4.001376628875732,,72.0,,,20220223,unknown,zebrafish,WB,mag,2280.0,57,0.6935841336068211,92,0.6,2022_02_23
42,0.5461165955229175,1.098656511065423,0.4,engert_20220223_magnet,1.9999704360961914,,72.0,,,20220223,unknown,zebrafish,WB,mag,2280.0,59,0.847877487120881,54,0.6,2022_02_23
43,0.6444287241292446,0.935998113498691,0.4,engert_20220223_magnet,3.5813305377960205,,72.0,,,20220223,unknown,zebrafish,WB,mag,2280.0,60,0.9598845420221594,51,0.6,2022_02_23
44,0.23697291645937169,1.6977299810772875,0.4,engert_20220223_magnet,2.4478166103363037,,72.0,,,20220223,unknown,zebrafish,WB,mag,2280.0,61,0.6895144649040418,52,0.6,2022_02_23
45,0.09826381914916205,2.1585383291617344,0.4,engert_20220223_magnet,1.4732344150543213,,72.0,,,20220223,unknown,zebrafish,WB,mag,2280.0,62,0.9603852974742805,42,0.6,2022_02_23
46,0.7962337715483248,0.6736348294199018,0.4,engert_20220223_magnet,2.6247122287750244,,72.0,,,20220223,unknown,zebrafish,WB,mag,2280.0,63,0.9469045940090393,49,0.6,2022_02_23
47,0.7385799818102301,0.7770221762355471,0.4,engert_20220223_magnet,3.996978282928467,,72.0,,,20220223,unknown,zebrafish,WB,mag,2280.0,64,0.7951201560010616,56,0.6,2022_02_23
48,0.8482523557020825,0.5723466814295007,0.4,engert_20220223_magnet,4.2697248458862305,,72.0,,,20220223,unknown,zebrafish,WB,mag,2280.0,65,0.8281599577553851,99,0.6,2022_02_23
49,0.4339234309333947,1.291312252635441,0.4,engert_20220223_magnet,3.0690665245056152,,72.0,,,20220223,unknown,zebrafish,WB,mag,2280.0,66,0.984095186956529,47,0.6,2022_02_23
50,0.11973732955833638,2.063823122533443,0.4,engert_20220223_magnet,2.485609292984009,,72.0,,,20220223,unknown,zebrafish,WB,mag,2280.0,67,0.897443874678554,51,0.6,2022_02_23
51,0.4709019559036661,1.2262356482126036,0.4,engert_20220223_magnet,4.465959072113037,,72.0,,,20220223,unknown,zebrafish,WB,mag,2280.0,68,0.9906563424690681,127,0.6,2022_02_23
52,0.27448188059026757,1.6083308230322975,0.4,engert_20220223_magnet,3.8152496814727783,,72.0,,,20220223,unknown,zebrafish,WB,mag,2280.0,69,0.9036016035103842,45,0.6,2022_02_23
53,0.06586991718315283,2.3388632182257085,0.4,engert_20220223_magnet,3.9890894889831543,,72.0,,,20220223,unknown,zebrafish,WB,mag,2280.0,70,0.8565293118899764,66,0.6,2022_02_23
54,0.08799065691531871,2.2097430007006142,0.4,engert_20220223_magnet,1.9481065273284912,,72.0,,,20220223,unknown,zebrafish,WB,mag,2280.0,71,0.9451927432591265,43,0.6,2022_02_23
55,0.6223831899398582,0.9724464197949225,0.4,engert_20220223_magnet,2.8949851989746094,,72.0,,,20220223,unknown,zebrafish,WB,mag,2280.0,72,0.8596999755946939,54,0.6,2022_02_23
56,0.54617227985482,1.0985636799440432,0.4,engert_20220223_magnet,2.384943723678589,,72.0,,,20220223,unknown,zebrafish,WB,mag,2280.0,73,0.8029110689922148,38,0.6,2022_02_23
57,0.9040138957145177,0.4479912307754646,0.4,engert_20220223_magnet,4.095375061035156,,72.0,,,20220223,unknown,zebrafish,WB,mag,2280.0,74,0.7597775566923325,87,0.6,2022_02_23
58,0.7950680769143481,0.6758005754462725,0.4,engert_20220223_magnet,2.8088772296905518,,72.0,,,20220223,unknown,zebrafish,WB,mag,2280.0,75,0.8183145478093251,33,0.6,2022_02_23
59,0.23291576047237383,1.7079351051350522,0.4,engert_20220223_magnet,2.686131000518799,,72.0,,,20220223,unknown,zebrafish,WB,mag,2280.0,77,0.788390302596207,40,0.6,2022_02_23
60,0.10245533834145237,2.1388596255564356,0.4,engert_20220223_magnet,4.946694850921631,,72.0,,,20220223,unknown,zebrafish,WB,mag,2280.0,78,0.9290887014704277,75,0.6,2022_02_23
61,0.27384499117159644,1.6097820373404097,0.4,engert_20220223_magnet,2.6557939052581787,,72.0,,,20220223,unknown,zebrafish,WB,mag,2280.0,82,0.7724171112100907,86,0.6,2022_02_23
62,0.12991665375299766,2.0234692728463495,0.4,engert_20220223_magnet,1.2382274866104126,,72.0,,,20220223,unknown,zebrafish,WB,mag,2280.0,83,0.9371049714210808,35,0.6,2022_02_23
63,0.8750619088876851,0.5153214118789902,0.4,engert_20220223_magnet,3.4317328929901123,,72.0,,,20220223,unknown,zebrafish,WB,mag,2280.0,84,0.7073233440127867,41,0.6,2022_02_23
64,0.8551718932196478,0.5580186191079308,0.4,engert_20220223_magnet,3.6026885509490967,,72.0,,,20220223,unknown,zebrafish,WB,mag,2280.0,86,0.6819838411770005,27,0.6,2022_02_23
65,0.3291218956111114,1.4906332574474856,0.4,engert_20220223_magnet,3.561034917831421,,72.0,,,20220223,unknown,zebrafish,WB,mag,2280.0,87,0.6617926646865233,87,0.6,2022_02_23
66,0.19240388355415616,1.8171100946810237,0.4,engert_20220223_magnet,3.446009635925293,,72.0,,,20220223,unknown,zebrafish,WB,mag,2280.0,88,0.7850060579384702,87,0.6,2022_02_23
67,0.8721558574316729,0.5217144267735224,0.4,engert_20220223_magnet,3.486518621444702,,72.0,,,20220223,unknown,zebrafish,WB,mag,2280.0,90,0.8016551658213439,82,0.6,2022_02_23
68,0.8583949711942228,0.5512583289098177,0.4,engert_20220223_magnet,4.132761478424072,,72.0,,,20220223,unknown,zebrafish,WB,mag,2280.0,91,0.8653475859010403,76,0.6,2022_02_23
69,0.33831483905989423,1.4719644984892464,0.4,engert_20220223_magnet,3.169160842895508,,72.0,,,20220223,unknown,zebrafish,WB,mag,2280.0,92,0.7537470900485407,103,0.6,2022_02_23
70,0.38047680503858694,1.3896070255886837,0.4,engert_20220223_magnet,1.516542911529541,,72.0,,,20220223,unknown,zebrafish,WB,mag,2280.0,93,0.7583852932405707,62,0.6,2022_02_23
71,0.3473049844574665,1.4539726826061885,0.4,engert_20220223_magnet,4.4849371910095215,,72.0,,,20220223,unknown,zebrafish,WB,mag,2280.0,94,0.7407812990558119,87,0.6,2022_02_23
72,0.22413060099920668,1.730444392991286,0.4,engert_20220223_magnet,2.3795974254608154,,72.0,,,20220223,unknown,zebrafish,WB,mag,2280.0,95,0.8627179692303498,38,0.6,2022_02_23
73,0.3400840633512655,1.4684036702154775,0.4,engert_20220223_magnet,2.024653434753418,,72.0,,,20220223,unknown,zebrafish,WB,mag,2280.0,97,0.7109570884864896,52,0.6,2022_02_23
74,0.8429443429953936,0.5831771138276156,0.4,engert_20220223_magnet,2.0412416458129883,,72.0,,,20220223,unknown,zebrafish,WB,mag,2280.0,98,0.8211971139327033,38,0.6,2022_02_23
75,0.6305227439647562,0.959001902494904,0.4,engert_20220223_magnet,5.000299453735352,,72.0,,,20220223,unknown,zebrafish,WB,mag,2280.0,99,0.9871338383012039,89,0.6,2022_02_23
76,0.0662994022848935,2.3360405361540426,0.4,engert_20220223_magnet,4.264385223388672,,72.0,,,20220223,unknown,zebrafish,WB,mag,2280.0,100,0.9409434029619492,62,0.6,2022_02_23
77,0.4066754133425342,1.3406994506334617,0.4,engert_20220223_magnet,2.957628011703491,,72.0,,,20220223,unknown,zebrafish,WB,mag,2280.0,101,0.9248734370975481,35,0.6,2022_02_23
78,0.48173806669535235,1.207515929599969,0.4,engert_20220223_magnet,2.479965925216675,,72.0,,,20220223,unknown,zebrafish,WB,mag,2280.0,104,0.8686400262571369,31,0.6,2022_02_23
79,0.4343817823084263,1.290492846106848,0.4,engert_20220223_magnet,3.3821096420288086,,72.0,,,20220223,unknown,zebrafish,WB,mag,2280.0,105,0.8724948808006151,29,0.6,2022_02_23
80,0.6075261642984915,0.9969677234280732,0.4,engert_20220223_magnet,2.582339286804199,,72.0,,,20220223,unknown,zebrafish,WB,mag,2280.0,106,0.8609605004781076,60,0.6,2022_02_23
81,0.3494203862421671,1.4497755777831782,0.4,engert_20220223_magnet,8.290130615234375,,72.0,,,20220223,unknown,zebrafish,WB,mag,2280.0,109,0.8542536154264226,82,0.6,2022_02_23
82,0.9491509973046235,0.32196554032350694,0.4,engert_20220223_magnet,2.865138292312622,,72.0,,,20220223,unknown,zebrafish,WB,mag,2280.0,110,0.96595738123631,82,0.6,2022_02_23
83,0.859169962244666,0.5496242692194488,0.4,engert_20220223_magnet,3.3384625911712646,,72.0,,,20220223,unknown,zebrafish,WB,mag,2280.0,113,0.7842083063482905,33,0.6,2022_02_23
84,0.05182549022432603,2.440814345002633,0.4,engert_20220223_magnet,4.864560127258301,,72.0,,,20220223,unknown,zebrafish,WB,mag,2280.0,114,0.9861084671834276,61,0.6,2022_02_23
85,0.7095740547356473,0.8268885262522623,0.4,engert_20220223_magnet,3.595989465713501,,72.0,,,20220223,unknown,zebrafish,WB,mag,2280.0,115,0.7983010227714149,88,0.6,2022_02_23
86,0.4284278040921101,1.301164745155552,0.4,engert_20220223_magnet,4.556066989898682,,72.0,,,20220223,unknown,zebrafish,WB,mag,2280.0,116,0.7812977792579385,41,0.6,2022_02_23
87,0.4714519906608575,1.2252820063766552,0.4,engert_20220223_magnet,1.9064825773239136,,72.0,,,20220223,unknown,zebrafish,WB,mag,2280.0,119,0.6289667841746289,39,0.6,2022_02_23
88,0.8550514306578817,0.5582700797141797,0.4,engert_20220223_magnet,3.7270262241363525,,72.0,,,20220223,unknown,zebrafish,WB,mag,2280.0,120,0.647879666401053,60,0.6,2022_02_23
89,0.8763676323849504,0.5124300362046017,0.4,engert_20220223_magnet,4.385122776031494,,72.0,,,20220223,unknown,zebrafish,WB,mag,2280.0,123,0.8923387167143516,93,0.6,2022_02_23
90,0.9861093502996017,0.16633049457376106,0.4,engert_20220223_magnet,2.568101167678833,,72.0,,,20220223,unknown,zebrafish,WB,mag,2280.0,125,0.6891024720358252,20,0.6,2022_02_23
91,0.2594799623770546,1.6430904090521752,0.4,engert_20220223_magnet,2.7989516258239746,,72.0,,,20220223,unknown,zebrafish,WB,mag,2280.0,126,0.8237866767038726,87,0.6,2022_02_23
92,0.25505968147486846,1.6535732807114187,0.4,engert_20220223_magnet,3.396707773208618,,72.0,,,20220223,unknown,zebrafish,WB,mag,2280.0,127,0.9544797651654269,50,0.6,2022_02_23
93,0.813759942963688,0.6405911916849663,0.4,engert_20220223_magnet,4.776698589324951,,72.0,,,20220223,unknown,zebrafish,WB,mag,2280.0,128,0.8823451658338837,59,0.6,2022_02_23
94,0.6361981299077447,0.9496197499470843,0.4,engert_20220223_magnet,2.292196273803711,,72.0,,,20220223,unknown,zebrafish,WB,mag,2280.0,131,0.7758646145354196,35,0.6,2022_02_23
95,0.8414441154943113,0.58621417485506,0.4,engert_20220223_magnet,3.410597085952759,,72.0,,,20220223,unknown,zebrafish,WB,mag,2280.0,134,0.7013284551427356,82,0.6,2022_02_23
96,0.2989662850057523,1.5540269430857723,0.4,engert_20220223_magnet,3.804204225540161,,72.0,,,20220223,unknown,zebrafish,WB,mag,2280.0,135,0.810347110364479,73,0.6,2022_02_23
97,0.050484930966146924,2.451709381618685,0.4,engert_20220223_magnet,2.5487115383148193,,72.0,,,20220223,unknown,zebrafish,WB,mag,2280.0,137,0.9626416787165312,45,0.6,2022_02_23
98,0.47142390536194456,1.2253306952151506,0.4,engert_20220223_magnet,3.756188154220581,,72.0,,,20220223,unknown,zebrafish,WB,mag,2280.0,138,0.9827052672070204,57,0.6,2022_02_23
99,0.4422897894453871,1.2764095441972514,0.4,engert_20220223_magnet,3.339836835861206,,72.0,,,20220223,unknown,zebrafish,WB,mag,2280.0,139,0.9035260931509429,55,0.6,2022_02_23
100,0.8818217368979685,0.5002201674650094,0.4,engert_20220223_magnet,5.290176868438721,,72.0,,,20220223,unknown,zebrafish,WB,mag,2280.0,140,0.6554310412824219,100,0.6,2022_02_23
101,0.8613348054513059,0.5450419209604327,0.4,engert_20220223_magnet,2.417037010192871,,72.0,,,20220223,unknown,zebrafish,WB,mag,2280.0,142,0.8041446693335874,41,0.6,2022_02_23
102,0.769559837025041,0.7223317093993761,0.4,engert_20220223_magnet,1.3759965896606445,,72.0,,,20220223,unknown,zebrafish,WB,mag,2280.0,143,0.7069605809630667,20,0.6,2022_02_23
103,0.1471494006046813,1.960311498021049,0.4,engert_20220223_magnet,5.930376052856445,,72.0,,,20220223,unknown,zebrafish,WB,mag,2280.0,144,0.9893923431778566,56,0.6,2022_02_23
104,0.798571269292169,0.6692806395884696,0.4,engert_20220223_magnet,4.429704189300537,,72.0,,,20220223,unknown,zebrafish,WB,mag,2280.0,147,0.980699201934014,38,0.6,2022_02_23
105,0.8015821677542287,0.6636490709749435,0.4,engert_20220223_magnet,4.855228900909424,,72.0,,,20220223,unknown,zebrafish,WB,mag,2280.0,155,0.9349796930189218,68,0.6,2022_02_23
106,0.8431782035863155,0.5827027159908227,0.4,engert_20220223_magnet,2.5150396823883057,,72.0,,,20220223,unknown,zebrafish,WB,mag,2280.0,157,0.9734582604062929,57,0.6,2022_02_23
107,0.5080148822467003,1.1626556682866926,0.4,engert_20220223_magnet,3.5814058780670166,,72.0,,,20220223,unknown,zebrafish,WB,mag,2280.0,158,0.8845634303671537,46,0.6,2022_02_23
108,0.3664114086198551,1.416535182418972,0.4,engert_20220223_magnet,2.087402105331421,,72.0,,,20220223,unknown,zebrafish,WB,mag,2280.0,159,0.8069306897999433,28,0.6,2022_02_23
109,0.7699495802750758,0.7216320530406453,0.4,engert_20220223_magnet,1.2140642404556274,,72.0,,,20220223,unknown,zebrafish,WB,mag,2280.0,160,0.8486004479508413,32,0.6,2022_02_23
110,0.5458485303967926,1.0991034216903828,0.4,engert_20220223_magnet,3.9850013256073,,72.0,,,20220223,unknown,zebrafish,WB,mag,2280.0,161,0.915677828962697,72,0.6,2022_02_23
111,0.6577958940291778,0.9138236500551759,0.4,engert_20220223_magnet,2.498870849609375,,72.0,,,20220223,unknown,zebrafish,WB,mag,2280.0,163,0.8798090859482963,32,0.6,2022_02_23
112,0.2402080672396114,1.6896745379892757,0.4,engert_20220223_magnet,3.593921422958374,,72.0,,,20220223,unknown,zebrafish,WB,mag,2280.0,166,0.8516016868535746,56,0.6,2022_02_23
113,0.1017228505736868,2.142252326159363,0.4,engert_20220223_magnet,2.4203906059265137,,72.0,,,20220223,unknown,zebrafish,WB,mag,2280.0,168,0.9684042146512576,45,0.6,2022_02_23
114,0.17173595942563558,1.8790974542673917,0.4,engert_20220223_magnet,1.8941280841827393,,72.0,,,20220223,unknown,zebrafish,WB,mag,2280.0,169,0.9432276797538223,43,0.6,2022_02_23
115,0.897326265400747,0.4642084945954286,0.4,engert_20220223_magnet,1.7144807577133179,,72.0,,,20220223,unknown,zebrafish,WB,mag,2280.0,170,0.9604169512612672,54,0.6,2022_02_23
116,0.8775189936921346,0.5098706255776285,0.4,engert_20220223_magnet,2.8408970832824707,,72.0,,,20220223,unknown,zebrafish,WB,mag,2280.0,172,0.7340023452523047,31,0.6,2022_02_23
16,0.5621741440460641,1.0719504328618792,0.4,engert_20220223_visualmagnet,2.381699323654175,,72.0,,,20220223,unknown,zebrafish,WB,mag,2280.0,18,0.875159041252631,64,0.6,2022_02_23
0,0.8660298021733122,0.5353786602696233,0.4,engert_20220301_visualmagnet_a,0.6127622723579407,,180.0,,,20220301,unknown,zebrafish,WB,mag,5760.0,0,0.9588131986904457,91,0.55,2022_03_01
1,0.23355632863059927,1.705471183837949,0.4,engert_20220301_visualmagnet_a,0.8793429732322693,,180.0,,,20220301,unknown,zebrafish,WB,mag,5760.0,1,0.9765976221575863,85,0.55,2022_03_01
2,0.4845922438458601,1.2029024500538077,0.4,engert_20220301_visualmagnet_a,0.9183475971221924,,180.0,,,20220301,unknown,zebrafish,WB,mag,5760.0,2,0.9056736813817355,75,0.55,2022_03_01
3,0.4620994678903101,1.241795606438811,0.4,engert_20220301_visualmagnet_a,0.35375526547431946,,180.0,,,20220301,unknown,zebrafish,WB,mag,5760.0,3,0.7732936568990045,120,0.55,2022_03_01
4,0.8118227122011665,0.6447320979488474,0.4,engert_20220301_visualmagnet_a,1.1256804466247559,,180.0,,,20220301,unknown,zebrafish,WB,mag,5760.0,4,0.6638624355880192,124,0.55,2022_03_01
5,0.5711849663412971,1.057439862452656,0.4,engert_20220301_visualmagnet_a,0.20118658244609833,,180.0,,,20220301,unknown,zebrafish,WB,mag,5760.0,5,0.8786985044579777,209,0.55,2022_03_01
6,0.09901458102585348,2.1519975682338814,0.4,engert_20220301_visualmagnet_a,1.0489542484283447,,180.0,,,20220301,unknown,zebrafish,WB,mag,5760.0,6,0.8735713015783791,68,0.55,2022_03_01
7,0.5170469755877225,1.147740559684245,0.4,engert_20220301_visualmagnet_a,0.4253596365451813,,180.0,,,20220301,unknown,zebrafish,WB,mag,5760.0,7,0.9556437785511154,104,0.55,2022_03_01
8,0.6214310884563541,0.9744894165409349,0.4,engert_20220301_visualmagnet_a,0.46446290612220764,,180.0,,,20220301,unknown,zebrafish,WB,mag,5760.0,8,0.8641366191692977,126,0.55,2022_03_01
9,0.6037262321454544,1.0036967991786059,0.4,engert_20220301_visualmagnet_a,0.8347054719924927,,180.0,,,20220301,unknown,zebrafish,WB,mag,5760.0,9,0.6616968001131603,88,0.55,2022_03_01
10,0.04864552116366094,2.4618608488940827,0.4,engert_20220301_visualmagnet_a,0.29088470339775085,,180.0,,,20220301,unknown,zebrafish,WB,mag,5760.0,10,0.6514928429532468,131,0.55,2022_03_01
11,0.9410270371731916,0.34770139867672234,0.4,engert_20220301_visualmagnet_a,0.7785809636116028,,180.0,,,20220301,unknown,zebrafish,WB,mag,5760.0,11,0.7267828716220458,68,0.55,2022_03_01
12,0.6342662611977745,0.9532927584562031,0.4,engert_20220301_visualmagnet_a,0.2730015814304352,,180.0,,,20220301,unknown,zebrafish,WB,mag,5760.0,12,0.8426525525324161,94,0.55,2022_03_01
13,0.5641510672169112,1.0690902772278508,0.4,engert_20220301_visualmagnet_a,0.2810424268245697,,180.0,,,20220301,unknown,zebrafish,WB,mag,5760.0,15,0.9058723904834681,122,0.55,2022_03_01
14,0.3324659397916735,1.4836101843911325,0.4,engert_20220301_visualmagnet_a,1.9396610260009766,,180.0,,,20220301,unknown,zebrafish,WB,mag,5760.0,16,0.7909029690155565,133,0.55,2022_03_01
15,0.8279984473225921,0.6134208727475677,0.4,engert_20220301_visualmagnet_a,1.209611415863037,,180.0,,,20220301,unknown,zebrafish,WB,mag,5760.0,17,0.9400530668994588,233,0.55,2022_03_01
16,0.20736096678246596,1.7740229848341331,0.4,engert_20220301_visualmagnet_a,1.3510066270828247,,180.0,,,20220301,unknown,zebrafish,WB,mag,5760.0,18,0.8746165087792498,243,0.55,2022_03_01
17,0.5774233695837496,1.047120220487762,0.4,engert_20220301_visualmagnet_a,0.9818956255912781,,180.0,,,20220301,unknown,zebrafish,WB,mag,5760.0,19,0.972704190843949,111,0.55,2022_03_01
18,0.49517307657959986,1.1848070156974695,0.4,engert_20220301_visualmagnet_a,0.8539937734603882,,180.0,,,20220301,unknown,zebrafish,WB,mag,5760.0,20,0.9091561664855562,87,0.55,2022_03_01
19,0.5485584428125174,1.0949877124888592,0.4,engert_20220301_visualmagnet_a,1.9930979013442993,,180.0,,,20220301,unknown,zebrafish,WB,mag,5760.0,21,0.9080792554244622,122,0.55,2022_03_01
20,0.7944071231945323,0.677484111216085,0.4,engert_20220301_visualmagnet_a,0.7178641557693481,,180.0,,,20220301,unknown,zebrafish,WB,mag,5760.0,23,0.8009787616378508,81,0.55,2022_03_01
21,0.6675582851538893,0.8980682003445583,0.4,engert_20220301_visualmagnet_a,0.7268614172935486,,180.0,,,20220301,unknown,zebrafish,WB,mag,5760.0,25,0.9896005556715458,84,0.55,2022_03_01
22,0.6183891074063778,0.9795092147142318,0.4,engert_20220301_visualmagnet_a,1.9240535497665405,,180.0,,,20220301,unknown,zebrafish,WB,mag,5760.0,27,0.9527046172476592,107,0.55,2022_03_01
23,0.8922978053201885,0.4764342179881717,0.4,engert_20220301_visualmagnet_a,1.469892978668213,,180.0,,,20220301,unknown,zebrafish,WB,mag,5760.0,29,0.8349321072458226,85,0.55,2022_03_01
24,0.4112406724444506,1.332434976965499,0.4,engert_20220301_visualmagnet_a,1.1251442432403564,,180.0,,,20220301,unknown,zebrafish,WB,mag,5760.0,30,0.5640460710910242,115,0.55,2022_03_01
25,0.7696731501370759,0.7226031370912462,0.4,engert_20220301_visualmagnet_a,0.7859776616096497,,180.0,,,20220301,unknown,zebrafish,WB,mag,5760.0,33,0.9290373347074689,99,0.55,2022_03_01
26,0.7832534890325807,0.6980136710799532,0.4,engert_20220301_visualmagnet_a,1.4373693466186523,,180.0,,,20220301,unknown,zebrafish,WB,mag,5760.0,34,0.979991267601275,96,0.55,2022_03_01
27,0.31773220311441863,1.5138966028030538,0.4,engert_20220301_visualmagnet_a,0.6751825213432312,,180.0,,,20220301,unknown,zebrafish,WB,mag,5760.0,36,0.8723660818349419,95,0.55,2022_03_01
28,0.7137254015726275,0.8203102867374742,0.4,engert_20220301_visualmagnet_a,2.480295419692993,,180.0,,,20220301,unknown,zebrafish,WB,mag,5760.0,37,0.9081447955762065,123,0.55,2022_03_01
29,0.36607032772925596,1.4171426951352097,0.4,engert_20220301_visualmagnet_a,1.7964324951171875,,180.0,,,20220301,unknown,zebrafish,WB,mag,5760.0,40,0.9604816000075722,109,0.55,2022_03_01
30,0.6414080924812643,0.9414817396484911,0.4,engert_20220301_visualmagnet_a,2.40739369392395,,180.0,,,20220301,unknown,zebrafish,WB,mag,5760.0,41,0.9330040242345419,420,0.55,2022_03_01
31,0.11226476345627379,2.0925455911714077,0.4,engert_20220301_visualmagnet_a,1.07027006149292,,180.0,,,20220301,unknown,zebrafish,WB,mag,5760.0,43,0.8240995743945447,77,0.55,2022_03_01
32,0.481425365770874,1.2083420075336742,0.4,engert_20220301_visualmagnet_a,1.816523790359497,,180.0,,,20220301,unknown,zebrafish,WB,mag,5760.0,44,0.8172020609131682,136,0.55,2022_03_01
33,0.30799269973731513,1.5343542122423428,0.4,engert_20220301_visualmagnet_a,1.9386382102966309,,180.0,,,20220301,unknown,zebrafish,WB,mag,5760.0,46,0.8713278527013124,97,0.55,2022_03_01
34,0.8850347826705156,0.49325595844710773,0.4,engert_20220301_visualmagnet_a,0.7698359489440918,,180.0,,,20220301,unknown,zebrafish,WB,mag,5760.0,47,0.9526792953974907,104,0.55,2022_03_01
35,0.4502992634702968,1.2624627697953557,0.4,engert_20220301_visualmagnet_a,2.7177248001098633,,180.0,,,20220301,unknown,zebrafish,WB,mag,5760.0,48,0.819475374533776,127,0.55,2022_03_01
36,0.9655485266930188,0.26381014296465666,0.4,engert_20220301_visualmagnet_a,0.7592970132827759,,180.0,,,20220301,unknown,zebrafish,WB,mag,5760.0,52,0.9035640470986385,96,0.55,2022_03_01
37,0.44545245923364385,1.2710096489439753,0.4,engert_20220301_visualmagnet_a,1.8845782279968262,,180.0,,,20220301,unknown,zebrafish,WB,mag,5760.0,53,0.9870087262697071,100,0.55,2022_03_01
38,0.3573246526070949,1.4341224936352448,0.4,engert_20220301_visualmagnet_a,0.3622656762599945,,180.0,,,20220301,unknown,zebrafish,WB,mag,5760.0,54,0.9338809030475865,93,0.55,2022_03_01
39,0.33993624802170574,1.4685366967312492,0.4,engert_20220301_visualmagnet_a,1.1883174180984497,,180.0,,,20220301,unknown,zebrafish,WB,mag,5760.0,55,0.9446224178395604,100,0.55,2022_03_01
40,0.07605654239746862,2.2718723430194956,0.4,engert_20220301_visualmagnet_a,0.7034978866577148,,180.0,,,20220301,unknown,zebrafish,WB,mag,5760.0,56,0.9335008664040554,90,0.55,2022_03_01
41,0.9850910959608874,0.17223433638970298,0.4,engert_20220301_visualmagnet_a,1.7419761419296265,,180.0,,,20220301,unknown,zebrafish,WB,mag,5760.0,57,0.8166296330692343,76,0.55,2022_03_01
42,0.6208241562428125,0.9754910484172874,0.4,engert_20220301_visualmagnet_a,1.6914154291152954,,180.0,,,20220301,unknown,zebrafish,WB,mag,5760.0,58,0.9663753909668922,93,0.55,2022_03_01
43,0.17855801054067766,1.8566433441692858,0.4,engert_20220301_visualmagnet_a,0.6683989763259888,,180.0,,,20220301,unknown,zebrafish,WB,mag,5760.0,59,0.8450833360916388,146,0.55,2022_03_01
44,0.6632812043570095,0.905191352194047,0.4,engert_20220301_visualmagnet_a,1.2689635753631592,,180.0,,,20220301,unknown,zebrafish,WB,mag,5760.0,60,0.9740083462732355,99,0.55,2022_03_01
45,0.7708216600575243,0.7205394818974612,0.4,engert_20220301_visualmagnet_a,1.4414465427398682,,180.0,,,20220301,unknown,zebrafish,WB,mag,5760.0,61,0.693409645789358,347,0.55,2022_03_01
46,0.8453224010599626,0.5787427850519179,0.4,engert_20220301_visualmagnet_a,0.969000518321991,,180.0,,,20220301,unknown,zebrafish,WB,mag,5760.0,63,0.9683953284211678,87,0.55,2022_03_01
47,0.8476873009957312,0.5739040336957031,0.4,engert_20220301_visualmagnet_a,2.0733282566070557,,180.0,,,20220301,unknown,zebrafish,WB,mag,5760.0,64,0.6207642949923741,125,0.55,2022_03_01
48,0.04543475413770648,2.4896318278377376,0.4,engert_20220301_visualmagnet_a,1.527154803276062,,180.0,,,20220301,unknown,zebrafish,WB,mag,5760.0,65,0.6114094740381021,81,0.55,2022_03_01
49,0.34660590577869,1.4552288922233567,0.4,engert_20220301_visualmagnet_a,0.4544382393360138,,180.0,,,20220301,unknown,zebrafish,WB,mag,5760.0,66,0.9289292034292386,106,0.55,2022_03_01
50,0.6298938805388237,0.9605171688102478,0.4,engert_20220301_visualmagnet_a,0.8021280169487,,180.0,,,20220301,unknown,zebrafish,WB,mag,5760.0,67,0.9483325714571393,125,0.55,2022_03_01
51,0.5884915400485213,1.028834879058968,0.4,engert_20220301_visualmagnet_a,0.44589775800704956,,180.0,,,20220301,unknown,zebrafish,WB,mag,5760.0,68,0.9727213008983503,87,0.55,2022_03_01
52,0.9949463280193762,0.09927406565469585,0.4,engert_20220301_visualmagnet_a,0.7896461486816406,,180.0,,,20220301,unknown,zebrafish,WB,mag,5760.0,69,0.7774823829258216,115,0.55,2022_03_01
53,0.14545143969430152,1.9643496569632592,0.4,engert_20220301_visualmagnet_a,1.1471315622329712,,180.0,,,20220301,unknown,zebrafish,WB,mag,5760.0,70,0.9652288017094374,81,0.55,2022_03_01
54,0.6605641881486746,0.9097111340305933,0.4,engert_20220301_visualmagnet_a,1.4136161804199219,,180.0,,,20220301,unknown,zebrafish,WB,mag,5760.0,71,0.912725322144599,92,0.55,2022_03_01
55,0.03293166223431632,2.616628862826627,0.4,engert_20220301_visualmagnet_a,1.1928722858428955,,180.0,,,20220301,unknown,zebrafish,WB,mag,5760.0,72,0.7594189278503936,130,0.55,2022_03_01
56,0.5465479285070622,1.098335339464389,0.4,engert_20220301_visualmagnet_a,0.5677739977836609,,180.0,,,20220301,unknown,zebrafish,WB,mag,5760.0,73,0.9772808768934418,108,0.55,2022_03_01
57,0.7761784712788666,0.7108764515806653,0.4,engert_20220301_visualmagnet_a,1.5001300573349,,180.0,,,20220301,unknown,zebrafish,WB,mag,5760.0,74,0.833485442382712,122,0.55,2022_03_01
58,0.5579760675977153,1.079333390936615,0.4,engert_20220301_visualmagnet_a,1.3455729484558105,,180.0,,,20220301,unknown,zebrafish,WB,mag,5760.0,75,0.9003169648112493,113,0.55,2022_03_01
59,0.5134181580078171,1.1538608386720066,0.4,engert_20220301_visualmagnet_a,1.839182734489441,,180.0,,,20220301,unknown,zebrafish,WB,mag,5760.0,76,0.9292879893298582,93,0.55,2022_03_01
60,0.6322178023000669,0.9566779415202507,0.4,engert_20220301_visualmagnet_a,1.4392013549804688,,180.0,,,20220301,unknown,zebrafish,WB,mag,5760.0,77,0.7990028119007404,105,0.55,2022_03_01
61,0.5142772450568641,1.1524109684761839,0.4,engert_20220301_visualmagnet_a,0.45410996675491333,,180.0,,,20220301,unknown,zebrafish,WB,mag,5760.0,78,0.8382032144650419,90,0.55,2022_03_01
62,0.004132210894192467,3.3230763939592425,0.4,engert_20220301_visualmagnet_a,0.643980860710144,,180.0,,,20220301,unknown,zebrafish,WB,mag,5760.0,79,0.8266244095832842,80,0.55,2022_03_01
63,0.012333853863038424,2.971386684785835,0.4,engert_20220301_visualmagnet_a,0.8746913075447083,,180.0,,,20220301,unknown,zebrafish,WB,mag,5760.0,80,0.9827468192938664,96,0.55,2022_03_01
64,0.481893183271205,1.2075377642215448,0.4,engert_20220301_visualmagnet_a,0.3236067295074463,,180.0,,,20220301,unknown,zebrafish,WB,mag,5760.0,81,0.5706562068602119,95,0.55,2022_03_01
65,0.7604471127765113,0.7390819372857141,0.4,engert_20220301_visualmagnet_a,1.853735327720642,,180.0,,,20220301,unknown,zebrafish,WB,mag,5760.0,82,0.9311066581504115,85,0.55,2022_03_01
66,0.10801275685680167,2.1109986233425335,0.4,engert_20220301_visualmagnet_a,2.1565017700195312,,180.0,,,20220301,unknown,zebrafish,WB,mag,5760.0,83,0.9480689912837754,120,0.55,2022_03_01
67,0.13051010484927084,2.018982463374891,0.4,engert_20220301_visualmagnet_a,0.5411964654922485,,180.0,,,20220301,unknown,zebrafish,WB,mag,5760.0,84,0.9149734007652313,89,0.55,2022_03_01
68,0.8160828689981409,0.6365754502895009,0.4,engert_20220301_visualmagnet_a,1.4803128242492676,,180.0,,,20220301,unknown,zebrafish,WB,mag,5760.0,85,0.9736700096852456,92,0.55,2022_03_01
69,0.6152833285807018,0.9846333146002992,0.4,engert_20220301_visualmagnet_a,1.5831985473632812,,180.0,,,20220301,unknown,zebrafish,WB,mag,5760.0,86,0.6079077823331868,59,0.55,2022_03_01
70,0.5718809382813976,1.0562880044240963,0.4,engert_20220301_visualmagnet_a,0.5138285160064697,,180.0,,,20220301,unknown,zebrafish,WB,mag,5760.0,87,0.8160964506363292,114,0.55,2022_03_01
71,0.0038688325400504375,3.343108318547502,0.4,engert_20220301_visualmagnet_a,1.2095094919204712,,180.0,,,20220301,unknown,zebrafish,WB,mag,5760.0,88,0.9871632467122907,86,0.55,2022_03_01
72,0.5686237408300157,1.061680112366581,0.4,engert_20220301_visualmagnet_a,1.098426342010498,,180.0,,,20220301,unknown,zebrafish,WB,mag,5760.0,89,0.825652917317784,74,0.55,2022_03_01
73,0.8769645812121584,0.5114537135647104,0.4,engert_20220301_visualmagnet_a,2.7108614444732666,,180.0,,,20220301,unknown,zebrafish,WB,mag,5760.0,91,0.982589351971256,83,0.55,2022_03_01
74,0.9046631394216754,0.44668101825161355,0.4,engert_20220301_visualmagnet_a,1.339238166809082,,180.0,,,20220301,unknown,zebrafish,WB,mag,5760.0,92,0.6878571894160368,81,0.55,2022_03_01
75,0.24983427772572697,1.6654063332066447,0.4,engert_20220301_visualmagnet_a,3.1731696128845215,,180.0,,,20220301,unknown,zebrafish,WB,mag,5760.0,93,0.9287812220839157,91,0.55,2022_03_01
76,0.905767671346688,0.4439472246488107,0.4,engert_20220301_visualmagnet_a,0.6637464165687561,,180.0,,,20220301,unknown,zebrafish,WB,mag,5760.0,94,0.944102785555155,97,0.55,2022_03_01
77,0.40413669759600035,1.345458774984938,0.4,engert_20220301_visualmagnet_a,2.478604555130005,,180.0,,,20220301,unknown,zebrafish,WB,mag,5760.0,95,0.8013805501312624,194,0.55,2022_03_01
78,0.43404693929041405,1.291265837711392,0.4,engert_20220301_visualmagnet_a,1.5806244611740112,,180.0,,,20220301,unknown,zebrafish,WB,mag,5760.0,96,0.6742177519097623,159,0.55,2022_03_01
79,0.6659782452608387,0.9007008320945976,0.4,engert_20220301_visualmagnet_a,1.9107601642608643,,180.0,,,20220301,unknown,zebrafish,WB,mag,5760.0,97,0.9817523658451339,107,0.55,2022_03_01
80,0.8743135683407565,0.5173276685937895,0.4,engert_20220301_visualmagnet_a,1.0520634651184082,,180.0,,,20220301,unknown,zebrafish,WB,mag,5760.0,98,0.9777469019070889,86,0.55,2022_03_01
81,0.5553618956346013,1.0836746216768214,0.4,engert_20220301_visualmagnet_a,1.0756348371505737,,180.0,,,20220301,unknown,zebrafish,WB,mag,5760.0,99,0.8313292234218441,112,0.55,2022_03_01
82,0.11196823840517345,2.093814665811337,0.4,engert_20220301_visualmagnet_a,0.9580653309822083,,180.0,,,20220301,unknown,zebrafish,WB,mag,5760.0,102,0.6157984034391856,176,0.55,2022_03_01
83,0.7790964695468008,0.7055855309260105,0.4,engert_20220301_visualmagnet_a,2.0803191661834717,,180.0,,,20220301,unknown,zebrafish,WB,mag,5760.0,103,0.9365796491067544,131,0.55,2022_03_01
84,0.10713331636097145,2.114885546643356,0.4,engert_20220301_visualmagnet_a,2.342184543609619,,180.0,,,20220301,unknown,zebrafish,WB,mag,5760.0,104,0.8787130610755243,88,0.55,2022_03_01
85,0.6887591841148566,0.8625840694862973,0.4,engert_20220301_visualmagnet_a,0.3932974934577942,,180.0,,,20220301,unknown,zebrafish,WB,mag,5760.0,105,0.8901514294390158,74,0.55,2022_03_01
86,0.39169460481320373,1.3685214589085486,0.4,engert_20220301_visualmagnet_a,1.572845458984375,,180.0,,,20220301,unknown,zebrafish,WB,mag,5760.0,107,0.8441463430016684,93,0.55,2022_03_01
87,0.9442619778646597,0.3377145320440887,0.4,engert_20220301_visualmagnet_a,0.4699651300907135,,180.0,,,20220301,unknown,zebrafish,WB,mag,5760.0,111,0.9714787921172625,101,0.55,2022_03_01
88,0.157203785974511,1.924242312792965,0.4,engert_20220301_visualmagnet_a,0.7697209715843201,,180.0,,,20220301,unknown,zebrafish,WB,mag,5760.0,112,0.6165202929159666,26,0.55,2022_03_01
89,0.6047144503200941,1.0020667658494475,0.4,engert_20220301_visualmagnet_a,2.214000940322876,,180.0,,,20220301,unknown,zebrafish,WB,mag,5760.0,113,0.9117621666186455,87,0.55,2022_03_01
90,0.05557416909872781,2.406798529583488,0.4,engert_20220301_visualmagnet_a,0.24275609850883484,,180.0,,,20220301,unknown,zebrafish,WB,mag,5760.0,114,0.9014435563338795,100,0.55,2022_03_01
91,0.8683327519968195,0.5304047516525091,0.4,engert_20220301_visualmagnet_a,0.6457405090332031,,180.0,,,20220301,unknown,zebrafish,WB,mag,5760.0,116,0.9570548477206275,75,0.55,2022_03_01
92,0.2514869894733931,1.6614340073439693,0.4,engert_20220301_visualmagnet_a,3.197277069091797,,180.0,,,20220301,unknown,zebrafish,WB,mag,5760.0,117,0.9172854885920809,139,0.55,2022_03_01
93,0.17106146263042377,1.8796752994394823,0.4,engert_20220301_visualmagnet_a,0.3255121409893036,,180.0,,,20220301,unknown,zebrafish,WB,mag,5760.0,119,0.683482372061863,93,0.55,2022_03_01
94,0.43811831103262133,1.2840112367086733,0.4,engert_20220301_visualmagnet_a,1.6692885160446167,,180.0,,,20220301,unknown,zebrafish,WB,mag,5760.0,120,0.8733959935182523,154,0.55,2022_03_01
95,0.4422153938417037,1.2767378257896451,0.4,engert_20220301_visualmagnet_a,0.8000410795211792,,180.0,,,20220301,unknown,zebrafish,WB,mag,5760.0,122,0.9239403178432495,87,0.55,2022_03_01
96,0.8637021306871684,0.5403727906122838,0.4,engert_20220301_visualmagnet_a,1.7244033813476562,,180.0,,,20220301,unknown,zebrafish,WB,mag,5760.0,124,0.9867492036858759,94,0.55,2022_03_01
97,0.6574006114660119,0.9149690330067907,0.4,engert_20220301_visualmagnet_a,0.8180367946624756,,180.0,,,20220301,unknown,zebrafish,WB,mag,5760.0,125,0.9811388463624073,90,0.55,2022_03_01
98,0.3438162013170396,1.4607783167598383,0.4,engert_20220301_visualmagnet_a,0.29162874817848206,,180.0,,,20220301,unknown,zebrafish,WB,mag,5760.0,126,0.9716395871791557,97,0.55,2022_03_01
99,0.3885642725271775,1.374377148131027,0.4,engert_20220301_visualmagnet_a,2.752103567123413,,180.0,,,20220301,unknown,zebrafish,WB,mag,5760.0,127,0.9765680498874395,79,0.55,2022_03_01
100,0.7193138338232538,0.8107569506948092,0.4,engert_20220301_visualmagnet_a,2.1293179988861084,,180.0,,,20220301,unknown,zebrafish,WB,mag,5760.0,128,0.8769450322819446,65,0.55,2022_03_01
101,0.32702279018019853,1.4947103630597252,0.4,engert_20220301_visualmagnet_a,0.2989686131477356,,180.0,,,20220301,unknown,zebrafish,WB,mag,5760.0,129,0.8382594075219213,71,0.55,2022_03_01
102,0.07921838160344141,2.2537733704621274,0.4,engert_20220301_visualmagnet_a,1.3877103328704834,,180.0,,,20220301,unknown,zebrafish,WB,mag,5760.0,130,0.9756773149594916,83,0.55,2022_03_01
103,0.10901660183210593,2.106592102203728,0.4,engert_20220301_visualmagnet_a,1.9658321142196655,,180.0,,,20220301,unknown,zebrafish,WB,mag,5760.0,131,0.6838678871223548,200,0.55,2022_03_01
104,0.7274764545973562,0.7967333994285266,0.4,engert_20220301_visualmagnet_a,2.239253282546997,,180.0,,,20220301,unknown,zebrafish,WB,mag,5760.0,133,0.9748151296743742,88,0.55,2022_03_01
105,0.5202301401809326,1.1423805411502932,0.4,engert_20220301_visualmagnet_a,1.683634638786316,,180.0,,,20220301,unknown,zebrafish,WB,mag,5760.0,134,0.9482274617183156,98,0.55,2022_03_01
106,0.6438781709234545,0.937393155106067,0.4,engert_20220301_visualmagnet_a,1.4672491550445557,,180.0,,,20220301,unknown,zebrafish,WB,mag,5760.0,135,0.6731590816661236,50,0.55,2022_03_01
107,0.3261230999052399,1.49655492650176,0.4,engert_20220301_visualmagnet_a,1.8129979372024536,,180.0,,,20220301,unknown,zebrafish,WB,mag,5760.0,136,0.763171668327025,119,0.55,2022_03_01
108,0.4438987267381316,1.273757075812168,0.4,engert_20220301_visualmagnet_a,0.6138074398040771,,180.0,,,20220301,unknown,zebrafish,WB,mag,5760.0,137,0.8008179552792909,82,0.55,2022_03_01
109,0.8449349376714217,0.5795329775657606,0.4,engert_20220301_visualmagnet_a,0.31672239303588867,,180.0,,,20220301,unknown,zebrafish,WB,mag,5760.0,138,0.9142895748477919,94,0.55,2022_03_01
110,0.5052525846756772,1.1676733142778777,0.4,engert_20220301_visualmagnet_a,1.289809226989746,,180.0,,,20220301,unknown,zebrafish,WB,mag,5760.0,139,0.9663530396409798,93,0.55,2022_03_01
111,0.1799154221560879,1.8525470829558055,0.4,engert_20220301_visualmagnet_a,2.0646138191223145,,180.0,,,20220301,unknown,zebrafish,WB,mag,5760.0,140,0.9833653412156629,148,0.55,2022_03_01
112,0.3896742782152465,1.372298195670868,0.4,engert_20220301_visualmagnet_a,2.194563627243042,,180.0,,,20220301,unknown,zebrafish,WB,mag,5760.0,141,0.9248633919178884,117,0.55,2022_03_01
113,0.4572439068111045,1.2502761955967507,0.4,engert_20220301_visualmagnet_a,2.2171826362609863,,180.0,,,20220301,unknown,zebrafish,WB,mag,5760.0,142,0.5795120343993401,71,0.55,2022_03_01
114,0.6922949000474504,0.8566330947626414,0.4,engert_20220301_visualmagnet_a,2.303300619125366,,180.0,,,20220301,unknown,zebrafish,WB,mag,5760.0,143,0.6674724542664877,149,0.55,2022_03_01
115,0.04650751056946367,2.4801750285163835,0.4,engert_20220301_visualmagnet_a,0.7828308939933777,,180.0,,,20220301,unknown,zebrafish,WB,mag,5760.0,144,0.613926818415616,114,0.55,2022_03_01
116,0.7834994290163123,0.6975643082570416,0.4,engert_20220301_visualmagnet_a,1.3346447944641113,,180.0,,,20220301,unknown,zebrafish,WB,mag,5760.0,147,0.9463766377914742,63,0.55,2022_03_01
117,0.5943301428133247,1.0191980311570372,0.4,engert_20220301_visualmagnet_a,1.6776949167251587,,180.0,,,20220301,unknown,zebrafish,WB,mag,5760.0,149,0.9246644182387758,63,0.55,2022_03_01
118,0.1998735307888143,1.7946901967477624,0.4,engert_20220301_visualmagnet_a,1.391945719718933,,180.0,,,20220301,unknown,zebrafish,WB,mag,5760.0,150,0.6954922383991872,88,0.55,2022_03_01
119,0.1914072726558128,1.8187148564174156,0.4,engert_20220301_visualmagnet_a,1.299777865409851,,180.0,,,20220301,unknown,zebrafish,WB,mag,5760.0,151,0.6427551712592092,70,0.55,2022_03_01
120,0.7800711367772859,0.703813909236669,0.4,engert_20220301_visualmagnet_a,1.1019399166107178,,180.0,,,20220301,unknown,zebrafish,WB,mag,5760.0,152,0.7617676253863195,167,0.55,2022_03_01
121,0.49358461799469555,1.187516203032295,0.4,engert_20220301_visualmagnet_a,2.2601728439331055,,180.0,,,20220301,unknown,zebrafish,WB,mag,5760.0,153,0.7697364066909862,124,0.55,2022_03_01
122,0.08067113551800142,2.2456520623421317,0.4,engert_20220301_visualmagnet_a,1.4296618700027466,,180.0,,,20220301,unknown,zebrafish,WB,mag,5760.0,156,0.9357293442671409,64,0.55,2022_03_01
123,0.16974500916789792,1.8837941997315146,0.4,engert_20220301_visualmagnet_a,0.7782524228096008,,180.0,,,20220301,unknown,zebrafish,WB,mag,5760.0,157,0.9384083591178383,66,0.55,2022_03_01
124,0.2550214830788843,1.652994306744711,0.4,engert_20220301_visualmagnet_a,3.0863192081451416,,180.0,,,20220301,unknown,zebrafish,WB,mag,5760.0,158,0.8005083181703815,99,0.55,2022_03_01
125,0.847262181606204,0.5747758170791322,0.4,engert_20220301_visualmagnet_a,1.5295511484146118,,180.0,,,20220301,unknown,zebrafish,WB,mag,5760.0,159,0.9775671932839592,82,0.55,2022_03_01
126,0.8976919009919364,0.46363933858621603,0.4,engert_20220301_visualmagnet_a,1.021445631980896,,180.0,,,20220301,unknown,zebrafish,WB,mag,5760.0,160,0.9205784081579446,112,0.55,2022_03_01
127,0.8248279018684652,0.6196332882524983,0.4,engert_20220301_visualmagnet_a,1.2794269323349,,180.0,,,20220301,unknown,zebrafish,WB,mag,5760.0,161,0.9775771706967786,79,0.55,2022_03_01
128,0.22507037033613708,1.7270872700430855,0.4,engert_20220301_visualmagnet_a,1.6477454900741577,,180.0,,,20220301,unknown,zebrafish,WB,mag,5760.0,162,0.9341673043520942,87,0.55,2022_03_01
129,0.42106481161225473,1.314585510368637,0.4,engert_20220301_visualmagnet_a,1.3351335525512695,,180.0,,,20220301,unknown,zebrafish,WB,mag,5760.0,163,0.7579255933075731,80,0.55,2022_03_01
130,0.11951750511594017,2.0622792407797066,0.4,engert_20220301_visualmagnet_a,0.6432366967201233,,180.0,,,20220301,unknown,zebrafish,WB,mag,5760.0,164,0.9677163851466032,81,0.55,2022_03_01
131,0.7783992171677667,0.7068516060657232,0.4,engert_20220301_visualmagnet_a,1.405993938446045,,180.0,,,20220301,unknown,zebrafish,WB,mag,5760.0,165,0.8608726990587336,65,0.55,2022_03_01
132,0.5543122590918763,1.0854185696479524,0.4,engert_20220301_visualmagnet_a,1.2737826108932495,,180.0,,,20220301,unknown,zebrafish,WB,mag,5760.0,166,0.8238764509035646,122,0.55,2022_03_01
133,0.10934423301159446,2.1051605896417094,0.4,engert_20220301_visualmagnet_a,1.995885968208313,,180.0,,,20220301,unknown,zebrafish,WB,mag,5760.0,168,0.8646872809657669,100,0.55,2022_03_01
134,0.8173054741913426,0.6342232534745198,0.4,engert_20220301_visualmagnet_a,0.5597186088562012,,180.0,,,20220301,unknown,zebrafish,WB,mag,5760.0,169,0.9007509536855596,86,0.55,2022_03_01
135,0.4503037112459988,1.262454942382771,0.4,engert_20220301_visualmagnet_a,2.90950870513916,,180.0,,,20220301,unknown,zebrafish,WB,mag,5760.0,170,0.961166788776604,107,0.55,2022_03_01
136,0.2793987464219434,1.5966984927547074,0.4,engert_20220301_visualmagnet_a,2.530489444732666,,180.0,,,20220301,unknown,zebrafish,WB,mag,5760.0,171,0.798101348351326,108,0.55,2022_03_01
137,0.3919528955652023,1.36803920855587,0.4,engert_20220301_visualmagnet_a,2.183211088180542,,180.0,,,20220301,unknown,zebrafish,WB,mag,5760.0,172,0.8754198630812987,90,0.55,2022_03_01
138,0.07723605795730859,2.2650507455939604,0.4,engert_20220301_visualmagnet_a,0.5051602721214294,,180.0,,,20220301,unknown,zebrafish,WB,mag,5760.0,173,0.977832745239547,86,0.55,2022_03_01
139,0.5079105820779377,1.1631707976790608,0.4,engert_20220301_visualmagnet_a,2.233035087585449,,180.0,,,20220301,unknown,zebrafish,WB,mag,5760.0,174,0.9865476342448819,88,0.55,2022_03_01
140,0.8566574475517567,0.5552941729610683,0.4,engert_20220301_visualmagnet_a,1.8063911199569702,,180.0,,,20220301,unknown,zebrafish,WB,mag,5760.0,175,0.9523650268311151,66,0.55,2022_03_01
141,0.5303339872618744,1.1254170321992274,0.4,engert_20220301_visualmagnet_a,1.0910152196884155,,180.0,,,20220301,unknown,zebrafish,WB,mag,5760.0,176,0.95236410018323,81,0.55,2022_03_01
142,0.6611399787304252,0.9087536254050114,0.4,engert_20220301_visualmagnet_a,1.5145413875579834,,180.0,,,20220301,unknown,zebrafish,WB,mag,5760.0,177,0.7149039291446743,78,0.55,2022_03_01
143,0.3930199150197642,1.3660488510644337,0.4,engert_20220301_visualmagnet_a,1.4645636081695557,,180.0,,,20220301,unknown,zebrafish,WB,mag,5760.0,178,0.9827910889979621,105,0.55,2022_03_01
144,0.6718764366930097,0.8908657227183505,0.4,engert_20220301_visualmagnet_a,1.3211078643798828,,180.0,,,20220301,unknown,zebrafish,WB,mag,5760.0,179,0.9190522558842035,111,0.55,2022_03_01
145,0.7492624850782894,0.7588403883095634,0.4,engert_20220301_visualmagnet_a,2.0154292583465576,,180.0,,,20220301,unknown,zebrafish,WB,mag,5760.0,181,0.895380447132443,67,0.55,2022_03_01
146,0.8133169368178162,0.6418781758114341,0.4,engert_20220301_visualmagnet_a,1.9813897609710693,,180.0,,,20220301,unknown,zebrafish,WB,mag,5760.0,182,0.9023327594323328,87,0.55,2022_03_01
147,0.23242112189732134,1.708332434292149,0.4,engert_20220301_visualmagnet_a,1.2531651258468628,,180.0,,,20220301,unknown,zebrafish,WB,mag,5760.0,183,0.9019790864796315,58,0.55,2022_03_01
148,0.336777992173546,1.4748871488157456,0.4,engert_20220301_visualmagnet_a,0.546946108341217,,180.0,,,20220301,unknown,zebrafish,WB,mag,5760.0,185,0.9205388558910094,72,0.55,2022_03_01
149,0.8280495823091988,0.6133203727481651,0.4,engert_20220301_visualmagnet_a,0.5859398245811462,,180.0,,,20220301,unknown,zebrafish,WB,mag,5760.0,186,0.8125220169324746,144,0.55,2022_03_01
150,0.31734704436167827,1.514698825350423,0.4,engert_20220301_visualmagnet_a,0.9832419157028198,,180.0,,,20220301,unknown,zebrafish,WB,mag,5760.0,187,0.936312109394172,103,0.55,2022_03_01
151,0.8565851602530341,0.555445812841996,0.4,engert_20220301_visualmagnet_a,0.6644601821899414,,180.0,,,20220301,unknown,zebrafish,WB,mag,5760.0,190,0.7302204821755569,88,0.55,2022_03_01
152,0.2574408638169028,1.647260307847121,0.4,engert_20220301_visualmagnet_a,1.8159219026565552,,180.0,,,20220301,unknown,zebrafish,WB,mag,5760.0,191,0.7584021441725304,82,0.55,2022_03_01
153,0.6255464513129934,0.9676963826627814,0.4,engert_20220301_visualmagnet_a,2.6616594791412354,,180.0,,,20220301,unknown,zebrafish,WB,mag,5760.0,193,0.9878302708185993,98,0.55,2022_03_01
154,0.16866728365557182,1.8871833502856339,0.4,engert_20220301_visualmagnet_a,0.8572344183921814,,180.0,,,20220301,unknown,zebrafish,WB,mag,5760.0,195,0.9486012985044283,91,0.55,2022_03_01
155,0.07870185637719396,2.256689829784076,0.4,engert_20220301_visualmagnet_a,2.1557860374450684,,180.0,,,20220301,unknown,zebrafish,WB,mag,5760.0,196,0.9658842038857018,212,0.55,2022_03_01
156,0.9431332265191813,0.34122847072932794,0.4,engert_20220301_visualmagnet_a,1.957810401916504,,180.0,,,20220301,unknown,zebrafish,WB,mag,5760.0,197,0.6639041121064052,65,0.55,2022_03_01
157,0.6040144229303812,1.0032214353141018,0.4,engert_20220301_visualmagnet_a,1.3715054988861084,,180.0,,,20220301,unknown,zebrafish,WB,mag,5760.0,198,0.9114536500568869,56,0.55,2022_03_01
158,0.4647677134238948,1.2371488160079613,0.4,engert_20220301_visualmagnet_a,1.3549041748046875,,180.0,,,20220301,unknown,zebrafish,WB,mag,5760.0,199,0.9659892846537272,115,0.55,2022_03_01
159,0.6753329981236602,0.8850918591912283,0.4,engert_20220301_visualmagnet_a,1.5519832372665405,,180.0,,,20220301,unknown,zebrafish,WB,mag,5760.0,200,0.9570852412071412,91,0.55,2022_03_01
160,0.6148953727092852,0.9852733321277791,0.4,engert_20220301_visualmagnet_a,0.8712109327316284,,180.0,,,20220301,unknown,zebrafish,WB,mag,5760.0,201,0.9168126540946403,89,0.55,2022_03_01
161,0.7265570454342736,0.7983173010576938,0.4,engert_20220301_visualmagnet_a,1.1690514087677002,,180.0,,,20220301,unknown,zebrafish,WB,mag,5760.0,202,0.9126408916155622,98,0.55,2022_03_01
162,0.6017158515298233,1.0070129535754773,0.4,engert_20220301_visualmagnet_a,2.255581855773926,,180.0,,,20220301,unknown,zebrafish,WB,mag,5760.0,204,0.6616968001131603,80,0.55,2022_03_01
163,0.6138595766417321,0.9869820530045413,0.4,engert_20220301_visualmagnet_a,0.5974876284599304,,180.0,,,20220301,unknown,zebrafish,WB,mag,5760.0,205,0.9178153192121353,108,0.55,2022_03_01
164,0.162820869976113,1.9058466385575865,0.4,engert_20220301_visualmagnet_a,0.591825544834137,,180.0,,,20220301,unknown,zebrafish,WB,mag,5760.0,206,0.663039172945884,52,0.55,2022_03_01
165,0.09607094715212183,2.1660439568987333,0.4,engert_20220301_visualmagnet_a,1.2692629098892212,,180.0,,,20220301,unknown,zebrafish,WB,mag,5760.0,207,0.7213005277530369,59,0.55,2022_03_01
166,0.7055008075276803,0.8343054876396411,0.4,engert_20220301_visualmagnet_a,2.146320104598999,,180.0,,,20220301,unknown,zebrafish,WB,mag,5760.0,209,0.9749697676140708,104,0.55,2022_03_01
167,0.05572500432312211,2.405664923441094,0.4,engert_20220301_visualmagnet_a,1.7827308177947998,,180.0,,,20220301,unknown,zebrafish,WB,mag,5760.0,210,0.9824161803750697,100,0.55,2022_03_01
168,0.749833454292351,0.7578371389689978,0.4,engert_20220301_visualmagnet_a,2.6913204193115234,,180.0,,,20220301,unknown,zebrafish,WB,mag,5760.0,214,0.9061928372207091,53,0.55,2022_03_01
169,0.22961221446193825,1.715452112330461,0.4,engert_20220301_visualmagnet_a,0.4211185872554779,,180.0,,,20220301,unknown,zebrafish,WB,mag,5760.0,215,0.9492019690364023,131,0.55,2022_03_01
170,0.6228192996639776,0.9721982434022671,0.4,engert_20220301_visualmagnet_a,2.627812623977661,,180.0,,,20220301,unknown,zebrafish,WB,mag,5760.0,216,0.7748786309760441,85,0.55,2022_03_01
171,0.9363265079839608,0.3617807632095856,0.4,engert_20220301_visualmagnet_a,1.1795281171798706,,180.0,,,20220301,unknown,zebrafish,WB,mag,5760.0,217,0.8518020246164669,54,0.55,2022_03_01
172,0.4331766289333696,1.2928201194844222,0.4,engert_20220301_visualmagnet_a,1.6791157722473145,,180.0,,,20220301,unknown,zebrafish,WB,mag,5760.0,219,0.6410085647818151,145,0.55,2022_03_01
173,0.028915081546328825,2.666269207966566,0.4,engert_20220301_visualmagnet_a,1.9859267473220825,,180.0,,,20220301,unknown,zebrafish,WB,mag,5760.0,220,0.9747089450548014,151,0.55,2022_03_01
174,0.9809273803025658,0.19519669093349243,0.4,engert_20220301_visualmagnet_a,2.0702898502349854,,180.0,,,20220301,unknown,zebrafish,WB,mag,5760.0,221,0.7339654174278095,85,0.55,2022_03_01
175,0.35993408976157715,1.4290341996474407,0.4,engert_20220301_visualmagnet_a,0.9659290909767151,,180.0,,,20220301,unknown,zebrafish,WB,mag,5760.0,222,0.8174553346216794,113,0.55,2022_03_01
176,0.8203521823508213,0.6283387259222766,0.4,engert_20220301_visualmagnet_a,1.765088677406311,,180.0,,,20220301,unknown,zebrafish,WB,mag,5760.0,223,0.9455847834094183,96,0.55,2022_03_01
177,0.28118382290223554,1.5926975286818827,0.4,engert_20220301_visualmagnet_a,2.282912254333496,,180.0,,,20220301,unknown,zebrafish,WB,mag,5760.0,224,0.8936076754730086,122,0.55,2022_03_01
178,0.6084502006735204,0.9959048888165382,0.4,engert_20220301_visualmagnet_a,2.514519453048706,,180.0,,,20220301,unknown,zebrafish,WB,mag,5760.0,225,0.835210901757534,125,0.55,2022_03_01
179,0.2429723270097912,1.6820824033699804,0.4,engert_20220301_visualmagnet_a,2.1638145446777344,,180.0,,,20220301,unknown,zebrafish,WB,mag,5760.0,226,0.9732873709038248,113,0.55,2022_03_01
180,0.7656189579272535,0.7298656522838375,0.4,engert_20220301_visualmagnet_a,2.2700328826904297,,180.0,,,20220301,unknown,zebrafish,WB,mag,5760.0,228,0.8593519197002334,68,0.55,2022_03_01
181,0.8724159678300227,0.521502462397646,0.4,engert_20220301_visualmagnet_a,1.2801380157470703,,180.0,,,20220301,unknown,zebrafish,WB,mag,5760.0,230,0.9396532298979643,89,0.55,2022_03_01
182,0.4971366069626665,1.1814616473211195,0.4,engert_20220301_visualmagnet_a,0.6327653527259827,,180.0,,,20220301,unknown,zebrafish,WB,mag,5760.0,231,0.7748480165347199,144,0.55,2022_03_01
183,0.8684826031621367,0.5300800618393939,0.4,engert_20220301_visualmagnet_a,1.054055094718933,,180.0,,,20220301,unknown,zebrafish,WB,mag,5760.0,233,0.845595395251408,91,0.55,2022_03_01
184,0.9117304084197874,0.4289473906503454,0.4,engert_20220301_visualmagnet_a,1.3727474212646484,,180.0,,,20220301,unknown,zebrafish,WB,mag,5760.0,234,0.8486709179485178,82,0.55,2022_03_01
185,0.9414225539089459,0.3464939101383131,0.4,engert_20220301_visualmagnet_a,1.6533080339431763,,180.0,,,20220301,unknown,zebrafish,WB,mag,5760.0,236,0.9474672781175967,76,0.55,2022_03_01
186,0.1021307618434456,2.137481194847556,0.4,engert_20220301_visualmagnet_a,1.88809335231781,,180.0,,,20220301,unknown,zebrafish,WB,mag,5760.0,237,0.8621152045929529,64,0.55,2022_03_01
187,0.38814843993432213,1.3751566557795014,0.4,engert_20220301_visualmagnet_a,1.7712663412094116,,180.0,,,20220301,unknown,zebrafish,WB,mag,5760.0,238,0.8927241889402677,77,0.55,2022_03_01
188,0.9739980527046325,0.22853401145728355,0.4,engert_20220301_visualmagnet_a,0.9330480694770813,,180.0,,,20220301,unknown,zebrafish,WB,mag,5760.0,239,0.9425944715650824,78,0.55,2022_03_01
189,0.6367598293013421,0.9491705827813726,0.4,engert_20220301_visualmagnet_a,2.4560160636901855,,180.0,,,20220301,unknown,zebrafish,WB,mag,5760.0,240,0.8766508839949064,140,0.55,2022_03_01
190,0.5467387633639192,1.098017479048054,0.4,engert_20220301_visualmagnet_a,1.353358507156372,,180.0,,,20220301,unknown,zebrafish,WB,mag,5760.0,241,0.8997077650862889,100,0.55,2022_03_01
191,0.5032123589703406,1.1711336561404557,0.4,engert_20220301_visualmagnet_a,2.5132811069488525,,180.0,,,20220301,unknown,zebrafish,WB,mag,5760.0,242,0.9717272856377124,77,0.55,2022_03_01
192,0.7418141093815022,0.771877994824952,0.4,engert_20220301_visualmagnet_a,0.7550442814826965,,180.0,,,20220301,unknown,zebrafish,WB,mag,5760.0,243,0.9316566779025095,153,0.55,2022_03_01
193,0.5533902252273069,1.0869509108106588,0.4,engert_20220301_visualmagnet_a,1.8020535707473755,,180.0,,,20220301,unknown,zebrafish,WB,mag,5760.0,244,0.9183500244113529,93,0.55,2022_03_01
194,0.6791040367191907,0.8787834872608622,0.4,engert_20220301_visualmagnet_a,1.4688488245010376,,180.0,,,20220301,unknown,zebrafish,WB,mag,5760.0,246,0.6188633768667973,79,0.55,2022_03_01
195,0.01494318113731441,2.905398409225098,0.4,engert_20220301_visualmagnet_a,2.300248622894287,,180.0,,,20220301,unknown,zebrafish,WB,mag,5760.0,247,0.814534213969541,114,0.55,2022_03_01
196,0.39018169282009973,1.3713487885800204,0.4,engert_20220301_visualmagnet_a,1.3310744762420654,,180.0,,,20220301,unknown,zebrafish,WB,mag,5760.0,251,0.6577520997107963,200,0.55,2022_03_01
197,0.32232284783366527,1.5043776444299102,0.4,engert_20220301_visualmagnet_a,1.0048683881759644,,180.0,,,20220301,unknown,zebrafish,WB,mag,5760.0,252,0.9290782359067699,78,0.55,2022_03_01
198,0.46469376726947087,1.2372774836992682,0.4,engert_20220301_visualmagnet_a,2.1014366149902344,,180.0,,,20220301,unknown,zebrafish,WB,mag,5760.0,253,0.8384491919555158,66,0.55,2022_03_01
199,0.21394464142352188,1.7562686391949967,0.4,engert_20220301_visualmagnet_a,0.6691017150878906,,180.0,,,20220301,unknown,zebrafish,WB,mag,5760.0,254,0.6373477200880645,130,0.55,2022_03_01
200,0.21151011952427667,1.7627899722138263,0.4,engert_20220301_visualmagnet_a,2.623776912689209,,180.0,,,20220301,unknown,zebrafish,WB,mag,5760.0,256,0.9153745386398315,101,0.55,2022_03_01
201,0.06194600983452281,2.36097995698266,0.4,engert_20220301_visualmagnet_a,0.8438283205032349,,180.0,,,20220301,unknown,zebrafish,WB,mag,5760.0,258,0.904338020972387,55,0.55,2022_03_01
202,0.9882935171126218,0.1523222837945664,0.4,engert_20220301_visualmagnet_a,2.381452798843384,,180.0,,,20220301,unknown,zebrafish,WB,mag,5760.0,259,0.8093060884988178,58,0.55,2022_03_01
203,0.8798465273554215,0.5050113776475754,0.4,engert_20220301_visualmagnet_a,1.2015663385391235,,180.0,,,20220301,unknown,zebrafish,WB,mag,5760.0,260,0.9728627893265517,99,0.55,2022_03_01
204,0.8790721698977776,0.5067482532892854,0.4,engert_20220301_visualmagnet_a,1.5018144845962524,,180.0,,,20220301,unknown,zebrafish,WB,mag,5760.0,261,0.8893097730361162,153,0.55,2022_03_01
205,0.05979443329588929,2.3759974900905965,0.4,engert_20220301_visualmagnet_a,1.362491250038147,,180.0,,,20220301,unknown,zebrafish,WB,mag,5760.0,262,0.921914645092689,101,0.55,2022_03_01
206,0.5451732674135212,1.1006254522152519,0.4,engert_20220301_visualmagnet_a,1.64024817943573,,180.0,,,20220301,unknown,zebrafish,WB,mag,5760.0,263,0.9721716574709198,180,0.55,2022_03_01
207,0.8953340077333474,0.4692656804120066,0.4,engert_20220301_visualmagnet_a,0.9494630694389343,,180.0,,,20220301,unknown,zebrafish,WB,mag,5760.0,265,0.8519149687687716,74,0.55,2022_03_01
208,0.8423887057111461,0.5847084271603256,0.4,engert_20220301_visualmagnet_a,1.9341720342636108,,180.0,,,20220301,unknown,zebrafish,WB,mag,5760.0,266,0.9009583497552436,61,0.55,2022_03_01
209,0.23071543204949896,1.712648976816432,0.4,engert_20220301_visualmagnet_a,1.319108486175537,,180.0,,,20220301,unknown,zebrafish,WB,mag,5760.0,268,0.9462975333074765,191,0.55,2022_03_01
210,0.7230773254666707,0.8043018425689343,0.4,engert_20220301_visualmagnet_a,1.8825833797454834,,180.0,,,20220301,unknown,zebrafish,WB,mag,5760.0,269,0.885661203256138,61,0.55,2022_03_01
211,0.9971173360676298,0.07434333210204697,0.4,engert_20220301_visualmagnet_a,1.3002887964248657,,180.0,,,20220301,unknown,zebrafish,WB,mag,5760.0,270,0.9586288347116474,103,0.55,2022_03_01
212,0.6856758686530398,0.8677651483824795,0.4,engert_20220301_visualmagnet_a,1.6615675687789917,,180.0,,,20220301,unknown,zebrafish,WB,mag,5760.0,271,0.8873324471380148,95,0.55,2022_03_01
213,0.4755420240096996,1.2184779117239752,0.4,engert_20220301_visualmagnet_a,0.6963750123977661,,180.0,,,20220301,unknown,zebrafish,WB,mag,5760.0,273,0.8927958225553935,82,0.55,2022_03_01
214,0.7360298139383499,0.7819419027153024,0.4,engert_20220301_visualmagnet_a,2.268073081970215,,180.0,,,20220301,unknown,zebrafish,WB,mag,5760.0,274,0.8933281574136779,119,0.55,2022_03_01
215,0.25652044321737943,1.6494377474641109,0.4,engert_20220301_visualmagnet_a,0.843683123588562,,180.0,,,20220301,unknown,zebrafish,WB,mag,5760.0,276,0.9373293951028246,109,0.55,2022_03_01
216,0.7058481833080412,0.8337158573488309,0.4,engert_20220301_visualmagnet_a,1.650946855545044,,180.0,,,20220301,unknown,zebrafish,WB,mag,5760.0,277,0.960579622674436,78,0.55,2022_03_01
217,0.13915337611926493,1.9868403384751925,0.4,engert_20220301_visualmagnet_a,2.8866078853607178,,180.0,,,20220301,unknown,zebrafish,WB,mag,5760.0,279,0.9505221609504956,115,0.55,2022_03_01
218,0.14070300401347258,1.9812372127575673,0.4,engert_20220301_visualmagnet_a,2.0314297676086426,,180.0,,,20220301,unknown,zebrafish,WB,mag,5760.0,280,0.970678037128305,120,0.55,2022_03_01
219,0.8864375458334558,0.49004147399465864,0.4,engert_20220301_visualmagnet_a,3.1900198459625244,,180.0,,,20220301,unknown,zebrafish,WB,mag,5760.0,281,0.9251048630919263,123,0.55,2022_03_01
220,0.6062482998607133,0.9995367714484062,0.4,engert_20220301_visualmagnet_a,1.0279301404953003,,180.0,,,20220301,unknown,zebrafish,WB,mag,5760.0,282,0.9803086733388117,110,0.55,2022_03_01
221,0.43859102303143493,1.283170712992903,0.4,engert_20220301_visualmagnet_a,1.0305730104446411,,180.0,,,20220301,unknown,zebrafish,WB,mag,5760.0,283,0.7800222047375125,63,0.55,2022_03_01
222,0.8097861606596689,0.6486101028881024,0.4,engert_20220301_visualmagnet_a,2.09519624710083,,180.0,,,20220301,unknown,zebrafish,WB,mag,5760.0,284,0.8479754637521238,93,0.55,2022_03_01
223,0.08821758454982143,2.2052578873598305,0.4,engert_20220301_visualmagnet_a,1.0966204404830933,,180.0,,,20220301,unknown,zebrafish,WB,mag,5760.0,285,0.8515351768883588,78,0.55,2022_03_01
224,0.0937467752311707,2.1773763034527427,0.4,engert_20220301_visualmagnet_a,0.9465755820274353,,180.0,,,20220301,unknown,zebrafish,WB,mag,5760.0,286,0.6589026000389383,103,0.55,2022_03_01
225,0.4884805909461952,1.1962388300283755,0.4,engert_20220301_visualmagnet_a,1.388766884803772,,180.0,,,20220301,unknown,zebrafish,WB,mag,5760.0,287,0.9697847312493845,79,0.55,2022_03_01
226,0.08597269095508231,2.2169756811102945,0.4,engert_20220301_visualmagnet_a,2.6097631454467773,,180.0,,,20220301,unknown,zebrafish,WB,mag,5760.0,288,0.9748453428824985,140,0.55,2022_03_01
227,0.5603576143427629,1.0753810404484754,0.4,engert_20220301_visualmagnet_a,1.189521312713623,,180.0,,,20220301,unknown,zebrafish,WB,mag,5760.0,290,0.9700209407781832,81,0.55,2022_03_01
228,0.6317811524504114,0.9573993986205774,0.4,engert_20220301_visualmagnet_a,2.22637939453125,,180.0,,,20220301,unknown,zebrafish,WB,mag,5760.0,292,0.9039502126451179,108,0.55,2022_03_01
229,0.4699112627888039,1.228217375030447,0.4,engert_20220301_visualmagnet_a,0.759185254573822,,180.0,,,20220301,unknown,zebrafish,WB,mag,5760.0,293,0.9015628110585434,74,0.55,2022_03_01
230,0.7868051875871732,0.6915109199218153,0.4,engert_20220301_visualmagnet_a,2.6047561168670654,,180.0,,,20220301,unknown,zebrafish,WB,mag,5760.0,294,0.9443059877736237,122,0.55,2022_03_01
231,0.21736802523532006,1.74718291013683,0.4,engert_20220301_visualmagnet_a,3.27284836769104,,180.0,,,20220301,unknown,zebrafish,WB,mag,5760.0,295,0.9780682818599306,89,0.55,2022_03_01
232,0.2495674813594626,1.666049057987802,0.4,engert_20220301_visualmagnet_a,1.5435723066329956,,180.0,,,20220301,unknown,zebrafish,WB,mag,5760.0,296,0.6427580228325223,80,0.55,2022_03_01
233,0.7808047795914994,0.7024788535689956,0.4,engert_20220301_visualmagnet_a,0.5653837323188782,,180.0,,,20220301,unknown,zebrafish,WB,mag,5760.0,298,0.5744797293958389,69,0.55,2022_03_01
234,0.8633275082323115,0.5411735710651494,0.4,engert_20220301_visualmagnet_a,2.529904842376709,,180.0,,,20220301,unknown,zebrafish,WB,mag,5760.0,299,0.7390041146577677,83,0.55,2022_03_01
235,0.8889978235304528,0.48413259321198143,0.4,engert_20220301_visualmagnet_a,1.6051232814788818,,180.0,,,20220301,unknown,zebrafish,WB,mag,5760.0,300,0.8453662378575096,82,0.55,2022_03_01
236,0.4162761284353319,1.3232633298521281,0.4,engert_20220301_visualmagnet_a,0.997672438621521,,180.0,,,20220301,unknown,zebrafish,WB,mag,5760.0,302,0.9222205773355538,118,0.55,2022_03_01
237,0.7369957426186255,0.7802648242037418,0.4,engert_20220301_visualmagnet_a,2.53583025932312,,180.0,,,20220301,unknown,zebrafish,WB,mag,5760.0,303,0.8988363277506543,48,0.55,2022_03_01
238,0.5197356252139147,1.1432127124184972,0.4,engert_20220301_visualmagnet_a,2.7100086212158203,,180.0,,,20220301,unknown,zebrafish,WB,mag,5760.0,305,0.8814400468833478,54,0.55,2022_03_01
239,0.26443439931944157,1.630874241230755,0.4,engert_20220301_visualmagnet_a,1.9804933071136475,,180.0,,,20220301,unknown,zebrafish,WB,mag,5760.0,306,0.9272431558731207,69,0.55,2022_03_01
240,0.8254416053928709,0.6184337883178087,0.4,engert_20220301_visualmagnet_a,2.1451640129089355,,180.0,,,20220301,unknown,zebrafish,WB,mag,5760.0,307,0.7177782682412811,71,0.55,2022_03_01
241,0.6827248702131199,0.8727168224040003,0.4,engert_20220301_visualmagnet_a,1.0033601522445679,,180.0,,,20220301,unknown,zebrafish,WB,mag,5760.0,310,0.8627990642561781,122,0.55,2022_03_01
242,0.8544734767633364,0.5598638816947643,0.4,engert_20220301_visualmagnet_a,1.0593825578689575,,180.0,,,20220301,unknown,zebrafish,WB,mag,5760.0,311,0.9403820101604902,99,0.55,2022_03_01
243,0.0656038544382237,2.3364056460296,0.4,engert_20220301_visualmagnet_a,1.8473010063171387,,180.0,,,20220301,unknown,zebrafish,WB,mag,5760.0,312,0.9596139266626247,100,0.55,2022_03_01
244,0.7055949635241957,0.8341456965133588,0.4,engert_20220301_visualmagnet_a,2.5646162033081055,,180.0,,,20220301,unknown,zebrafish,WB,mag,5760.0,313,0.7023321377900064,74,0.55,2022_03_01
245,0.6571997885831615,0.915302620352749,0.4,engert_20220301_visualmagnet_a,1.3531405925750732,,180.0,,,20220301,unknown,zebrafish,WB,mag,5760.0,314,0.7188704356035999,77,0.55,2022_03_01
246,0.4358281593801999,1.288088617780624,0.4,engert_20220301_visualmagnet_a,0.4891519546508789,,180.0,,,20220301,unknown,zebrafish,WB,mag,5760.0,315,0.9821828082255496,133,0.55,2022_03_01
247,0.9897738292381576,0.14220709478683732,0.4,engert_20220301_visualmagnet_a,1.8011417388916016,,180.0,,,20220301,unknown,zebrafish,WB,mag,5760.0,316,0.9755921559027346,90,0.55,2022_03_01
248,0.329980344530867,1.4886665148718734,0.4,engert_20220301_visualmagnet_a,2.692415237426758,,180.0,,,20220301,unknown,zebrafish,WB,mag,5760.0,317,0.9661356696490669,113,0.55,2022_03_01
249,0.9725576813340296,0.23489897712888558,0.4,engert_20220301_visualmagnet_a,1.8121957778930664,,180.0,,,20220301,unknown,zebrafish,WB,mag,5760.0,318,0.9452318519558551,118,0.55,2022_03_01
250,0.3205448727256546,1.508055207729246,0.4,engert_20220301_visualmagnet_a,2.397507905960083,,180.0,,,20220301,unknown,zebrafish,WB,mag,5760.0,319,0.9543400400131481,89,0.55,2022_03_01
251,0.6094739922455644,0.9942162014340648,0.4,engert_20220301_visualmagnet_a,1.287659764289856,,180.0,,,20220301,unknown,zebrafish,WB,mag,5760.0,322,0.9395383335706815,124,0.55,2022_03_01
252,0.2464845028251864,1.6735096599916517,0.4,engert_20220301_visualmagnet_a,1.240160584449768,,180.0,,,20220301,unknown,zebrafish,WB,mag,5760.0,323,0.7670468273653759,111,0.55,2022_03_01
253,0.47637834787934796,1.2170345638700335,0.4,engert_20220301_visualmagnet_a,0.9663293361663818,,180.0,,,20220301,unknown,zebrafish,WB,mag,5760.0,324,0.9667867057330175,75,0.55,2022_03_01
254,0.1198357640618225,2.060983680179109,0.4,engert_20220301_visualmagnet_a,0.998729407787323,,180.0,,,20220301,unknown,zebrafish,WB,mag,5760.0,326,0.9215760548275848,98,0.55,2022_03_01
255,0.9490013952300566,0.32259157356060486,0.4,engert_20220301_visualmagnet_a,1.5707576274871826,,180.0,,,20220301,unknown,zebrafish,WB,mag,5760.0,327,0.6340118759989677,130,0.55,2022_03_01
256,0.8968049471706478,0.46576201692803926,0.4,engert_20220301_visualmagnet_a,1.9388072490692139,,180.0,,,20220301,unknown,zebrafish,WB,mag,5760.0,328,0.7503709203341289,182,0.55,2022_03_01
257,0.8269196346608251,0.615539056533643,0.4,engert_20220301_visualmagnet_a,1.6091398000717163,,180.0,,,20220301,unknown,zebrafish,WB,mag,5760.0,329,0.9094622893726787,77,0.55,2022_03_01
258,0.4893555838245749,1.1947415579863485,0.4,engert_20220301_visualmagnet_a,1.708831787109375,,180.0,,,20220301,unknown,zebrafish,WB,mag,5760.0,330,0.8499449694849065,62,0.55,2022_03_01
259,0.37776731881610537,1.3947488618030888,0.4,engert_20220301_visualmagnet_a,1.1805238723754883,,180.0,,,20220301,unknown,zebrafish,WB,mag,5760.0,333,0.5797022355318555,41,0.55,2022_03_01
260,0.41052463245195703,1.333743140761809,0.4,engert_20220301_visualmagnet_a,1.2155293226242065,,180.0,,,20220301,unknown,zebrafish,WB,mag,5760.0,334,0.8970496190565012,88,0.55,2022_03_01
261,0.15827388991300506,1.9207012316478997,0.4,engert_20220301_visualmagnet_a,1.4771106243133545,,180.0,,,20220301,unknown,zebrafish,WB,mag,5760.0,335,0.9094998544147056,74,0.55,2022_03_01
262,0.912456363573757,0.42709208689377426,0.4,engert_20220301_visualmagnet_a,1.5932817459106445,,180.0,,,20220301,unknown,zebrafish,WB,mag,5760.0,336,0.777485019915796,94,0.55,2022_03_01
263,0.7571410315881554,0.7449462366256527,0.4,engert_20220301_visualmagnet_a,0.9358784556388855,,180.0,,,20220301,unknown,zebrafish,WB,mag,5760.0,337,0.9830445405661091,126,0.55,2022_03_01
264,0.43724212350696523,1.285570247968346,0.4,engert_20220301_visualmagnet_a,2.250567674636841,,180.0,,,20220301,unknown,zebrafish,WB,mag,5760.0,339,0.9742084532140916,100,0.55,2022_03_01
265,0.8952787468581027,0.4693968741312654,0.4,engert_20220301_visualmagnet_a,1.4940975904464722,,180.0,,,20220301,unknown,zebrafish,WB,mag,5760.0,340,0.8735656589283493,71,0.55,2022_03_01
266,0.1129563843715492,2.089595431657336,0.4,engert_20220301_visualmagnet_a,1.0100297927856445,,180.0,,,20220301,unknown,zebrafish,WB,mag,5760.0,341,0.9792506490499004,109,0.55,2022_03_01
267,0.4940876378329201,1.1866580054899523,0.4,engert_20220301_visualmagnet_a,1.3707058429718018,,180.0,,,20220301,unknown,zebrafish,WB,mag,5760.0,342,0.8399278110848862,76,0.55,2022_03_01
268,0.03949975832034558,2.5456327352665826,0.4,engert_20220301_visualmagnet_a,1.2642090320587158,,180.0,,,20220301,unknown,zebrafish,WB,mag,5760.0,343,0.8877979239487909,129,0.55,2022_03_01
269,0.012760935647764482,2.959786304505102,0.4,engert_20220301_visualmagnet_a,0.7717716097831726,,180.0,,,20220301,unknown,zebrafish,WB,mag,5760.0,344,0.8892987075676616,99,0.55,2022_03_01
270,0.39835386260046857,1.3561366355583309,0.4,engert_20220301_visualmagnet_a,1.609775424003601,,180.0,,,20220301,unknown,zebrafish,WB,mag,5760.0,345,0.9556854150123605,82,0.55,2022_03_01
271,0.5076229901085069,1.1636576728251373,0.4,engert_20220301_visualmagnet_a,1.674657940864563,,180.0,,,20220301,unknown,zebrafish,WB,mag,5760.0,346,0.6042754767673107,121,0.55,2022_03_01
272,0.36740183824591877,1.4145757444370932,0.4,engert_20220301_visualmagnet_a,0.6840182542800903,,180.0,,,20220301,unknown,zebrafish,WB,mag,5760.0,347,0.5797095161510234,42,0.55,2022_03_01
273,0.16278288490793946,1.905969404278997,0.4,engert_20220301_visualmagnet_a,1.138413906097412,,180.0,,,20220301,unknown,zebrafish,WB,mag,5760.0,349,0.9623279232924593,65,0.55,2022_03_01
274,0.08599152649919095,2.2168764276171466,0.4,engert_20220301_visualmagnet_a,0.8159849047660828,,180.0,,,20220301,unknown,zebrafish,WB,mag,5760.0,350,0.8183943125359743,96,0.55,2022_03_01
275,0.3589481755215561,1.4309544477769391,0.4,engert_20220301_visualmagnet_a,2.0369904041290283,,180.0,,,20220301,unknown,zebrafish,WB,mag,5760.0,351,0.9660926200365928,105,0.55,2022_03_01
276,0.8363767502662648,0.5968112994340143,0.4,engert_20220301_visualmagnet_a,1.3047852516174316,,180.0,,,20220301,unknown,zebrafish,WB,mag,5760.0,352,0.7760425878258937,142,0.55,2022_03_01
277,0.9285411526478132,0.3841122371175013,0.4,engert_20220301_visualmagnet_a,0.46375420689582825,,180.0,,,20220301,unknown,zebrafish,WB,mag,5760.0,353,0.5946609858079198,83,0.55,2022_03_01
278,0.023699302230630992,2.740479179914424,0.4,engert_20220301_visualmagnet_a,1.8395506143569946,,180.0,,,20220301,unknown,zebrafish,WB,mag,5760.0,354,0.8720755541477581,108,0.55,2022_03_01
279,0.2486718356549379,1.668210354387057,0.4,engert_20220301_visualmagnet_a,3.1230967044830322,,180.0,,,20220301,unknown,zebrafish,WB,mag,5760.0,355,0.6355090516608772,161,0.55,2022_03_01
280,0.34164765226352956,1.4651086925200263,0.4,engert_20220301_visualmagnet_a,1.8318204879760742,,180.0,,,20220301,unknown,zebrafish,WB,mag,5760.0,358,0.9757659567654444,88,0.55,2022_03_01
281,0.9967031508864946,0.07969557034292891,0.4,engert_20220301_visualmagnet_a,2.2156412601470947,,180.0,,,20220301,unknown,zebrafish,WB,mag,5760.0,359,0.9582622343413822,157,0.55,2022_03_01
282,0.5268453007663958,1.1312659797057456,0.4,engert_20220301_visualmagnet_a,1.5209567546844482,,180.0,,,20220301,unknown,zebrafish,WB,mag,5760.0,360,0.8865620239172507,94,0.55,2022_03_01
283,0.1878995242362631,1.8288862753790993,0.4,engert_20220301_visualmagnet_a,2.2914836406707764,,180.0,,,20220301,unknown,zebrafish,WB,mag,5760.0,361,0.912567272037404,73,0.55,2022_03_01
284,0.5347668071677628,1.1179969661532503,0.4,engert_20220301_visualmagnet_a,1.400841236114502,,180.0,,,20220301,unknown,zebrafish,WB,mag,5760.0,362,0.8630613643824666,70,0.55,2022_03_01
285,0.05484659463828789,2.4123030883986676,0.4,engert_20220301_visualmagnet_a,2.35209059715271,,180.0,,,20220301,unknown,zebrafish,WB,mag,5760.0,364,0.9630995971202049,111,0.55,2022_03_01
286,0.9085222105158035,0.4370695599617552,0.4,engert_20220301_visualmagnet_a,0.7453759908676147,,180.0,,,20220301,unknown,zebrafish,WB,mag,5760.0,365,0.936721308511791,86,0.55,2022_03_01
287,0.8712522088643259,0.5240509589718844,0.4,engert_20220301_visualmagnet_a,2.6816930770874023,,180.0,,,20220301,unknown,zebrafish,WB,mag,5760.0,366,0.778213690191196,132,0.55,2022_03_01
288,0.8821250198714624,0.4998742985074826,0.4,engert_20220301_visualmagnet_a,0.6277449131011963,,180.0,,,20220301,unknown,zebrafish,WB,mag,5760.0,367,0.9699753098812874,78,0.55,2022_03_01
289,0.31515947832479607,1.5192653826744618,0.4,engert_20220301_visualmagnet_a,2.7559361457824707,,180.0,,,20220301,unknown,zebrafish,WB,mag,5760.0,369,0.937445060827296,85,0.55,2022_03_01
290,0.25177509038818047,1.6607432339148016,0.4,engert_20220301_visualmagnet_a,1.3210548162460327,,180.0,,,20220301,unknown,zebrafish,WB,mag,5760.0,370,0.970877053259047,78,0.55,2022_03_01
291,0.8666370540290999,0.5340704417652251,0.4,engert_20220301_visualmagnet_a,0.7139185070991516,,180.0,,,20220301,unknown,zebrafish,WB,mag,5760.0,371,0.9541645337789847,65,0.55,2022_03_01
292,0.04189439697410213,2.522235219583184,0.4,engert_20220301_visualmagnet_a,0.6544215679168701,,180.0,,,20220301,unknown,zebrafish,WB,mag,5760.0,372,0.6366823657231502,109,0.55,2022_03_01
293,0.11438462159611706,2.083547091039873,0.4,engert_20220301_visualmagnet_a,1.767106533050537,,180.0,,,20220301,unknown,zebrafish,WB,mag,5760.0,374,0.9385533193544127,107,0.55,2022_03_01
294,0.8836319642236493,0.49645491172157724,0.4,engert_20220301_visualmagnet_a,1.3974775075912476,,180.0,,,20220301,unknown,zebrafish,WB,mag,5760.0,376,0.8928586624536173,98,0.55,2022_03_01
295,0.06806088355579376,2.3205215506102315,0.4,engert_20220301_visualmagnet_a,1.5120384693145752,,180.0,,,20220301,unknown,zebrafish,WB,mag,5760.0,377,0.7844556823586608,78,0.55,2022_03_01
296,0.09415139037767772,2.1753876494933597,0.4,engert_20220301_visualmagnet_a,2.449049949645996,,180.0,,,20220301,unknown,zebrafish,WB,mag,5760.0,378,0.9318922054484344,96,0.55,2022_03_01
297,0.14617605201586892,1.9618087707242717,0.4,engert_20220301_visualmagnet_a,1.7174853086471558,,180.0,,,20220301,unknown,zebrafish,WB,mag,5760.0,379,0.9026724118302262,95,0.55,2022_03_01
298,0.03275331469196374,2.6187197469516637,0.4,engert_20220301_visualmagnet_a,1.5167930126190186,,180.0,,,20220301,unknown,zebrafish,WB,mag,5760.0,380,0.9399566090862687,95,0.55,2022_03_01
299,0.6071580750551416,0.9980361611941931,0.4,engert_20220301_visualmagnet_a,2.3133554458618164,,180.0,,,20220301,unknown,zebrafish,WB,mag,5760.0,382,0.9613253712851374,116,0.55,2022_03_01
300,0.23889812358116114,1.692128453743023,0.4,engert_20220301_visualmagnet_a,2.9735569953918457,,180.0,,,20220301,unknown,zebrafish,WB,mag,5760.0,383,0.9662968494718387,101,0.55,2022_03_01
301,0.8763684311734129,0.5127789771452926,0.4,engert_20220301_visualmagnet_a,0.9468802809715271,,180.0,,,20220301,unknown,zebrafish,WB,mag,5760.0,384,0.7769426413798193,148,0.55,2022_03_01
302,0.9886545801345439,0.14991686600508544,0.4,engert_20220301_visualmagnet_a,1.0149978399276733,,180.0,,,20220301,unknown,zebrafish,WB,mag,5760.0,385,0.9628319555728893,66,0.55,2022_03_01
303,0.31175884346643334,1.5264002454597105,0.4,engert_20220301_visualmagnet_a,1.715493083000183,,180.0,,,20220301,unknown,zebrafish,WB,mag,5760.0,386,0.9268333783640811,99,0.55,2022_03_01
304,0.7496451484164548,0.7581680718200065,0.4,engert_20220301_visualmagnet_a,1.766988754272461,,180.0,,,20220301,unknown,zebrafish,WB,mag,5760.0,387,0.9792278177557459,100,0.55,2022_03_01
305,0.5664325433500312,1.065309519216267,0.4,engert_20220301_visualmagnet_a,2.08929443359375,,180.0,,,20220301,unknown,zebrafish,WB,mag,5760.0,388,0.9117621666186455,102,0.55,2022_03_01
306,0.24326833591952168,1.6813568781683572,0.4,engert_20220301_visualmagnet_a,1.9977003335952759,,180.0,,,20220301,unknown,zebrafish,WB,mag,5760.0,391,0.7970563444180991,70,0.55,2022_03_01
307,0.49742151701898885,1.1809765070078384,0.4,engert_20220301_visualmagnet_a,1.1043405532836914,,180.0,,,20220301,unknown,zebrafish,WB,mag,5760.0,392,0.8537222737383154,83,0.55,2022_03_01
308,0.15955248662445787,1.916493100790141,0.4,engert_20220301_visualmagnet_a,2.2969746589660645,,180.0,,,20220301,unknown,zebrafish,WB,mag,5760.0,393,0.9310402880734776,87,0.55,2022_03_01
309,0.1272383788273479,2.0315692150820763,0.4,engert_20220301_visualmagnet_a,3.3717029094696045,,180.0,,,20220301,unknown,zebrafish,WB,mag,5760.0,394,0.9537658683337344,82,0.55,2022_03_01
310,0.06570662085021295,2.335731576273245,0.4,engert_20220301_visualmagnet_a,2.7812271118164062,,180.0,,,20220301,unknown,zebrafish,WB,mag,5760.0,395,0.9566159428429799,85,0.55,2022_03_01
311,0.29628559826868905,1.5594461766178627,0.4,engert_20220301_visualmagnet_a,2.811511754989624,,180.0,,,20220301,unknown,zebrafish,WB,mag,5760.0,397,0.9817751402487871,101,0.55,2022_03_01
312,0.7845648868682022,0.6956162440449455,0.4,engert_20220301_visualmagnet_a,0.497769296169281,,180.0,,,20220301,unknown,zebrafish,WB,mag,5760.0,399,0.9531219427664036,89,0.55,2022_03_01
313,0.6666961113925018,0.8995049054492705,0.4,engert_20220301_visualmagnet_a,1.3933268785476685,,180.0,,,20220301,unknown,zebrafish,WB,mag,5760.0,400,0.7576547021880646,84,0.55,2022_03_01
314,0.43194524961460634,1.2950213764078065,0.4,engert_20220301_visualmagnet_a,2.660147190093994,,180.0,,,20220301,unknown,zebrafish,WB,mag,5760.0,401,0.9642253829525772,105,0.55,2022_03_01
315,0.4037804349627402,1.3461145530113405,0.4,engert_20220301_visualmagnet_a,1.5547960996627808,,180.0,,,20220301,unknown,zebrafish,WB,mag,5760.0,402,0.9342435555483974,78,0.55,2022_03_01
316,0.552266649443528,1.0888187686741784,0.4,engert_20220301_visualmagnet_a,1.8672046661376953,,180.0,,,20220301,unknown,zebrafish,WB,mag,5760.0,403,0.9824581654503679,110,0.55,2022_03_01
317,0.21397806251951323,1.756179436165769,0.4,engert_20220301_visualmagnet_a,1.1776009798049927,,180.0,,,20220301,unknown,zebrafish,WB,mag,5760.0,406,0.8637667058882705,198,0.55,2022_03_01
318,0.18787981907374596,1.8289437591930158,0.4,engert_20220301_visualmagnet_a,0.6180107593536377,,180.0,,,20220301,unknown,zebrafish,WB,mag,5760.0,407,0.8787659300178101,121,0.55,2022_03_01
319,0.06951861521504721,2.3113176351182783,0.4,engert_20220301_visualmagnet_a,1.7870477437973022,,180.0,,,20220301,unknown,zebrafish,WB,mag,5760.0,410,0.5936321465617496,67,0.55,2022_03_01
320,0.9027710932218633,0.45133346414601666,0.4,engert_20220301_visualmagnet_a,1.4398951530456543,,180.0,,,20220301,unknown,zebrafish,WB,mag,5760.0,411,0.9735174374151968,74,0.55,2022_03_01
321,0.19498266094046546,1.808480601450488,0.4,engert_20220301_visualmagnet_a,2.2844436168670654,,180.0,,,20220301,unknown,zebrafish,WB,mag,5760.0,412,0.9485968767925395,66,0.55,2022_03_01
322,0.1735206444326144,1.8720414726950783,0.4,engert_20220301_visualmagnet_a,2.1034774780273438,,180.0,,,20220301,unknown,zebrafish,WB,mag,5760.0,413,0.9583213962395825,105,0.55,2022_03_01
323,0.16007987227050002,1.9147644718176424,0.4,engert_20220301_visualmagnet_a,2.834594964981079,,180.0,,,20220301,unknown,zebrafish,WB,mag,5760.0,414,0.9383742972937809,110,0.55,2022_03_01
324,0.2424037155465164,1.6834779503275867,0.4,engert_20220301_visualmagnet_a,1.0780593156814575,,180.0,,,20220301,unknown,zebrafish,WB,mag,5760.0,415,0.97421145048834,96,0.55,2022_03_01
325,0.6772528680400636,0.8818814466511192,0.4,engert_20220301_visualmagnet_a,2.280327320098877,,180.0,,,20220301,unknown,zebrafish,WB,mag,5760.0,416,0.9110187801450673,91,0.55,2022_03_01
326,0.6885078545876877,0.8630067172585794,0.4,engert_20220301_visualmagnet_a,2.062549352645874,,180.0,,,20220301,unknown,zebrafish,WB,mag,5760.0,417,0.9305084174679278,90,0.55,2022_03_01
327,0.20570826868323977,1.7785402966733805,0.4,engert_20220301_visualmagnet_a,1.1731348037719727,,180.0,,,20220301,unknown,zebrafish,WB,mag,5760.0,418,0.6655704076798441,81,0.55,2022_03_01
328,0.05140538862262989,2.4391904480315696,0.4,engert_20220301_visualmagnet_a,2.828965663909912,,180.0,,,20220301,unknown,zebrafish,WB,mag,5760.0,419,0.9934354497152919,82,0.55,2022_03_01
329,0.6721069895750006,0.8904808312294409,0.4,engert_20220301_visualmagnet_a,2.6248884201049805,,180.0,,,20220301,unknown,zebrafish,WB,mag,5760.0,420,0.9806727316757504,90,0.55,2022_03_01
330,0.24392735998646753,1.6797434392741628,0.4,engert_20220301_visualmagnet_a,1.1598305702209473,,180.0,,,20220301,unknown,zebrafish,WB,mag,5760.0,421,0.8409081337214906,89,0.55,2022_03_01
331,0.030207016535978792,2.6496891496458774,0.4,engert_20220301_visualmagnet_a,1.7640678882598877,,180.0,,,20220301,unknown,zebrafish,WB,mag,5760.0,423,0.9776437319961095,95,0.55,2022_03_01
332,0.3923439001007769,1.3673096124375117,0.4,engert_20220301_visualmagnet_a,2.3609280586242676,,180.0,,,20220301,unknown,zebrafish,WB,mag,5760.0,424,0.9471811124779215,77,0.55,2022_03_01
333,0.19779936957016497,1.8005096473733941,0.4,engert_20220301_visualmagnet_a,1.6868281364440918,,180.0,,,20220301,unknown,zebrafish,WB,mag,5760.0,425,0.9642710681770411,114,0.55,2022_03_01
334,0.09332160581824012,2.1794733224885774,0.4,engert_20220301_visualmagnet_a,2.0813910961151123,,180.0,,,20220301,unknown,zebrafish,WB,mag,5760.0,426,0.7954204130487471,63,0.55,2022_03_01
335,0.016128127693099348,2.878748506672115,0.4,engert_20220301_visualmagnet_a,2.781956911087036,,180.0,,,20220301,unknown,zebrafish,WB,mag,5760.0,427,0.9512500639788801,88,0.55,2022_03_01
336,0.09975818767212352,2.1485015033090633,0.4,engert_20220301_visualmagnet_a,1.6774554252624512,,180.0,,,20220301,unknown,zebrafish,WB,mag,5760.0,428,0.8107633049593989,91,0.55,2022_03_01
337,0.38759852406955897,1.3761881707538142,0.4,engert_20220301_visualmagnet_a,1.3742820024490356,,180.0,,,20220301,unknown,zebrafish,WB,mag,5760.0,429,0.9333323487845243,66,0.55,2022_03_01
338,0.042715854535369635,2.5144691773817893,0.4,engert_20220301_visualmagnet_a,3.3766589164733887,,180.0,,,20220301,unknown,zebrafish,WB,mag,5760.0,430,0.8205226595108104,126,0.55,2022_03_01
339,0.9232301279533873,0.3987309656090143,0.4,engert_20220301_visualmagnet_a,1.5441118478775024,,180.0,,,20220301,unknown,zebrafish,WB,mag,5760.0,432,0.9804910694604833,92,0.55,2022_03_01
340,0.8646176239303008,0.5384124658257827,0.4,engert_20220301_visualmagnet_a,1.934437870979309,,180.0,,,20220301,unknown,zebrafish,WB,mag,5760.0,433,0.9317996686576555,129,0.55,2022_03_01
341,0.3119865118158446,1.525921117981964,0.4,engert_20220301_visualmagnet_a,0.8362800478935242,,180.0,,,20220301,unknown,zebrafish,WB,mag,5760.0,436,0.7800222047375125,60,0.55,2022_03_01
342,0.994223608291606,0.10629965946359123,0.4,engert_20220301_visualmagnet_a,1.6277928352355957,,180.0,,,20220301,unknown,zebrafish,WB,mag,5760.0,438,0.9766832868564373,97,0.55,2022_03_01
343,0.03671508377664934,2.57440387570873,0.4,engert_20220301_visualmagnet_a,1.1461735963821411,,180.0,,,20220301,unknown,zebrafish,WB,mag,5760.0,440,0.9800691004497681,99,0.55,2022_03_01
344,0.5627008433589836,1.071494554337215,0.4,engert_20220301_visualmagnet_a,0.919511616230011,,180.0,,,20220301,unknown,zebrafish,WB,mag,5760.0,441,0.7205873284950912,60,0.55,2022_03_01
345,0.26694960286130986,1.6250476049839684,0.4,engert_20220301_visualmagnet_a,1.7226922512054443,,180.0,,,20220301,unknown,zebrafish,WB,mag,5760.0,442,0.7390041146577677,75,0.55,2022_03_01
346,0.9325163532903372,0.3728533562112898,0.4,engert_20220301_visualmagnet_a,2.192197322845459,,180.0,,,20220301,unknown,zebrafish,WB,mag,5760.0,443,0.6370404929963976,66,0.55,2022_03_01
347,0.7647146761816203,0.7314808883273715,0.4,engert_20220301_visualmagnet_a,2.439046859741211,,180.0,,,20220301,unknown,zebrafish,WB,mag,5760.0,444,0.9727141021743567,96,0.55,2022_03_01
348,0.48872639017442965,1.195818134173552,0.4,engert_20220301_visualmagnet_a,1.515448808670044,,180.0,,,20220301,unknown,zebrafish,WB,mag,5760.0,447,0.8932970396144826,104,0.55,2022_03_01
349,0.9686102351698227,0.2515636720849378,0.4,engert_20220301_visualmagnet_a,1.443068504333496,,180.0,,,20220301,unknown,zebrafish,WB,mag,5760.0,448,0.7848908325613694,134,0.55,2022_03_01
350,0.14294208687870824,1.973221960656169,0.4,engert_20220301_visualmagnet_a,2.2461490631103516,,180.0,,,20220301,unknown,zebrafish,WB,mag,5760.0,449,0.7170753305435674,54,0.55,2022_03_01
351,0.3496427646801292,1.4492146578492988,0.4,engert_20220301_visualmagnet_a,1.9882692098617554,,180.0,,,20220301,unknown,zebrafish,WB,mag,5760.0,450,0.9700179657823963,84,0.55,2022_03_01
352,0.5490582691351745,1.09415581271035,0.4,engert_20220301_visualmagnet_a,3.121716022491455,,180.0,,,20220301,unknown,zebrafish,WB,mag,5760.0,453,0.9563748211298511,95,0.55,2022_03_01
353,0.4215399593732255,1.3137267567346058,0.4,engert_20220301_visualmagnet_a,3.0281176567077637,,180.0,,,20220301,unknown,zebrafish,WB,mag,5760.0,454,0.8328292956712267,109,0.55,2022_03_01
354,0.23977796756507064,1.6899495400432858,0.4,engert_20220301_visualmagnet_a,1.3958637714385986,,180.0,,,20220301,unknown,zebrafish,WB,mag,5760.0,455,0.9731687729696539,116,0.55,2022_03_01
355,0.17499042678822208,1.8675161293330387,0.4,engert_20220301_visualmagnet_a,2.9939441680908203,,180.0,,,20220301,unknown,zebrafish,WB,mag,5760.0,456,0.8847092996597137,78,0.55,2022_03_01
356,0.6136515611841147,0.9873251988583084,0.4,engert_20220301_visualmagnet_a,1.4468586444854736,,180.0,,,20220301,unknown,zebrafish,WB,mag,5760.0,457,0.8183375562991426,46,0.55,2022_03_01
357,0.6214592363690882,0.9744429624337414,0.4,engert_20220301_visualmagnet_a,1.3762158155441284,,180.0,,,20220301,unknown,zebrafish,WB,mag,5760.0,459,0.9778580252325555,76,0.55,2022_03_01
358,0.02102802957915051,2.784161296940532,0.4,engert_20220301_visualmagnet_a,1.0250670909881592,,180.0,,,20220301,unknown,zebrafish,WB,mag,5760.0,460,0.7779113128349096,62,0.55,2022_03_01
359,0.7934211852102053,0.6793120023254029,0.4,engert_20220301_visualmagnet_a,1.542873740196228,,180.0,,,20220301,unknown,zebrafish,WB,mag,5760.0,461,0.6040197315303173,68,0.55,2022_03_01
360,0.23692708072204227,1.6970286666094756,0.4,engert_20220301_visualmagnet_a,2.76379656791687,,180.0,,,20220301,unknown,zebrafish,WB,mag,5760.0,462,0.8769332631906498,80,0.55,2022_03_01
361,0.05218688141208305,2.432955648153643,0.4,engert_20220301_visualmagnet_a,1.8642990589141846,,180.0,,,20220301,unknown,zebrafish,WB,mag,5760.0,463,0.9316273607271081,61,0.55,2022_03_01
362,0.6543592302305916,0.9200192887509232,0.4,engert_20220301_visualmagnet_a,1.013789415359497,,180.0,,,20220301,unknown,zebrafish,WB,mag,5760.0,465,0.8549122374267382,99,0.55,2022_03_01
363,0.22351246997757968,1.7311142823743648,0.4,engert_20220301_visualmagnet_a,1.7771666049957275,,180.0,,,20220301,unknown,zebrafish,WB,mag,5760.0,466,0.9563748211298511,89,0.55,2022_03_01
364,0.5185787590569837,1.1451602453006269,0.4,engert_20220301_visualmagnet_a,0.7955970168113708,,180.0,,,20220301,unknown,zebrafish,WB,mag,5760.0,467,0.8269391635808198,105,0.55,2022_03_01
365,0.9896271880927424,0.14324014254651635,0.4,engert_20220301_visualmagnet_a,2.854732036590576,,180.0,,,20220301,unknown,zebrafish,WB,mag,5760.0,468,0.9900151334370807,91,0.55,2022_03_01
366,0.7525964411673334,0.7529743347867366,0.4,engert_20220301_visualmagnet_a,1.5313268899917603,,180.0,,,20220301,unknown,zebrafish,WB,mag,5760.0,469,0.9196947497222039,58,0.55,2022_03_01
367,0.24709483238968122,1.6720278557722783,0.4,engert_20220301_visualmagnet_a,2.2848148345947266,,180.0,,,20220301,unknown,zebrafish,WB,mag,5760.0,470,0.9123078085861057,78,0.55,2022_03_01
368,0.42968670291960354,1.299065554295996,0.4,engert_20220301_visualmagnet_a,1.4672340154647827,,180.0,,,20220301,unknown,zebrafish,WB,mag,5760.0,471,0.8910789453854279,111,0.55,2022_03_01
369,0.37551287828066415,1.399037943435153,0.4,engert_20220301_visualmagnet_a,1.9837102890014648,,180.0,,,20220301,unknown,zebrafish,WB,mag,5760.0,473,0.7609572427952925,128,0.55,2022_03_01
370,0.46651140224446164,1.234117199785258,0.4,engert_20220301_visualmagnet_a,2.780696153640747,,180.0,,,20220301,unknown,zebrafish,WB,mag,5760.0,474,0.9345294495884835,89,0.55,2022_03_01
371,0.7613110083023573,0.7375460752072194,0.4,engert_20220301_visualmagnet_a,2.209941864013672,,180.0,,,20220301,unknown,zebrafish,WB,mag,5760.0,475,0.9042448154472852,137,0.55,2022_03_01
372,0.06674813628998055,2.328948529468215,0.4,engert_20220301_visualmagnet_a,2.584409236907959,,180.0,,,20220301,unknown,zebrafish,WB,mag,5760.0,477,0.9680309761794831,77,0.55,2022_03_01
373,0.7973927322980401,0.6719326961541275,0.4,engert_20220301_visualmagnet_a,2.963644504547119,,180.0,,,20220301,unknown,zebrafish,WB,mag,5760.0,480,0.9815898506302312,135,0.55,2022_03_01
374,0.018374884718430406,2.8326346000053446,0.4,engert_20220301_visualmagnet_a,1.461740255355835,,180.0,,,20220301,unknown,zebrafish,WB,mag,5760.0,481,0.8963924864574783,73,0.55,2022_03_01
375,0.18923859552608946,1.824987696227698,0.4,engert_20220301_visualmagnet_a,2.165720224380493,,180.0,,,20220301,unknown,zebrafish,WB,mag,5760.0,483,0.8556462748441528,76,0.55,2022_03_01
376,0.8133860873299934,0.6417458815657913,0.4,engert_20220301_visualmagnet_a,2.068392753601074,,180.0,,,20220301,unknown,zebrafish,WB,mag,5760.0,484,0.9705235376059492,107,0.55,2022_03_01
377,0.49015860178768333,1.1933681662494322,0.4,engert_20220301_visualmagnet_a,1.0591098070144653,,180.0,,,20220301,unknown,zebrafish,WB,mag,5760.0,485,0.6946354630194924,108,0.55,2022_03_01
378,0.7683046090319849,0.7250585555737826,0.4,engert_20220301_visualmagnet_a,0.7466496229171753,,180.0,,,20220301,unknown,zebrafish,WB,mag,5760.0,486,0.8524706699040405,88,0.55,2022_03_01
379,0.5112170402204868,1.1575785048978584,0.4,engert_20220301_visualmagnet_a,1.5613012313842773,,180.0,,,20220301,unknown,zebrafish,WB,mag,5760.0,487,0.8000455662626605,39,0.55,2022_03_01
380,0.422367189050993,1.3122326635932084,0.4,engert_20220301_visualmagnet_a,1.3503758907318115,,180.0,,,20220301,unknown,zebrafish,WB,mag,5760.0,488,0.8339674804351509,166,0.55,2022_03_01
381,0.09371167165907701,2.1775491659564636,0.4,engert_20220301_visualmagnet_a,3.031365156173706,,180.0,,,20220301,unknown,zebrafish,WB,mag,5760.0,489,0.7609975483800346,162,0.55,2022_03_01
382,0.5705625764865525,1.058470067309469,0.4,engert_20220301_visualmagnet_a,0.8495801687240601,,180.0,,,20220301,unknown,zebrafish,WB,mag,5760.0,490,0.9585971594436017,70,0.55,2022_03_01
383,0.9722729858203528,0.236137756461815,0.4,engert_20220301_visualmagnet_a,1.381853699684143,,180.0,,,20220301,unknown,zebrafish,WB,mag,5760.0,491,0.9515415362238651,82,0.55,2022_03_01
384,0.7043721803667573,0.8362203522338091,0.4,engert_20220301_visualmagnet_a,1.5557403564453125,,180.0,,,20220301,unknown,zebrafish,WB,mag,5760.0,492,0.9701821115412541,70,0.55,2022_03_01
385,0.37413940254451983,1.4016572843725381,0.4,engert_20220301_visualmagnet_a,1.1317508220672607,,180.0,,,20220301,unknown,zebrafish,WB,mag,5760.0,493,0.7333677290535718,75,0.55,2022_03_01
386,0.27576488029467616,1.6048916643644766,0.4,engert_20220301_visualmagnet_a,1.6142481565475464,,180.0,,,20220301,unknown,zebrafish,WB,mag,5760.0,496,0.578083884757405,38,0.55,2022_03_01
387,0.28095945670644995,1.5931995338149212,0.4,engert_20220301_visualmagnet_a,1.76704740524292,,180.0,,,20220301,unknown,zebrafish,WB,mag,5760.0,497,0.9208788698407208,64,0.55,2022_03_01
388,0.8808913225928166,0.5026605203184547,0.4,engert_20220301_visualmagnet_a,1.119927167892456,,180.0,,,20220301,unknown,zebrafish,WB,mag,5760.0,498,0.7657023345272246,78,0.55,2022_03_01
389,0.3828911777642493,1.3850466642997812,0.4,engert_20220301_visualmagnet_a,1.4441837072372437,,180.0,,,20220301,unknown,zebrafish,WB,mag,5760.0,500,0.9703305667711742,125,0.55,2022_03_01
390,0.9882481900245214,0.15262165028931987,0.4,engert_20220301_visualmagnet_a,1.7219735383987427,,180.0,,,20220301,unknown,zebrafish,WB,mag,5760.0,501,0.6510001496148039,56,0.55,2022_03_01
391,0.4491285701571821,1.264523985249976,0.4,engert_20220301_visualmagnet_a,1.8414280414581299,,180.0,,,20220301,unknown,zebrafish,WB,mag,5760.0,503,0.8918170056111953,48,0.55,2022_03_01
392,0.49798458459704553,1.1800180325806144,0.4,engert_20220301_visualmagnet_a,1.4650360345840454,,180.0,,,20220301,unknown,zebrafish,WB,mag,5760.0,504,0.8930763998626703,82,0.55,2022_03_01
393,0.9690369967271447,0.24981248192068678,0.4,engert_20220301_visualmagnet_a,1.423750638961792,,180.0,,,20220301,unknown,zebrafish,WB,mag,5760.0,505,0.8004190395420218,70,0.55,2022_03_01
394,0.5382607997475609,1.1121572707727572,0.4,engert_20220301_visualmagnet_a,1.5947163105010986,,180.0,,,20220301,unknown,zebrafish,WB,mag,5760.0,506,0.9491157890104975,83,0.55,2022_03_01
395,0.3012110220618235,1.5488200311800564,0.4,engert_20220301_visualmagnet_a,1.705857753753662,,180.0,,,20220301,unknown,zebrafish,WB,mag,5760.0,508,0.6264624587304721,84,0.55,2022_03_01
396,0.009844211008998904,3.0471315134163004,0.4,engert_20220301_visualmagnet_a,2.1341490745544434,,180.0,,,20220301,unknown,zebrafish,WB,mag,5760.0,509,0.9288491255610342,73,0.55,2022_03_01
397,0.5645276369003138,1.0684661204359973,0.4,engert_20220301_visualmagnet_a,0.3871128261089325,,180.0,,,20220301,unknown,zebrafish,WB,mag,5760.0,510,0.9660520140834342,77,0.55,2022_03_01
398,0.7581312663527888,0.7431919033569623,0.4,engert_20220301_visualmagnet_a,1.6187130212783813,,180.0,,,20220301,unknown,zebrafish,WB,mag,5760.0,512,0.9449508146492956,91,0.55,2022_03_01
399,0.0682070422972727,2.3195915090884016,0.4,engert_20220301_visualmagnet_a,2.5870137214660645,,180.0,,,20220301,unknown,zebrafish,WB,mag,5760.0,513,0.9864535297464846,120,0.55,2022_03_01
400,0.06714818891487018,2.3263663347509125,0.4,engert_20220301_visualmagnet_a,1.4317290782928467,,180.0,,,20220301,unknown,zebrafish,WB,mag,5760.0,515,0.9478328451899025,92,0.55,2022_03_01
401,0.9146806853280676,0.42136595248553455,0.4,engert_20220301_visualmagnet_a,2.1160874366760254,,180.0,,,20220301,unknown,zebrafish,WB,mag,5760.0,516,0.7785775156787426,67,0.55,2022_03_01
402,0.011779016097316908,2.9870017734137084,0.4,engert_20220301_visualmagnet_a,2.0132498741149902,,180.0,,,20220301,unknown,zebrafish,WB,mag,5760.0,517,0.9219277991699518,83,0.55,2022_03_01
403,0.14142804896821437,1.978631452491947,0.4,engert_20220301_visualmagnet_a,1.8594233989715576,,180.0,,,20220301,unknown,zebrafish,WB,mag,5760.0,518,0.9791024307259021,90,0.55,2022_03_01
404,0.9341890299597974,0.3680279747460565,0.4,engert_20220301_visualmagnet_a,1.3609474897384644,,180.0,,,20220301,unknown,zebrafish,WB,mag,5760.0,519,0.8636910735571722,90,0.55,2022_03_01
405,0.3203745135859454,1.508408267342725,0.4,engert_20220301_visualmagnet_a,0.6180784106254578,,180.0,,,20220301,unknown,zebrafish,WB,mag,5760.0,520,0.7790647844380648,59,0.55,2022_03_01
406,0.7624067569932725,0.7355959975958833,0.4,engert_20220301_visualmagnet_a,2.512908697128296,,180.0,,,20220301,unknown,zebrafish,WB,mag,5760.0,521,0.7285944825425175,70,0.55,2022_03_01
407,0.8453400590734066,0.5787067455112404,0.4,engert_20220301_visualmagnet_a,1.8304306268692017,,180.0,,,20220301,unknown,zebrafish,WB,mag,5760.0,522,0.8771006716657057,52,0.55,2022_03_01
408,0.8575582712066712,0.5534017508178986,0.4,engert_20220301_visualmagnet_a,1.2864046096801758,,180.0,,,20220301,unknown,zebrafish,WB,mag,5760.0,523,0.847927486008276,54,0.55,2022_03_01
409,0.07141676241070594,2.299565785393826,0.4,engert_20220301_visualmagnet_a,2.5045127868652344,,180.0,,,20220301,unknown,zebrafish,WB,mag,5760.0,524,0.7395339063528497,74,0.55,2022_03_01
410,0.19000421134589063,1.8227675103366647,0.4,engert_20220301_visualmagnet_a,1.676168441772461,,180.0,,,20220301,unknown,zebrafish,WB,mag,5760.0,525,0.5574098696230946,52,0.55,2022_03_01
411,0.7127832388393758,0.8219173238985108,0.4,engert_20220301_visualmagnet_a,1.8338314294815063,,180.0,,,20220301,unknown,zebrafish,WB,mag,5760.0,526,0.8240528751213111,72,0.55,2022_03_01
412,0.36246100692080097,1.4241248667251898,0.4,engert_20220301_visualmagnet_a,1.8703184127807617,,180.0,,,20220301,unknown,zebrafish,WB,mag,5760.0,528,0.8091357848753914,52,0.55,2022_03_01
413,0.7626426034534408,0.7351759888893677,0.4,engert_20220301_visualmagnet_a,0.8670281767845154,,180.0,,,20220301,unknown,zebrafish,WB,mag,5760.0,529,0.9017430500303378,80,0.55,2022_03_01
414,0.7604291474935035,0.7391138523336178,0.4,engert_20220301_visualmagnet_a,0.7243921756744385,,180.0,,,20220301,unknown,zebrafish,WB,mag,5760.0,530,0.9047969525673485,93,0.55,2022_03_01
415,0.14632993203160072,1.9612704294504455,0.4,engert_20220301_visualmagnet_a,2.153717041015625,,180.0,,,20220301,unknown,zebrafish,WB,mag,5760.0,531,0.9099792514416103,77,0.55,2022_03_01
416,0.6796420735176961,0.8778826285146587,0.4,engert_20220301_visualmagnet_a,1.0814356803894043,,180.0,,,20220301,unknown,zebrafish,WB,mag,5760.0,532,0.8784870639609356,111,0.55,2022_03_01
417,0.20522701417774536,1.779860264172038,0.4,engert_20220301_visualmagnet_a,1.690444827079773,,180.0,,,20220301,unknown,zebrafish,WB,mag,5760.0,533,0.814152243573766,146,0.55,2022_03_01
418,0.41079960857172393,1.3332406480838106,0.4,engert_20220301_visualmagnet_a,1.1745786666870117,,180.0,,,20220301,unknown,zebrafish,WB,mag,5760.0,534,0.9469097621636342,79,0.55,2022_03_01
419,0.6979750525009134,0.8470498156488596,0.4,engert_20220301_visualmagnet_a,2.5689241886138916,,180.0,,,20220301,unknown,zebrafish,WB,mag,5760.0,536,0.9602038127719046,78,0.55,2022_03_01
420,0.005658900767489983,3.225781118779495,0.4,engert_20220301_visualmagnet_a,1.2741221189498901,,180.0,,,20220301,unknown,zebrafish,WB,mag,5760.0,538,0.7916360613486577,103,0.55,2022_03_01
421,0.9015084332010047,0.45441717313711155,0.4,engert_20220301_visualmagnet_a,1.4432687759399414,,180.0,,,20220301,unknown,zebrafish,WB,mag,5760.0,539,0.9584627875691881,105,0.55,2022_03_01
422,0.15411062381161345,1.93457826442547,0.4,engert_20220301_visualmagnet_a,0.857273280620575,,180.0,,,20220301,unknown,zebrafish,WB,mag,5760.0,540,0.9843758776671819,96,0.55,2022_03_01
423,0.2017034189180852,1.7895907150126364,0.4,engert_20220301_visualmagnet_a,2.06241512298584,,180.0,,,20220301,unknown,zebrafish,WB,mag,5760.0,541,0.6115973546541981,63,0.55,2022_03_01
424,0.6907148863875583,0.8592937387416586,0.4,engert_20220301_visualmagnet_a,1.4330928325653076,,180.0,,,20220301,unknown,zebrafish,WB,mag,5760.0,542,0.915079001312978,69,0.55,2022_03_01
425,0.9987642994743363,0.04751393892414903,0.4,engert_20220301_visualmagnet_a,1.4204506874084473,,180.0,,,20220301,unknown,zebrafish,WB,mag,5760.0,543,0.7487592042070006,42,0.55,2022_03_01
426,0.7699855258448507,0.7220422015690573,0.4,engert_20220301_visualmagnet_a,1.676775336265564,,180.0,,,20220301,unknown,zebrafish,WB,mag,5760.0,544,0.8329909891028054,80,0.55,2022_03_01
427,0.041860952287020026,2.5225541934592535,0.4,engert_20220301_visualmagnet_a,0.34435299038887024,,180.0,,,20220301,unknown,zebrafish,WB,mag,5760.0,548,0.7741292384388733,39,0.55,2022_03_01
428,0.7301552200314985,0.7921120470385443,0.4,engert_20220301_visualmagnet_a,1.4200106859207153,,180.0,,,20220301,unknown,zebrafish,WB,mag,5760.0,549,0.9187112830628713,84,0.55,2022_03_01
429,0.8053046142615929,0.6570974490244031,0.4,engert_20220301_visualmagnet_a,1.1091179847717285,,180.0,,,20220301,unknown,zebrafish,WB,mag,5760.0,550,0.8387320196833576,74,0.55,2022_03_01
430,0.8337588914297805,0.6020322550217632,0.4,engert_20220301_visualmagnet_a,1.5999516248703003,,180.0,,,20220301,unknown,zebrafish,WB,mag,5760.0,551,0.8442296429992172,154,0.55,2022_03_01
431,0.33085468357125336,1.4868854567564318,0.4,engert_20220301_visualmagnet_a,1.268646240234375,,180.0,,,20220301,unknown,zebrafish,WB,mag,5760.0,555,0.7836815015951443,54,0.55,2022_03_01
432,0.3983275049336954,1.3561854760151344,0.4,engert_20220301_visualmagnet_a,1.2464702129364014,,180.0,,,20220301,unknown,zebrafish,WB,mag,5760.0,556,0.5559014432484897,55,0.55,2022_03_01
433,0.30483985965170624,1.5410561111550627,0.4,engert_20220301_visualmagnet_a,2.298870086669922,,180.0,,,20220301,unknown,zebrafish,WB,mag,5760.0,557,0.8718252175744563,59,0.55,2022_03_01
434,0.025868901974874348,2.70804521161166,0.4,engert_20220301_visualmagnet_a,1.5177174806594849,,180.0,,,20220301,unknown,zebrafish,WB,mag,5760.0,558,0.8262817510434839,78,0.55,2022_03_01
435,0.0037060382713119955,3.3561213985171467,0.4,engert_20220301_visualmagnet_a,3.4351108074188232,,180.0,,,20220301,unknown,zebrafish,WB,mag,5760.0,559,0.8487113579619183,109,0.55,2022_03_01
436,0.9072522893162366,0.4402509717547436,0.4,engert_20220301_visualmagnet_a,2.0622403621673584,,180.0,,,20220301,unknown,zebrafish,WB,mag,5760.0,560,0.82546994883226,150,0.55,2022_03_01
437,0.7222233412703021,0.8057681610711794,0.4,engert_20220301_visualmagnet_a,1.7733826637268066,,180.0,,,20220301,unknown,zebrafish,WB,mag,5760.0,562,0.9071425080679487,65,0.55,2022_03_01
438,0.3540848982851722,1.44046667790126,0.4,engert_20220301_visualmagnet_a,1.6853779554367065,,180.0,,,20220301,unknown,zebrafish,WB,mag,5760.0,563,0.9403689800314335,93,0.55,2022_03_01
439,0.10672601322909925,2.1166942015950116,0.4,engert_20220301_visualmagnet_a,2.332252025604248,,180.0,,,20220301,unknown,zebrafish,WB,mag,5760.0,569,0.6765816601706184,54,0.55,2022_03_01
440,0.8669488344847966,0.5333977031148407,0.4,engert_20220301_visualmagnet_a,2.2045786380767822,,180.0,,,20220301,unknown,zebrafish,WB,mag,5760.0,573,0.7880116513861808,80,0.55,2022_03_01
441,0.8111342933884289,0.6460445703542308,0.4,engert_20220301_visualmagnet_a,2.535904884338379,,180.0,,,20220301,unknown,zebrafish,WB,mag,5760.0,574,0.5769038794285415,58,0.55,2022_03_01
442,0.9194956021363985,0.4087462565950247,0.4,engert_20220301_visualmagnet_a,1.5581227540969849,,180.0,,,20220301,unknown,zebrafish,WB,mag,5760.0,575,0.8068714322233589,49,0.55,2022_03_01
443,0.9641161875671442,0.26936116636417906,0.4,engert_20220301_visualmagnet_a,1.014309048652649,,180.0,,,20220301,unknown,zebrafish,WB,mag,5760.0,577,0.9858842259475243,95,0.55,2022_03_01
444,0.41566857568518234,1.3243673768987336,0.4,engert_20220301_visualmagnet_a,2.5645575523376465,,180.0,,,20220301,unknown,zebrafish,WB,mag,5760.0,578,0.9660658929280692,91,0.55,2022_03_01
445,0.9267494315067049,0.38909591003481486,0.4,engert_20220301_visualmagnet_a,0.7190367579460144,,180.0,,,20220301,unknown,zebrafish,WB,mag,5760.0,581,0.972612697395058,92,0.55,2022_03_01
446,0.6130690803957962,0.9882860621723656,0.4,engert_20220301_visualmagnet_a,1.6369210481643677,,180.0,,,20220301,unknown,zebrafish,WB,mag,5760.0,582,0.9381582926352281,109,0.55,2022_03_01
447,0.6476249505376324,0.9311872646671459,0.4,engert_20220301_visualmagnet_a,1.7255547046661377,,180.0,,,20220301,unknown,zebrafish,WB,mag,5760.0,583,0.9360740844011142,81,0.55,2022_03_01
448,0.809006652524965,0.6500909773372414,0.4,engert_20220301_visualmagnet_a,2.974623918533325,,180.0,,,20220301,unknown,zebrafish,WB,mag,5760.0,584,0.9708160337086187,70,0.55,2022_03_01
449,0.47265819235010975,1.2234611995135334,0.4,engert_20220301_visualmagnet_a,1.472452998161316,,180.0,,,20220301,unknown,zebrafish,WB,mag,5760.0,586,0.683229135224952,54,0.55,2022_03_01
450,0.1921313721134562,1.816631480035457,0.4,engert_20220301_visualmagnet_a,1.7965819835662842,,180.0,,,20220301,unknown,zebrafish,WB,mag,5760.0,587,0.8708127688118839,99,0.55,2022_03_01
451,0.24389383505700768,1.6798254212144121,0.4,engert_20220301_visualmagnet_a,2.3255817890167236,,180.0,,,20220301,unknown,zebrafish,WB,mag,5760.0,588,0.9342751771760773,69,0.55,2022_03_01
452,0.37873811337831187,1.392905720705147,0.4,engert_20220301_visualmagnet_a,1.4900089502334595,,180.0,,,20220301,unknown,zebrafish,WB,mag,5760.0,590,0.9269377957696682,72,0.55,2022_03_01
453,0.03131631274249724,2.635932139207362,0.4,engert_20220301_visualmagnet_a,0.9051546454429626,,180.0,,,20220301,unknown,zebrafish,WB,mag,5760.0,591,0.5827596718882414,110,0.55,2022_03_01
454,0.030735381718909105,2.6430833741064186,0.4,engert_20220301_visualmagnet_a,2.6175310611724854,,180.0,,,20220301,unknown,zebrafish,WB,mag,5760.0,592,0.953133450855332,67,0.55,2022_03_01
455,0.8977081618461923,0.46360034466430244,0.4,engert_20220301_visualmagnet_a,1.0422683954238892,,180.0,,,20220301,unknown,zebrafish,WB,mag,5760.0,593,0.5651112147251182,43,0.55,2022_03_01
456,0.7109428112449563,0.8250535744796201,0.4,engert_20220301_visualmagnet_a,3.2555885314941406,,180.0,,,20220301,unknown,zebrafish,WB,mag,5760.0,594,0.9757519146060629,92,0.55,2022_03_01
457,0.1938913014586674,1.8115905481094852,0.4,engert_20220301_visualmagnet_a,2.994593620300293,,180.0,,,20220301,unknown,zebrafish,WB,mag,5760.0,595,0.9100768591499996,157,0.55,2022_03_01
458,0.5612902813025729,1.0738338450895657,0.4,engert_20220301_visualmagnet_a,1.6180243492126465,,180.0,,,20220301,unknown,zebrafish,WB,mag,5760.0,596,0.9174330397697873,77,0.55,2022_03_01
459,0.9411373251850281,0.347365052501014,0.4,engert_20220301_visualmagnet_a,3.1931397914886475,,180.0,,,20220301,unknown,zebrafish,WB,mag,5760.0,597,0.924377939157703,85,0.55,2022_03_01
460,0.7276776879961714,0.796386564662421,0.4,engert_20220301_visualmagnet_a,2.1376118659973145,,180.0,,,20220301,unknown,zebrafish,WB,mag,5760.0,600,0.8084546653828757,97,0.55,2022_03_01
461,0.5923058909763042,1.0225386138228176,0.4,engert_20220301_visualmagnet_a,2.79158091545105,,180.0,,,20220301,unknown,zebrafish,WB,mag,5760.0,601,0.9066771119208817,97,0.55,2022_03_01
462,0.6626985211170432,0.9061609839480701,0.4,engert_20220301_visualmagnet_a,1.743046760559082,,180.0,,,20220301,unknown,zebrafish,WB,mag,5760.0,602,0.9591438479178965,70,0.55,2022_03_01
463,0.5598349867644856,1.0762481720196642,0.4,engert_20220301_visualmagnet_a,3.180553674697876,,180.0,,,20220301,unknown,zebrafish,WB,mag,5760.0,603,0.8034762087105211,66,0.55,2022_03_01
464,0.5398587647247229,1.1094889942489252,0.4,engert_20220301_visualmagnet_a,2.634701728820801,,180.0,,,20220301,unknown,zebrafish,WB,mag,5760.0,604,0.6329469593797825,69,0.55,2022_03_01
465,0.46483907612286934,1.2370246435774408,0.4,engert_20220301_visualmagnet_a,2.15142822265625,,180.0,,,20220301,unknown,zebrafish,WB,mag,5760.0,606,0.8523760360686962,59,0.55,2022_03_01
466,0.8301152540813019,0.6092513895148056,0.4,engert_20220301_visualmagnet_a,2.6597530841827393,,180.0,,,20220301,unknown,zebrafish,WB,mag,5760.0,608,0.7387547991027683,99,0.55,2022_03_01
467,0.4764571269482296,1.2168986634896541,0.4,engert_20220301_visualmagnet_a,1.1914368867874146,,180.0,,,20220301,unknown,zebrafish,WB,mag,5760.0,609,0.9396009683176171,80,0.55,2022_03_01
468,0.4233517917416948,1.3104559663209714,0.4,engert_20220301_visualmagnet_a,1.4322009086608887,,180.0,,,20220301,unknown,zebrafish,WB,mag,5760.0,610,0.8454170024854162,65,0.55,2022_03_01
469,0.18617624702899704,1.8339321886700313,0.4,engert_20220301_visualmagnet_a,1.6780112981796265,,180.0,,,20220301,unknown,zebrafish,WB,mag,5760.0,611,0.9026333451389082,69,0.55,2022_03_01
470,0.42620309349066476,1.3053205308526774,0.4,engert_20220301_visualmagnet_a,1.4572027921676636,,180.0,,,20220301,unknown,zebrafish,WB,mag,5760.0,612,0.925013113001245,82,0.55,2022_03_01
471,0.09110426511646319,2.1905338739885556,0.4,engert_20220301_visualmagnet_a,1.558826208114624,,180.0,,,20220301,unknown,zebrafish,WB,mag,5760.0,613,0.766266795505082,44,0.55,2022_03_01
472,0.35690484838665526,1.4349428557327857,0.4,engert_20220301_visualmagnet_a,1.530142903327942,,180.0,,,20220301,unknown,zebrafish,WB,mag,5760.0,614,0.835646498774786,41,0.55,2022_03_01
473,0.6597539476633805,0.9110582487579547,0.4,engert_20220301_visualmagnet_a,2.037351369857788,,180.0,,,20220301,unknown,zebrafish,WB,mag,5760.0,615,0.8879915343359887,73,0.55,2022_03_01
474,0.49048759770521255,1.1928056675446628,0.4,engert_20220301_visualmagnet_a,1.4788169860839844,,180.0,,,20220301,unknown,zebrafish,WB,mag,5760.0,616,0.9718096982949653,106,0.55,2022_03_01
475,0.28526826893796386,1.583600555074517,0.4,engert_20220301_visualmagnet_a,1.3335849046707153,,180.0,,,20220301,unknown,zebrafish,WB,mag,5760.0,617,0.9198321455069747,62,0.55,2022_03_01
476,0.5331387953170632,1.1207206043909128,0.4,engert_20220301_visualmagnet_a,2.408702850341797,,180.0,,,20220301,unknown,zebrafish,WB,mag,5760.0,618,0.9562180290437036,66,0.55,2022_03_01
477,0.4614281495210041,1.2429661773841219,0.4,engert_20220301_visualmagnet_a,2.0309054851531982,,180.0,,,20220301,unknown,zebrafish,WB,mag,5760.0,619,0.9302083288177849,67,0.55,2022_03_01
478,0.4476839491160629,1.2670702530168567,0.4,engert_20220301_visualmagnet_a,1.824531078338623,,180.0,,,20220301,unknown,zebrafish,WB,mag,5760.0,621,0.5641929949816165,53,0.55,2022_03_01
479,0.8884805756412624,0.4853306686918642,0.4,engert_20220301_visualmagnet_a,3.4010558128356934,,180.0,,,20220301,unknown,zebrafish,WB,mag,5760.0,625,0.9623188088147528,95,0.55,2022_03_01
480,0.7142321689494369,0.8194454855569155,0.4,engert_20220301_visualmagnet_a,1.97124445438385,,180.0,,,20220301,unknown,zebrafish,WB,mag,5760.0,626,0.6728365129423517,69,0.55,2022_03_01
481,0.4317228081428236,1.2954193566298497,0.4,engert_20220301_visualmagnet_a,3.7689852714538574,,180.0,,,20220301,unknown,zebrafish,WB,mag,5760.0,627,0.9237983249592195,84,0.55,2022_03_01
482,0.012750222397784006,2.9600729214228285,0.4,engert_20220301_visualmagnet_a,0.685367226600647,,180.0,,,20220301,unknown,zebrafish,WB,mag,5760.0,628,0.6956753656232726,51,0.55,2022_03_01
483,0.48040049476664803,1.2101047578656112,0.4,engert_20220301_visualmagnet_a,2.6285297870635986,,180.0,,,20220301,unknown,zebrafish,WB,mag,5760.0,629,0.752044782505861,74,0.55,2022_03_01
484,0.4538262296998663,1.2562649798111785,0.4,engert_20220301_visualmagnet_a,2.2244629859924316,,180.0,,,20220301,unknown,zebrafish,WB,mag,5760.0,630,0.9320620797588192,91,0.55,2022_03_01
485,0.39972321424101176,1.3536018476061855,0.4,engert_20220301_visualmagnet_a,1.2957526445388794,,180.0,,,20220301,unknown,zebrafish,WB,mag,5760.0,631,0.7210397199086088,82,0.55,2022_03_01
486,0.4390356177616801,1.282380503667887,0.4,engert_20220301_visualmagnet_a,1.400949478149414,,180.0,,,20220301,unknown,zebrafish,WB,mag,5760.0,632,0.7278608671215491,60,0.55,2022_03_01
487,0.7950544676881355,0.676282543144534,0.4,engert_20220301_visualmagnet_a,2.259263277053833,,180.0,,,20220301,unknown,zebrafish,WB,mag,5760.0,633,0.9422626799466651,76,0.55,2022_03_01
488,0.9030085588719375,0.45075167698264074,0.4,engert_20220301_visualmagnet_a,1.8082224130630493,,180.0,,,20220301,unknown,zebrafish,WB,mag,5760.0,634,0.6836334667102474,78,0.55,2022_03_01
489,0.19773751779138682,1.800683810421136,0.4,engert_20220301_visualmagnet_a,3.0825657844543457,,180.0,,,20220301,unknown,zebrafish,WB,mag,5760.0,635,0.9653730588002395,81,0.55,2022_03_01
490,0.8515703373432036,0.5658991338968283,0.4,engert_20220301_visualmagnet_a,4.14371395111084,,180.0,,,20220301,unknown,zebrafish,WB,mag,5760.0,636,0.7010024741107455,489,0.55,2022_03_01
491,0.33250615578725773,1.4835285502777698,0.4,engert_20220301_visualmagnet_a,1.0102040767669678,,180.0,,,20220301,unknown,zebrafish,WB,mag,5760.0,637,0.7887650787638492,106,0.55,2022_03_01
492,0.9843233279440993,0.1766846529447399,0.4,engert_20220301_visualmagnet_a,1.7601318359375,,180.0,,,20220301,unknown,zebrafish,WB,mag,5760.0,638,0.8244199755514263,72,0.55,2022_03_01
493,0.4269358305259845,1.304003069108947,0.4,engert_20220301_visualmagnet_a,1.9799007177352905,,180.0,,,20220301,unknown,zebrafish,WB,mag,5760.0,640,0.864161064527586,59,0.55,2022_03_01
494,0.8906337937060487,0.48032791300778693,0.4,engert_20220301_visualmagnet_a,1.3143491744995117,,180.0,,,20220301,unknown,zebrafish,WB,mag,5760.0,641,0.8836601469245219,58,0.55,2022_03_01
495,0.9277577136033514,0.38629795826720753,0.4,engert_20220301_visualmagnet_a,3.5839881896972656,,180.0,,,20220301,unknown,zebrafish,WB,mag,5760.0,642,0.9783800421339084,99,0.55,2022_03_01
496,0.1119592513285731,2.093853151121878,0.4,engert_20220301_visualmagnet_a,0.713837206363678,,180.0,,,20220301,unknown,zebrafish,WB,mag,5760.0,643,0.8493392568786292,51,0.55,2022_03_01
497,0.3936593924207723,1.3648572374995078,0.4,engert_20220301_visualmagnet_a,1.3359776735305786,,180.0,,,20220301,unknown,zebrafish,WB,mag,5760.0,644,0.9641257385050944,80,0.55,2022_03_01
498,0.5297605279386981,1.126377889534486,0.4,engert_20220301_visualmagnet_a,0.4909021854400635,,180.0,,,20220301,unknown,zebrafish,WB,mag,5760.0,645,0.8510239227434635,51,0.55,2022_03_01
499,0.558557052823693,1.0783689830559293,0.4,engert_20220301_visualmagnet_a,1.4048103094100952,,180.0,,,20220301,unknown,zebrafish,WB,mag,5760.0,646,0.6097603754297024,49,0.55,2022_03_01
500,0.801202283445539,0.6648124947248945,0.4,engert_20220301_visualmagnet_a,1.6869224309921265,,180.0,,,20220301,unknown,zebrafish,WB,mag,5760.0,647,0.8596459008515084,126,0.55,2022_03_01
501,0.11797717495666615,2.068586565777307,0.4,engert_20220301_visualmagnet_a,2.4494338035583496,,180.0,,,20220301,unknown,zebrafish,WB,mag,5760.0,648,0.589070973522978,161,0.55,2022_03_01
502,0.05971741276410636,2.3765435188919732,0.4,engert_20220301_visualmagnet_a,1.998199224472046,,180.0,,,20220301,unknown,zebrafish,WB,mag,5760.0,649,0.8091337644809463,72,0.55,2022_03_01
503,0.9214786060131654,0.4034540076127354,0.4,engert_20220301_visualmagnet_a,1.4236717224121094,,180.0,,,20220301,unknown,zebrafish,WB,mag,5760.0,651,0.893650533673027,54,0.55,2022_03_01
504,0.1353539639860366,2.0007788930220767,0.4,engert_20220301_visualmagnet_a,0.39582112431526184,,180.0,,,20220301,unknown,zebrafish,WB,mag,5760.0,652,0.6246875148460882,40,0.55,2022_03_01
505,0.168954018503648,1.8862801604392052,0.4,engert_20220301_visualmagnet_a,1.3265676498413086,,180.0,,,20220301,unknown,zebrafish,WB,mag,5760.0,653,0.9622845951322401,85,0.55,2022_03_01
506,0.39203123130385864,1.3678930176860886,0.4,engert_20220301_visualmagnet_a,2.48119854927063,,180.0,,,20220301,unknown,zebrafish,WB,mag,5760.0,655,0.8474644937476086,57,0.55,2022_03_01
507,0.5513679610609721,1.0903132042904053,0.4,engert_20220301_visualmagnet_a,1.8915331363677979,,180.0,,,20220301,unknown,zebrafish,WB,mag,5760.0,656,0.8700603210275537,78,0.55,2022_03_01
508,0.7903209260584148,0.6850427625363346,0.4,engert_20220301_visualmagnet_a,1.2343467473983765,,180.0,,,20220301,unknown,zebrafish,WB,mag,5760.0,658,0.9069066844725253,73,0.55,2022_03_01
509,0.013450217765406003,2.941771395422087,0.4,engert_20220301_visualmagnet_a,2.567037582397461,,180.0,,,20220301,unknown,zebrafish,WB,mag,5760.0,659,0.9815698281252361,73,0.55,2022_03_01
510,0.9185272882906128,0.41130983742611354,0.4,engert_20220301_visualmagnet_a,2.348508834838867,,180.0,,,20220301,unknown,zebrafish,WB,mag,5760.0,660,0.7879972388208573,71,0.55,2022_03_01
511,0.8176718402192956,0.633517337774157,0.4,engert_20220301_visualmagnet_a,1.453819751739502,,180.0,,,20220301,unknown,zebrafish,WB,mag,5760.0,663,0.9787425034146492,126,0.55,2022_03_01
512,0.5899490049029236,1.0264288186608548,0.4,engert_20220301_visualmagnet_a,1.2913353443145752,,180.0,,,20220301,unknown,zebrafish,WB,mag,5760.0,665,0.9819102152921249,88,0.55,2022_03_01
513,0.8175266337581072,0.6337972053813922,0.4,engert_20220301_visualmagnet_a,2.226735830307007,,180.0,,,20220301,unknown,zebrafish,WB,mag,5760.0,667,0.8874066036947305,99,0.55,2022_03_01
514,0.9806447846906953,0.19666142140999474,0.4,engert_20220301_visualmagnet_a,3.215927839279175,,180.0,,,20220301,unknown,zebrafish,WB,mag,5760.0,668,0.8361910979498898,73,0.55,2022_03_01
515,0.4491932237501407,1.2644100964893992,0.4,engert_20220301_visualmagnet_a,1.3011739253997803,,180.0,,,20220301,unknown,zebrafish,WB,mag,5760.0,673,0.928087110230695,73,0.55,2022_03_01
516,0.49413286101971576,1.186580866772684,0.4,engert_20220301_visualmagnet_a,1.6510722637176514,,180.0,,,20220301,unknown,zebrafish,WB,mag,5760.0,674,0.977092218385719,95,0.55,2022_03_01
517,0.9909719600559789,0.13347376474840308,0.4,engert_20220301_visualmagnet_a,1.0497021675109863,,180.0,,,20220301,unknown,zebrafish,WB,mag,5760.0,675,0.7664179501657101,61,0.55,2022_03_01
518,0.34358090417896114,1.4612474824679698,0.4,engert_20220301_visualmagnet_a,1.2788959741592407,,180.0,,,20220301,unknown,zebrafish,WB,mag,5760.0,677,0.965291391160998,91,0.55,2022_03_01
519,0.056051790301971716,2.403217467128155,0.4,engert_20220301_visualmagnet_a,1.2215116024017334,,180.0,,,20220301,unknown,zebrafish,WB,mag,5760.0,678,0.8654675925150151,52,0.55,2022_03_01
520,0.7518660895224825,0.7542610011685821,0.4,engert_20220301_visualmagnet_a,2.3058812618255615,,180.0,,,20220301,unknown,zebrafish,WB,mag,5760.0,681,0.9648467193641063,90,0.55,2022_03_01
521,0.7595630769929553,0.7406520170409662,0.4,engert_20220301_visualmagnet_a,2.3062829971313477,,180.0,,,20220301,unknown,zebrafish,WB,mag,5760.0,682,0.9755321477148022,76,0.55,2022_03_01
522,0.16956718433112683,1.8843523851656345,0.4,engert_20220301_visualmagnet_a,1.4977004528045654,,180.0,,,20220301,unknown,zebrafish,WB,mag,5760.0,683,0.9470980241218969,73,0.55,2022_03_01
523,0.6637109063756258,0.904476167744344,0.4,engert_20220301_visualmagnet_a,0.7514768838882446,,180.0,,,20220301,unknown,zebrafish,WB,mag,5760.0,684,0.8092695863558514,65,0.55,2022_03_01
524,0.2009177639998585,1.7917761915811679,0.4,engert_20220301_visualmagnet_a,1.400719165802002,,180.0,,,20220301,unknown,zebrafish,WB,mag,5760.0,685,0.624527109299226,47,0.55,2022_03_01
525,0.2885207142316546,1.57641271157557,0.4,engert_20220301_visualmagnet_a,1.9331742525100708,,180.0,,,20220301,unknown,zebrafish,WB,mag,5760.0,686,0.9439850371121644,81,0.55,2022_03_01
526,0.763939580748291,0.7328641374306584,0.4,engert_20220301_visualmagnet_a,0.9787420630455017,,180.0,,,20220301,unknown,zebrafish,WB,mag,5760.0,693,0.9460474401343222,75,0.55,2022_03_01
527,0.5269804405154181,1.1310392340015343,0.4,engert_20220301_visualmagnet_a,1.0984858274459839,,180.0,,,20220301,unknown,zebrafish,WB,mag,5760.0,694,0.8970708890435317,87,0.55,2022_03_01
528,0.3289631593606196,1.490741761397556,0.4,engert_20220301_visualmagnet_a,1.9656944274902344,,180.0,,,20220301,unknown,zebrafish,WB,mag,5760.0,695,0.6303872846308899,50,0.55,2022_03_01
529,0.5214537007265465,1.1403223074453708,0.4,engert_20220301_visualmagnet_a,2.5056862831115723,,180.0,,,20220301,unknown,zebrafish,WB,mag,5760.0,696,0.9622967879587596,78,0.55,2022_03_01
530,0.2780395494185005,1.599755368021898,0.4,engert_20220301_visualmagnet_a,1.8461692333221436,,180.0,,,20220301,unknown,zebrafish,WB,mag,5760.0,697,0.9253514696498716,98,0.55,2022_03_01
531,0.8554546599835604,0.5578140529037963,0.4,engert_20220301_visualmagnet_a,2.3881754875183105,,180.0,,,20220301,unknown,zebrafish,WB,mag,5760.0,698,0.8092156453306627,98,0.55,2022_03_01
532,0.3351080498841119,1.4782580970012438,0.4,engert_20220301_visualmagnet_a,0.5303232669830322,,180.0,,,20220301,unknown,zebrafish,WB,mag,5760.0,699,0.7051502725369797,76,0.55,2022_03_01
533,0.9299627556470058,0.38011860183885315,0.4,engert_20220301_visualmagnet_a,2.1216647624969482,,180.0,,,20220301,unknown,zebrafish,WB,mag,5760.0,700,0.9042998733574346,171,0.55,2022_03_01
534,0.7610506135183968,0.738009223103693,0.4,engert_20220301_visualmagnet_a,2.610482692718506,,180.0,,,20220301,unknown,zebrafish,WB,mag,5760.0,704,0.9180746892520105,99,0.55,2022_03_01
535,0.36646147399302276,1.4163881655221238,0.4,engert_20220301_visualmagnet_a,1.562779426574707,,180.0,,,20220301,unknown,zebrafish,WB,mag,5760.0,705,0.9549344530819529,114,0.55,2022_03_01
536,0.36071310582174754,1.4275189124410685,0.4,engert_20220301_visualmagnet_a,1.4097163677215576,,180.0,,,20220301,unknown,zebrafish,WB,mag,5760.0,706,0.7262372842019744,65,0.55,2022_03_01
537,0.14513475935919262,1.965463055762105,0.4,engert_20220301_visualmagnet_a,1.3270714282989502,,180.0,,,20220301,unknown,zebrafish,WB,mag,5760.0,707,0.5855058043578685,75,0.55,2022_03_01
538,0.2688124341115573,1.620754362468644,0.4,engert_20220301_visualmagnet_a,1.3773375749588013,,180.0,,,20220301,unknown,zebrafish,WB,mag,5760.0,708,0.9617577708798831,74,0.55,2022_03_01
539,0.4642220892766228,1.2380982548188129,0.4,engert_20220301_visualmagnet_a,2.3858349323272705,,180.0,,,20220301,unknown,zebrafish,WB,mag,5760.0,710,0.9612174921029012,97,0.55,2022_03_01
540,0.8768255978851585,0.5117629397543477,0.4,engert_20220301_visualmagnet_a,0.8645975589752197,,180.0,,,20220301,unknown,zebrafish,WB,mag,5760.0,711,0.6351356777161427,80,0.55,2022_03_01
541,0.7988080381758449,0.669292255968291,0.4,engert_20220301_visualmagnet_a,2.2457849979400635,,180.0,,,20220301,unknown,zebrafish,WB,mag,5760.0,713,0.8567797879484715,113,0.55,2022_03_01
542,0.5007996136181105,1.1752308112166898,0.4,engert_20220301_visualmagnet_a,1.3067634105682373,,180.0,,,20220301,unknown,zebrafish,WB,mag,5760.0,716,0.8990482655872137,100,0.55,2022_03_01
543,0.007933755342374504,3.1179354111550115,0.4,engert_20220301_visualmagnet_a,2.6048526763916016,,180.0,,,20220301,unknown,zebrafish,WB,mag,5760.0,717,0.980294285321913,92,0.55,2022_03_01
544,0.16669995585882924,1.8934106404250988,0.4,engert_20220301_visualmagnet_a,1.9096616506576538,,180.0,,,20220301,unknown,zebrafish,WB,mag,5760.0,718,0.675873055678671,49,0.55,2022_03_01
545,0.8963959874745191,0.46673817753684693,0.4,engert_20220301_visualmagnet_a,2.1471869945526123,,180.0,,,20220301,unknown,zebrafish,WB,mag,5760.0,719,0.965012956221675,85,0.55,2022_03_01
546,0.04829397886872688,2.4648252507547017,0.4,engert_20220301_visualmagnet_a,2.5649356842041016,,180.0,,,20220301,unknown,zebrafish,WB,mag,5760.0,720,0.6645770744932266,90,0.55,2022_03_01
547,0.7790381712611787,0.7056914396315137,0.4,engert_20220301_visualmagnet_a,1.3140616416931152,,180.0,,,20220301,unknown,zebrafish,WB,mag,5760.0,721,0.8777009777300516,83,0.55,2022_03_01
548,0.24188124979420034,1.684761992010848,0.4,engert_20220301_visualmagnet_a,1.8521379232406616,,180.0,,,20220301,unknown,zebrafish,WB,mag,5760.0,722,0.9443614291376836,67,0.55,2022_03_01
549,0.7089138527124026,0.8285066971849848,0.4,engert_20220301_visualmagnet_a,1.470241904258728,,180.0,,,20220301,unknown,zebrafish,WB,mag,5760.0,723,0.7058259311047019,35,0.55,2022_03_01
550,0.6163426286559474,0.9828857139602517,0.4,engert_20220301_visualmagnet_a,1.677356243133545,,180.0,,,20220301,unknown,zebrafish,WB,mag,5760.0,726,0.8844612041646318,52,0.55,2022_03_01
551,0.7530305835700931,0.7522089861646064,0.4,engert_20220301_visualmagnet_a,1.769690990447998,,180.0,,,20220301,unknown,zebrafish,WB,mag,5760.0,727,0.8980299615966424,77,0.55,2022_03_01
552,0.5192057861324284,1.1441045361300228,0.4,engert_20220301_visualmagnet_a,2.361448049545288,,180.0,,,20220301,unknown,zebrafish,WB,mag,5760.0,728,0.8329675056655637,65,0.55,2022_03_01
553,0.06892964830432591,2.315016970610407,0.4,engert_20220301_visualmagnet_a,1.4845939874649048,,180.0,,,20220301,unknown,zebrafish,WB,mag,5760.0,729,0.6019321309243532,56,0.55,2022_03_01
554,0.15610745671004655,1.927888477241975,0.4,engert_20220301_visualmagnet_a,2.0121607780456543,,180.0,,,20220301,unknown,zebrafish,WB,mag,5760.0,730,0.669602024041086,70,0.55,2022_03_01
555,0.2322536873203933,1.7087552078447066,0.4,engert_20220301_visualmagnet_a,2.7895376682281494,,180.0,,,20220301,unknown,zebrafish,WB,mag,5760.0,731,0.8520450455636074,88,0.55,2022_03_01
556,0.6671744209356738,0.8987079093145084,0.4,engert_20220301_visualmagnet_a,2.4574880599975586,,180.0,,,20220301,unknown,zebrafish,WB,mag,5760.0,732,0.5663527821080844,122,0.55,2022_03_01
557,0.11539626555512994,2.0792980789666635,0.4,engert_20220301_visualmagnet_a,2.4045233726501465,,180.0,,,20220301,unknown,zebrafish,WB,mag,5760.0,734,0.7721172022880277,82,0.55,2022_03_01
558,0.015059967540937413,2.9026905576574253,0.4,engert_20220301_visualmagnet_a,0.652154266834259,,180.0,,,20220301,unknown,zebrafish,WB,mag,5760.0,736,0.8203184927982626,41,0.55,2022_03_01
559,0.9899073853923688,0.1412596575465595,0.4,engert_20220301_visualmagnet_a,2.6704771518707275,,180.0,,,20220301,unknown,zebrafish,WB,mag,5760.0,737,0.902701834438501,89,0.55,2022_03_01
560,0.4882632616120648,1.1966108568804952,0.4,engert_20220301_visualmagnet_a,1.9080380201339722,,180.0,,,20220301,unknown,zebrafish,WB,mag,5760.0,738,0.7661053643876756,58,0.55,2022_03_01
561,0.5001152942219469,1.1763938790515527,0.4,engert_20220301_visualmagnet_a,1.6148544549942017,,180.0,,,20220301,unknown,zebrafish,WB,mag,5760.0,739,0.5702676121058072,111,0.55,2022_03_01
562,0.10141420623577069,2.1407880942728377,0.4,engert_20220301_visualmagnet_a,1.2507860660552979,,180.0,,,20220301,unknown,zebrafish,WB,mag,5760.0,740,0.8010100747661177,61,0.55,2022_03_01
563,0.4552709305188748,1.2537314267352957,0.4,engert_20220301_visualmagnet_a,1.5366673469543457,,180.0,,,20220301,unknown,zebrafish,WB,mag,5760.0,741,0.9560275822545766,82,0.55,2022_03_01
564,0.7852311898422479,0.6943965609161432,0.4,engert_20220301_visualmagnet_a,2.568347215652466,,180.0,,,20220301,unknown,zebrafish,WB,mag,5760.0,743,0.8533594165954541,90,0.55,2022_03_01
565,0.9210406474108821,0.40462779610045646,0.4,engert_20220301_visualmagnet_a,1.4078409671783447,,180.0,,,20220301,unknown,zebrafish,WB,mag,5760.0,744,0.8399278110848862,77,0.55,2022_03_01
566,0.7815306505439084,0.7011567587576679,0.4,engert_20220301_visualmagnet_a,0.8956024050712585,,180.0,,,20220301,unknown,zebrafish,WB,mag,5760.0,745,0.8091055528134504,97,0.55,2022_03_01
567,0.4015785116636723,1.350173767050269,0.4,engert_20220301_visualmagnet_a,1.954708456993103,,180.0,,,20220301,unknown,zebrafish,WB,mag,5760.0,746,0.5673645212326829,63,0.55,2022_03_01
568,0.2005514305251761,1.792797260173134,0.4,engert_20220301_visualmagnet_a,2.048985242843628,,180.0,,,20220301,unknown,zebrafish,WB,mag,5760.0,747,0.756575831552804,80,0.55,2022_03_01
569,0.3836010016479072,1.3837076105089188,0.4,engert_20220301_visualmagnet_a,2.1749939918518066,,180.0,,,20220301,unknown,zebrafish,WB,mag,5760.0,750,0.8076143169499751,59,0.55,2022_03_01
570,0.6876118560198258,0.8645128901215114,0.4,engert_20220301_visualmagnet_a,0.789148211479187,,180.0,,,20220301,unknown,zebrafish,WB,mag,5760.0,751,0.7893249102858522,67,0.55,2022_03_01
571,0.47986243389746186,1.2110306899709673,0.4,engert_20220301_visualmagnet_a,2.4768052101135254,,180.0,,,20220301,unknown,zebrafish,WB,mag,5760.0,753,0.7157986429751931,80,0.55,2022_03_01
572,0.8941277724799643,0.4721238049770904,0.4,engert_20220301_visualmagnet_a,1.7420165538787842,,180.0,,,20220301,unknown,zebrafish,WB,mag,5760.0,754,0.577021161556987,74,0.55,2022_03_01
573,0.8583382638281729,0.5517595994219212,0.4,engert_20220301_visualmagnet_a,1.8804500102996826,,180.0,,,20220301,unknown,zebrafish,WB,mag,5760.0,755,0.9353041723332486,66,0.55,2022_03_01
574,0.7815592998030328,0.7011045636701468,0.4,engert_20220301_visualmagnet_a,1.8073432445526123,,180.0,,,20220301,unknown,zebrafish,WB,mag,5760.0,756,0.7664179501657101,68,0.55,2022_03_01
575,0.22881072429836813,1.7174941876240706,0.4,engert_20220301_visualmagnet_a,2.4757211208343506,,180.0,,,20220301,unknown,zebrafish,WB,mag,5760.0,758,0.9231584055613199,81,0.55,2022_03_01
576,0.4776488419146466,1.2148435865732437,0.4,engert_20220301_visualmagnet_a,2.3481626510620117,,180.0,,,20220301,unknown,zebrafish,WB,mag,5760.0,760,0.6229439320846233,53,0.55,2022_03_01
577,0.2813354445997187,1.5923584150723826,0.4,engert_20220301_visualmagnet_a,1.203878402709961,,180.0,,,20220301,unknown,zebrafish,WB,mag,5760.0,761,0.8114500209808722,116,0.55,2022_03_01
578,0.6569223491454678,0.915763468186158,0.4,engert_20220301_visualmagnet_a,1.5322564840316772,,180.0,,,20220301,unknown,zebrafish,WB,mag,5760.0,762,0.8907971541687972,94,0.55,2022_03_01
579,0.7099709388820226,0.826708174397641,0.4,engert_20220301_visualmagnet_a,2.3753721714019775,,180.0,,,20220301,unknown,zebrafish,WB,mag,5760.0,763,0.9594851920163674,86,0.55,2022_03_01
580,0.032475017311767496,2.622001788511802,0.4,engert_20220301_visualmagnet_a,1.5133190155029297,,180.0,,,20220301,unknown,zebrafish,WB,mag,5760.0,766,0.6910640392701187,65,0.55,2022_03_01
581,0.8580787604942753,0.5523063113394758,0.4,engert_20220301_visualmagnet_a,2.9895944595336914,,180.0,,,20220301,unknown,zebrafish,WB,mag,5760.0,767,0.7336735749594557,59,0.55,2022_03_01
582,0.4663895572816664,1.2343289387977507,0.4,engert_20220301_visualmagnet_a,1.2136884927749634,,180.0,,,20220301,unknown,zebrafish,WB,mag,5760.0,768,0.7092760771408408,81,0.55,2022_03_01
583,0.8218957211790778,0.6253448094574228,0.4,engert_20220301_visualmagnet_a,1.5402854681015015,,180.0,,,20220301,unknown,zebrafish,WB,mag,5760.0,773,0.9093678074112643,119,0.55,2022_03_01
584,0.18007360447282417,1.8520710465277568,0.4,engert_20220301_visualmagnet_a,1.3152556419372559,,180.0,,,20220301,unknown,zebrafish,WB,mag,5760.0,774,0.8150341352980482,55,0.55,2022_03_01
585,0.8072012844117985,0.6535130931962524,0.4,engert_20220301_visualmagnet_a,1.3204455375671387,,180.0,,,20220301,unknown,zebrafish,WB,mag,5760.0,775,0.9781200885032083,84,0.55,2022_03_01
586,0.44668773812060103,1.2688280261301998,0.4,engert_20220301_visualmagnet_a,0.9865666627883911,,180.0,,,20220301,unknown,zebrafish,WB,mag,5760.0,776,0.5895157305779041,61,0.55,2022_03_01
587,0.5896723421914098,1.0268855189484654,0.4,engert_20220301_visualmagnet_a,2.1563329696655273,,180.0,,,20220301,unknown,zebrafish,WB,mag,5760.0,777,0.9778545391759549,83,0.55,2022_03_01
588,0.29585977091630444,1.5603697230243563,0.4,engert_20220301_visualmagnet_a,3.1961629390716553,,180.0,,,20220301,unknown,zebrafish,WB,mag,5760.0,778,0.7946635491194115,54,0.55,2022_03_01
589,0.2876489570724847,1.5783344695664707,0.4,engert_20220301_visualmagnet_a,1.544212818145752,,180.0,,,20220301,unknown,zebrafish,WB,mag,5760.0,779,0.7870210539774827,66,0.55,2022_03_01
590,0.2589128690479334,1.6437882407575806,0.4,engert_20220301_visualmagnet_a,1.5572974681854248,,180.0,,,20220301,unknown,zebrafish,WB,mag,5760.0,780,0.8543991271521967,93,0.55,2022_03_01
591,0.7968331873790906,0.672975030001798,0.4,engert_20220301_visualmagnet_a,2.4037275314331055,,180.0,,,20220301,unknown,zebrafish,WB,mag,5760.0,781,0.5880832195967141,76,0.55,2022_03_01
592,0.2852702999694424,1.5835960515953327,0.4,engert_20220301_visualmagnet_a,1.040162444114685,,180.0,,,20220301,unknown,zebrafish,WB,mag,5760.0,782,0.8672822684423959,40,0.55,2022_03_01
593,0.08972606791693205,2.1975166535872916,0.4,engert_20220301_visualmagnet_a,2.4908676147460938,,180.0,,,20220301,unknown,zebrafish,WB,mag,5760.0,784,0.7155577894232898,47,0.55,2022_03_01
594,0.7691245744054312,0.7235878330084422,0.4,engert_20220301_visualmagnet_a,2.27009916305542,,180.0,,,20220301,unknown,zebrafish,WB,mag,5760.0,785,0.7093781528230474,38,0.55,2022_03_01
595,0.9391984575191846,0.3532366768063016,0.4,engert_20220301_visualmagnet_a,1.2084356546401978,,180.0,,,20220301,unknown,zebrafish,WB,mag,5760.0,787,0.8402843723951997,57,0.55,2022_03_01
596,0.8108240766496184,0.646635377951473,0.4,engert_20220301_visualmagnet_a,2.394188165664673,,180.0,,,20220301,unknown,zebrafish,WB,mag,5760.0,788,0.7654604575994901,63,0.55,2022_03_01
597,0.914296607658977,0.4223592076688411,0.4,engert_20220301_visualmagnet_a,2.506232738494873,,180.0,,,20220301,unknown,zebrafish,WB,mag,5760.0,789,0.813484317549412,80,0.55,2022_03_01
598,0.47464430492831433,1.2200280564740111,0.4,engert_20220301_visualmagnet_a,2.6257238388061523,,180.0,,,20220301,unknown,zebrafish,WB,mag,5760.0,790,0.796066375843739,68,0.55,2022_03_01
599,0.723156206492402,0.8041663705416677,0.4,engert_20220301_visualmagnet_a,2.089500904083252,,180.0,,,20220301,unknown,zebrafish,WB,mag,5760.0,791,0.6518369625514685,58,0.55,2022_03_01
600,0.8987932354760608,0.46099320220595275,0.4,engert_20220301_visualmagnet_a,1.9997676610946655,,180.0,,,20220301,unknown,zebrafish,WB,mag,5760.0,792,0.8841023061042086,90,0.55,2022_03_01
601,0.11412352377285229,2.0846484089400104,0.4,engert_20220301_visualmagnet_a,2.2066245079040527,,180.0,,,20220301,unknown,zebrafish,WB,mag,5760.0,793,0.6322302469414307,50,0.55,2022_03_01
602,0.7675561366155836,0.7263997030299821,0.4,engert_20220301_visualmagnet_a,1.2910830974578857,,180.0,,,20220301,unknown,zebrafish,WB,mag,5760.0,794,0.8373982089076054,53,0.55,2022_03_01
603,0.04347105777061844,2.5074397958210954,0.4,engert_20220301_visualmagnet_a,1.3663219213485718,,180.0,,,20220301,unknown,zebrafish,WB,mag,5760.0,796,0.8568236199264349,66,0.55,2022_03_01
604,0.03807998902666898,2.560078353312408,0.4,engert_20220301_visualmagnet_a,1.1802700757980347,,180.0,,,20220301,unknown,zebrafish,WB,mag,5760.0,799,0.8956374391017358,63,0.55,2022_03_01
605,0.5904598136897314,1.0255856251456477,0.4,engert_20220301_visualmagnet_a,0.575335681438446,,180.0,,,20220301,unknown,zebrafish,WB,mag,5760.0,800,0.806496544223116,79,0.55,2022_03_01
606,0.04104274214419101,2.530423866374548,0.4,engert_20220301_visualmagnet_a,1.4401211738586426,,180.0,,,20220301,unknown,zebrafish,WB,mag,5760.0,801,0.839747716993533,66,0.55,2022_03_01
607,0.38247464195904135,1.3858330613046879,0.4,engert_20220301_visualmagnet_a,0.7632193565368652,,180.0,,,20220301,unknown,zebrafish,WB,mag,5760.0,802,0.8964789780290796,59,0.55,2022_03_01
608,0.36931562877694946,1.410894303883451,0.4,engert_20220301_visualmagnet_a,1.0302114486694336,,180.0,,,20220301,unknown,zebrafish,WB,mag,5760.0,804,0.7971222744530747,81,0.55,2022_03_01
609,0.03812913450018307,2.559570921244905,0.4,engert_20220301_visualmagnet_a,1.390731930732727,,180.0,,,20220301,unknown,zebrafish,WB,mag,5760.0,805,0.889127592835788,60,0.55,2022_03_01
610,0.6113103720494664,0.9911871329082622,0.4,engert_20220301_visualmagnet_a,3.260053873062134,,180.0,,,20220301,unknown,zebrafish,WB,mag,5760.0,806,0.9123723190564743,103,0.55,2022_03_01
611,0.5965661589211577,1.01550852102017,0.4,engert_20220301_visualmagnet_a,2.807143449783325,,180.0,,,20220301,unknown,zebrafish,WB,mag,5760.0,807,0.8455266965001426,70,0.55,2022_03_01
612,0.22396572484587718,1.7299407146408916,0.4,engert_20220301_visualmagnet_a,4.443627834320068,,180.0,,,20220301,unknown,zebrafish,WB,mag,5760.0,808,0.9154212290539261,90,0.55,2022_03_01
613,0.17728480228407606,1.8605057254060635,0.4,engert_20220301_visualmagnet_a,2.525726318359375,,180.0,,,20220301,unknown,zebrafish,WB,mag,5760.0,809,0.8745187663091574,70,0.55,2022_03_01
614,0.9334336636753413,0.3702136660480736,0.4,engert_20220301_visualmagnet_a,2.5519325733184814,,180.0,,,20220301,unknown,zebrafish,WB,mag,5760.0,810,0.8336494242453032,85,0.55,2022_03_01
615,0.5363720577759479,1.1153131023935552,0.4,engert_20220301_visualmagnet_a,3.3661038875579834,,180.0,,,20220301,unknown,zebrafish,WB,mag,5760.0,811,0.9775255987749306,79,0.55,2022_03_01
616,0.26279727547650733,1.63468543787253,0.4,engert_20220301_visualmagnet_a,3.7418289184570312,,180.0,,,20220301,unknown,zebrafish,WB,mag,5760.0,812,0.891613328716976,81,0.55,2022_03_01
617,0.9993215017912791,0.03402015562135568,0.4,engert_20220301_visualmagnet_a,3.9109244346618652,,180.0,,,20220301,unknown,zebrafish,WB,mag,5760.0,813,0.7816928635879464,126,0.55,2022_03_01
618,0.6749183270869549,0.8857849340744786,0.4,engert_20220301_visualmagnet_a,0.745037317276001,,180.0,,,20220301,unknown,zebrafish,WB,mag,5760.0,814,0.9566042271935127,82,0.55,2022_03_01
619,0.7544417061388582,0.7497191124973562,0.4,engert_20220301_visualmagnet_a,2.4847545623779297,,180.0,,,20220301,unknown,zebrafish,WB,mag,5760.0,815,0.9091911639907067,80,0.55,2022_03_01
620,0.9815427619859526,0.19196998141801003,0.4,engert_20220301_visualmagnet_a,1.711414098739624,,180.0,,,20220301,unknown,zebrafish,WB,mag,5760.0,816,0.6929650989209605,67,0.55,2022_03_01
621,0.19411250484349818,1.8109590928860801,0.4,engert_20220301_visualmagnet_a,1.698147177696228,,180.0,,,20220301,unknown,zebrafish,WB,mag,5760.0,818,0.6419158110306648,53,0.55,2022_03_01
622,0.19053584910856058,1.8212294426410842,0.4,engert_20220301_visualmagnet_a,2.0375165939331055,,180.0,,,20220301,unknown,zebrafish,WB,mag,5760.0,819,0.9301169861703471,70,0.55,2022_03_01
623,0.21202542977795402,1.7614054187451738,0.4,engert_20220301_visualmagnet_a,2.1518919467926025,,180.0,,,20220301,unknown,zebrafish,WB,mag,5760.0,820,0.970386173668679,79,0.55,2022_03_01
624,0.7628726753829709,0.73476611845642,0.4,engert_20220301_visualmagnet_a,1.6791136264801025,,180.0,,,20220301,unknown,zebrafish,WB,mag,5760.0,821,0.9541983579050964,65,0.55,2022_03_01
625,0.8649278348277487,0.5377471093923449,0.4,engert_20220301_visualmagnet_a,1.833970546722412,,180.0,,,20220301,unknown,zebrafish,WB,mag,5760.0,822,0.6143718511747588,54,0.55,2022_03_01
626,0.8396033305568616,0.5903357485570015,0.4,engert_20220301_visualmagnet_a,1.3671449422836304,,180.0,,,20220301,unknown,zebrafish,WB,mag,5760.0,825,0.8909326818471296,153,0.55,2022_03_01
627,0.4237749829601306,1.3096928418052056,0.4,engert_20220301_visualmagnet_a,3.266528367996216,,180.0,,,20220301,unknown,zebrafish,WB,mag,5760.0,826,0.9726231974644928,142,0.55,2022_03_01
628,0.37428676724041554,1.4013760302889402,0.4,engert_20220301_visualmagnet_a,1.6112174987792969,,180.0,,,20220301,unknown,zebrafish,WB,mag,5760.0,827,0.958097357569888,77,0.55,2022_03_01
629,0.6877238669998031,0.8643246357023068,0.4,engert_20220301_visualmagnet_a,1.4397917985916138,,180.0,,,20220301,unknown,zebrafish,WB,mag,5760.0,828,0.9662809981518524,77,0.55,2022_03_01
630,0.41491659632382016,1.3257348191839606,0.4,engert_20220301_visualmagnet_a,1.0141175985336304,,180.0,,,20220301,unknown,zebrafish,WB,mag,5760.0,829,0.8638228263782136,62,0.55,2022_03_01
631,0.4245430791473346,1.308308597332298,0.4,engert_20220301_visualmagnet_a,1.7608921527862549,,180.0,,,20220301,unknown,zebrafish,WB,mag,5760.0,830,0.6291737128176533,62,0.55,2022_03_01
632,0.28508366324133383,1.5840098973707766,0.4,engert_20220301_visualmagnet_a,1.4641488790512085,,180.0,,,20220301,unknown,zebrafish,WB,mag,5760.0,831,0.6932298090086293,35,0.55,2022_03_01
633,0.5418291620488496,1.1062008777218986,0.4,engert_20220301_visualmagnet_a,1.5690375566482544,,180.0,,,20220301,unknown,zebrafish,WB,mag,5760.0,832,0.8187883265335257,66,0.55,2022_03_01
634,0.44560568830879344,1.2707389463706857,0.4,engert_20220301_visualmagnet_a,3.529099225997925,,180.0,,,20220301,unknown,zebrafish,WB,mag,5760.0,834,0.9723304444788934,86,0.55,2022_03_01
635,0.3406313425344798,1.4671432556159307,0.4,engert_20220301_visualmagnet_a,3.736907958984375,,180.0,,,20220301,unknown,zebrafish,WB,mag,5760.0,835,0.9326194358127995,94,0.55,2022_03_01
636,0.40381474013469243,1.3460513753676717,0.4,engert_20220301_visualmagnet_a,0.9756994843482971,,180.0,,,20220301,unknown,zebrafish,WB,mag,5760.0,838,0.7003048494528689,79,0.55,2022_03_01
637,0.8456785670353171,0.5780158596705645,0.4,engert_20220301_visualmagnet_a,1.8466488122940063,,180.0,,,20220301,unknown,zebrafish,WB,mag,5760.0,839,0.6013757555418805,54,0.55,2022_03_01
638,0.11768505783260408,2.069789779887618,0.4,engert_20220301_visualmagnet_a,1.3031917810440063,,180.0,,,20220301,unknown,zebrafish,WB,mag,5760.0,840,0.6476952196000488,76,0.55,2022_03_01
639,0.022943703685523453,2.7523816618747206,0.4,engert_20220301_visualmagnet_a,3.883230447769165,,180.0,,,20220301,unknown,zebrafish,WB,mag,5760.0,844,0.9401505173549364,95,0.55,2022_03_01
640,0.05901768759706094,2.381528758124818,0.4,engert_20220301_visualmagnet_a,0.36120185256004333,,180.0,,,20220301,unknown,zebrafish,WB,mag,5760.0,845,0.6704700285909263,41,0.55,2022_03_01
641,0.31911120381542846,1.5110290240225348,0.4,engert_20220301_visualmagnet_a,2.3653504848480225,,180.0,,,20220301,unknown,zebrafish,WB,mag,5760.0,846,0.7378000952694368,80,0.55,2022_03_01
642,0.38802817472031914,1.3753822186775222,0.4,engert_20220301_visualmagnet_a,1.8392442464828491,,180.0,,,20220301,unknown,zebrafish,WB,mag,5760.0,847,0.9188023978426108,85,0.55,2022_03_01
643,0.5157121656221992,1.1499905562948796,0.4,engert_20220301_visualmagnet_a,2.065885543823242,,180.0,,,20220301,unknown,zebrafish,WB,mag,5760.0,848,0.6689808333376257,98,0.55,2022_03_01
644,0.34537716846567745,1.4576702394741246,0.4,engert_20220301_visualmagnet_a,0.944195568561554,,180.0,,,20220301,unknown,zebrafish,WB,mag,5760.0,850,0.8710898228409942,71,0.55,2022_03_01
645,0.027615556016195253,2.6836031600190107,0.4,engert_20220301_visualmagnet_a,1.9348431825637817,,180.0,,,20220301,unknown,zebrafish,WB,mag,5760.0,853,0.8406514517259439,72,0.55,2022_03_01
646,0.8512230260800371,0.5666181313314348,0.4,engert_20220301_visualmagnet_a,4.801826000213623,,180.0,,,20220301,unknown,zebrafish,WB,mag,5760.0,854,0.9765284209485241,78,0.55,2022_03_01
647,0.9422554173344541,0.3439394202451754,0.4,engert_20220301_visualmagnet_a,1.959113359451294,,180.0,,,20220301,unknown,zebrafish,WB,mag,5760.0,855,0.55666481052841,55,0.55,2022_03_01
648,0.2302864040432887,1.713738002491487,0.4,engert_20220301_visualmagnet_a,3.0192670822143555,,180.0,,,20220301,unknown,zebrafish,WB,mag,5760.0,859,0.5917754738091787,72,0.55,2022_03_01
649,0.25194650375204075,1.6603325133601032,0.4,engert_20220301_visualmagnet_a,1.5241225957870483,,180.0,,,20220301,unknown,zebrafish,WB,mag,5760.0,860,0.8384258156256941,56,0.55,2022_03_01
650,0.319898845966625,1.5093943959051077,0.4,engert_20220301_visualmagnet_a,2.3758673667907715,,180.0,,,20220301,unknown,zebrafish,WB,mag,5760.0,861,0.7810403873847235,68,0.55,2022_03_01
651,0.06702423731165874,2.3271650147571425,0.4,engert_20220301_visualmagnet_a,2.0371756553649902,,180.0,,,20220301,unknown,zebrafish,WB,mag,5760.0,862,0.8049364308886777,90,0.55,2022_03_01
652,0.03977710945847612,2.5428621712172617,0.4,engert_20220301_visualmagnet_a,1.9404886960983276,,180.0,,,20220301,unknown,zebrafish,WB,mag,5760.0,863,0.8932082638804976,58,0.55,2022_03_01
653,0.3663775513316089,1.4165500323020892,0.4,engert_20220301_visualmagnet_a,2.6580584049224854,,180.0,,,20220301,unknown,zebrafish,WB,mag,5760.0,864,0.9719001380752601,84,0.55,2022_03_01
654,0.3457054058873018,1.4570175477165346,0.4,engert_20220301_visualmagnet_a,3.378674030303955,,180.0,,,20220301,unknown,zebrafish,WB,mag,5760.0,865,0.6068520073185442,59,0.55,2022_03_01
655,0.4200082050225743,1.3164966076956737,0.4,engert_20220301_visualmagnet_a,1.449040174484253,,180.0,,,20220301,unknown,zebrafish,WB,mag,5760.0,866,0.7348626315991769,132,0.55,2022_03_01
656,0.12458478078324386,2.04195942504288,0.4,engert_20220301_visualmagnet_a,0.9668155312538147,,180.0,,,20220301,unknown,zebrafish,WB,mag,5760.0,868,0.8441365361519699,40,0.55,2022_03_01
657,0.9202837522336452,0.40664969288794234,0.4,engert_20220301_visualmagnet_a,3.107537031173706,,180.0,,,20220301,unknown,zebrafish,WB,mag,5760.0,871,0.915006507341187,59,0.55,2022_03_01
658,0.3342247353468436,1.4800447762302418,0.4,engert_20220301_visualmagnet_a,1.5973124504089355,,180.0,,,20220301,unknown,zebrafish,WB,mag,5760.0,872,0.946340922251066,75,0.55,2022_03_01
659,0.24421373948401626,1.6790431261867085,0.4,engert_20220301_visualmagnet_a,1.7171902656555176,,180.0,,,20220301,unknown,zebrafish,WB,mag,5760.0,875,0.8633287105403241,50,0.55,2022_03_01
660,0.7543559870680959,0.7498704880828376,0.4,engert_20220301_visualmagnet_a,1.766331434249878,,180.0,,,20220301,unknown,zebrafish,WB,mag,5760.0,876,0.8387320196833576,68,0.55,2022_03_01
661,0.5252989290674674,1.1338612643503299,0.4,engert_20220301_visualmagnet_a,1.3772056102752686,,180.0,,,20220301,unknown,zebrafish,WB,mag,5760.0,877,0.7874791055415934,62,0.55,2022_03_01
662,0.572341415809381,1.0555259847297656,0.4,engert_20220301_visualmagnet_a,1.568508505821228,,180.0,,,20220301,unknown,zebrafish,WB,mag,5760.0,878,0.8742947750418785,57,0.55,2022_03_01
663,0.5318629119397318,1.1228563123090518,0.4,engert_20220301_visualmagnet_a,1.7817349433898926,,180.0,,,20220301,unknown,zebrafish,WB,mag,5760.0,879,0.589968909588064,66,0.55,2022_03_01
664,0.5776003502241533,1.0468276176313884,0.4,engert_20220301_visualmagnet_a,2.3118526935577393,,180.0,,,20220301,unknown,zebrafish,WB,mag,5760.0,881,0.7492381616524382,60,0.55,2022_03_01
665,0.742273904992688,0.7710757949616074,0.4,engert_20220301_visualmagnet_a,3.4203073978424072,,180.0,,,20220301,unknown,zebrafish,WB,mag,5760.0,882,0.8496868213417358,102,0.55,2022_03_01
666,0.6528931789805049,0.922452166485694,0.4,engert_20220301_visualmagnet_a,2.294145345687866,,180.0,,,20220301,unknown,zebrafish,WB,mag,5760.0,883,0.9517120614466645,74,0.55,2022_03_01
667,0.7977367277031522,0.6712914061732597,0.4,engert_20220301_visualmagnet_a,1.5638169050216675,,180.0,,,20220301,unknown,zebrafish,WB,mag,5760.0,884,0.8819681514519748,46,0.55,2022_03_01
668,0.6411209691002494,0.9419568817964059,0.4,engert_20220301_visualmagnet_a,1.425921082496643,,180.0,,,20220301,unknown,zebrafish,WB,mag,5760.0,886,0.7723128096851917,105,0.55,2022_03_01
669,0.0285328307450744,2.6712970437044863,0.4,engert_20220301_visualmagnet_a,1.180397868156433,,180.0,,,20220301,unknown,zebrafish,WB,mag,5760.0,887,0.9287864291741766,67,0.55,2022_03_01
670,0.5069465813102538,1.164803038079925,0.4,engert_20220301_visualmagnet_a,1.8021059036254883,,180.0,,,20220301,unknown,zebrafish,WB,mag,5760.0,889,0.5947573333005818,48,0.55,2022_03_01
671,0.6654538539091885,0.9015742473915918,0.4,engert_20220301_visualmagnet_a,1.484106183052063,,180.0,,,20220301,unknown,zebrafish,WB,mag,5760.0,890,0.9300993612778198,61,0.55,2022_03_01
672,0.5207678655152351,1.1414758596665404,0.4,engert_20220301_visualmagnet_a,1.709220051765442,,180.0,,,20220301,unknown,zebrafish,WB,mag,5760.0,891,0.6266363903995036,73,0.55,2022_03_01
673,0.6868344630853955,0.8658192022226555,0.4,engert_20220301_visualmagnet_a,0.8185667991638184,,180.0,,,20220301,unknown,zebrafish,WB,mag,5760.0,893,0.705677407525554,92,0.55,2022_03_01
674,0.4447059122869462,1.2723293193596343,0.4,engert_20220301_visualmagnet_a,2.4259438514709473,,180.0,,,20220301,unknown,zebrafish,WB,mag,5760.0,895,0.8123694142141487,89,0.55,2022_03_01
675,0.35519914873929515,1.438281336894512,0.4,engert_20220301_visualmagnet_a,2.265726327896118,,180.0,,,20220301,unknown,zebrafish,WB,mag,5760.0,896,0.8776833054535933,60,0.55,2022_03_01
676,0.6558614287886846,0.9175253855869324,0.4,engert_20220301_visualmagnet_a,2.0139260292053223,,180.0,,,20220301,unknown,zebrafish,WB,mag,5760.0,897,0.7748912086457594,67,0.55,2022_03_01
677,0.04109525089314625,2.5299146892670192,0.4,engert_20220301_visualmagnet_a,2.049276828765869,,180.0,,,20220301,unknown,zebrafish,WB,mag,5760.0,899,0.9618939286466031,75,0.55,2022_03_01
678,0.6934339984778385,0.8547135856073639,0.4,engert_20220301_visualmagnet_a,1.2631688117980957,,180.0,,,20220301,unknown,zebrafish,WB,mag,5760.0,900,0.9900837707207872,86,0.55,2022_03_01
679,0.08510328078544138,2.2215796787815623,0.4,engert_20220301_visualmagnet_a,1.6776683330535889,,180.0,,,20220301,unknown,zebrafish,WB,mag,5760.0,902,0.8639050876059833,58,0.55,2022_03_01
680,0.11370397400696486,2.0864221995295433,0.4,engert_20220301_visualmagnet_a,0.8650380373001099,,180.0,,,20220301,unknown,zebrafish,WB,mag,5760.0,904,0.7266700190567787,68,0.55,2022_03_01
681,0.05043232298325717,2.4470648069389696,0.4,engert_20220301_visualmagnet_a,1.7853280305862427,,180.0,,,20220301,unknown,zebrafish,WB,mag,5760.0,907,0.6377585795336433,161,0.55,2022_03_01
682,0.653472281009954,0.9214912659947854,0.4,engert_20220301_visualmagnet_a,2.798877716064453,,180.0,,,20220301,unknown,zebrafish,WB,mag,5760.0,909,0.8253352546168286,103,0.55,2022_03_01
683,0.5181150633236549,1.1459411400051487,0.4,engert_20220301_visualmagnet_a,2.545175790786743,,180.0,,,20220301,unknown,zebrafish,WB,mag,5760.0,910,0.9607150513358883,96,0.55,2022_03_01
684,0.342266801638491,1.463870813729462,0.4,engert_20220301_visualmagnet_a,1.1344283819198608,,180.0,,,20220301,unknown,zebrafish,WB,mag,5760.0,911,0.8015658294790767,59,0.55,2022_03_01
685,0.7704720991500774,0.7211679098014737,0.4,engert_20220301_visualmagnet_a,1.1729736328125,,180.0,,,20220301,unknown,zebrafish,WB,mag,5760.0,912,0.9389913981734109,82,0.55,2022_03_01
686,0.2272096990912421,1.7215875994182679,0.4,engert_20220301_visualmagnet_a,1.077896237373352,,180.0,,,20220301,unknown,zebrafish,WB,mag,5760.0,913,0.6587295531661662,64,0.55,2022_03_01
687,0.4975600859796937,1.1807406298051393,0.4,engert_20220301_visualmagnet_a,2.3504860401153564,,180.0,,,20220301,unknown,zebrafish,WB,mag,5760.0,914,0.9661711676692379,103,0.55,2022_03_01
688,0.9973159771358099,0.0716365190044003,0.4,engert_20220301_visualmagnet_a,2.623474597930908,,180.0,,,20220301,unknown,zebrafish,WB,mag,5760.0,917,0.8329675056655638,59,0.55,2022_03_01
689,0.35090060082318064,1.4467316997545554,0.4,engert_20220301_visualmagnet_a,0.4754129648208618,,180.0,,,20220301,unknown,zebrafish,WB,mag,5760.0,920,0.9507446066088994,68,0.55,2022_03_01
690,0.7385013166098768,0.7776480425584926,0.4,engert_20220301_visualmagnet_a,1.7746754884719849,,180.0,,,20220301,unknown,zebrafish,WB,mag,5760.0,922,0.8538691486010914,70,0.55,2022_03_01
691,0.6831411566423442,0.8720187389748315,0.4,engert_20220301_visualmagnet_a,1.8802241086959839,,180.0,,,20220301,unknown,zebrafish,WB,mag,5760.0,923,0.5959158366603919,67,0.55,2022_03_01
692,0.9981484665772238,0.058976274632290535,0.4,engert_20220301_visualmagnet_a,2.9196817874908447,,180.0,,,20220301,unknown,zebrafish,WB,mag,5760.0,924,0.894866330558277,60,0.55,2022_03_01
693,0.23822343924023082,1.6938028438372539,0.4,engert_20220301_visualmagnet_a,0.8779663443565369,,180.0,,,20220301,unknown,zebrafish,WB,mag,5760.0,925,0.6745910599406962,87,0.55,2022_03_01
694,0.6586629624609657,0.9128715860220503,0.4,engert_20220301_visualmagnet_a,1.4788366556167603,,180.0,,,20220301,unknown,zebrafish,WB,mag,5760.0,926,0.7044955070455717,55,0.55,2022_03_01
695,0.03162082083470241,2.6322291396480884,0.4,engert_20220301_visualmagnet_a,1.134204626083374,,180.0,,,20220301,unknown,zebrafish,WB,mag,5760.0,927,0.5588935690992932,30,0.55,2022_03_01
696,0.21440963290286796,1.755028700970608,0.4,engert_20220301_visualmagnet_a,1.101877212524414,,180.0,,,20220301,unknown,zebrafish,WB,mag,5760.0,930,0.9349872620615932,59,0.55,2022_03_01
697,0.6007554285938799,1.00859725359447,0.4,engert_20220301_visualmagnet_a,3.3733932971954346,,180.0,,,20220301,unknown,zebrafish,WB,mag,5760.0,931,0.739468520560362,76,0.55,2022_03_01
698,0.7941546236589545,0.6779525653652207,0.4,engert_20220301_visualmagnet_a,1.7289090156555176,,180.0,,,20220301,unknown,zebrafish,WB,mag,5760.0,933,0.8561995772285784,62,0.55,2022_03_01
699,0.3271394292267942,1.494471453848118,0.4,engert_20220301_visualmagnet_a,2.367713689804077,,180.0,,,20220301,unknown,zebrafish,WB,mag,5760.0,934,0.8095583680869407,46,0.55,2022_03_01
700,0.21466270986279956,1.7543547892263007,0.4,engert_20220301_visualmagnet_a,0.8002151846885681,,180.0,,,20220301,unknown,zebrafish,WB,mag,5760.0,936,0.7523766615758222,46,0.55,2022_03_01
701,0.19605644638395947,1.8054325322236782,0.4,engert_20220301_visualmagnet_a,0.8898744583129883,,180.0,,,20220301,unknown,zebrafish,WB,mag,5760.0,938,0.6091166445097042,99,0.55,2022_03_01
702,0.5878704537136472,1.0298603071610544,0.4,engert_20220301_visualmagnet_a,2.701145648956299,,180.0,,,20220301,unknown,zebrafish,WB,mag,5760.0,940,0.8237051405282333,99,0.55,2022_03_01
703,0.6110035278416527,0.9916932726843939,0.4,engert_20220301_visualmagnet_a,2.3728995323181152,,180.0,,,20220301,unknown,zebrafish,WB,mag,5760.0,942,0.7817135132422031,55,0.55,2022_03_01
704,0.7169794095218729,0.8147521368996805,0.4,engert_20220301_visualmagnet_a,1.235495686531067,,180.0,,,20220301,unknown,zebrafish,WB,mag,5760.0,943,0.7999468218906916,54,0.55,2022_03_01
705,0.5449644084876417,1.1009734688298196,0.4,engert_20220301_visualmagnet_a,2.240481376647949,,180.0,,,20220301,unknown,zebrafish,WB,mag,5760.0,944,0.821412398371624,92,0.55,2022_03_01
706,0.13066000549969292,2.0184117077601456,0.4,engert_20220301_visualmagnet_a,1.6558384895324707,,180.0,,,20220301,unknown,zebrafish,WB,mag,5760.0,945,0.8960479878016215,70,0.55,2022_03_01
707,0.6452069406275671,0.9351928616909333,0.4,engert_20220301_visualmagnet_a,1.0359612703323364,,180.0,,,20220301,unknown,zebrafish,WB,mag,5760.0,946,0.6358334449381685,42,0.55,2022_03_01
708,0.7225035317679982,0.8052871641586586,0.4,engert_20220301_visualmagnet_a,1.6155022382736206,,180.0,,,20220301,unknown,zebrafish,WB,mag,5760.0,947,0.6671219180663739,60,0.55,2022_03_01
709,0.045823599891591904,2.4861824805130683,0.4,engert_20220301_visualmagnet_a,1.032262921333313,,180.0,,,20220301,unknown,zebrafish,WB,mag,5760.0,948,0.8270866709931063,81,0.55,2022_03_01
710,0.5525481615212996,1.088350729154586,0.4,engert_20220301_visualmagnet_a,1.2390815019607544,,180.0,,,20220301,unknown,zebrafish,WB,mag,5760.0,949,0.8923542504700122,68,0.55,2022_03_01
711,0.6180021153080892,0.9801477479661269,0.4,engert_20220301_visualmagnet_a,1.4856127500534058,,180.0,,,20220301,unknown,zebrafish,WB,mag,5760.0,951,0.9413677813746926,92,0.55,2022_03_01
712,0.5830138296142255,1.0378811454584589,0.4,engert_20220301_visualmagnet_a,1.205570936203003,,180.0,,,20220301,unknown,zebrafish,WB,mag,5760.0,952,0.6775046892560033,80,0.55,2022_03_01
713,0.3879503767900965,1.3755281322465165,0.4,engert_20220301_visualmagnet_a,1.4684960842132568,,180.0,,,20220301,unknown,zebrafish,WB,mag,5760.0,955,0.9370804202844788,67,0.55,2022_03_01
714,0.12040447916083985,2.0586755390384543,0.4,engert_20220301_visualmagnet_a,2.2370400428771973,,180.0,,,20220301,unknown,zebrafish,WB,mag,5760.0,957,0.6551020738307185,49,0.55,2022_03_01
715,0.3816069379441879,1.3874725374855994,0.4,engert_20220301_visualmagnet_a,1.3961721658706665,,180.0,,,20220301,unknown,zebrafish,WB,mag,5760.0,959,0.7965845312670573,47,0.55,2022_03_01
716,0.7465378888115863,0.7636201119943599,0.4,engert_20220301_visualmagnet_a,2.159496784210205,,180.0,,,20220301,unknown,zebrafish,WB,mag,5760.0,960,0.9028053097740656,86,0.55,2022_03_01
717,0.9296046115267891,0.3811280675858404,0.4,engert_20220301_visualmagnet_a,1.068910837173462,,180.0,,,20220301,unknown,zebrafish,WB,mag,5760.0,961,0.869235202643284,78,0.55,2022_03_01
718,0.6122883162146857,0.9895739858554475,0.4,engert_20220301_visualmagnet_a,1.7494683265686035,,180.0,,,20220301,unknown,zebrafish,WB,mag,5760.0,963,0.6993099639060381,42,0.55,2022_03_01
719,0.812870786646303,0.6427310544541229,0.4,engert_20220301_visualmagnet_a,2.4808340072631836,,180.0,,,20220301,unknown,zebrafish,WB,mag,5760.0,965,0.7979705154073838,91,0.55,2022_03_01
720,0.5690768273162703,1.0609298356022312,0.4,engert_20220301_visualmagnet_a,0.85500168800354,,180.0,,,20220301,unknown,zebrafish,WB,mag,5760.0,966,0.7492402074851853,64,0.55,2022_03_01
721,0.37716623870353605,1.3958911733898025,0.4,engert_20220301_visualmagnet_a,1.097678542137146,,180.0,,,20220301,unknown,zebrafish,WB,mag,5760.0,970,0.7167023408422581,47,0.55,2022_03_01
722,0.5103267563507827,1.1590833157547482,0.4,engert_20220301_visualmagnet_a,1.3914992809295654,,180.0,,,20220301,unknown,zebrafish,WB,mag,5760.0,971,0.7567607464119914,39,0.55,2022_03_01
723,0.033543166055077456,2.609532485828901,0.4,engert_20220301_visualmagnet_a,2.665475606918335,,180.0,,,20220301,unknown,zebrafish,WB,mag,5760.0,972,0.9119350452673434,64,0.55,2022_03_01
724,0.6284092045849442,0.9629693317915763,0.4,engert_20220301_visualmagnet_a,0.9431734085083008,,180.0,,,20220301,unknown,zebrafish,WB,mag,5760.0,974,0.6472798512443602,31,0.55,2022_03_01
725,0.6224000040885462,0.9728902999184126,0.4,engert_20220301_visualmagnet_a,2.1617794036865234,,180.0,,,20220301,unknown,zebrafish,WB,mag,5760.0,977,0.8638463362460207,44,0.55,2022_03_01
726,0.8476924184075325,0.5738935286500498,0.4,engert_20220301_visualmagnet_a,2.151381492614746,,180.0,,,20220301,unknown,zebrafish,WB,mag,5760.0,980,0.672562505196551,74,0.55,2022_03_01
727,0.6942437189385224,0.8533484118784527,0.4,engert_20220301_visualmagnet_a,1.7400050163269043,,180.0,,,20220301,unknown,zebrafish,WB,mag,5760.0,981,0.6443496981572875,97,0.55,2022_03_01
728,0.35009246551976203,1.4483264296062754,0.4,engert_20220301_visualmagnet_a,1.006030559539795,,180.0,,,20220301,unknown,zebrafish,WB,mag,5760.0,982,0.6725848246339751,61,0.55,2022_03_01
729,0.1627055616517773,1.9062196118529167,0.4,engert_20220301_visualmagnet_a,0.8706184029579163,,180.0,,,20220301,unknown,zebrafish,WB,mag,5760.0,985,0.8393455555631312,43,0.55,2022_03_01
730,0.062225955289612056,2.3590577213714092,0.4,engert_20220301_visualmagnet_a,3.14371657371521,,180.0,,,20220301,unknown,zebrafish,WB,mag,5760.0,987,0.9520513321784153,108,0.55,2022_03_01
731,0.08826780464796447,2.204998312163921,0.4,engert_20220301_visualmagnet_a,1.5389608144760132,,180.0,,,20220301,unknown,zebrafish,WB,mag,5760.0,988,0.6583066566937557,58,0.55,2022_03_01
732,0.5350971989107345,1.1174444650117619,0.4,engert_20220301_visualmagnet_a,2.829186201095581,,180.0,,,20220301,unknown,zebrafish,WB,mag,5760.0,990,0.7659561388840328,78,0.55,2022_03_01
733,0.9528073544666323,0.3099728892114302,0.4,engert_20220301_visualmagnet_a,1.1871246099472046,,180.0,,,20220301,unknown,zebrafish,WB,mag,5760.0,993,0.5671520726302218,54,0.55,2022_03_01
734,0.9239661087373554,0.39673229918311687,0.4,engert_20220301_visualmagnet_a,2.513211727142334,,180.0,,,20220301,unknown,zebrafish,WB,mag,5760.0,994,0.8566868500990868,64,0.55,2022_03_01
735,0.0004987515863625891,3.916898915239841,0.4,engert_20220301_visualmagnet_a,0.4067401885986328,,180.0,,,20220301,unknown,zebrafish,WB,mag,5760.0,995,0.5795028225250504,76,0.55,2022_03_01
736,0.2500740797038943,1.6648288686289614,0.4,engert_20220301_visualmagnet_a,1.669579267501831,,180.0,,,20220301,unknown,zebrafish,WB,mag,5760.0,997,0.8677240836017855,78,0.55,2022_03_01
737,0.5365402316584433,1.1150319980330579,0.4,engert_20220301_visualmagnet_a,1.8293689489364624,,180.0,,,20220301,unknown,zebrafish,WB,mag,5760.0,998,0.8085239853677095,50,0.55,2022_03_01
738,0.042257309850168734,2.518788498418741,0.4,engert_20220301_visualmagnet_a,1.5585856437683105,,180.0,,,20220301,unknown,zebrafish,WB,mag,5760.0,999,0.9734627522203372,86,0.55,2022_03_01
739,0.7880595502017305,0.6892068278160104,0.4,engert_20220301_visualmagnet_a,1.9090434312820435,,180.0,,,20220301,unknown,zebrafish,WB,mag,5760.0,1002,0.9043159269204373,65,0.55,2022_03_01
740,0.8499370848832248,0.569275256640752,0.4,engert_20220301_visualmagnet_a,1.8698501586914062,,180.0,,,20220301,unknown,zebrafish,WB,mag,5760.0,1003,0.836707404939111,79,0.55,2022_03_01
741,0.25729079201959293,1.6476150141460506,0.4,engert_20220301_visualmagnet_a,1.2873226404190063,,180.0,,,20220301,unknown,zebrafish,WB,mag,5760.0,1004,0.8195963218800469,60,0.55,2022_03_01
742,0.03405018930566628,2.6037318877503206,0.4,engert_20220301_visualmagnet_a,2.100023031234741,,180.0,,,20220301,unknown,zebrafish,WB,mag,5760.0,1007,0.952831019449026,61,0.55,2022_03_01
743,0.17123593421417393,1.8791310522007718,0.4,engert_20220301_visualmagnet_a,1.3003222942352295,,180.0,,,20220301,unknown,zebrafish,WB,mag,5760.0,1009,0.7229298841058786,51,0.55,2022_03_01
744,0.22614765132388914,1.7243135559528027,0.4,engert_20220301_visualmagnet_a,1.8015068769454956,,180.0,,,20220301,unknown,zebrafish,WB,mag,5760.0,1010,0.7680080834498902,44,0.55,2022_03_01
745,0.34490478228223975,1.4586100397424366,0.4,engert_20220301_visualmagnet_a,2.6101179122924805,,180.0,,,20220301,unknown,zebrafish,WB,mag,5760.0,1012,0.6681667183722901,60,0.55,2022_03_01
746,0.14972400378506567,1.949501070981962,0.4,engert_20220301_visualmagnet_a,1.5377743244171143,,180.0,,,20220301,unknown,zebrafish,WB,mag,5760.0,1014,0.8984403288169677,53,0.55,2022_03_01
747,0.40925371170516345,1.336067509511752,0.4,engert_20220301_visualmagnet_a,3.331943988800049,,180.0,,,20220301,unknown,zebrafish,WB,mag,5760.0,1016,0.9694974345987917,77,0.55,2022_03_01
748,0.38815228664849843,1.3751494410914915,0.4,engert_20220301_visualmagnet_a,2.3784916400909424,,180.0,,,20220301,unknown,zebrafish,WB,mag,5760.0,1017,0.6717277151056106,53,0.55,2022_03_01
749,0.664904468428068,0.9024891289331239,0.4,engert_20220301_visualmagnet_a,2.4043996334075928,,180.0,,,20220301,unknown,zebrafish,WB,mag,5760.0,1018,0.7860711201321144,83,0.55,2022_03_01
750,0.7369206434272408,0.7803952502909348,0.4,engert_20220301_visualmagnet_a,1.6560416221618652,,180.0,,,20220301,unknown,zebrafish,WB,mag,5760.0,1019,0.9335294203027305,84,0.55,2022_03_01
751,0.3101982385883437,1.52968943770711,0.4,engert_20220301_visualmagnet_a,1.694460391998291,,180.0,,,20220301,unknown,zebrafish,WB,mag,5760.0,1020,0.7719491311588843,45,0.55,2022_03_01
752,0.06831283871128602,2.318919164266559,0.4,engert_20220301_visualmagnet_a,1.3130125999450684,,180.0,,,20220301,unknown,zebrafish,WB,mag,5760.0,1021,0.8329675056655637,64,0.55,2022_03_01
753,0.2835603931543077,1.5873947227853975,0.4,engert_20220301_visualmagnet_a,3.323284864425659,,180.0,,,20220301,unknown,zebrafish,WB,mag,5760.0,1022,0.7044626152938522,84,0.55,2022_03_01
754,0.0800081587902296,2.2493435964817254,0.4,engert_20220301_visualmagnet_a,1.6013152599334717,,180.0,,,20220301,unknown,zebrafish,WB,mag,5760.0,1023,0.8827378068474298,68,0.55,2022_03_01
755,0.8521783673117609,0.5646386720689142,0.4,engert_20220301_visualmagnet_a,3.1934192180633545,,180.0,,,20220301,unknown,zebrafish,WB,mag,5760.0,1025,0.8949401317411863,78,0.55,2022_03_01
756,0.4827682481188892,1.2060340204685625,0.4,engert_20220301_visualmagnet_a,2.5864715576171875,,180.0,,,20220301,unknown,zebrafish,WB,mag,5760.0,1027,0.7144928696916957,63,0.55,2022_03_01
757,0.9522744882500468,0.3117670436957987,0.4,engert_20220301_visualmagnet_a,2.657388210296631,,180.0,,,20220301,unknown,zebrafish,WB,mag,5760.0,1028,0.6389366228904965,75,0.55,2022_03_01
758,0.9539844092737607,0.30597566581564634,0.4,engert_20220301_visualmagnet_a,1.9363114833831787,,180.0,,,20220301,unknown,zebrafish,WB,mag,5760.0,1029,0.8020453739947856,111,0.55,2022_03_01
759,0.002418653627715983,3.482745344813655,0.4,engert_20220301_visualmagnet_a,1.130671739578247,,180.0,,,20220301,unknown,zebrafish,WB,mag,5760.0,1030,0.6912125385708296,55,0.55,2022_03_01
760,0.34053585389927177,1.46733462147536,0.4,engert_20220301_visualmagnet_a,4.515472888946533,,180.0,,,20220301,unknown,zebrafish,WB,mag,5760.0,1032,0.6781562333132437,134,0.55,2022_03_01
761,0.675264454083649,0.885206422660396,0.4,engert_20220301_visualmagnet_a,1.7935703992843628,,180.0,,,20220301,unknown,zebrafish,WB,mag,5760.0,1035,0.9296882817286017,99,0.55,2022_03_01
762,0.869092676025589,0.5287561759125128,0.4,engert_20220301_visualmagnet_a,1.9232335090637207,,180.0,,,20220301,unknown,zebrafish,WB,mag,5760.0,1037,0.6691329185658781,79,0.55,2022_03_01
763,0.6781419940074888,0.880393769237184,0.4,engert_20220301_visualmagnet_a,1.4977788925170898,,180.0,,,20220301,unknown,zebrafish,WB,mag,5760.0,1038,0.9120275823485848,86,0.55,2022_03_01
764,0.7831646818646395,0.6981758178636485,0.4,engert_20220301_visualmagnet_a,1.2516331672668457,,180.0,,,20220301,unknown,zebrafish,WB,mag,5760.0,1039,0.8219217674116954,54,0.55,2022_03_01
765,0.4334102975575569,1.2924027094037007,0.4,engert_20220301_visualmagnet_a,2.450719118118286,,180.0,,,20220301,unknown,zebrafish,WB,mag,5760.0,1041,0.7993609705221026,40,0.55,2022_03_01
766,0.6757926937885348,0.8843233677239696,0.4,engert_20220301_visualmagnet_a,1.6073031425476074,,180.0,,,20220301,unknown,zebrafish,WB,mag,5760.0,1042,0.6654100067638161,63,0.55,2022_03_01
767,0.19427998884242703,1.8104815494513835,0.4,engert_20220301_visualmagnet_a,2.2396719455718994,,180.0,,,20220301,unknown,zebrafish,WB,mag,5760.0,1043,0.6798569163849655,67,0.55,2022_03_01
768,0.38930277048490225,1.3729936199109958,0.4,engert_20220301_visualmagnet_a,2.105226755142212,,180.0,,,20220301,unknown,zebrafish,WB,mag,5760.0,1046,0.71068005638055,74,0.55,2022_03_01
769,0.24754446802740881,1.6709378097539629,0.4,engert_20220301_visualmagnet_a,1.8157609701156616,,180.0,,,20220301,unknown,zebrafish,WB,mag,5760.0,1047,0.7660670581012464,64,0.55,2022_03_01
770,0.3137204793252345,1.522279145602925,0.4,engert_20220301_visualmagnet_a,1.103284239768982,,180.0,,,20220301,unknown,zebrafish,WB,mag,5760.0,1048,0.8406586576631185,63,0.55,2022_03_01
771,0.19129593510747112,1.8190355803910996,0.4,engert_20220301_visualmagnet_a,3.6048266887664795,,180.0,,,20220301,unknown,zebrafish,WB,mag,5760.0,1049,0.864567750718141,94,0.55,2022_03_01
772,0.305090333269354,1.540522302934813,0.4,engert_20220301_visualmagnet_a,2.826880931854248,,180.0,,,20220301,unknown,zebrafish,WB,mag,5760.0,1050,0.851349785762462,84,0.55,2022_03_01
773,0.6864118293205366,0.8665291588768181,0.4,engert_20220301_visualmagnet_a,2.2875783443450928,,180.0,,,20220301,unknown,zebrafish,WB,mag,5760.0,1052,0.8852319385805288,61,0.55,2022_03_01
774,0.4920583038156464,1.1901217737515914,0.4,engert_20220301_visualmagnet_a,1.7864021062850952,,180.0,,,20220301,unknown,zebrafish,WB,mag,5760.0,1053,0.9047969525673485,103,0.55,2022_03_01
775,0.4958835913825549,1.183596042175895,0.4,engert_20220301_visualmagnet_a,2.7052364349365234,,180.0,,,20220301,unknown,zebrafish,WB,mag,5760.0,1054,0.7928910819954477,76,0.55,2022_03_01
776,0.6371535140156654,0.9485196149357753,0.4,engert_20220301_visualmagnet_a,1.3061847686767578,,180.0,,,20220301,unknown,zebrafish,WB,mag,5760.0,1055,0.9338255767151552,70,0.55,2022_03_01
777,0.05614338231428995,2.4025337049185214,0.4,engert_20220301_visualmagnet_a,1.99130117893219,,180.0,,,20220301,unknown,zebrafish,WB,mag,5760.0,1056,0.60028047925318,51,0.55,2022_03_01
778,0.9455024079102488,0.3338153774885941,0.4,engert_20220301_visualmagnet_a,3.2999656200408936,,180.0,,,20220301,unknown,zebrafish,WB,mag,5760.0,1059,0.9808721132766481,87,0.55,2022_03_01
779,0.5749199405398018,1.0512600807768593,0.4,engert_20220301_visualmagnet_a,1.538259506225586,,180.0,,,20220301,unknown,zebrafish,WB,mag,5760.0,1060,0.9426224333662272,96,0.55,2022_03_01
780,0.007132347241684434,3.1523097616922686,0.4,engert_20220301_visualmagnet_a,2.5749759674072266,,180.0,,,20220301,unknown,zebrafish,WB,mag,5760.0,1063,0.822822256067548,41,0.55,2022_03_01
781,0.10404333859671933,2.128742487504723,0.4,engert_20220301_visualmagnet_a,2.609546184539795,,180.0,,,20220301,unknown,zebrafish,WB,mag,5760.0,1064,0.593087494353329,70,0.55,2022_03_01
782,0.9117271464085632,0.4289557195249688,0.4,engert_20220301_visualmagnet_a,2.1023778915405273,,180.0,,,20220301,unknown,zebrafish,WB,mag,5760.0,1065,0.943904102322078,76,0.55,2022_03_01
783,0.5409048148089524,1.1077431073175574,0.4,engert_20220301_visualmagnet_a,1.9586963653564453,,180.0,,,20220301,unknown,zebrafish,WB,mag,5760.0,1066,0.7985732141407872,51,0.55,2022_03_01
784,0.010725198348065956,3.018554910768085,0.4,engert_20220301_visualmagnet_a,2.4860026836395264,,180.0,,,20220301,unknown,zebrafish,WB,mag,5760.0,1069,0.8826121922940949,59,0.55,2022_03_01
785,0.2949993111472642,1.5622383049313846,0.4,engert_20220301_visualmagnet_a,2.081178903579712,,180.0,,,20220301,unknown,zebrafish,WB,mag,5760.0,1070,0.8704154293595384,89,0.55,2022_03_01
786,0.0380175363418811,2.560724361330647,0.4,engert_20220301_visualmagnet_a,2.1295039653778076,,180.0,,,20220301,unknown,zebrafish,WB,mag,5760.0,1071,0.8130561949348172,50,0.55,2022_03_01
787,0.9779362738036336,0.210205739899977,0.4,engert_20220301_visualmagnet_a,1.3547474145889282,,180.0,,,20220301,unknown,zebrafish,WB,mag,5760.0,1073,0.8354424820260248,58,0.55,2022_03_01
788,0.7909369630042233,0.683906060437565,0.4,engert_20220301_visualmagnet_a,1.9752095937728882,,180.0,,,20220301,unknown,zebrafish,WB,mag,5760.0,1075,0.7806786979879289,40,0.55,2022_03_01
789,0.32835136882817717,1.491991566490922,0.4,engert_20220301_visualmagnet_a,2.1288394927978516,,180.0,,,20220301,unknown,zebrafish,WB,mag,5760.0,1077,0.8329618551009111,53,0.55,2022_03_01
790,0.5102499534046767,1.1592131802714924,0.4,engert_20220301_visualmagnet_a,1.667610764503479,,180.0,,,20220301,unknown,zebrafish,WB,mag,5760.0,1079,0.9259260756905309,72,0.55,2022_03_01
791,0.5513544252307326,1.0903357167352732,0.4,engert_20220301_visualmagnet_a,1.3582836389541626,,180.0,,,20220301,unknown,zebrafish,WB,mag,5760.0,1080,0.9355584122788492,82,0.55,2022_03_01
792,0.5897048674529349,1.0268318279533477,0.4,engert_20220301_visualmagnet_a,1.3624848127365112,,180.0,,,20220301,unknown,zebrafish,WB,mag,5760.0,1081,0.9395448766792048,69,0.55,2022_03_01
793,0.448571766502878,1.2655050486603938,0.4,engert_20220301_visualmagnet_a,0.9476061463356018,,180.0,,,20220301,unknown,zebrafish,WB,mag,5760.0,1083,0.6071734835603682,34,0.55,2022_03_01
794,0.7148087929482067,0.818461119493086,0.4,engert_20220301_visualmagnet_a,0.8388428688049316,,180.0,,,20220301,unknown,zebrafish,WB,mag,5760.0,1084,0.6395278252835424,35,0.55,2022_03_01
795,0.9682058955994115,0.25321271929069056,0.4,engert_20220301_visualmagnet_a,2.9998085498809814,,180.0,,,20220301,unknown,zebrafish,WB,mag,5760.0,1085,0.8721637859311365,100,0.55,2022_03_01
796,0.23881902285513368,1.692324657266088,0.4,engert_20220301_visualmagnet_a,1.378959059715271,,180.0,,,20220301,unknown,zebrafish,WB,mag,5760.0,1088,0.8636536586080785,82,0.55,2022_03_01
797,0.17302980540138435,1.873559026842968,0.4,engert_20220301_visualmagnet_a,2.130075454711914,,180.0,,,20220301,unknown,zebrafish,WB,mag,5760.0,1089,0.5815666275694087,68,0.55,2022_03_01
798,0.514608686324046,1.1518517379788578,0.4,engert_20220301_visualmagnet_a,1.0401242971420288,,180.0,,,20220301,unknown,zebrafish,WB,mag,5760.0,1091,0.5620910475557905,37,0.55,2022_03_01
799,0.13569626526434253,1.9995112312272112,0.4,engert_20220301_visualmagnet_a,1.7884455919265747,,180.0,,,20220301,unknown,zebrafish,WB,mag,5760.0,1093,0.7223249422994588,88,0.55,2022_03_01
800,0.5070760621101162,1.164583767599859,0.4,engert_20220301_visualmagnet_a,2.454437494277954,,180.0,,,20220301,unknown,zebrafish,WB,mag,5760.0,1094,0.9070040104923875,90,0.55,2022_03_01
801,0.7608674797076644,0.7383347560850956,0.4,engert_20220301_visualmagnet_a,1.648648738861084,,180.0,,,20220301,unknown,zebrafish,WB,mag,5760.0,1095,0.5732064381795939,69,0.55,2022_03_01
802,0.7749608987050276,0.713078409910067,0.4,engert_20220301_visualmagnet_a,1.8397895097732544,,180.0,,,20220301,unknown,zebrafish,WB,mag,5760.0,1096,0.5855737587241783,89,0.55,2022_03_01
803,0.8792900658561067,0.5062599224413078,0.4,engert_20220301_visualmagnet_a,2.436166524887085,,180.0,,,20220301,unknown,zebrafish,WB,mag,5760.0,1097,0.9191730186080762,64,0.55,2022_03_01
804,0.9579871926948198,0.29201284006089184,0.4,engert_20220301_visualmagnet_a,1.4413779973983765,,180.0,,,20220301,unknown,zebrafish,WB,mag,5760.0,1101,0.8779449891235768,83,0.55,2022_03_01
805,0.5232852247264084,1.1372434834797203,0.4,engert_20220301_visualmagnet_a,2.793558359146118,,180.0,,,20220301,unknown,zebrafish,WB,mag,5760.0,1103,0.9570125803728872,96,0.55,2022_03_01
806,0.1816605672716637,1.8473128557737346,0.4,engert_20220301_visualmagnet_a,2.3861610889434814,,180.0,,,20220301,unknown,zebrafish,WB,mag,5760.0,1106,0.8687526129660055,74,0.55,2022_03_01
807,0.09090138012429705,2.1915565230760743,0.4,engert_20220301_visualmagnet_a,3.433793306350708,,180.0,,,20220301,unknown,zebrafish,WB,mag,5760.0,1107,0.9680818592622581,96,0.55,2022_03_01
808,0.2153675600713959,1.752480374157132,0.4,engert_20220301_visualmagnet_a,0.9606229662895203,,180.0,,,20220301,unknown,zebrafish,WB,mag,5760.0,1109,0.910814338644667,84,0.55,2022_03_01
809,0.49419020307099837,1.1864830564989088,0.4,engert_20220301_visualmagnet_a,1.9239840507507324,,180.0,,,20220301,unknown,zebrafish,WB,mag,5760.0,1112,0.7885591367071789,73,0.55,2022_03_01
810,0.24259470477119593,1.6830088680898745,0.4,engert_20220301_visualmagnet_a,1.7233476638793945,,180.0,,,20220301,unknown,zebrafish,WB,mag,5760.0,1113,0.6446194326033522,66,0.55,2022_03_01
811,0.12829170242544563,2.0274904876703794,0.4,engert_20220301_visualmagnet_a,1.9641817808151245,,180.0,,,20220301,unknown,zebrafish,WB,mag,5760.0,1114,0.7484282072235693,70,0.55,2022_03_01
812,0.20230693963483593,1.7879157371587866,0.4,engert_20220301_visualmagnet_a,1.524733304977417,,180.0,,,20220301,unknown,zebrafish,WB,mag,5760.0,1115,0.7428692350993136,39,0.55,2022_03_01
813,0.34860628118324,1.4512642202939399,0.4,engert_20220301_visualmagnet_a,1.9734723567962646,,180.0,,,20220301,unknown,zebrafish,WB,mag,5760.0,1118,0.8577316184119256,56,0.55,2022_03_01
814,0.40505250588257635,1.343774088824312,0.4,engert_20220301_visualmagnet_a,1.191980242729187,,180.0,,,20220301,unknown,zebrafish,WB,mag,5760.0,1119,0.7199559174900048,52,0.55,2022_03_01
815,0.5777601383888171,1.0465634495466811,0.4,engert_20220301_visualmagnet_a,1.2813243865966797,,180.0,,,20220301,unknown,zebrafish,WB,mag,5760.0,1123,0.8278460594508801,70,0.55,2022_03_01
816,0.004937933395895988,3.268298776226365,0.4,engert_20220301_visualmagnet_a,3.5474514961242676,,180.0,,,20220301,unknown,zebrafish,WB,mag,5760.0,1124,0.9012671820868493,109,0.55,2022_03_01
817,0.8803495500925498,0.5038805687656607,0.4,engert_20220301_visualmagnet_a,2.082777500152588,,180.0,,,20220301,unknown,zebrafish,WB,mag,5760.0,1126,0.7575356210396219,53,0.55,2022_03_01
818,0.2272996379255633,1.721357134428772,0.4,engert_20220301_visualmagnet_a,2.8978404998779297,,180.0,,,20220301,unknown,zebrafish,WB,mag,5760.0,1129,0.9705247626655793,86,0.55,2022_03_01
819,0.7220936814947794,0.8059907451781259,0.4,engert_20220301_visualmagnet_a,2.8679122924804688,,180.0,,,20220301,unknown,zebrafish,WB,mag,5760.0,1131,0.8855876984170133,96,0.55,2022_03_01
820,0.9880408944331396,0.15398446941463212,0.4,engert_20220301_visualmagnet_a,2.3382484912872314,,180.0,,,20220301,unknown,zebrafish,WB,mag,5760.0,1132,0.5645815117026628,61,0.55,2022_03_01
821,0.86399593086903,0.5397442614551478,0.4,engert_20220301_visualmagnet_a,2.497922420501709,,180.0,,,20220301,unknown,zebrafish,WB,mag,5760.0,1133,0.914899228617165,75,0.55,2022_03_01
822,0.48314137043384586,1.2053931516507574,0.4,engert_20220301_visualmagnet_a,1.5095545053482056,,180.0,,,20220301,unknown,zebrafish,WB,mag,5760.0,1134,0.7179721521459311,66,0.55,2022_03_01
823,0.7204204238503338,0.8088607931214493,0.4,engert_20220301_visualmagnet_a,2.64475417137146,,180.0,,,20220301,unknown,zebrafish,WB,mag,5760.0,1135,0.7508814401525136,47,0.55,2022_03_01
824,0.44171808813290003,1.277619279502624,0.4,engert_20220301_visualmagnet_a,1.3468215465545654,,180.0,,,20220301,unknown,zebrafish,WB,mag,5760.0,1136,0.6742922584256283,100,0.55,2022_03_01
825,0.8162368527182595,0.6362794975955935,0.4,engert_20220301_visualmagnet_a,1.8516530990600586,,180.0,,,20220301,unknown,zebrafish,WB,mag,5760.0,1138,0.9654453307529847,89,0.55,2022_03_01
826,0.3318079329727639,1.484946635766856,0.4,engert_20220301_visualmagnet_a,1.7793184518814087,,180.0,,,20220301,unknown,zebrafish,WB,mag,5760.0,1139,0.75574671574765,52,0.55,2022_03_01
827,0.9253828837385928,0.39286087075092074,0.4,engert_20220301_visualmagnet_a,3.717404842376709,,180.0,,,20220301,unknown,zebrafish,WB,mag,5760.0,1140,0.9614520154860867,81,0.55,2022_03_01
828,0.36010890567170806,1.4286940617614539,0.4,engert_20220301_visualmagnet_a,2.0231947898864746,,180.0,,,20220301,unknown,zebrafish,WB,mag,5760.0,1142,0.6879315416944649,134,0.55,2022_03_01
829,0.886584954777684,0.48970261116285835,0.4,engert_20220301_visualmagnet_a,2.87109375,,180.0,,,20220301,unknown,zebrafish,WB,mag,5760.0,1144,0.8074809029208785,96,0.55,2022_03_01
830,0.6440746712252299,0.9370678217915942,0.4,engert_20220301_visualmagnet_a,2.065746784210205,,180.0,,,20220301,unknown,zebrafish,WB,mag,5760.0,1145,0.5501688602089695,45,0.55,2022_03_01
831,0.8763504214141354,0.512818989811622,0.4,engert_20220301_visualmagnet_a,1.522447109222412,,180.0,,,20220301,unknown,zebrafish,WB,mag,5760.0,1146,0.73427567564156,39,0.55,2022_03_01
832,0.36290420179222216,1.4232656493680516,0.4,engert_20220301_visualmagnet_a,2.84360671043396,,180.0,,,20220301,unknown,zebrafish,WB,mag,5760.0,1149,0.9707727872573769,96,0.55,2022_03_01
833,0.23412253381452286,1.70404738281181,0.4,engert_20220301_visualmagnet_a,1.3925817012786865,,180.0,,,20220301,unknown,zebrafish,WB,mag,5760.0,1151,0.6660323427488613,75,0.55,2022_03_01
834,0.2866108955024067,1.5806274261526603,0.4,engert_20220301_visualmagnet_a,1.7987110614776611,,180.0,,,20220301,unknown,zebrafish,WB,mag,5760.0,1152,0.9670566422348562,78,0.55,2022_03_01
835,0.9688751647558972,0.25047778162094625,0.4,engert_20220301_visualmagnet_a,2.1959125995635986,,180.0,,,20220301,unknown,zebrafish,WB,mag,5760.0,1157,0.8142470627947018,69,0.55,2022_03_01
836,0.11976414309934702,2.061275114266847,0.4,engert_20220301_visualmagnet_a,1.4066765308380127,,180.0,,,20220301,unknown,zebrafish,WB,mag,5760.0,1159,0.7301350400715481,56,0.55,2022_03_01
837,0.43193634244183154,1.2950373126384485,0.4,engert_20220301_visualmagnet_a,0.5081440806388855,,180.0,,,20220301,unknown,zebrafish,WB,mag,5760.0,1162,0.8026552469935926,82,0.55,2022_03_01
838,0.8246487374696528,0.6199833058861229,0.4,engert_20220301_visualmagnet_a,0.8085094094276428,,180.0,,,20220301,unknown,zebrafish,WB,mag,5760.0,1163,0.6566156873721682,67,0.55,2022_03_01
839,0.3368118787576436,1.4748188594299256,0.4,engert_20220301_visualmagnet_a,1.746053695678711,,180.0,,,20220301,unknown,zebrafish,WB,mag,5760.0,1168,0.9150510238340397,71,0.55,2022_03_01
840,0.6533774662134503,0.9216486033666247,0.4,engert_20220301_visualmagnet_a,2.688206434249878,,180.0,,,20220301,unknown,zebrafish,WB,mag,5760.0,1169,0.9110648206110088,58,0.55,2022_03_01
841,0.847085551586643,0.5751378221929779,0.4,engert_20220301_visualmagnet_a,3.4833648204803467,,180.0,,,20220301,unknown,zebrafish,WB,mag,5760.0,1170,0.6971404770997098,53,0.55,2022_03_01
842,0.8718875291595232,0.5226607519307602,0.4,engert_20220301_visualmagnet_a,1.65824294090271,,180.0,,,20220301,unknown,zebrafish,WB,mag,5760.0,1171,0.7745482754273674,44,0.55,2022_03_01
843,0.2579563149752776,1.6460429960868586,0.4,engert_20220301_visualmagnet_a,2.5116841793060303,,180.0,,,20220301,unknown,zebrafish,WB,mag,5760.0,1172,0.9193227863688377,72,0.55,2022_03_01
844,0.9961972547634432,0.0857865596141947,0.4,engert_20220301_visualmagnet_a,1.4778984785079956,,180.0,,,20220301,unknown,zebrafish,WB,mag,5760.0,1173,0.8385774027338666,77,0.55,2022_03_01
845,0.21273150253625872,1.7595119704811402,0.4,engert_20220301_visualmagnet_a,2.4223361015319824,,180.0,,,20220301,unknown,zebrafish,WB,mag,5760.0,1174,0.975856703589582,83,0.55,2022_03_01
846,0.19541460789564224,1.8072530304466947,0.4,engert_20220301_visualmagnet_a,2.1698663234710693,,180.0,,,20220301,unknown,zebrafish,WB,mag,5760.0,1175,0.7424554336858168,65,0.55,2022_03_01
847,0.9578862283297183,0.29237213537127865,0.4,engert_20220301_visualmagnet_a,1.7905468940734863,,180.0,,,20220301,unknown,zebrafish,WB,mag,5760.0,1176,0.7174783217423357,54,0.55,2022_03_01
848,0.3108531125723427,1.5283080403330216,0.4,engert_20220301_visualmagnet_a,1.8581465482711792,,180.0,,,20220301,unknown,zebrafish,WB,mag,5760.0,1178,0.9142895623207029,62,0.55,2022_03_01
849,0.8696089309154267,0.5276340483258197,0.4,engert_20220301_visualmagnet_a,2.3208372592926025,,180.0,,,20220301,unknown,zebrafish,WB,mag,5760.0,1179,0.9701785862625572,93,0.55,2022_03_01
850,0.33403772658207154,1.4804234628815376,0.4,engert_20220301_visualmagnet_a,3.1162471771240234,,180.0,,,20220301,unknown,zebrafish,WB,mag,5760.0,1180,0.908140671204496,66,0.55,2022_03_01
851,0.5317636083708104,1.123022570802383,0.4,engert_20220301_visualmagnet_a,3.0336716175079346,,180.0,,,20220301,unknown,zebrafish,WB,mag,5760.0,1181,0.9685566332781347,90,0.55,2022_03_01
852,0.00034175588592300077,4.014136159208421,0.4,engert_20220301_visualmagnet_a,2.3640620708465576,,180.0,,,20220301,unknown,zebrafish,WB,mag,5760.0,1182,0.8452692528187424,54,0.55,2022_03_01
853,0.021738528429515735,2.772090998042053,0.4,engert_20220301_visualmagnet_a,1.5235399007797241,,180.0,,,20220301,unknown,zebrafish,WB,mag,5760.0,1188,0.8729264801500374,77,0.55,2022_03_01
854,0.6368683459431949,0.9489911601811973,0.4,engert_20220301_visualmagnet_a,1.8194998502731323,,180.0,,,20220301,unknown,zebrafish,WB,mag,5760.0,1191,0.5546130524795705,95,0.55,2022_03_01
855,0.10115522950863198,2.1419876696565723,0.4,engert_20220301_visualmagnet_a,1.5664143562316895,,180.0,,,20220301,unknown,zebrafish,WB,mag,5760.0,1193,0.60514138736266,115,0.55,2022_03_01
856,0.5319611397398454,1.1226918601874771,0.4,engert_20220301_visualmagnet_a,1.6463356018066406,,180.0,,,20220301,unknown,zebrafish,WB,mag,5760.0,1194,0.8057744596293566,88,0.55,2022_03_01
857,0.21571284891278086,1.7515636502533896,0.4,engert_20220301_visualmagnet_a,2.0813937187194824,,180.0,,,20220301,unknown,zebrafish,WB,mag,5760.0,1196,0.8997492507013649,94,0.55,2022_03_01
858,0.42731333101573543,1.303324777296535,0.4,engert_20220301_visualmagnet_a,1.7271345853805542,,180.0,,,20220301,unknown,zebrafish,WB,mag,5760.0,1198,0.9407946210156983,77,0.55,2022_03_01
859,0.04402844520092852,2.5023173516034167,0.4,engert_20220301_visualmagnet_a,1.3422421216964722,,180.0,,,20220301,unknown,zebrafish,WB,mag,5760.0,1200,0.6649113574842557,66,0.55,2022_03_01
860,0.25994415367480495,1.641363186127269,0.4,engert_20220301_visualmagnet_a,4.419238090515137,,180.0,,,20220301,unknown,zebrafish,WB,mag,5760.0,1201,0.9340379349763311,87,0.55,2022_03_01
861,0.746149989285382,0.7642995973550807,0.4,engert_20220301_visualmagnet_a,1.4709700345993042,,180.0,,,20220301,unknown,zebrafish,WB,mag,5760.0,1203,0.9290830026911139,55,0.55,2022_03_01
862,0.5635125253234546,1.0701487927145856,0.4,engert_20220301_visualmagnet_a,2.9850542545318604,,180.0,,,20220301,unknown,zebrafish,WB,mag,5760.0,1207,0.7734904490511658,49,0.55,2022_03_01
863,0.8171303033169663,0.6345605568432989,0.4,engert_20220301_visualmagnet_a,3.000394582748413,,180.0,,,20220301,unknown,zebrafish,WB,mag,5760.0,1208,0.923208054469587,65,0.55,2022_03_01
864,0.28656642605891935,1.5807257487378417,0.4,engert_20220301_visualmagnet_a,3.348931074142456,,180.0,,,20220301,unknown,zebrafish,WB,mag,5760.0,1209,0.892044052148035,53,0.55,2022_03_01
865,0.32852122790424754,1.491644508427762,0.4,engert_20220301_visualmagnet_a,1.0270936489105225,,180.0,,,20220301,unknown,zebrafish,WB,mag,5760.0,1210,0.7542134307989772,38,0.55,2022_03_01
866,0.025453188703631113,2.71407234452527,0.4,engert_20220301_visualmagnet_a,2.0903356075286865,,180.0,,,20220301,unknown,zebrafish,WB,mag,5760.0,1211,0.8082009582292327,55,0.55,2022_03_01
867,0.5887843865168365,1.0283514073865467,0.4,engert_20220301_visualmagnet_a,1.9082340002059937,,180.0,,,20220301,unknown,zebrafish,WB,mag,5760.0,1216,0.963402501297217,83,0.55,2022_03_01
868,0.021636671640536953,2.7738001589481747,0.4,engert_20220301_visualmagnet_a,1.9859806299209595,,180.0,,,20220301,unknown,zebrafish,WB,mag,5760.0,1218,0.8005811666792979,46,0.55,2022_03_01
869,0.5080631603340895,1.162912519104643,0.4,engert_20220301_visualmagnet_a,1.5333002805709839,,180.0,,,20220301,unknown,zebrafish,WB,mag,5760.0,1219,0.8060524433621528,48,0.55,2022_03_01
870,0.81770531299423,0.6334528231144667,0.4,engert_20220301_visualmagnet_a,2.325568914413452,,180.0,,,20220301,unknown,zebrafish,WB,mag,5760.0,1222,0.919209267356697,65,0.55,2022_03_01
871,0.1883443875935592,1.8275890485912896,0.4,engert_20220301_visualmagnet_a,1.9357088804244995,,180.0,,,20220301,unknown,zebrafish,WB,mag,5760.0,1223,0.9109532668167605,59,0.55,2022_03_01
872,0.3354543086443129,1.4775584187202728,0.4,engert_20220301_visualmagnet_a,2.9984683990478516,,180.0,,,20220301,unknown,zebrafish,WB,mag,5760.0,1224,0.9743301195212212,70,0.55,2022_03_01
873,0.7694356720722193,0.7230295589229859,0.4,engert_20220301_visualmagnet_a,2.8754005432128906,,180.0,,,20220301,unknown,zebrafish,WB,mag,5760.0,1231,0.9762642454073422,89,0.55,2022_03_01
874,0.3830794517548817,1.384691418743063,0.4,engert_20220301_visualmagnet_a,2.7734735012054443,,180.0,,,20220301,unknown,zebrafish,WB,mag,5760.0,1233,0.5610909387442687,63,0.55,2022_03_01
875,0.3677088749079732,1.4139843974618473,0.4,engert_20220301_visualmagnet_a,1.4032565355300903,,180.0,,,20220301,unknown,zebrafish,WB,mag,5760.0,1238,0.9618092642381554,77,0.55,2022_03_01
876,0.00770993403977982,3.1272093227003928,0.4,engert_20220301_visualmagnet_a,2.7125773429870605,,180.0,,,20220301,unknown,zebrafish,WB,mag,5760.0,1239,0.9592803746304309,82,0.55,2022_03_01
877,0.04365678342951629,2.505726804717363,0.4,engert_20220301_visualmagnet_a,2.435110092163086,,180.0,,,20220301,unknown,zebrafish,WB,mag,5760.0,1242,0.8384258156256941,65,0.55,2022_03_01
878,0.9823278797695562,0.18777524919488664,0.4,engert_20220301_visualmagnet_a,2.6829490661621094,,180.0,,,20220301,unknown,zebrafish,WB,mag,5760.0,1243,0.8831244176868596,59,0.55,2022_03_01
879,0.2668078846766557,1.6253750847964465,0.4,engert_20220301_visualmagnet_a,1.7292423248291016,,180.0,,,20220301,unknown,zebrafish,WB,mag,5760.0,1244,0.9556884083769674,74,0.55,2022_03_01
880,0.1716695572319359,1.8777803459174847,0.4,engert_20220301_visualmagnet_a,1.6304434537887573,,180.0,,,20220301,unknown,zebrafish,WB,mag,5760.0,1246,0.5685917048526092,70,0.55,2022_03_01
881,0.6195583313869026,0.9775799180247308,0.4,engert_20220301_visualmagnet_a,2.139843225479126,,180.0,,,20220301,unknown,zebrafish,WB,mag,5760.0,1248,0.8388948285958627,88,0.55,2022_03_01
882,0.5726246765036697,1.0550572516912564,0.4,engert_20220301_visualmagnet_a,1.5272094011306763,,180.0,,,20220301,unknown,zebrafish,WB,mag,5760.0,1251,0.8264195466458825,64,0.55,2022_03_01
883,0.5779651519932494,1.0462245129844159,0.4,engert_20220301_visualmagnet_a,1.9616765975952148,,180.0,,,20220301,unknown,zebrafish,WB,mag,5760.0,1253,0.7143733799534245,85,0.55,2022_03_01
884,0.06576037261402312,2.335379408318517,0.4,engert_20220301_visualmagnet_a,2.815606117248535,,180.0,,,20220301,unknown,zebrafish,WB,mag,5760.0,1256,0.8024975514565034,74,0.55,2022_03_01
885,0.07525144991000299,2.276577828352364,0.4,engert_20220301_visualmagnet_a,1.7734198570251465,,180.0,,,20220301,unknown,zebrafish,WB,mag,5760.0,1257,0.8045075192541851,52,0.55,2022_03_01
886,0.1976037295573434,1.8010606085387622,0.4,engert_20220301_visualmagnet_a,2.331319808959961,,180.0,,,20220301,unknown,zebrafish,WB,mag,5760.0,1258,0.8167488714858084,63,0.55,2022_03_01
887,0.6478299736898994,0.9308475309029165,0.4,engert_20220301_visualmagnet_a,1.03733491897583,,180.0,,,20220301,unknown,zebrafish,WB,mag,5760.0,1259,0.6973430233218978,44,0.55,2022_03_01
888,0.9099922278130813,0.43336307952571196,0.4,engert_20220301_visualmagnet_a,2.4230780601501465,,180.0,,,20220301,unknown,zebrafish,WB,mag,5760.0,1261,0.5750078497641182,51,0.55,2022_03_01
889,0.5962497542168528,1.0160305661241003,0.4,engert_20220301_visualmagnet_a,1.6701281070709229,,180.0,,,20220301,unknown,zebrafish,WB,mag,5760.0,1263,0.8461225361662542,55,0.55,2022_03_01
890,0.683933887343563,0.8706889445486953,0.4,engert_20220301_visualmagnet_a,2.6832144260406494,,180.0,,,20220301,unknown,zebrafish,WB,mag,5760.0,1264,0.865014489232655,71,0.55,2022_03_01
891,0.026939763650899895,2.6928970140744974,0.4,engert_20220301_visualmagnet_a,2.647153854370117,,180.0,,,20220301,unknown,zebrafish,WB,mag,5760.0,1265,0.8157684119517148,67,0.55,2022_03_01
892,0.6743054508803252,0.8868090928343673,0.4,engert_20220301_visualmagnet_a,1.5568652153015137,,180.0,,,20220301,unknown,zebrafish,WB,mag,5760.0,1267,0.9818324667781119,88,0.55,2022_03_01
893,0.0825263861757981,2.2354497468371126,0.4,engert_20220301_visualmagnet_a,3.0123701095581055,,180.0,,,20220301,unknown,zebrafish,WB,mag,5760.0,1269,0.8347670220406995,65,0.55,2022_03_01
894,0.4130227921671641,1.3291834111511849,0.4,engert_20220301_visualmagnet_a,1.697479248046875,,180.0,,,20220301,unknown,zebrafish,WB,mag,5760.0,1270,0.6329189726049375,90,0.55,2022_03_01
895,0.8507929415860204,0.5675077291940239,0.4,engert_20220301_visualmagnet_a,2.003777265548706,,180.0,,,20220301,unknown,zebrafish,WB,mag,5760.0,1271,0.9521456252147381,140,0.55,2022_03_01
896,0.26081388336690525,1.6393227060243047,0.4,engert_20220301_visualmagnet_a,1.714556097984314,,180.0,,,20220301,unknown,zebrafish,WB,mag,5760.0,1272,0.7601569693995517,63,0.55,2022_03_01
897,0.9156786399550281,0.41877619350834605,0.4,engert_20220301_visualmagnet_a,2.054222583770752,,180.0,,,20220301,unknown,zebrafish,WB,mag,5760.0,1273,0.9481206261304276,94,0.55,2022_03_01
898,0.5409197259922782,1.1077182260418574,0.4,engert_20220301_visualmagnet_a,2.0401482582092285,,180.0,,,20220301,unknown,zebrafish,WB,mag,5760.0,1275,0.6700356700264194,69,0.55,2022_03_01
899,0.8993998725318686,0.45953024084652355,0.4,engert_20220301_visualmagnet_a,2.716712236404419,,180.0,,,20220301,unknown,zebrafish,WB,mag,5760.0,1278,0.8713340111686418,73,0.55,2022_03_01
900,0.4275981226575809,1.3028131664014686,0.4,engert_20220301_visualmagnet_a,2.1719961166381836,,180.0,,,20220301,unknown,zebrafish,WB,mag,5760.0,1279,0.8692634889813616,59,0.55,2022_03_01
901,0.3429272480605674,1.462551736522058,0.4,engert_20220301_visualmagnet_a,1.6123409271240234,,180.0,,,20220301,unknown,zebrafish,WB,mag,5760.0,1283,0.9177475915253017,73,0.55,2022_03_01
902,0.6661009877490384,0.9004963672059922,0.4,engert_20220301_visualmagnet_a,1.1591202020645142,,180.0,,,20220301,unknown,zebrafish,WB,mag,5760.0,1286,0.748503260633501,61,0.55,2022_03_01
903,0.047921077932569944,2.4679894050019433,0.4,engert_20220301_visualmagnet_a,2.766716718673706,,180.0,,,20220301,unknown,zebrafish,WB,mag,5760.0,1290,0.8123269088413438,59,0.55,2022_03_01
904,0.5530509576365662,1.0875148684429636,0.4,engert_20220301_visualmagnet_a,1.8524783849716187,,180.0,,,20220301,unknown,zebrafish,WB,mag,5760.0,1291,0.7471632278393849,62,0.55,2022_03_01
905,0.6969414592977559,0.8487958236294312,0.4,engert_20220301_visualmagnet_a,1.8538261651992798,,180.0,,,20220301,unknown,zebrafish,WB,mag,5760.0,1295,0.8258936522925608,96,0.55,2022_03_01
906,0.12614080982942877,2.0358465635960514,0.4,engert_20220301_visualmagnet_a,1.9883662462234497,,180.0,,,20220301,unknown,zebrafish,WB,mag,5760.0,1296,0.7233539906651798,33,0.55,2022_03_01
907,0.994354436911204,0.10506286030554836,0.4,engert_20220301_visualmagnet_a,1.8332208395004272,,180.0,,,20220301,unknown,zebrafish,WB,mag,5760.0,1298,0.7306401861210046,61,0.55,2022_03_01
908,0.5615919195968054,1.0733335429761297,0.4,engert_20220301_visualmagnet_a,2.6812539100646973,,180.0,,,20220301,unknown,zebrafish,WB,mag,5760.0,1299,0.7465680335707865,82,0.55,2022_03_01
909,0.7604417535644391,0.7390914578432214,0.4,engert_20220301_visualmagnet_a,0.6887814402580261,,180.0,,,20220301,unknown,zebrafish,WB,mag,5760.0,1301,0.7326440205920886,96,0.55,2022_03_01
910,0.36017209350107937,1.4285711267622945,0.4,engert_20220301_visualmagnet_a,1.9851205348968506,,180.0,,,20220301,unknown,zebrafish,WB,mag,5760.0,1303,0.876786345265056,52,0.55,2022_03_01
911,0.43872660178618705,1.2829296792679659,0.4,engert_20220301_visualmagnet_a,1.1065391302108765,,180.0,,,20220301,unknown,zebrafish,WB,mag,5760.0,1307,0.639728873580557,44,0.55,2022_03_01
912,0.9357185123697939,0.3635670638964419,0.4,engert_20220301_visualmagnet_a,1.6560901403427124,,180.0,,,20220301,unknown,zebrafish,WB,mag,5760.0,1310,0.6702376558862834,61,0.55,2022_03_01
913,0.24155979180793852,1.6855529800550741,0.4,engert_20220301_visualmagnet_a,1.3788156509399414,,180.0,,,20220301,unknown,zebrafish,WB,mag,5760.0,1312,0.5870222512255252,81,0.55,2022_03_01
914,0.2154238279406685,1.752330901815484,0.4,engert_20220301_visualmagnet_a,3.729569435119629,,180.0,,,20220301,unknown,zebrafish,WB,mag,5760.0,1313,0.849085304838721,61,0.55,2022_03_01
915,0.6560444531915111,0.9172214720607332,0.4,engert_20220301_visualmagnet_a,0.8546757102012634,,180.0,,,20220301,unknown,zebrafish,WB,mag,5760.0,1314,0.8180286458842957,44,0.55,2022_03_01
916,0.5342143382185723,1.1189210474883033,0.4,engert_20220301_visualmagnet_a,1.5957205295562744,,180.0,,,20220301,unknown,zebrafish,WB,mag,5760.0,1317,0.5725524558196599,76,0.55,2022_03_01
917,0.35113394080991,1.44627160135133,0.4,engert_20220301_visualmagnet_a,2.450305938720703,,180.0,,,20220301,unknown,zebrafish,WB,mag,5760.0,1320,0.7919121233579012,66,0.55,2022_03_01
918,0.5599873791002883,1.0759952997620557,0.4,engert_20220301_visualmagnet_a,2.7331106662750244,,180.0,,,20220301,unknown,zebrafish,WB,mag,5760.0,1321,0.9619671543945232,88,0.55,2022_03_01
919,0.06989065910910663,2.308993628212148,0.4,engert_20220301_visualmagnet_a,2.4467551708221436,,180.0,,,20220301,unknown,zebrafish,WB,mag,5760.0,1323,0.8549909484505427,98,0.55,2022_03_01
920,0.3047897079869504,1.541163079709678,0.4,engert_20220301_visualmagnet_a,2.0898284912109375,,180.0,,,20220301,unknown,zebrafish,WB,mag,5760.0,1326,0.8323964206102291,63,0.55,2022_03_01
921,0.87368908215887,0.5187042778635454,0.4,engert_20220301_visualmagnet_a,3.4603054523468018,,180.0,,,20220301,unknown,zebrafish,WB,mag,5760.0,1327,0.9551795345505709,98,0.55,2022_03_01
922,0.5998692054435824,1.0100591970183748,0.4,engert_20220301_visualmagnet_a,1.7779031991958618,,180.0,,,20220301,unknown,zebrafish,WB,mag,5760.0,1329,0.7101773708175987,78,0.55,2022_03_01
923,0.8921474432579293,0.47678712319366473,0.4,engert_20220301_visualmagnet_a,1.935349941253662,,180.0,,,20220301,unknown,zebrafish,WB,mag,5760.0,1332,0.8411218134722708,56,0.55,2022_03_01
924,0.276312695094189,1.6036523628449009,0.4,engert_20220301_visualmagnet_a,2.072359800338745,,180.0,,,20220301,unknown,zebrafish,WB,mag,5760.0,1334,0.8044219571918508,65,0.55,2022_03_01
925,0.018917813606841416,2.82223795444276,0.4,engert_20220301_visualmagnet_a,2.5492351055145264,,180.0,,,20220301,unknown,zebrafish,WB,mag,5760.0,1335,0.8978728794520577,55,0.55,2022_03_01
926,0.6508752021488282,0.9257994637359084,0.4,engert_20220301_visualmagnet_a,1.798945665359497,,180.0,,,20220301,unknown,zebrafish,WB,mag,5760.0,1337,0.9410102372576056,76,0.55,2022_03_01
927,0.3815041233908375,1.3876669053195032,0.4,engert_20220301_visualmagnet_a,2.8222484588623047,,180.0,,,20220301,unknown,zebrafish,WB,mag,5760.0,1338,0.6930004298679149,43,0.55,2022_03_01
928,0.027828810337047205,2.6807110178540987,0.4,engert_20220301_visualmagnet_a,1.3182148933410645,,180.0,,,20220301,unknown,zebrafish,WB,mag,5760.0,1340,0.7035899028486003,69,0.55,2022_03_01
929,0.09019764738074898,2.1951176945390705,0.4,engert_20220301_visualmagnet_a,1.245729923248291,,180.0,,,20220301,unknown,zebrafish,WB,mag,5760.0,1342,0.712877932794352,57,0.55,2022_03_01
930,0.7563221553038544,0.7463955251079695,0.4,engert_20220301_visualmagnet_a,5.230428695678711,,180.0,,,20220301,unknown,zebrafish,WB,mag,5760.0,1343,0.6198688109067506,97,0.55,2022_03_01
931,0.9571474045362374,0.29499204007292806,0.4,engert_20220301_visualmagnet_a,2.734926462173462,,180.0,,,20220301,unknown,zebrafish,WB,mag,5760.0,1344,0.9098385535760062,89,0.55,2022_03_01
932,0.06836440942889976,2.3185919699307798,0.4,engert_20220301_visualmagnet_a,1.1065807342529297,,180.0,,,20220301,unknown,zebrafish,WB,mag,5760.0,1347,0.9535589846847163,73,0.55,2022_03_01
933,0.5349917060658131,1.117620876554961,0.4,engert_20220301_visualmagnet_a,1.131129264831543,,180.0,,,20220301,unknown,zebrafish,WB,mag,5760.0,1348,0.6471466225579755,52,0.55,2022_03_01
934,0.3973406805679143,1.3580146914915467,0.4,engert_20220301_visualmagnet_a,2.8439528942108154,,180.0,,,20220301,unknown,zebrafish,WB,mag,5760.0,1349,0.6652447803803627,58,0.55,2022_03_01
935,0.8164026489572271,0.6359608050242599,0.4,engert_20220301_visualmagnet_a,1.164997935295105,,180.0,,,20220301,unknown,zebrafish,WB,mag,5760.0,1352,0.9595019305692983,74,0.55,2022_03_01
936,0.0018667363239859291,3.55747243612267,0.4,engert_20220301_visualmagnet_a,1.7842389345169067,,180.0,,,20220301,unknown,zebrafish,WB,mag,5760.0,1353,0.817664826068177,62,0.55,2022_03_01
937,0.31021939843478274,1.5296447833083848,0.4,engert_20220301_visualmagnet_a,2.774397134780884,,180.0,,,20220301,unknown,zebrafish,WB,mag,5760.0,1356,0.8335820241444161,72,0.55,2022_03_01
938,0.9031984117495548,0.45028607031599865,0.4,engert_20220301_visualmagnet_a,1.7760201692581177,,180.0,,,20220301,unknown,zebrafish,WB,mag,5760.0,1357,0.6575899154857728,81,0.55,2022_03_01
939,0.44074561725974126,1.2793440408583254,0.4,engert_20220301_visualmagnet_a,2.8002216815948486,,180.0,,,20220301,unknown,zebrafish,WB,mag,5760.0,1359,0.9665651846344678,95,0.55,2022_03_01
940,0.36346610808028357,1.4221769972268625,0.4,engert_20220301_visualmagnet_a,4.209272861480713,,180.0,,,20220301,unknown,zebrafish,WB,mag,5760.0,1360,0.9294521625377944,76,0.55,2022_03_01
941,0.05886034877276314,2.3826564178548715,0.4,engert_20220301_visualmagnet_a,2.731581926345825,,180.0,,,20220301,unknown,zebrafish,WB,mag,5760.0,1364,0.8422920451444909,69,0.55,2022_03_01
942,0.04383479493583209,2.504090641241446,0.4,engert_20220301_visualmagnet_a,1.02834951877594,,180.0,,,20220301,unknown,zebrafish,WB,mag,5760.0,1365,0.6943340473333804,43,0.55,2022_03_01
943,0.03951722802283408,2.5454577628726343,0.4,engert_20220301_visualmagnet_a,2.3452701568603516,,180.0,,,20220301,unknown,zebrafish,WB,mag,5760.0,1367,0.8653282860735597,109,0.55,2022_03_01
944,0.7849794069550862,0.6948576277189874,0.4,engert_20220301_visualmagnet_a,2.6753199100494385,,180.0,,,20220301,unknown,zebrafish,WB,mag,5760.0,1368,0.7486354826673381,55,0.55,2022_03_01
945,0.6855059143614203,0.8680505287071878,0.4,engert_20220301_visualmagnet_a,1.7099013328552246,,180.0,,,20220301,unknown,zebrafish,WB,mag,5760.0,1372,0.8527468518752499,66,0.55,2022_03_01
946,0.4705714724739657,1.2270733733444183,0.4,engert_20220301_visualmagnet_a,2.900975465774536,,180.0,,,20220301,unknown,zebrafish,WB,mag,5760.0,1374,0.7607063643705567,49,0.55,2022_03_01
947,0.13891304446532793,1.987713560025083,0.4,engert_20220301_visualmagnet_a,2.301304817199707,,180.0,,,20220301,unknown,zebrafish,WB,mag,5760.0,1375,0.9386947152628354,64,0.55,2022_03_01
948,0.9578874376365143,0.2923678318899445,0.4,engert_20220301_visualmagnet_a,1.971484661102295,,180.0,,,20220301,unknown,zebrafish,WB,mag,5760.0,1376,0.7136090786765388,96,0.55,2022_03_01
949,0.011740657839973134,2.988105465022138,0.4,engert_20220301_visualmagnet_a,2.115410566329956,,180.0,,,20220301,unknown,zebrafish,WB,mag,5760.0,1379,0.8383855038358022,74,0.55,2022_03_01
950,0.4035106942737362,1.3466113172064484,0.4,engert_20220301_visualmagnet_a,2.155203104019165,,180.0,,,20220301,unknown,zebrafish,WB,mag,5760.0,1381,0.801746008858672,77,0.55,2022_03_01
951,0.422525429442274,1.3119469655877267,0.4,engert_20220301_visualmagnet_a,2.7886412143707275,,180.0,,,20220301,unknown,zebrafish,WB,mag,5760.0,1384,0.8644206042988382,75,0.55,2022_03_01
952,0.311524926643562,1.5268925936043565,0.4,engert_20220301_visualmagnet_a,1.8438129425048828,,180.0,,,20220301,unknown,zebrafish,WB,mag,5760.0,1387,0.8218666279874333,65,0.55,2022_03_01
953,0.1988506788640758,1.7975547566029022,0.4,engert_20220301_visualmagnet_a,3.2226524353027344,,180.0,,,20220301,unknown,zebrafish,WB,mag,5760.0,1389,0.8068290322782109,51,0.55,2022_03_01
954,0.7895369738682935,0.6864877595314802,0.4,engert_20220301_visualmagnet_a,1.6610846519470215,,180.0,,,20220301,unknown,zebrafish,WB,mag,5760.0,1390,0.5746886213782593,69,0.55,2022_03_01
955,0.9441548104029257,0.3380497439186983,0.4,engert_20220301_visualmagnet_a,1.8601607084274292,,180.0,,,20220301,unknown,zebrafish,WB,mag,5760.0,1392,0.8597203920286908,61,0.55,2022_03_01
956,0.04623580521195214,2.4825528489253257,0.4,engert_20220301_visualmagnet_a,1.5877799987792969,,180.0,,,20220301,unknown,zebrafish,WB,mag,5760.0,1393,0.7089400931207565,43,0.55,2022_03_01
957,0.04211262751383649,2.5201595545478677,0.4,engert_20220301_visualmagnet_a,1.183660864830017,,180.0,,,20220301,unknown,zebrafish,WB,mag,5760.0,1396,0.6113011690041402,64,0.55,2022_03_01
958,0.38570384918638057,1.3797474671911036,0.4,engert_20220301_visualmagnet_a,2.151202440261841,,180.0,,,20220301,unknown,zebrafish,WB,mag,5760.0,1398,0.6892477150855163,38,0.55,2022_03_01
959,0.04758919300986986,2.4708231808592522,0.4,engert_20220301_visualmagnet_a,1.4983338117599487,,180.0,,,20220301,unknown,zebrafish,WB,mag,5760.0,1400,0.5798176491212943,48,0.55,2022_03_01
960,0.2543281759013126,1.6546439781320053,0.4,engert_20220301_visualmagnet_a,2.534851312637329,,180.0,,,20220301,unknown,zebrafish,WB,mag,5760.0,1401,0.8199438686600026,69,0.55,2022_03_01
961,0.5710727355716356,1.057625621484495,0.4,engert_20220301_visualmagnet_a,1.73836088180542,,180.0,,,20220301,unknown,zebrafish,WB,mag,5760.0,1405,0.6393265319344534,50,0.55,2022_03_01
962,0.45954112498508903,1.2462599333024897,0.4,engert_20220301_visualmagnet_a,1.630021095275879,,180.0,,,20220301,unknown,zebrafish,WB,mag,5760.0,1408,0.5504164540510652,72,0.55,2022_03_01
963,0.5001109090703135,1.1764013336689059,0.4,engert_20220301_visualmagnet_a,2.1951904296875,,180.0,,,20220301,unknown,zebrafish,WB,mag,5760.0,1409,0.9711737357155362,83,0.55,2022_03_01
964,0.9363851064852708,0.361608106904392,0.4,engert_20220301_visualmagnet_a,2.1806135177612305,,180.0,,,20220301,unknown,zebrafish,WB,mag,5760.0,1411,0.6146804061454851,46,0.55,2022_03_01
965,0.501575878500248,1.1739120050473533,0.4,engert_20220301_visualmagnet_a,2.3327624797821045,,180.0,,,20220301,unknown,zebrafish,WB,mag,5760.0,1414,0.8251785483081834,123,0.55,2022_03_01
966,0.8076919456698494,0.6525840331845558,0.4,engert_20220301_visualmagnet_a,1.0358976125717163,,180.0,,,20220301,unknown,zebrafish,WB,mag,5760.0,1415,0.8766201734844947,86,0.55,2022_03_01
967,0.24418423703687075,1.6791152715393778,0.4,engert_20220301_visualmagnet_a,2.9363203048706055,,180.0,,,20220301,unknown,zebrafish,WB,mag,5760.0,1419,0.9460474401343222,75,0.55,2022_03_01
968,0.6807528032615355,0.8760222152448048,0.4,engert_20220301_visualmagnet_a,1.6278505325317383,,180.0,,,20220301,unknown,zebrafish,WB,mag,5760.0,1422,0.7146931555569279,56,0.55,2022_03_01
969,0.2994804359295127,1.5525419182621703,0.4,engert_20220301_visualmagnet_a,2.492846965789795,,180.0,,,20220301,unknown,zebrafish,WB,mag,5760.0,1427,0.7304854133475418,55,0.55,2022_03_01
970,0.03822534023374424,2.5585788268563556,0.4,engert_20220301_visualmagnet_a,2.6353888511657715,,180.0,,,20220301,unknown,zebrafish,WB,mag,5760.0,1431,0.8317953297447904,70,0.55,2022_03_01
971,0.5253710492904833,1.1337401953806343,0.4,engert_20220301_visualmagnet_a,1.6660970449447632,,180.0,,,20220301,unknown,zebrafish,WB,mag,5760.0,1433,0.5929293639577214,69,0.55,2022_03_01
972,0.03479132990521028,2.595384335083353,0.4,engert_20220301_visualmagnet_a,1.8199723958969116,,180.0,,,20220301,unknown,zebrafish,WB,mag,5760.0,1438,0.975856703589582,85,0.55,2022_03_01
973,0.8629559012443052,0.5419670954947589,0.4,engert_20220301_visualmagnet_a,1.2570784091949463,,180.0,,,20220301,unknown,zebrafish,WB,mag,5760.0,1439,0.5913917669261393,83,0.55,2022_03_01
974,0.9738527037750836,0.2291840440989903,0.4,engert_20220301_visualmagnet_a,1.8543365001678467,,180.0,,,20220301,unknown,zebrafish,WB,mag,5760.0,1440,0.7855390546143521,72,0.55,2022_03_01
975,0.8861157074509898,0.4907803109579889,0.4,engert_20220301_visualmagnet_a,2.2057318687438965,,180.0,,,20220301,unknown,zebrafish,WB,mag,5760.0,1442,0.7528973755986089,130,0.55,2022_03_01
976,0.3535046486412756,1.441606105282276,0.4,engert_20220301_visualmagnet_a,1.3418774604797363,,180.0,,,20220301,unknown,zebrafish,WB,mag,5760.0,1445,0.8109040678800019,60,0.55,2022_03_01
977,0.44150331886324445,1.2780000054175475,0.4,engert_20220301_visualmagnet_a,1.5915353298187256,,180.0,,,20220301,unknown,zebrafish,WB,mag,5760.0,1447,0.8365440215392388,79,0.55,2022_03_01
978,0.28523421150659456,1.583676071842654,0.4,engert_20220301_visualmagnet_a,2.415601968765259,,180.0,,,20220301,unknown,zebrafish,WB,mag,5760.0,1451,0.7954195006893365,51,0.55,2022_03_01
979,0.4585062415212151,1.2480683073160244,0.4,engert_20220301_visualmagnet_a,2.2249813079833984,,180.0,,,20220301,unknown,zebrafish,WB,mag,5760.0,1455,0.794016943559334,125,0.55,2022_03_01
980,0.12107082412199366,2.055981419494741,0.4,engert_20220301_visualmagnet_a,5.163677215576172,,180.0,,,20220301,unknown,zebrafish,WB,mag,5760.0,1456,0.9611911776956151,99,0.55,2022_03_01
981,0.6533404055781028,0.9217101024488278,0.4,engert_20220301_visualmagnet_a,1.5358277559280396,,180.0,,,20220301,unknown,zebrafish,WB,mag,5760.0,1458,0.7376593807161492,60,0.55,2022_03_01
982,0.9576805140691946,0.2931038735056046,0.4,engert_20220301_visualmagnet_a,3.1890385150909424,,180.0,,,20220301,unknown,zebrafish,WB,mag,5760.0,1459,0.6368469324572278,55,0.55,2022_03_01
983,0.4152879605902824,1.325059329982234,0.4,engert_20220301_visualmagnet_a,1.932219386100769,,180.0,,,20220301,unknown,zebrafish,WB,mag,5760.0,1462,0.7700828016450498,52,0.55,2022_03_01
984,0.3568652582622599,1.4350202359168576,0.4,engert_20220301_visualmagnet_a,3.125319719314575,,180.0,,,20220301,unknown,zebrafish,WB,mag,5760.0,1464,0.8073225990328406,116,0.55,2022_03_01
985,0.21541815933397535,1.752345960141439,0.4,engert_20220301_visualmagnet_a,2.2124733924865723,,180.0,,,20220301,unknown,zebrafish,WB,mag,5760.0,1465,0.6392741469660523,74,0.55,2022_03_01
986,0.19440966928246506,1.8101117944709388,0.4,engert_20220301_visualmagnet_a,0.8587344884872437,,180.0,,,20220301,unknown,zebrafish,WB,mag,5760.0,1466,0.5873721742198723,50,0.55,2022_03_01
987,0.49592737564623146,1.183521435045717,0.4,engert_20220301_visualmagnet_a,1.9056823253631592,,180.0,,,20220301,unknown,zebrafish,WB,mag,5760.0,1468,0.581489701190724,57,0.55,2022_03_01
988,0.10068473935828237,2.1441734901828027,0.4,engert_20220301_visualmagnet_a,2.1050093173980713,,180.0,,,20220301,unknown,zebrafish,WB,mag,5760.0,1470,0.6875367781230459,60,0.55,2022_03_01
989,0.16595511423958043,1.8957821154729722,0.4,engert_20220301_visualmagnet_a,2.6741387844085693,,180.0,,,20220301,unknown,zebrafish,WB,mag,5760.0,1472,0.9616747482145825,89,0.55,2022_03_01
990,0.34416311277104117,1.460086884201873,0.4,engert_20220301_visualmagnet_a,2.4900362491607666,,180.0,,,20220301,unknown,zebrafish,WB,mag,5760.0,1477,0.7120736085576428,39,0.55,2022_03_01
991,0.3935626421287097,1.3650374420086182,0.4,engert_20220301_visualmagnet_a,1.2557122707366943,,180.0,,,20220301,unknown,zebrafish,WB,mag,5760.0,1479,0.825445745650947,62,0.55,2022_03_01
992,0.8968849098185032,0.46557090920027844,0.4,engert_20220301_visualmagnet_a,2.5760459899902344,,180.0,,,20220301,unknown,zebrafish,WB,mag,5760.0,1480,0.8436727831915803,68,0.55,2022_03_01
993,0.7877104482125252,0.6898485051056404,0.4,engert_20220301_visualmagnet_a,3.0280611515045166,,180.0,,,20220301,unknown,zebrafish,WB,mag,5760.0,1483,0.6184071661046148,44,0.55,2022_03_01
994,0.5085852786734013,1.1620288765771316,0.4,engert_20220301_visualmagnet_a,3.749603509902954,,180.0,,,20220301,unknown,zebrafish,WB,mag,5760.0,1485,0.7866190724972574,75,0.55,2022_03_01
995,0.2822289586218474,1.5903622001367292,0.4,engert_20220301_visualmagnet_a,1.8976829051971436,,180.0,,,20220301,unknown,zebrafish,WB,mag,5760.0,1486,0.7474960299245241,44,0.55,2022_03_01
996,0.13777353154798344,1.9918690248026085,0.4,engert_20220301_visualmagnet_a,1.4024062156677246,,180.0,,,20220301,unknown,zebrafish,WB,mag,5760.0,1488,0.5620910475557905,29,0.55,2022_03_01
997,0.03611078860017025,2.580891196533155,0.4,engert_20220301_visualmagnet_a,2.7140259742736816,,180.0,,,20220301,unknown,zebrafish,WB,mag,5760.0,1492,0.6915830089605566,68,0.55,2022_03_01
998,0.6547272387948306,0.919408413970561,0.4,engert_20220301_visualmagnet_a,2.6411960124969482,,180.0,,,20220301,unknown,zebrafish,WB,mag,5760.0,1493,0.6729349549515281,79,0.55,2022_03_01
999,0.12179265548876106,2.053075944977382,0.4,engert_20220301_visualmagnet_a,2.292699098587036,,180.0,,,20220301,unknown,zebrafish,WB,mag,5760.0,1494,0.8662259964339272,77,0.55,2022_03_01
1000,0.12227852981046461,2.051127642353066,0.4,engert_20220301_visualmagnet_a,1.3178600072860718,,180.0,,,20220301,unknown,zebrafish,WB,mag,5760.0,1495,0.684229582764997,61,0.55,2022_03_01
1001,0.9141748970265865,0.4226735710188371,0.4,engert_20220301_visualmagnet_a,2.1936514377593994,,180.0,,,20220301,unknown,zebrafish,WB,mag,5760.0,1502,0.6156530910486636,74,0.55,2022_03_01
1002,0.008736412610914845,3.0865048724389745,0.4,engert_20220301_visualmagnet_a,1.8976585865020752,,180.0,,,20220301,unknown,zebrafish,WB,mag,5760.0,1503,0.7016002416188717,57,0.55,2022_03_01
1003,0.04907582251364129,2.458256708165856,0.4,engert_20220301_visualmagnet_a,2.338331937789917,,180.0,,,20220301,unknown,zebrafish,WB,mag,5760.0,1504,0.6894759423886585,49,0.55,2022_03_01
1004,0.16410216349176543,1.901715420383469,0.4,engert_20220301_visualmagnet_a,2.540970802307129,,180.0,,,20220301,unknown,zebrafish,WB,mag,5760.0,1506,0.9566901773604604,91,0.55,2022_03_01
1005,0.7024017614080741,0.8395602884330218,0.4,engert_20220301_visualmagnet_a,1.685758352279663,,180.0,,,20220301,unknown,zebrafish,WB,mag,5760.0,1507,0.8959462460290241,62,0.55,2022_03_01
1006,0.9286215669788338,0.38388727749127266,0.4,engert_20220301_visualmagnet_a,1.7755671739578247,,180.0,,,20220301,unknown,zebrafish,WB,mag,5760.0,1508,0.6823338858477451,40,0.55,2022_03_01
1007,0.9777291454104244,0.21120733138833003,0.4,engert_20220301_visualmagnet_a,2.1647701263427734,,180.0,,,20220301,unknown,zebrafish,WB,mag,5760.0,1509,0.7710078496549735,72,0.55,2022_03_01
1008,0.37063349973296433,1.4083648286866317,0.4,engert_20220301_visualmagnet_a,2.2593588829040527,,180.0,,,20220301,unknown,zebrafish,WB,mag,5760.0,1510,0.6880267420551606,46,0.55,2022_03_01
1009,0.08498853668910544,2.2221900092847005,0.4,engert_20220301_visualmagnet_a,1.6326167583465576,,180.0,,,20220301,unknown,zebrafish,WB,mag,5760.0,1511,0.8146519098133029,51,0.55,2022_03_01
1010,0.8176332422072969,0.6335917306983677,0.4,engert_20220301_visualmagnet_a,0.7432168126106262,,180.0,,,20220301,unknown,zebrafish,WB,mag,5760.0,1514,0.7427027349334908,69,0.55,2022_03_01
1011,0.6112840686077086,0.9912305204573303,0.4,engert_20220301_visualmagnet_a,1.7247635126113892,,180.0,,,20220301,unknown,zebrafish,WB,mag,5760.0,1515,0.8193047174360466,67,0.55,2022_03_01
1012,0.1704040205601436,1.8817294366832982,0.4,engert_20220301_visualmagnet_a,3.670969247817993,,180.0,,,20220301,unknown,zebrafish,WB,mag,5760.0,1520,0.7314783827257006,78,0.55,2022_03_01
1013,0.9518837906879555,0.3130769464725204,0.4,engert_20220301_visualmagnet_a,1.3594412803649902,,180.0,,,20220301,unknown,zebrafish,WB,mag,5760.0,1522,0.6999717213998692,40,0.55,2022_03_01
1014,0.2426959668149299,1.6827604230275999,0.4,engert_20220301_visualmagnet_a,1.9092289209365845,,180.0,,,20220301,unknown,zebrafish,WB,mag,5760.0,1524,0.9013676940336732,115,0.55,2022_03_01
1015,0.06168947890894161,2.3627478937625,0.4,engert_20220301_visualmagnet_a,2.566071033477783,,180.0,,,20220301,unknown,zebrafish,WB,mag,5760.0,1525,0.5871345500734998,51,0.55,2022_03_01
1016,0.9492517371213698,0.32177528665860755,0.4,engert_20220301_visualmagnet_a,2.518411159515381,,180.0,,,20220301,unknown,zebrafish,WB,mag,5760.0,1526,0.824047882250068,72,0.55,2022_03_01
1017,0.8667725348539814,0.5337781636478655,0.4,engert_20220301_visualmagnet_a,1.3831870555877686,,180.0,,,20220301,unknown,zebrafish,WB,mag,5760.0,1528,0.7938173797982101,61,0.55,2022_03_01
1018,0.3488105217812585,1.4508600707977002,0.4,engert_20220301_visualmagnet_a,1.8545403480529785,,180.0,,,20220301,unknown,zebrafish,WB,mag,5760.0,1530,0.9260959168686794,59,0.55,2022_03_01
1019,0.12260664028155621,2.049815308297501,0.4,engert_20220301_visualmagnet_a,2.319544792175293,,180.0,,,20220301,unknown,zebrafish,WB,mag,5760.0,1534,0.8910860521935635,63,0.55,2022_03_01
1020,0.27325418650404076,1.6105913274517647,0.4,engert_20220301_visualmagnet_a,1.183584451675415,,180.0,,,20220301,unknown,zebrafish,WB,mag,5760.0,1535,0.6108287812355246,55,0.55,2022_03_01
1021,0.09904076586377653,2.151874193672177,0.4,engert_20220301_visualmagnet_a,1.5255323648452759,,180.0,,,20220301,unknown,zebrafish,WB,mag,5760.0,1537,0.7673734033434647,39,0.55,2022_03_01
1022,0.860201060993445,0.5478239123524032,0.4,engert_20220301_visualmagnet_a,3.414533853530884,,180.0,,,20220301,unknown,zebrafish,WB,mag,5760.0,1538,0.9167591053734495,59,0.55,2022_03_01
1023,0.020701517250319212,2.7898279608468086,0.4,engert_20220301_visualmagnet_a,2.928311586380005,,180.0,,,20220301,unknown,zebrafish,WB,mag,5760.0,1543,0.9512468656681947,70,0.55,2022_03_01
1024,0.35261891034098114,1.4433472992097218,0.4,engert_20220301_visualmagnet_a,3.2549877166748047,,180.0,,,20220301,unknown,zebrafish,WB,mag,5760.0,1544,0.9618595166998414,92,0.55,2022_03_01
1025,0.17232980182547764,1.8757283860914227,0.4,engert_20220301_visualmagnet_a,1.247487187385559,,180.0,,,20220301,unknown,zebrafish,WB,mag,5760.0,1546,0.6533644022921843,35,0.55,2022_03_01
1026,0.1469670711407044,1.9590456509089544,0.4,engert_20220301_visualmagnet_a,1.311337947845459,,180.0,,,20220301,unknown,zebrafish,WB,mag,5760.0,1548,0.8081600160715872,71,0.55,2022_03_01
1027,0.02716699409971879,2.689749835133523,0.4,engert_20220301_visualmagnet_a,1.6283118724822998,,180.0,,,20220301,unknown,zebrafish,WB,mag,5760.0,1549,0.9317137230654562,70,0.55,2022_03_01
1028,0.2756056933001171,1.6052521344575772,0.4,engert_20220301_visualmagnet_a,0.9131115674972534,,180.0,,,20220301,unknown,zebrafish,WB,mag,5760.0,1550,0.6930764031293246,29,0.55,2022_03_01
1029,0.06463772450069982,2.3427848954053894,0.4,engert_20220301_visualmagnet_a,2.7243387699127197,,180.0,,,20220301,unknown,zebrafish,WB,mag,5760.0,1552,0.8058996870598781,93,0.55,2022_03_01
1030,0.20361081295470385,1.784309058951001,0.4,engert_20220301_visualmagnet_a,4.973100185394287,,180.0,,,20220301,unknown,zebrafish,WB,mag,5760.0,1558,0.6330194494200229,75,0.55,2022_03_01
1031,0.2716187917322873,1.614321246977683,0.4,engert_20220301_visualmagnet_a,2.475789785385132,,180.0,,,20220301,unknown,zebrafish,WB,mag,5760.0,1563,0.8188204359285404,74,0.55,2022_03_01
1032,0.1675031520601571,1.8908618048110997,0.4,engert_20220301_visualmagnet_a,0.7828028798103333,,180.0,,,20220301,unknown,zebrafish,WB,mag,5760.0,1566,0.9332062051687187,72,0.55,2022_03_01
1033,0.45901897494033816,1.2471721677463639,0.4,engert_20220301_visualmagnet_a,1.8227497339248657,,180.0,,,20220301,unknown,zebrafish,WB,mag,5760.0,1569,0.8612320428969918,55,0.55,2022_03_01
1034,0.11222030473602995,2.0927356698937563,0.4,engert_20220301_visualmagnet_a,2.2148208618164062,,180.0,,,20220301,unknown,zebrafish,WB,mag,5760.0,1570,0.8015309930064273,42,0.55,2022_03_01
1035,0.3280807070740811,1.492545034736004,0.4,engert_20220301_visualmagnet_a,2.669534206390381,,180.0,,,20220301,unknown,zebrafish,WB,mag,5760.0,1572,0.8271106659836008,96,0.55,2022_03_01
1036,0.879862104151326,0.5049763822658654,0.4,engert_20220301_visualmagnet_a,4.396389484405518,,180.0,,,20220301,unknown,zebrafish,WB,mag,5760.0,1574,0.8542755132761672,70,0.55,2022_03_01
1037,0.5898740418260822,1.0265525637747746,0.4,engert_20220301_visualmagnet_a,1.636692762374878,,180.0,,,20220301,unknown,zebrafish,WB,mag,5760.0,1576,0.8510394526899846,56,0.55,2022_03_01
1038,0.4384529678427391,1.2834161856528319,0.4,engert_20220301_visualmagnet_a,3.334916830062866,,180.0,,,20220301,unknown,zebrafish,WB,mag,5760.0,1578,0.8205075048330687,50,0.55,2022_03_01
1039,0.7176540848810631,0.8135981482677572,0.4,engert_20220301_visualmagnet_a,2.6775314807891846,,180.0,,,20220301,unknown,zebrafish,WB,mag,5760.0,1580,0.7470126229706615,52,0.55,2022_03_01
1040,0.41614207883842236,1.3235068789286641,0.4,engert_20220301_visualmagnet_a,1.5625945329666138,,180.0,,,20220301,unknown,zebrafish,WB,mag,5760.0,1582,0.7445143544526616,53,0.55,2022_03_01
1041,0.3268980627590633,1.494965839512242,0.4,engert_20220301_visualmagnet_a,3.2035093307495117,,180.0,,,20220301,unknown,zebrafish,WB,mag,5760.0,1591,0.5610960906705593,67,0.55,2022_03_01
1042,0.19922256107590952,1.796512109588957,0.4,engert_20220301_visualmagnet_a,1.3167592287063599,,180.0,,,20220301,unknown,zebrafish,WB,mag,5760.0,1595,0.933521459450161,86,0.55,2022_03_01
1043,0.12758691408292633,2.030216713861253,0.4,engert_20220301_visualmagnet_a,2.09365177154541,,180.0,,,20220301,unknown,zebrafish,WB,mag,5760.0,1600,0.602214909103371,57,0.55,2022_03_01
1044,0.8862672203535285,0.4904324862766713,0.4,engert_20220301_visualmagnet_a,3.342700719833374,,180.0,,,20220301,unknown,zebrafish,WB,mag,5760.0,1601,0.5989891733275208,86,0.55,2022_03_01
1045,0.7743656428421205,0.714153683587146,0.4,engert_20220301_visualmagnet_a,1.4412626028060913,,180.0,,,20220301,unknown,zebrafish,WB,mag,5760.0,1606,0.9285384740984999,69,0.55,2022_03_01
1046,0.647162325339052,0.931953810176074,0.4,engert_20220301_visualmagnet_a,3.171058177947998,,180.0,,,20220301,unknown,zebrafish,WB,mag,5760.0,1607,0.9213437087637092,63,0.55,2022_03_01
1047,0.650373036618988,0.9266321531837716,0.4,engert_20220301_visualmagnet_a,3.572582244873047,,180.0,,,20220301,unknown,zebrafish,WB,mag,5760.0,1617,0.9567196806315682,70,0.55,2022_03_01
1048,0.41548241263801133,1.324705802161965,0.4,engert_20220301_visualmagnet_a,1.8368068933486938,,180.0,,,20220301,unknown,zebrafish,WB,mag,5760.0,1619,0.9522450045406546,76,0.55,2022_03_01
1049,0.7521872130083763,0.7536953649152912,0.4,engert_20220301_visualmagnet_a,2.700188398361206,,180.0,,,20220301,unknown,zebrafish,WB,mag,5760.0,1620,0.961259027956859,77,0.55,2022_03_01
1050,0.3506434357190591,1.4472389575547413,0.4,engert_20220301_visualmagnet_a,2.59047794342041,,180.0,,,20220301,unknown,zebrafish,WB,mag,5760.0,1621,0.6874780157625762,70,0.55,2022_03_01
1051,0.09402174426641308,2.176023931344576,0.4,engert_20220301_visualmagnet_a,1.5392115116119385,,180.0,,,20220301,unknown,zebrafish,WB,mag,5760.0,1624,0.7537809457710892,57,0.55,2022_03_01
1052,0.6836407824957542,0.8711806791800625,0.4,engert_20220301_visualmagnet_a,3.1483848094940186,,180.0,,,20220301,unknown,zebrafish,WB,mag,5760.0,1629,0.7815428010754705,52,0.55,2022_03_01
1053,0.06222166966544329,2.3590871195557477,0.4,engert_20220301_visualmagnet_a,1.7223318815231323,,180.0,,,20220301,unknown,zebrafish,WB,mag,5760.0,1630,0.6288340017680939,72,0.55,2022_03_01
1054,0.701893822271328,0.8404206368338426,0.4,engert_20220301_visualmagnet_a,1.8632006645202637,,180.0,,,20220301,unknown,zebrafish,WB,mag,5760.0,1639,0.5784796272482454,30,0.55,2022_03_01
1055,0.8964362959429004,0.466642003067864,0.4,engert_20220301_visualmagnet_a,1.6988962888717651,,180.0,,,20220301,unknown,zebrafish,WB,mag,5760.0,1640,0.9479562663191431,64,0.55,2022_03_01
1056,0.16195968542518302,1.9086367121392251,0.4,engert_20220301_visualmagnet_a,2.411262273788452,,180.0,,,20220301,unknown,zebrafish,WB,mag,5760.0,1642,0.6984910427034046,43,0.55,2022_03_01
1057,0.40713615866149355,1.3399474420534119,0.4,engert_20220301_visualmagnet_a,2.2217800617218018,,180.0,,,20220301,unknown,zebrafish,WB,mag,5760.0,1643,0.8099101483876784,85,0.55,2022_03_01
1058,0.8845031565491965,0.494470071356416,0.4,engert_20220301_visualmagnet_a,2.7939255237579346,,180.0,,,20220301,unknown,zebrafish,WB,mag,5760.0,1644,0.8852221218919142,70,0.55,2022_03_01
1059,0.6087772425603553,0.9953654529369951,0.4,engert_20220301_visualmagnet_a,1.4895853996276855,,180.0,,,20220301,unknown,zebrafish,WB,mag,5760.0,1645,0.6340611149526633,60,0.55,2022_03_01
1060,0.7459660902067788,0.7646216368014224,0.4,engert_20220301_visualmagnet_a,2.3731820583343506,,180.0,,,20220301,unknown,zebrafish,WB,mag,5760.0,1647,0.6903212017637708,37,0.55,2022_03_01
1061,0.6247822183757129,0.9689580674937435,0.4,engert_20220301_visualmagnet_a,1.481937289237976,,180.0,,,20220301,unknown,zebrafish,WB,mag,5760.0,1650,0.7309503986591421,39,0.55,2022_03_01
1062,0.022201396766735937,2.764411480663591,0.4,engert_20220301_visualmagnet_a,1.724085807800293,,180.0,,,20220301,unknown,zebrafish,WB,mag,5760.0,1651,0.6628009697809424,108,0.55,2022_03_01
1063,0.49816998937642676,1.179702529693248,0.4,engert_20220301_visualmagnet_a,2.3652732372283936,,180.0,,,20220301,unknown,zebrafish,WB,mag,5760.0,1652,0.6545776213907609,109,0.55,2022_03_01
1064,0.40523775823672636,1.3434335395407395,0.4,engert_20220301_visualmagnet_a,1.8361423015594482,,180.0,,,20220301,unknown,zebrafish,WB,mag,5760.0,1653,0.5639582377193165,41,0.55,2022_03_01
1065,0.9559067096780658,0.2993436805468719,0.4,engert_20220301_visualmagnet_a,1.5450242757797241,,180.0,,,20220301,unknown,zebrafish,WB,mag,5760.0,1655,0.9068955854741574,62,0.55,2022_03_01
1066,0.9394821425957526,0.352382858879069,0.4,engert_20220301_visualmagnet_a,2.8690366744995117,,180.0,,,20220301,unknown,zebrafish,WB,mag,5760.0,1657,0.7432827155946677,59,0.55,2022_03_01
1067,0.9817876650333155,0.1906706612357749,0.4,engert_20220301_visualmagnet_a,2.40659236907959,,180.0,,,20220301,unknown,zebrafish,WB,mag,5760.0,1665,0.8029183561967406,89,0.55,2022_03_01
1068,0.37348614815348036,1.4029046836938797,0.4,engert_20220301_visualmagnet_a,2.6593515872955322,,180.0,,,20220301,unknown,zebrafish,WB,mag,5760.0,1673,0.7754956737512504,68,0.55,2022_03_01
1069,0.06816021200891398,2.3198891867419653,0.4,engert_20220301_visualmagnet_a,1.7363072633743286,,180.0,,,20220301,unknown,zebrafish,WB,mag,5760.0,1674,0.706618782677792,51,0.55,2022_03_01
1070,0.012137011893806005,2.976853667453034,0.4,engert_20220301_visualmagnet_a,3.3843984603881836,,180.0,,,20220301,unknown,zebrafish,WB,mag,5760.0,1680,0.685318195300662,53,0.55,2022_03_01
1071,0.5453597979015181,1.1003146409407374,0.4,engert_20220301_visualmagnet_a,1.4478169679641724,,180.0,,,20220301,unknown,zebrafish,WB,mag,5760.0,1681,0.5739022863128387,68,0.55,2022_03_01
1072,0.8023983911353519,0.6625681857833396,0.4,engert_20220301_visualmagnet_a,1.2112597227096558,,180.0,,,20220301,unknown,zebrafish,WB,mag,5760.0,1682,0.7824211405558097,94,0.55,2022_03_01
1073,0.20425138370691143,1.7825429592694815,0.4,engert_20220301_visualmagnet_a,3.1102700233459473,,180.0,,,20220301,unknown,zebrafish,WB,mag,5760.0,1683,0.7870803078303205,74,0.55,2022_03_01
1074,0.054353854947863156,2.4160653028115067,0.4,engert_20220301_visualmagnet_a,1.430943250656128,,180.0,,,20220301,unknown,zebrafish,WB,mag,5760.0,1684,0.5893589880613389,75,0.55,2022_03_01
1075,0.19001714138952186,1.8227300788842085,0.4,engert_20220301_visualmagnet_a,2.3437986373901367,,180.0,,,20220301,unknown,zebrafish,WB,mag,5760.0,1685,0.7955321221226558,43,0.55,2022_03_01
1076,0.7471181630547759,0.762603184760439,0.4,engert_20220301_visualmagnet_a,2.8734283447265625,,180.0,,,20220301,unknown,zebrafish,WB,mag,5760.0,1686,0.5922927763243322,69,0.55,2022_03_01
1077,0.23975693288576727,1.690001544721684,0.4,engert_20220301_visualmagnet_a,1.9753499031066895,,180.0,,,20220301,unknown,zebrafish,WB,mag,5760.0,1688,0.7740291103514281,47,0.55,2022_03_01
1078,0.9317194241677459,0.3751336368151529,0.4,engert_20220301_visualmagnet_a,1.9230917692184448,,180.0,,,20220301,unknown,zebrafish,WB,mag,5760.0,1693,0.8015533570308205,57,0.55,2022_03_01
1079,0.08781482500413518,2.2073426168233143,0.4,engert_20220301_visualmagnet_a,2.039048433303833,,180.0,,,20220301,unknown,zebrafish,WB,mag,5760.0,1694,0.8686461351651097,52,0.55,2022_03_01
1080,0.40715367773888755,1.3399153138251731,0.4,engert_20220301_visualmagnet_a,3.463334798812866,,180.0,,,20220301,unknown,zebrafish,WB,mag,5760.0,1699,0.8866996211100047,74,0.55,2022_03_01
1081,0.15285713081402375,1.9388101774486917,0.4,engert_20220301_visualmagnet_a,3.882230758666992,,180.0,,,20220301,unknown,zebrafish,WB,mag,5760.0,1706,0.7857213630665827,57,0.55,2022_03_01
1082,0.8731484032712113,0.519894068625935,0.4,engert_20220301_visualmagnet_a,2.5831332206726074,,180.0,,,20220301,unknown,zebrafish,WB,mag,5760.0,1707,0.9401279311570866,77,0.55,2022_03_01
1083,0.031943932900088345,2.628333102433753,0.4,engert_20220301_visualmagnet_a,2.881824493408203,,180.0,,,20220301,unknown,zebrafish,WB,mag,5760.0,1708,0.7314330036438702,49,0.55,2022_03_01
1084,0.6836330605725205,0.8711936318176489,0.4,engert_20220301_visualmagnet_a,2.1032800674438477,,180.0,,,20220301,unknown,zebrafish,WB,mag,5760.0,1710,0.7379457659874239,48,0.55,2022_03_01
1085,0.5069967775125976,1.1647180328482836,0.4,engert_20220301_visualmagnet_a,1.561165690422058,,180.0,,,20220301,unknown,zebrafish,WB,mag,5760.0,1712,0.5932044059408792,40,0.55,2022_03_01
1086,0.05173639937215746,2.436540190649329,0.4,engert_20220301_visualmagnet_a,1.1011724472045898,,180.0,,,20220301,unknown,zebrafish,WB,mag,5760.0,1714,0.6372719036604024,72,0.55,2022_03_01
1087,0.5634272456957063,1.0702901782691545,0.4,engert_20220301_visualmagnet_a,1.7402044534683228,,180.0,,,20220301,unknown,zebrafish,WB,mag,5760.0,1715,0.633271123878627,56,0.55,2022_03_01
1088,0.7299747583362013,0.7924236539832459,0.4,engert_20220301_visualmagnet_a,1.3424584865570068,,180.0,,,20220301,unknown,zebrafish,WB,mag,5760.0,1716,0.5575926799414829,33,0.55,2022_03_01
1089,0.68763401400716,0.864475649673859,0.4,engert_20220301_visualmagnet_a,2.758077621459961,,180.0,,,20220301,unknown,zebrafish,WB,mag,5760.0,1720,0.8917448473425589,88,0.55,2022_03_01
1090,0.6074313400483571,0.9975854299823093,0.4,engert_20220301_visualmagnet_a,1.5455596446990967,,180.0,,,20220301,unknown,zebrafish,WB,mag,5760.0,1726,0.7075933108707102,43,0.55,2022_03_01
1091,0.18032521328321105,1.851314750239021,0.4,engert_20220301_visualmagnet_a,1.9915668964385986,,180.0,,,20220301,unknown,zebrafish,WB,mag,5760.0,1728,0.9282355146127187,68,0.55,2022_03_01
1092,0.9869014277492925,0.1612714402247559,0.4,engert_20220301_visualmagnet_a,1.4141075611114502,,180.0,,,20220301,unknown,zebrafish,WB,mag,5760.0,1730,0.7086192167620092,61,0.55,2022_03_01
1093,0.18905055936714643,1.825534117347415,0.4,engert_20220301_visualmagnet_a,1.0852093696594238,,180.0,,,20220301,unknown,zebrafish,WB,mag,5760.0,1732,0.742719005552772,73,0.55,2022_03_01
1094,0.9969801661304394,0.07615760730307695,0.4,engert_20220301_visualmagnet_a,2.4200475215911865,,180.0,,,20220301,unknown,zebrafish,WB,mag,5760.0,1735,0.5865870355726772,67,0.55,2022_03_01
1095,0.5558548468351188,1.0828557605293594,0.4,engert_20220301_visualmagnet_a,1.6920415163040161,,180.0,,,20220301,unknown,zebrafish,WB,mag,5760.0,1736,0.8013006872365616,56,0.55,2022_03_01
1096,0.4069018245205177,1.340377412480672,0.4,engert_20220301_visualmagnet_a,1.3517529964447021,,180.0,,,20220301,unknown,zebrafish,WB,mag,5760.0,1737,0.8164852463720691,70,0.55,2022_03_01
1097,0.6095074553061774,0.9941610057879308,0.4,engert_20220301_visualmagnet_a,2.702444314956665,,180.0,,,20220301,unknown,zebrafish,WB,mag,5760.0,1741,0.893165300210086,65,0.55,2022_03_01
1098,0.45211993631576475,1.2592611238365772,0.4,engert_20220301_visualmagnet_a,2.18542218208313,,180.0,,,20220301,unknown,zebrafish,WB,mag,5760.0,1743,0.8081232929320504,50,0.55,2022_03_01
1099,0.06298577310605791,2.353876012226811,0.4,engert_20220301_visualmagnet_a,1.6168229579925537,,180.0,,,20220301,unknown,zebrafish,WB,mag,5760.0,1746,0.8792411827533881,60,0.55,2022_03_01
1100,0.9748728113589032,0.22458560747351425,0.4,engert_20220301_visualmagnet_a,2.9031832218170166,,180.0,,,20220301,unknown,zebrafish,WB,mag,5760.0,1750,0.7946397960797394,63,0.55,2022_03_01
1101,0.7015716976077591,0.8409661556488198,0.4,engert_20220301_visualmagnet_a,2.8531200885772705,,180.0,,,20220301,unknown,zebrafish,WB,mag,5760.0,1751,0.7608898716624883,84,0.55,2022_03_01
1102,0.525925542934497,1.1328094095348327,0.4,engert_20220301_visualmagnet_a,1.0601593255996704,,180.0,,,20220301,unknown,zebrafish,WB,mag,5760.0,1761,0.603176943741641,62,0.55,2022_03_01
1103,0.9969606564638491,0.07641140309749238,0.4,engert_20220301_visualmagnet_a,2.4984374046325684,,180.0,,,20220301,unknown,zebrafish,WB,mag,5760.0,1763,0.911174005228046,83,0.55,2022_03_01
1104,0.22013121263827462,1.73991949159806,0.4,engert_20220301_visualmagnet_a,3.168269157409668,,180.0,,,20220301,unknown,zebrafish,WB,mag,5760.0,1767,0.954443095770707,81,0.55,2022_03_01
1105,0.8452780029459324,0.5788334004340882,0.4,engert_20220301_visualmagnet_a,2.3463706970214844,,180.0,,,20220301,unknown,zebrafish,WB,mag,5760.0,1768,0.6036748751531017,57,0.55,2022_03_01
1106,0.8034917673166468,0.6605129509577823,0.4,engert_20220301_visualmagnet_a,3.66052508354187,,180.0,,,20220301,unknown,zebrafish,WB,mag,5760.0,1771,0.6002297574632935,76,0.55,2022_03_01
1107,0.3295506627613035,1.489542730266525,0.4,engert_20220301_visualmagnet_a,1.5845978260040283,,180.0,,,20220301,unknown,zebrafish,WB,mag,5760.0,1772,0.794517417042155,41,0.55,2022_03_01
1108,0.9212538117919229,0.4040570351225295,0.4,engert_20220301_visualmagnet_a,1.2008849382400513,,180.0,,,20220301,unknown,zebrafish,WB,mag,5760.0,1774,0.7744285801917556,41,0.55,2022_03_01
1109,0.31764405484236213,1.5140801329481965,0.4,engert_20220301_visualmagnet_a,1.4361732006072998,,180.0,,,20220301,unknown,zebrafish,WB,mag,5760.0,1775,0.5874023182269991,50,0.55,2022_03_01
1110,0.3724850765414238,1.4048184361858704,0.4,engert_20220301_visualmagnet_a,2.464367389678955,,180.0,,,20220301,unknown,zebrafish,WB,mag,5760.0,1777,0.7740835809522844,61,0.55,2022_03_01
1111,0.29551059823000236,1.5611275546075376,0.4,engert_20220301_visualmagnet_a,1.6346882581710815,,180.0,,,20220301,unknown,zebrafish,WB,mag,5760.0,1778,0.9017888651856826,79,0.55,2022_03_01
1112,0.367610130711832,1.414174569458695,0.4,engert_20220301_visualmagnet_a,2.2422709465026855,,180.0,,,20220301,unknown,zebrafish,WB,mag,5760.0,1783,0.7217928059537481,46,0.55,2022_03_01
1113,0.06382740562190825,2.3481959228074656,0.4,engert_20220301_visualmagnet_a,1.740725040435791,,180.0,,,20220301,unknown,zebrafish,WB,mag,5760.0,1785,0.7128174525312814,83,0.55,2022_03_01
1114,0.8668874768510357,0.5335301149522218,0.4,engert_20220301_visualmagnet_a,2.945559024810791,,180.0,,,20220301,unknown,zebrafish,WB,mag,5760.0,1788,0.8713340111686418,69,0.55,2022_03_01
1115,0.5780801165845264,1.0460344489959426,0.4,engert_20220301_visualmagnet_a,2.360658645629883,,180.0,,,20220301,unknown,zebrafish,WB,mag,5760.0,1789,0.685521843287702,68,0.55,2022_03_01
1116,0.5305217043478458,1.1251025335020026,0.4,engert_20220301_visualmagnet_a,2.229215383529663,,180.0,,,20220301,unknown,zebrafish,WB,mag,5760.0,1790,0.6071734835603682,37,0.55,2022_03_01
1117,0.8892886142599372,0.48345790207258704,0.4,engert_20220301_visualmagnet_a,1.4775148630142212,,180.0,,,20220301,unknown,zebrafish,WB,mag,5760.0,1793,0.973812429105781,92,0.55,2022_03_01
1118,0.9133928781061027,0.42468882224263055,0.4,engert_20220301_visualmagnet_a,2.178574323654175,,180.0,,,20220301,unknown,zebrafish,WB,mag,5760.0,1797,0.6188475039587696,36,0.55,2022_03_01
1119,0.13683493202222996,1.9953113466453904,0.4,engert_20220301_visualmagnet_a,1.5815321207046509,,180.0,,,20220301,unknown,zebrafish,WB,mag,5760.0,1798,0.7914121873394069,47,0.55,2022_03_01
1120,0.9713595568753894,0.2400719340711173,0.4,engert_20220301_visualmagnet_a,3.195472478866577,,180.0,,,20220301,unknown,zebrafish,WB,mag,5760.0,1800,0.746755524416633,69,0.55,2022_03_01
1121,0.05028717222253953,2.448250400562176,0.4,engert_20220301_visualmagnet_a,2.0729753971099854,,180.0,,,20220301,unknown,zebrafish,WB,mag,5760.0,1801,0.9075990528905605,56,0.55,2022_03_01
1122,0.5183074066694502,1.145617220914707,0.4,engert_20220301_visualmagnet_a,2.5783727169036865,,180.0,,,20220301,unknown,zebrafish,WB,mag,5760.0,1802,0.9693884195321846,82,0.55,2022_03_01
1123,0.4493922556905231,1.2640594972424266,0.4,engert_20220301_visualmagnet_a,0.9528982639312744,,180.0,,,20220301,unknown,zebrafish,WB,mag,5760.0,1807,0.618265189714882,45,0.55,2022_03_01
1124,0.594497901312798,1.0189212029055439,0.4,engert_20220301_visualmagnet_a,1.3344117403030396,,180.0,,,20220301,unknown,zebrafish,WB,mag,5760.0,1810,0.8269729129714017,77,0.55,2022_03_01
1125,0.037750201185200116,2.5634993552749985,0.4,engert_20220301_visualmagnet_a,2.1846070289611816,,180.0,,,20220301,unknown,zebrafish,WB,mag,5760.0,1813,0.7292264267096307,53,0.55,2022_03_01
1126,0.28249102024861183,1.589777423493602,0.4,engert_20220301_visualmagnet_a,2.283466100692749,,180.0,,,20220301,unknown,zebrafish,WB,mag,5760.0,1817,0.6779495936362985,59,0.55,2022_03_01
1127,0.7008813043613089,0.8421349013058406,0.4,engert_20220301_visualmagnet_a,1.982484221458435,,180.0,,,20220301,unknown,zebrafish,WB,mag,5760.0,1818,0.7903467440908585,69,0.55,2022_03_01
1128,0.8991606059099019,0.46010774026757284,0.4,engert_20220301_visualmagnet_a,2.014857292175293,,180.0,,,20220301,unknown,zebrafish,WB,mag,5760.0,1820,0.7674471265475746,49,0.55,2022_03_01
1129,0.6940968731367481,0.8535960317083692,0.4,engert_20220301_visualmagnet_a,1.7604625225067139,,180.0,,,20220301,unknown,zebrafish,WB,mag,5760.0,1823,0.5874436079684819,55,0.55,2022_03_01
1130,0.49988749142643574,1.176781136509103,0.4,engert_20220301_visualmagnet_a,1.697129249572754,,180.0,,,20220301,unknown,zebrafish,WB,mag,5760.0,1824,0.9155506886908825,68,0.55,2022_03_01
1131,0.28276894544051157,1.5891576178009068,0.4,engert_20220301_visualmagnet_a,2.7773361206054688,,180.0,,,20220301,unknown,zebrafish,WB,mag,5760.0,1826,0.7653893657695016,81,0.55,2022_03_01
1132,0.7911396796745493,0.6835317341336644,0.4,engert_20220301_visualmagnet_a,1.8650256395339966,,180.0,,,20220301,unknown,zebrafish,WB,mag,5760.0,1827,0.651639292011861,56,0.55,2022_03_01
1133,0.7135530186099552,0.8206043845570357,0.4,engert_20220301_visualmagnet_a,1.8719663619995117,,180.0,,,20220301,unknown,zebrafish,WB,mag,5760.0,1828,0.7963046843542655,85,0.55,2022_03_01
1134,0.7353480350690169,0.7831247578355204,0.4,engert_20220301_visualmagnet_a,1.730805516242981,,180.0,,,20220301,unknown,zebrafish,WB,mag,5760.0,1831,0.5644612566949846,48,0.55,2022_03_01
1135,0.6857143786784742,0.8677004807076106,0.4,engert_20220301_visualmagnet_a,3.0061397552490234,,180.0,,,20220301,unknown,zebrafish,WB,mag,5760.0,1834,0.910290798875635,77,0.55,2022_03_01
1136,0.9078583249381479,0.4387349862700483,0.4,engert_20220301_visualmagnet_a,1.9870731830596924,,180.0,,,20220301,unknown,zebrafish,WB,mag,5760.0,1835,0.5703560916432344,51,0.55,2022_03_01
1137,0.2934768824195325,1.565552427873026,0.4,engert_20220301_visualmagnet_a,2.9301915168762207,,180.0,,,20220301,unknown,zebrafish,WB,mag,5760.0,1836,0.7655307641300091,61,0.55,2022_03_01
1138,0.9593884828056802,0.28697890246684016,0.4,engert_20220301_visualmagnet_a,2.3409371376037598,,180.0,,,20220301,unknown,zebrafish,WB,mag,5760.0,1841,0.8858692014050902,63,0.55,2022_03_01
1139,0.0490636642518637,2.458358222422304,0.4,engert_20220301_visualmagnet_a,3.5568764209747314,,180.0,,,20220301,unknown,zebrafish,WB,mag,5760.0,1844,0.6352053804754733,39,0.55,2022_03_01
1140,0.8382013366532393,0.593155103513488,0.4,engert_20220301_visualmagnet_a,1.430922269821167,,180.0,,,20220301,unknown,zebrafish,WB,mag,5760.0,1845,0.8002867567897682,63,0.55,2022_03_01
1141,0.8638340783097211,0.5400906640581246,0.4,engert_20220301_visualmagnet_a,3.1929726600646973,,180.0,,,20220301,unknown,zebrafish,WB,mag,5760.0,1851,0.8471027081112863,56,0.55,2022_03_01
1142,0.039100471754552224,2.5496502677310864,0.4,engert_20220301_visualmagnet_a,2.614556074142456,,180.0,,,20220301,unknown,zebrafish,WB,mag,5760.0,1852,0.6923164568960317,52,0.55,2022_03_01
1143,0.5240716359372672,1.1359222630809032,0.4,engert_20220301_visualmagnet_a,3.3630013465881348,,180.0,,,20220301,unknown,zebrafish,WB,mag,5760.0,1855,0.5827646653837752,58,0.55,2022_03_01
1144,0.7426745335867023,0.7703764976356796,0.4,engert_20220301_visualmagnet_a,1.4059550762176514,,180.0,,,20220301,unknown,zebrafish,WB,mag,5760.0,1857,0.570852701663857,62,0.55,2022_03_01
1145,0.357450100375969,1.433877440012864,0.4,engert_20220301_visualmagnet_a,1.3669666051864624,,180.0,,,20220301,unknown,zebrafish,WB,mag,5760.0,1859,0.7054944587794946,44,0.55,2022_03_01
1146,0.6612439889853987,0.9085806379134602,0.4,engert_20220301_visualmagnet_a,2.207995653152466,,180.0,,,20220301,unknown,zebrafish,WB,mag,5760.0,1860,0.8651911078379,68,0.55,2022_03_01
1147,0.4377363599173869,1.284690720290272,0.4,engert_20220301_visualmagnet_a,1.1747843027114868,,180.0,,,20220301,unknown,zebrafish,WB,mag,5760.0,1861,0.7710554336072453,49,0.55,2022_03_01
1148,0.19087102214616147,1.8202613175978064,0.4,engert_20220301_visualmagnet_a,2.8121235370635986,,180.0,,,20220301,unknown,zebrafish,WB,mag,5760.0,1862,0.6748144492226821,79,0.55,2022_03_01
1149,0.28877962732511975,1.5758425634414812,0.4,engert_20220301_visualmagnet_a,1.3374130725860596,,180.0,,,20220301,unknown,zebrafish,WB,mag,5760.0,1864,0.7591580258537886,38,0.55,2022_03_01
1150,0.2341700507953438,1.703928019569324,0.4,engert_20220301_visualmagnet_a,0.9239515066146851,,180.0,,,20220301,unknown,zebrafish,WB,mag,5760.0,1866,0.837852410000995,54,0.55,2022_03_01
1151,0.18297137426258814,1.8434047750216642,0.4,engert_20220301_visualmagnet_a,1.105615496635437,,180.0,,,20220301,unknown,zebrafish,WB,mag,5760.0,1869,0.6005295839248751,78,0.55,2022_03_01
1152,0.16003688997293997,1.9149051311896466,0.4,engert_20220301_visualmagnet_a,3.3236382007598877,,180.0,,,20220301,unknown,zebrafish,WB,mag,5760.0,1870,0.573116683539893,60,0.55,2022_03_01
1153,0.7750311830959992,0.7129514020777442,0.4,engert_20220301_visualmagnet_a,4.022784233093262,,180.0,,,20220301,unknown,zebrafish,WB,mag,5760.0,1872,0.8150203349373276,241,0.55,2022_03_01
1154,0.17055184311118,1.8812670737141743,0.4,engert_20220301_visualmagnet_a,2.2588794231414795,,180.0,,,20220301,unknown,zebrafish,WB,mag,5760.0,1882,0.5685493839695889,34,0.55,2022_03_01
1155,0.7427508508075722,0.7702432783644642,0.4,engert_20220301_visualmagnet_a,1.8113106489181519,,180.0,,,20220301,unknown,zebrafish,WB,mag,5760.0,1891,0.7940543819395662,42,0.55,2022_03_01
1156,0.24751513088910226,1.671008867005735,0.4,engert_20220301_visualmagnet_a,2.266700267791748,,180.0,,,20220301,unknown,zebrafish,WB,mag,5760.0,1893,0.8442883865427397,56,0.55,2022_03_01
1157,0.28196326773352387,1.5909552926527197,0.4,engert_20220301_visualmagnet_a,1.9947760105133057,,180.0,,,20220301,unknown,zebrafish,WB,mag,5760.0,1898,0.7336114033695119,68,0.55,2022_03_01
1158,0.4839719710332243,1.2039669579594643,0.4,engert_20220301_visualmagnet_a,1.5947589874267578,,180.0,,,20220301,unknown,zebrafish,WB,mag,5760.0,1903,0.7254134647250752,49,0.55,2022_03_01
1159,0.2662567149420252,1.6266493749710786,0.4,engert_20220301_visualmagnet_a,2.201862335205078,,180.0,,,20220301,unknown,zebrafish,WB,mag,5760.0,1911,0.8472640230730422,62,0.55,2022_03_01
1160,0.504596007271666,1.1687864902767475,0.4,engert_20220301_visualmagnet_a,2.976248025894165,,180.0,,,20220301,unknown,zebrafish,WB,mag,5760.0,1914,0.7633530764777278,53,0.55,2022_03_01
1161,0.8675785604306256,0.5320374454413234,0.4,engert_20220301_visualmagnet_a,1.9899592399597168,,180.0,,,20220301,unknown,zebrafish,WB,mag,5760.0,1920,0.6352688431714532,60,0.55,2022_03_01
1162,0.0012896741568501069,3.661606202239245,0.4,engert_20220301_visualmagnet_a,3.7215282917022705,,180.0,,,20220301,unknown,zebrafish,WB,mag,5760.0,1922,0.7585289397516729,90,0.55,2022_03_01
1163,0.7639725046427501,0.7328053947540759,0.4,engert_20220301_visualmagnet_a,2.12130069732666,,180.0,,,20220301,unknown,zebrafish,WB,mag,5760.0,1923,0.7782199462501669,43,0.55,2022_03_01
1164,0.8657767704517978,0.53592325833683,0.4,engert_20220301_visualmagnet_a,1.8369866609573364,,180.0,,,20220301,unknown,zebrafish,WB,mag,5760.0,1925,0.5510908218486963,69,0.55,2022_03_01
1165,0.30879781870739154,1.5326491413971954,0.4,engert_20220301_visualmagnet_a,3.0951144695281982,,180.0,,,20220301,unknown,zebrafish,WB,mag,5760.0,1929,0.7210064628364574,65,0.55,2022_03_01
1166,0.2927599743851961,1.5671164953258054,0.4,engert_20220301_visualmagnet_a,2.8455119132995605,,180.0,,,20220301,unknown,zebrafish,WB,mag,5760.0,1930,0.6396449034087421,51,0.55,2022_03_01
1167,0.08792385270442327,2.2067774890106744,0.4,engert_20220301_visualmagnet_a,1.4156147241592407,,180.0,,,20220301,unknown,zebrafish,WB,mag,5760.0,1932,0.5613143174296903,103,0.55,2022_03_01
1168,0.21961780050670365,1.7412644693350456,0.4,engert_20220301_visualmagnet_a,2.4057722091674805,,180.0,,,20220301,unknown,zebrafish,WB,mag,5760.0,1940,0.7022314319948155,64,0.55,2022_03_01
1169,0.1955689091058963,1.8068149617595013,0.4,engert_20220301_visualmagnet_a,3.0142338275909424,,180.0,,,20220301,unknown,zebrafish,WB,mag,5760.0,1943,0.8746104220047083,96,0.55,2022_03_01
1170,0.9335461205537025,0.3698890275228071,0.4,engert_20220301_visualmagnet_a,1.2203550338745117,,180.0,,,20220301,unknown,zebrafish,WB,mag,5760.0,1948,0.7332133687679421,64,0.55,2022_03_01
1171,0.2036352306541378,1.7842416482573038,0.4,engert_20220301_visualmagnet_a,2.720639228820801,,180.0,,,20220301,unknown,zebrafish,WB,mag,5760.0,1952,0.6364430917012429,57,0.55,2022_03_01
1172,0.16954530166124349,1.8844211083116298,0.4,engert_20220301_visualmagnet_a,1.0332465171813965,,180.0,,,20220301,unknown,zebrafish,WB,mag,5760.0,1953,0.8842276456758484,67,0.55,2022_03_01
1173,0.3416275210837352,1.4651489733467271,0.4,engert_20220301_visualmagnet_a,1.8836886882781982,,180.0,,,20220301,unknown,zebrafish,WB,mag,5760.0,1957,0.7062923168731804,78,0.55,2022_03_01
1174,0.3501777247739296,1.448158060456775,0.4,engert_20220301_visualmagnet_a,2.6268954277038574,,180.0,,,20220301,unknown,zebrafish,WB,mag,5760.0,1968,0.8765184460187518,53,0.55,2022_03_01
1175,0.8010767680231048,0.6650478009237635,0.4,engert_20220301_visualmagnet_a,1.8944331407546997,,180.0,,,20220301,unknown,zebrafish,WB,mag,5760.0,1971,0.7966023314193221,39,0.55,2022_03_01
1176,0.07024718761984516,2.3067763153353327,0.4,engert_20220301_visualmagnet_a,1.9668140411376953,,180.0,,,20220301,unknown,zebrafish,WB,mag,5760.0,1975,0.7566108587965732,60,0.55,2022_03_01
1177,0.9578723473875259,0.2924215325762077,0.4,engert_20220301_visualmagnet_a,2.229597330093384,,180.0,,,20220301,unknown,zebrafish,WB,mag,5760.0,1976,0.7332133687679421,54,0.55,2022_03_01
1178,0.6093710934144301,0.9943859279135567,0.4,engert_20220301_visualmagnet_a,2.301722764968872,,180.0,,,20220301,unknown,zebrafish,WB,mag,5760.0,1981,0.6126842147729458,41,0.55,2022_03_01
1179,0.6902667144640542,0.8600480660805664,0.4,engert_20220301_visualmagnet_a,1.894925832748413,,180.0,,,20220301,unknown,zebrafish,WB,mag,5760.0,1982,0.8860945935666182,60,0.55,2022_03_01
1180,0.44660158926539684,1.2689800710352857,0.4,engert_20220301_visualmagnet_a,2.5196268558502197,,180.0,,,20220301,unknown,zebrafish,WB,mag,5760.0,1984,0.6400453606313379,54,0.55,2022_03_01
1181,0.5256776472496663,1.133225506192543,0.4,engert_20220301_visualmagnet_a,1.2954472303390503,,180.0,,,20220301,unknown,zebrafish,WB,mag,5760.0,1986,0.6097694859229923,40,0.55,2022_03_01
1182,0.869673481440103,0.5274936129801338,0.4,engert_20220301_visualmagnet_a,2.1338841915130615,,180.0,,,20220301,unknown,zebrafish,WB,mag,5760.0,1994,0.6493852876325015,39,0.55,2022_03_01
1183,0.590912908580943,1.0248377296980937,0.4,engert_20220301_visualmagnet_a,3.865206718444824,,180.0,,,20220301,unknown,zebrafish,WB,mag,5760.0,1995,0.8824423351663139,90,0.55,2022_03_01
1184,0.22138345193671316,1.736648090958068,0.4,engert_20220301_visualmagnet_a,1.273894190788269,,180.0,,,20220301,unknown,zebrafish,WB,mag,5760.0,1997,0.9622292735760136,78,0.55,2022_03_01
1185,0.06324734877925442,2.3521039976740807,0.4,engert_20220301_visualmagnet_a,3.2587971687316895,,180.0,,,20220301,unknown,zebrafish,WB,mag,5760.0,1998,0.8468075450937977,74,0.55,2022_03_01
1186,0.5058656921131337,1.1666341845381096,0.4,engert_20220301_visualmagnet_a,2.432140588760376,,180.0,,,20220301,unknown,zebrafish,WB,mag,5760.0,1999,0.8726114737935244,62,0.55,2022_03_01
1187,0.2338777218218102,1.7046627684138838,0.4,engert_20220301_visualmagnet_a,3.680262804031372,,180.0,,,20220301,unknown,zebrafish,WB,mag,5760.0,2004,0.7674555150423037,82,0.55,2022_03_01
1188,0.5971071175539238,1.0146159927494047,0.4,engert_20220301_visualmagnet_a,2.873093843460083,,180.0,,,20220301,unknown,zebrafish,WB,mag,5760.0,2008,0.8864664680923731,61,0.55,2022_03_01
1189,0.17823012242864678,1.8576361369184964,0.4,engert_20220301_visualmagnet_a,3.4525368213653564,,180.0,,,20220301,unknown,zebrafish,WB,mag,5760.0,2012,0.7628436451431406,49,0.55,2022_03_01
1190,0.20742034714773994,1.7738612039918649,0.4,engert_20220301_visualmagnet_a,2.742385149002075,,180.0,,,20220301,unknown,zebrafish,WB,mag,5760.0,2014,0.9189523627186844,65,0.55,2022_03_01
1191,0.5707121357904411,1.0582224950160672,0.4,engert_20220301_visualmagnet_a,1.8317424058914185,,180.0,,,20220301,unknown,zebrafish,WB,mag,5760.0,2018,0.6562518788326,40,0.55,2022_03_01
1192,0.6672640122814923,0.8985586055116781,0.4,engert_20220301_visualmagnet_a,0.41259345412254333,,180.0,,,20220301,unknown,zebrafish,WB,mag,5760.0,2030,0.5847052209901332,45,0.55,2022_03_01
1193,0.20349935268843766,1.7846167707356015,0.4,engert_20220301_visualmagnet_a,2.5316226482391357,,180.0,,,20220301,unknown,zebrafish,WB,mag,5760.0,2035,0.6371386487348176,46,0.55,2022_03_01
1194,0.2654419483409187,1.6285361301275114,0.4,engert_20220301_visualmagnet_a,0.31500479578971863,,180.0,,,20220301,unknown,zebrafish,WB,mag,5760.0,2039,0.7349915835228458,47,0.55,2022_03_01
1195,0.3886203287404093,1.3742720805237507,0.4,engert_20220301_visualmagnet_a,2.101367235183716,,180.0,,,20220301,unknown,zebrafish,WB,mag,5760.0,2040,0.7084797196889573,65,0.55,2022_03_01
1196,0.030745700423221667,2.6429553055815953,0.4,engert_20220301_visualmagnet_a,1.0728356838226318,,180.0,,,20220301,unknown,zebrafish,WB,mag,5760.0,2045,0.6597598933502695,85,0.55,2022_03_01
1197,0.9755552300762215,0.22145910481924644,0.4,engert_20220301_visualmagnet_a,2.1600046157836914,,180.0,,,20220301,unknown,zebrafish,WB,mag,5760.0,2053,0.8616802096895552,56,0.55,2022_03_01
1198,0.5862234717766883,1.0325798428969015,0.4,engert_20220301_visualmagnet_a,3.0842907428741455,,180.0,,,20220301,unknown,zebrafish,WB,mag,5760.0,2055,0.9301169861703471,73,0.55,2022_03_01
1199,0.022853245636597408,2.75382923613335,0.4,engert_20220301_visualmagnet_a,2.479011058807373,,180.0,,,20220301,unknown,zebrafish,WB,mag,5760.0,2065,0.706618782677792,52,0.55,2022_03_01
1200,0.6177125875131975,0.980625452608406,0.4,engert_20220301_visualmagnet_a,2.499300718307495,,180.0,,,20220301,unknown,zebrafish,WB,mag,5760.0,2068,0.580998361165033,34,0.55,2022_03_01
1201,0.7884226137469612,0.688539138685359,0.4,engert_20220301_visualmagnet_a,2.798053026199341,,180.0,,,20220301,unknown,zebrafish,WB,mag,5760.0,2081,0.7559944304817916,85,0.55,2022_03_01
1202,0.004770608969009049,3.278968544765163,0.4,engert_20220301_visualmagnet_a,2.298902988433838,,180.0,,,20220301,unknown,zebrafish,WB,mag,5760.0,2091,0.7157009237391778,48,0.55,2022_03_01
1203,0.15278036541132878,1.939070113993823,0.4,engert_20220301_visualmagnet_a,2.486758232116699,,180.0,,,20220301,unknown,zebrafish,WB,mag,5760.0,2092,0.619402833632345,54,0.55,2022_03_01
1204,0.8981394326504601,0.462565412052785,0.4,engert_20220301_visualmagnet_a,1.7714375257492065,,180.0,,,20220301,unknown,zebrafish,WB,mag,5760.0,2098,0.6582400448186112,57,0.55,2022_03_01
1205,0.4877699667470873,1.1974554509212092,0.4,engert_20220301_visualmagnet_a,3.0599467754364014,,180.0,,,20220301,unknown,zebrafish,WB,mag,5760.0,2100,0.7818376829476544,72,0.55,2022_03_01
1206,0.22782818085172152,1.7200038993061864,0.4,engert_20220301_visualmagnet_a,2.2779698371887207,,180.0,,,20220301,unknown,zebrafish,WB,mag,5760.0,2102,0.6675625879575771,60,0.55,2022_03_01
1207,0.6608313132909136,0.909266940754643,0.4,engert_20220301_visualmagnet_a,0.9125215411186218,,180.0,,,20220301,unknown,zebrafish,WB,mag,5760.0,2103,0.5669328126716473,40,0.55,2022_03_01
1208,0.6409465384354465,0.9422455075468112,0.4,engert_20220301_visualmagnet_a,2.0262439250946045,,180.0,,,20220301,unknown,zebrafish,WB,mag,5760.0,2120,0.7347919953582566,43,0.55,2022_03_01
1209,0.2730976128170334,1.6109477405439514,0.4,engert_20220301_visualmagnet_a,2.544710874557495,,180.0,,,20220301,unknown,zebrafish,WB,mag,5760.0,2121,0.5866865380482209,38,0.55,2022_03_01
1210,0.2742812248321773,1.6082559165727406,0.4,engert_20220301_visualmagnet_a,3.431936740875244,,180.0,,,20220301,unknown,zebrafish,WB,mag,5760.0,2124,0.9135777262217026,65,0.55,2022_03_01
1211,0.9188026292931352,0.4105821952667707,0.4,engert_20220301_visualmagnet_a,2.0731921195983887,,180.0,,,20220301,unknown,zebrafish,WB,mag,5760.0,2127,0.6313170350227094,63,0.55,2022_03_01
1212,0.4434287708293304,1.274588819158853,0.4,engert_20220301_visualmagnet_a,3.041177272796631,,180.0,,,20220301,unknown,zebrafish,WB,mag,5760.0,2136,0.5633190912449557,58,0.55,2022_03_01
1213,0.9948649294761427,0.10009018720133306,0.4,engert_20220301_visualmagnet_a,1.9811400175094604,,180.0,,,20220301,unknown,zebrafish,WB,mag,5760.0,2147,0.6071405446961362,31,0.55,2022_03_01
1214,0.9750816862853425,0.22363307145909125,0.4,engert_20220301_visualmagnet_a,1.7011457681655884,,180.0,,,20220301,unknown,zebrafish,WB,mag,5760.0,2148,0.7243697990880177,56,0.55,2022_03_01
1215,0.21259479402180081,1.7598781587162489,0.4,engert_20220301_visualmagnet_a,1.8586825132369995,,180.0,,,20220301,unknown,zebrafish,WB,mag,5760.0,2153,0.857821922661733,58,0.55,2022_03_01
1216,0.484026038652527,1.2038741642948307,0.4,engert_20220301_visualmagnet_a,1.6747044324874878,,180.0,,,20220301,unknown,zebrafish,WB,mag,5760.0,2160,0.7854425826172389,54,0.55,2022_03_01
1217,0.47552572660720993,1.2185060457072283,0.4,engert_20220301_visualmagnet_a,2.4253528118133545,,180.0,,,20220301,unknown,zebrafish,WB,mag,5760.0,2164,0.684235043364591,41,0.55,2022_03_01
1218,0.32268570185434853,1.5036285001193477,0.4,engert_20220301_visualmagnet_a,2.405270576477051,,180.0,,,20220301,unknown,zebrafish,WB,mag,5760.0,2167,0.7033003619891561,53,0.55,2022_03_01
1219,0.6595720008644832,0.9113606905870065,0.4,engert_20220301_visualmagnet_a,2.2519352436065674,,180.0,,,20220301,unknown,zebrafish,WB,mag,5760.0,2172,0.6933105803495778,46,0.55,2022_03_01
1220,0.1507826845425112,1.9458702526737073,0.4,engert_20220301_visualmagnet_a,1.5224452018737793,,180.0,,,20220301,unknown,zebrafish,WB,mag,5760.0,2183,0.7246976788217315,61,0.55,2022_03_01
1221,0.26845834442755134,1.6215690435152708,0.4,engert_20220301_visualmagnet_a,1.476682186126709,,180.0,,,20220301,unknown,zebrafish,WB,mag,5760.0,2184,0.7231936940543836,36,0.55,2022_03_01
1222,0.42568480138170994,1.3062529400746088,0.4,engert_20220301_visualmagnet_a,2.152796983718872,,180.0,,,20220301,unknown,zebrafish,WB,mag,5760.0,2188,0.6955633457362863,62,0.55,2022_03_01
1223,0.7616321515968658,0.7369748552810605,0.4,engert_20220301_visualmagnet_a,2.27888822555542,,180.0,,,20220301,unknown,zebrafish,WB,mag,5760.0,2192,0.7875948450893162,120,0.55,2022_03_01
1224,0.941138431208776,0.3473616794521062,0.4,engert_20220301_visualmagnet_a,1.2126133441925049,,180.0,,,20220301,unknown,zebrafish,WB,mag,5760.0,2193,0.5574120573665551,51,0.55,2022_03_01
1225,0.46792546815519687,1.2316615845878331,0.4,engert_20220301_visualmagnet_a,2.607147455215454,,180.0,,,20220301,unknown,zebrafish,WB,mag,5760.0,2194,0.6962908226554254,83,0.55,2022_03_01
1226,0.8820376648813504,0.500072003425712,0.4,engert_20220301_visualmagnet_a,1.2202571630477905,,180.0,,,20220301,unknown,zebrafish,WB,mag,5760.0,2195,0.6324217002251861,82,0.55,2022_03_01
1227,0.3095023144546255,1.5311592297570176,0.4,engert_20220301_visualmagnet_a,2.521402359008789,,180.0,,,20220301,unknown,zebrafish,WB,mag,5760.0,2198,0.6757672125884885,48,0.55,2022_03_01
1228,0.6971286440390903,0.8484796761974195,0.4,engert_20220301_visualmagnet_a,1.7605515718460083,,180.0,,,20220301,unknown,zebrafish,WB,mag,5760.0,2203,0.8160150597829122,56,0.55,2022_03_01
1229,0.9864982778939726,0.16377442154470293,0.4,engert_20220301_visualmagnet_a,1.5939035415649414,,180.0,,,20220301,unknown,zebrafish,WB,mag,5760.0,2205,0.7247799892603224,74,0.55,2022_03_01
1230,0.15569409747691487,1.929268185867186,0.4,engert_20220301_visualmagnet_a,2.001849412918091,,180.0,,,20220301,unknown,zebrafish,WB,mag,5760.0,2206,0.5902500126997362,115,0.55,2022_03_01
1231,0.45231288811602843,1.2589220740526157,0.4,engert_20220301_visualmagnet_a,3.200071334838867,,180.0,,,20220301,unknown,zebrafish,WB,mag,5760.0,2210,0.658012156224623,44,0.55,2022_03_01
1232,0.13873768670419462,1.98835139876713,0.4,engert_20220301_visualmagnet_a,3.5605175495147705,,180.0,,,20220301,unknown,zebrafish,WB,mag,5760.0,2212,0.7901877517773636,74,0.55,2022_03_01
1233,0.4428237202105636,1.2756601375277594,0.4,engert_20220301_visualmagnet_a,1.9193438291549683,,180.0,,,20220301,unknown,zebrafish,WB,mag,5760.0,2219,0.799520492612333,58,0.55,2022_03_01
1234,0.7307108082360537,0.7911523058436526,0.4,engert_20220301_visualmagnet_a,1.8075594902038574,,180.0,,,20220301,unknown,zebrafish,WB,mag,5760.0,2221,0.6069080702383401,46,0.55,2022_03_01
1235,0.642429716372102,0.9397909519246892,0.4,engert_20220301_visualmagnet_a,1.1579182147979736,,180.0,,,20220301,unknown,zebrafish,WB,mag,5760.0,2234,0.6186081688764391,41,0.55,2022_03_01
1236,0.2573787124132053,1.6474072074963155,0.4,engert_20220301_visualmagnet_a,3.259716033935547,,180.0,,,20220301,unknown,zebrafish,WB,mag,5760.0,2236,0.8820353048288601,73,0.55,2022_03_01
1237,0.1443023860625442,1.9683981377644983,0.4,engert_20220301_visualmagnet_a,2.0139174461364746,,180.0,,,20220301,unknown,zebrafish,WB,mag,5760.0,2246,0.8451689409420757,52,0.55,2022_03_01
1238,0.47578026885639746,1.2180666329001646,0.4,engert_20220301_visualmagnet_a,1.6016086339950562,,180.0,,,20220301,unknown,zebrafish,WB,mag,5760.0,2250,0.8170749094657961,88,0.55,2022_03_01
1239,0.4490290024945699,1.2646993759308263,0.4,engert_20220301_visualmagnet_a,1.9570965766906738,,180.0,,,20220301,unknown,zebrafish,WB,mag,5760.0,2259,0.8178737436964153,56,0.55,2022_03_01
1240,0.07026970856889081,2.3066366054039364,0.4,engert_20220301_visualmagnet_a,2.7120890617370605,,180.0,,,20220301,unknown,zebrafish,WB,mag,5760.0,2263,0.601030935371871,57,0.55,2022_03_01
1241,0.609384553146237,0.9943637267586037,0.4,engert_20220301_visualmagnet_a,3.958125114440918,,180.0,,,20220301,unknown,zebrafish,WB,mag,5760.0,2265,0.8873459946945408,74,0.55,2022_03_01
1242,0.7782560355839312,0.7071114575200304,0.4,engert_20220301_visualmagnet_a,2.488975763320923,,180.0,,,20220301,unknown,zebrafish,WB,mag,5760.0,2267,0.712877932794352,59,0.55,2022_03_01
1243,0.1736851043377814,1.8715338771310224,0.4,engert_20220301_visualmagnet_a,4.904304504394531,,180.0,,,20220301,unknown,zebrafish,WB,mag,5760.0,2269,0.9515579220075461,79,0.55,2022_03_01
1244,0.8063832552737504,0.6550604368450273,0.4,engert_20220301_visualmagnet_a,4.578486442565918,,180.0,,,20220301,unknown,zebrafish,WB,mag,5760.0,2279,0.797258398278569,72,0.55,2022_03_01
1245,0.01248776645471883,2.9671654906483,0.4,engert_20220301_visualmagnet_a,1.4220869541168213,,180.0,,,20220301,unknown,zebrafish,WB,mag,5760.0,2283,0.8339519433488506,82,0.55,2022_03_01
1246,0.9601302938115891,0.2842807847607988,0.4,engert_20220301_visualmagnet_a,3.126739501953125,,180.0,,,20220301,unknown,zebrafish,WB,mag,5760.0,2288,0.6263399429898001,70,0.55,2022_03_01
1247,0.5848522957820672,1.0348443353151735,0.4,engert_20220301_visualmagnet_a,2.055170774459839,,180.0,,,20220301,unknown,zebrafish,WB,mag,5760.0,2290,0.7508727157038004,61,0.55,2022_03_01
1248,0.26520695193926125,1.6290808918874273,0.4,engert_20220301_visualmagnet_a,3.3280532360076904,,180.0,,,20220301,unknown,zebrafish,WB,mag,5760.0,2301,0.7076318869792575,37,0.55,2022_03_01
1249,0.2933896570431973,1.5657425868069372,0.4,engert_20220301_visualmagnet_a,2.014686107635498,,180.0,,,20220301,unknown,zebrafish,WB,mag,5760.0,2303,0.6146693612751623,28,0.55,2022_03_01
1250,0.26392268754599146,1.6320638619496513,0.4,engert_20220301_visualmagnet_a,2.1939613819122314,,180.0,,,20220301,unknown,zebrafish,WB,mag,5760.0,2308,0.7316864244436625,52,0.55,2022_03_01
1251,0.8884732497743142,0.48534761793028924,0.4,engert_20220301_visualmagnet_a,2.424351453781128,,180.0,,,20220301,unknown,zebrafish,WB,mag,5760.0,2328,0.6898749581020007,68,0.55,2022_03_01
1252,0.2407283523507664,1.6876019245609866,0.4,engert_20220301_visualmagnet_a,2.0312094688415527,,180.0,,,20220301,unknown,zebrafish,WB,mag,5760.0,2331,0.7552449459099687,44,0.55,2022_03_01
1253,0.07014134253129212,2.307433740012341,0.4,engert_20220301_visualmagnet_a,1.9617613554000854,,180.0,,,20220301,unknown,zebrafish,WB,mag,5760.0,2334,0.7701900451116889,75,0.55,2022_03_01
1254,0.8742090390227238,0.5175582577912479,0.4,engert_20220301_visualmagnet_a,3.0772788524627686,,180.0,,,20220301,unknown,zebrafish,WB,mag,5760.0,2344,0.6284850219201421,76,0.55,2022_03_01
1255,0.03578167533625776,2.5844635676868704,0.4,engert_20220301_visualmagnet_a,2.232820510864258,,180.0,,,20220301,unknown,zebrafish,WB,mag,5760.0,2353,0.5969873998290058,59,0.55,2022_03_01
1256,0.38901667405351914,1.3735295057584869,0.4,engert_20220301_visualmagnet_a,3.1051926612854004,,180.0,,,20220301,unknown,zebrafish,WB,mag,5760.0,2361,0.6870353269410712,50,0.55,2022_03_01
1257,0.6264351937876085,0.9662290259084768,0.4,engert_20220301_visualmagnet_a,2.387510061264038,,180.0,,,20220301,unknown,zebrafish,WB,mag,5760.0,2368,0.6812049542427032,59,0.55,2022_03_01
1258,0.13105276442783376,2.0169180255752286,0.4,engert_20220301_visualmagnet_a,2.3758246898651123,,180.0,,,20220301,unknown,zebrafish,WB,mag,5760.0,2374,0.7389588880915078,60,0.55,2022_03_01
1259,0.11945083669502032,2.0625509736973635,0.4,engert_20220301_visualmagnet_a,2.21466326713562,,180.0,,,20220301,unknown,zebrafish,WB,mag,5760.0,2375,0.7295433415213418,51,0.55,2022_03_01
1260,0.9742738983628679,0.22729601073721056,0.4,engert_20220301_visualmagnet_a,2.9333362579345703,,180.0,,,20220301,unknown,zebrafish,WB,mag,5760.0,2389,0.7092342885351808,46,0.55,2022_03_01
1261,0.6827726736276465,0.872636659397964,0.4,engert_20220301_visualmagnet_a,2.3550102710723877,,180.0,,,20220301,unknown,zebrafish,WB,mag,5760.0,2390,0.7296362782086284,34,0.55,2022_03_01
1262,0.3152460778655316,1.5190842127852364,0.4,engert_20220301_visualmagnet_a,1.687962532043457,,180.0,,,20220301,unknown,zebrafish,WB,mag,5760.0,2393,0.5857609220618624,56,0.55,2022_03_01
1263,0.406498427848217,1.3411177134589989,0.4,engert_20220301_visualmagnet_a,2.686072826385498,,180.0,,,20220301,unknown,zebrafish,WB,mag,5760.0,2395,0.79154890585292,49,0.55,2022_03_01
1264,0.7107579353977325,0.8253683744819001,0.4,engert_20220301_visualmagnet_a,2.010901927947998,,180.0,,,20220301,unknown,zebrafish,WB,mag,5760.0,2416,0.7743323625074584,56,0.55,2022_03_01
1265,0.03727721791725158,2.568450081232149,0.4,engert_20220301_visualmagnet_a,1.6905964612960815,,180.0,,,20220301,unknown,zebrafish,WB,mag,5760.0,2422,0.5874553788305017,61,0.55,2022_03_01
1266,0.7522735114371815,0.7535433164764961,0.4,engert_20220301_visualmagnet_a,1.66531240940094,,180.0,,,20220301,unknown,zebrafish,WB,mag,5760.0,2428,0.6177253359389738,22,0.55,2022_03_01
1267,0.5754961330675148,1.050307094459587,0.4,engert_20220301_visualmagnet_a,1.9753087759017944,,180.0,,,20220301,unknown,zebrafish,WB,mag,5760.0,2440,0.6051795923146718,41,0.55,2022_03_01
1268,0.45520524426231057,1.2538465404290524,0.4,engert_20220301_visualmagnet_a,2.132024049758911,,180.0,,,20220301,unknown,zebrafish,WB,mag,5760.0,2442,0.6879315416944649,44,0.55,2022_03_01
1269,0.16066141108566134,1.912863160949704,0.4,engert_20220301_visualmagnet_a,1.0938489437103271,,180.0,,,20220301,unknown,zebrafish,WB,mag,5760.0,2455,0.6393064856386912,36,0.55,2022_03_01
1270,0.28183432091484495,1.5912433706857385,0.4,engert_20220301_visualmagnet_a,3.401772975921631,,180.0,,,20220301,unknown,zebrafish,WB,mag,5760.0,2458,0.9337920816754731,62,0.55,2022_03_01
1271,0.42680534715197105,1.304237647394118,0.4,engert_20220301_visualmagnet_a,1.1074120998382568,,180.0,,,20220301,unknown,zebrafish,WB,mag,5760.0,2469,0.746095148875567,69,0.55,2022_03_01
1272,0.6573171744305565,0.915107633605751,0.4,engert_20220301_visualmagnet_a,2.1675591468811035,,180.0,,,20220301,unknown,zebrafish,WB,mag,5760.0,2478,0.57579103036828,67,0.55,2022_03_01
1273,0.7300201412009122,0.7923452904513556,0.4,engert_20220301_visualmagnet_a,2.376810312271118,,180.0,,,20220301,unknown,zebrafish,WB,mag,5760.0,2491,0.7673734033434646,42,0.55,2022_03_01
1274,0.1376667652966903,1.9922597524122658,0.4,engert_20220301_visualmagnet_a,2.198148012161255,,180.0,,,20220301,unknown,zebrafish,WB,mag,5760.0,2497,0.6627069113383817,31,0.55,2022_03_01
1275,0.40655513372342045,1.3410135962302672,0.4,engert_20220301_visualmagnet_a,2.653914213180542,,180.0,,,20220301,unknown,zebrafish,WB,mag,5760.0,2522,0.5520253528968536,50,0.55,2022_03_01
1276,0.7049053119691073,0.8353159833613357,0.4,engert_20220301_visualmagnet_a,2.24279522895813,,180.0,,,20220301,unknown,zebrafish,WB,mag,5760.0,2526,0.7046299831873662,44,0.55,2022_03_01
1277,0.853537635212261,0.5618141716976535,0.4,engert_20220301_visualmagnet_a,2.47117018699646,,180.0,,,20220301,unknown,zebrafish,WB,mag,5760.0,2529,0.7641041988422285,53,0.55,2022_03_01
1278,0.34301299622494574,1.4623805642964076,0.4,engert_20220301_visualmagnet_a,2.7801530361175537,,180.0,,,20220301,unknown,zebrafish,WB,mag,5760.0,2537,0.5621497554713955,58,0.55,2022_03_01
1279,0.3451807113458648,1.4580609366406196,0.4,engert_20220301_visualmagnet_a,1.411419153213501,,180.0,,,20220301,unknown,zebrafish,WB,mag,5760.0,2551,0.5541408644880672,84,0.55,2022_03_01
1280,0.8980611415292988,0.46275347402529055,0.4,engert_20220301_visualmagnet_a,1.5473754405975342,,180.0,,,20220301,unknown,zebrafish,WB,mag,5760.0,2561,0.6697044762217322,39,0.55,2022_03_01
1281,0.12342453825800981,2.0465556203181983,0.4,engert_20220301_visualmagnet_a,1.84347665309906,,180.0,,,20220301,unknown,zebrafish,WB,mag,5760.0,2563,0.6497534362861591,42,0.55,2022_03_01
1282,0.8617458676771265,0.5445449680032305,0.4,engert_20220301_visualmagnet_a,2.7994463443756104,,180.0,,,20220301,unknown,zebrafish,WB,mag,5760.0,2568,0.6892477150855163,46,0.55,2022_03_01
1283,0.9308824592873304,0.3775155881198033,0.4,engert_20220301_visualmagnet_a,1.7145541906356812,,180.0,,,20220301,unknown,zebrafish,WB,mag,5760.0,2570,0.6438944182113657,58,0.55,2022_03_01
1284,0.7816164130120633,0.7010005111035167,0.4,engert_20220301_visualmagnet_a,2.0524613857269287,,180.0,,,20220301,unknown,zebrafish,WB,mag,5760.0,2579,0.6671295441666822,47,0.55,2022_03_01
1285,0.07328055622287788,2.288270991028696,0.4,engert_20220301_visualmagnet_a,1.8814277648925781,,180.0,,,20220301,unknown,zebrafish,WB,mag,5760.0,2583,0.5937288804148818,40,0.55,2022_03_01
1286,0.8200569642745185,0.6289104309448668,0.4,engert_20220301_visualmagnet_a,2.5877108573913574,,180.0,,,20220301,unknown,zebrafish,WB,mag,5760.0,2591,0.8580339329494654,60,0.55,2022_03_01
1287,0.3189454903858384,1.5113733324972602,0.4,engert_20220301_visualmagnet_a,2.1810853481292725,,180.0,,,20220301,unknown,zebrafish,WB,mag,5760.0,2613,0.7435053941107577,60,0.55,2022_03_01
1288,0.6255110454039852,0.9677548375840002,0.4,engert_20220301_visualmagnet_a,1.6985156536102295,,180.0,,,20220301,unknown,zebrafish,WB,mag,5760.0,2617,0.5858197603758845,67,0.55,2022_03_01
1289,0.25185298586578564,1.6605565899271335,0.4,engert_20220301_visualmagnet_a,3.18475079536438,,180.0,,,20220301,unknown,zebrafish,WB,mag,5760.0,2618,0.7154903746875356,94,0.55,2022_03_01
1290,0.22508885659099953,1.7270395730364534,0.4,engert_20220301_visualmagnet_a,2.9305505752563477,,180.0,,,20220301,unknown,zebrafish,WB,mag,5760.0,2634,0.5825592475135551,39,0.55,2022_03_01
1291,0.37629910086740503,1.397540776884156,0.4,engert_20220301_visualmagnet_a,1.9670326709747314,,180.0,,,20220301,unknown,zebrafish,WB,mag,5760.0,2635,0.5917979404825925,56,0.55,2022_03_01
1292,0.5432289668332474,1.1038662993997468,0.4,engert_20220301_visualmagnet_a,1.8759875297546387,,180.0,,,20220301,unknown,zebrafish,WB,mag,5760.0,2637,0.5702752943871243,47,0.55,2022_03_01
1293,0.009173756532203314,3.0704543754827633,0.4,engert_20220301_visualmagnet_a,1.8179033994674683,,180.0,,,20220301,unknown,zebrafish,WB,mag,5760.0,2644,0.6246583843549668,45,0.55,2022_03_01
1294,0.5201389610614116,1.1425339669921413,0.4,engert_20220301_visualmagnet_a,1.654386281967163,,180.0,,,20220301,unknown,zebrafish,WB,mag,5760.0,2661,0.6642321747160638,34,0.55,2022_03_01
1295,0.07272125358891701,2.291635721884721,0.4,engert_20220301_visualmagnet_a,1.1989637613296509,,180.0,,,20220301,unknown,zebrafish,WB,mag,5760.0,2668,0.6906208267888034,38,0.55,2022_03_01
1296,0.6131470554156365,0.9881574360163095,0.4,engert_20220301_visualmagnet_a,3.5260579586029053,,180.0,,,20220301,unknown,zebrafish,WB,mag,5760.0,2684,0.6111845065648611,42,0.55,2022_03_01
1297,0.5383038821592048,1.112085305584691,0.4,engert_20220301_visualmagnet_a,3.628399610519409,,180.0,,,20220301,unknown,zebrafish,WB,mag,5760.0,2688,0.7186385945121319,43,0.55,2022_03_01
1298,0.4814629035548791,1.2082774606343816,0.4,engert_20220301_visualmagnet_a,1.6344594955444336,,180.0,,,20220301,unknown,zebrafish,WB,mag,5760.0,2702,0.7125304765119241,94,0.55,2022_03_01
1299,0.02203453103084163,2.7671637014818833,0.4,engert_20220301_visualmagnet_a,1.783294916152954,,180.0,,,20220301,unknown,zebrafish,WB,mag,5760.0,2713,0.6955093891581029,45,0.55,2022_03_01
1300,0.2589777825971865,1.6436354489614073,0.4,engert_20220301_visualmagnet_a,2.211437225341797,,180.0,,,20220301,unknown,zebrafish,WB,mag,5760.0,2715,0.5687454755709374,75,0.55,2022_03_01
1301,0.47823796841892285,1.213828270399095,0.4,engert_20220301_visualmagnet_a,1.680827021598816,,180.0,,,20220301,unknown,zebrafish,WB,mag,5760.0,2721,0.6555045691052881,34,0.55,2022_03_01
1302,0.5296553792949518,1.1265540967156948,0.4,engert_20220301_visualmagnet_a,2.442051887512207,,180.0,,,20220301,unknown,zebrafish,WB,mag,5760.0,2723,0.7427512197560605,41,0.55,2022_03_01
1303,0.07579833370460853,2.2733771528576816,0.4,engert_20220301_visualmagnet_a,3.318495988845825,,180.0,,,20220301,unknown,zebrafish,WB,mag,5760.0,2725,0.645517439021839,67,0.55,2022_03_01
1304,0.9670348090947477,0.25793307272649973,0.4,engert_20220301_visualmagnet_a,1.2203245162963867,,180.0,,,20220301,unknown,zebrafish,WB,mag,5760.0,2730,0.7551434182762755,57,0.55,2022_03_01
1305,0.8656744353607173,0.5361433232132774,0.4,engert_20220301_visualmagnet_a,2.1565701961517334,,180.0,,,20220301,unknown,zebrafish,WB,mag,5760.0,2739,0.8416425015989816,51,0.55,2022_03_01
1306,0.19903687945784798,1.7970324023236777,0.4,engert_20220301_visualmagnet_a,2.6626245975494385,,180.0,,,20220301,unknown,zebrafish,WB,mag,5760.0,2740,0.8734417349996505,60,0.55,2022_03_01
1307,0.8621595288412396,0.5436646327684247,0.4,engert_20220301_visualmagnet_a,1.492545485496521,,180.0,,,20220301,unknown,zebrafish,WB,mag,5760.0,2747,0.6351407738536781,41,0.55,2022_03_01
1308,0.09439811287734778,2.174178260710023,0.4,engert_20220301_visualmagnet_a,3.8317410945892334,,180.0,,,20220301,unknown,zebrafish,WB,mag,5760.0,2750,0.6457651810791204,66,0.55,2022_03_01
1309,0.9247834556385363,0.39450264618687153,0.4,engert_20220301_visualmagnet_a,2.0039193630218506,,180.0,,,20220301,unknown,zebrafish,WB,mag,5760.0,2751,0.7914634888020147,49,0.55,2022_03_01
1310,0.7802155724395937,0.7035511440234261,0.4,engert_20220301_visualmagnet_a,3.2487127780914307,,180.0,,,20220301,unknown,zebrafish,WB,mag,5760.0,2754,0.6476092655376967,52,0.55,2022_03_01
1311,0.021235098331817248,2.780607382798339,0.4,engert_20220301_visualmagnet_a,1.6189838647842407,,180.0,,,20220301,unknown,zebrafish,WB,mag,5760.0,2756,0.6328533329071411,40,0.55,2022_03_01
1312,0.054278825526269614,2.4166408481010975,0.4,engert_20220301_visualmagnet_a,2.19827938079834,,180.0,,,20220301,unknown,zebrafish,WB,mag,5760.0,2763,0.621575979430115,119,0.55,2022_03_01
1313,0.020381822334008648,2.7954525465971307,0.4,engert_20220301_visualmagnet_a,2.444531202316284,,180.0,,,20220301,unknown,zebrafish,WB,mag,5760.0,2798,0.6263544239696003,65,0.55,2022_03_01
1314,0.6895352465806348,0.8612787874511791,0.4,engert_20220301_visualmagnet_a,2.276122570037842,,180.0,,,20220301,unknown,zebrafish,WB,mag,5760.0,2818,0.6036703606722866,42,0.55,2022_03_01
1315,0.1294719976705212,2.022950005004815,0.4,engert_20220301_visualmagnet_a,2.2208251953125,,180.0,,,20220301,unknown,zebrafish,WB,mag,5760.0,2820,0.6156671221689363,48,0.55,2022_03_01
1316,0.2510971447187139,1.6623694903759363,0.4,engert_20220301_visualmagnet_a,2.7160353660583496,,180.0,,,20220301,unknown,zebrafish,WB,mag,5760.0,2848,0.602832324761733,47,0.55,2022_03_01
1317,0.2643524306941666,1.6310646826538417,0.4,engert_20220301_visualmagnet_a,2.4444148540496826,,180.0,,,20220301,unknown,zebrafish,WB,mag,5760.0,2850,0.691338456616962,36,0.55,2022_03_01
1318,0.6125896354836253,0.9890769442549581,0.4,engert_20220301_visualmagnet_a,2.062868595123291,,180.0,,,20220301,unknown,zebrafish,WB,mag,5760.0,2851,0.5632506413150211,39,0.55,2022_03_01
1319,0.593567508563225,1.020456533799305,0.4,engert_20220301_visualmagnet_a,1.2940558195114136,,180.0,,,20220301,unknown,zebrafish,WB,mag,5760.0,2862,0.7227798139832078,54,0.55,2022_03_01
1320,0.028536729562720242,2.6712454427395884,0.4,engert_20220301_visualmagnet_a,2.6168882846832275,,180.0,,,20220301,unknown,zebrafish,WB,mag,5760.0,2866,0.5793120681278867,48,0.55,2022_03_01
1321,0.4719234616610518,1.2247324290518957,0.4,engert_20220301_visualmagnet_a,2.3817315101623535,,180.0,,,20220301,unknown,zebrafish,WB,mag,5760.0,2873,0.564785030476887,42,0.55,2022_03_01
1322,0.9639001752161928,0.2701893032145333,0.4,engert_20220301_visualmagnet_a,1.0950043201446533,,180.0,,,20220301,unknown,zebrafish,WB,mag,5760.0,2882,0.686839490453856,74,0.55,2022_03_01
1323,0.512340842238714,1.155679912084683,0.4,engert_20220301_visualmagnet_a,1.6200982332229614,,180.0,,,20220301,unknown,zebrafish,WB,mag,5760.0,2891,0.8853472331055486,54,0.55,2022_03_01
1324,0.8723520244688959,0.5216427315977106,0.4,engert_20220301_visualmagnet_a,2.5875816345214844,,180.0,,,20220301,unknown,zebrafish,WB,mag,5760.0,2892,0.5524566702670698,114,0.55,2022_03_01
1325,0.12112972935324606,2.0557439532774495,0.4,engert_20220301_visualmagnet_a,2.636967420578003,,180.0,,,20220301,unknown,zebrafish,WB,mag,5760.0,2919,0.674480707331366,37,0.55,2022_03_01
1326,0.40590693791508037,1.3422038659046642,0.4,engert_20220301_visualmagnet_a,2.495098352432251,,180.0,,,20220301,unknown,zebrafish,WB,mag,5760.0,2921,0.627711817130307,77,0.55,2022_03_01
1327,0.9598303351322451,0.2853744408253321,0.4,engert_20220301_visualmagnet_a,1.3030283451080322,,180.0,,,20220301,unknown,zebrafish,WB,mag,5760.0,2923,0.6550964213479995,50,0.55,2022_03_01
1328,0.9786034271631925,0.20694850676771645,0.4,engert_20220301_visualmagnet_a,1.887152075767517,,180.0,,,20220301,unknown,zebrafish,WB,mag,5760.0,2929,0.7465233555066776,64,0.55,2022_03_01
1329,0.041692872531667646,2.524160018949189,0.4,engert_20220301_visualmagnet_a,2.9979991912841797,,180.0,,,20220301,unknown,zebrafish,WB,mag,5760.0,2954,0.6821395382170728,38,0.55,2022_03_01
1330,0.8650301803203365,0.5375274142009606,0.4,engert_20220301_visualmagnet_a,1.9646964073181152,,180.0,,,20220301,unknown,zebrafish,WB,mag,5760.0,2957,0.6758368423964176,35,0.55,2022_03_01
1331,0.9566134004731488,0.29687211357200344,0.4,engert_20220301_visualmagnet_a,2.356349468231201,,180.0,,,20220301,unknown,zebrafish,WB,mag,5760.0,2958,0.8000455662626605,50,0.55,2022_03_01
1332,0.8507735290344942,0.5675478620743895,0.4,engert_20220301_visualmagnet_a,2.8167219161987305,,180.0,,,20220301,unknown,zebrafish,WB,mag,5760.0,2961,0.6105706765789057,51,0.55,2022_03_01
1333,0.9968787130901874,0.07747129792046904,0.4,engert_20220301_visualmagnet_a,2.1792476177215576,,180.0,,,20220301,unknown,zebrafish,WB,mag,5760.0,2969,0.6050765076601894,65,0.55,2022_03_01
1334,0.7800392579097646,0.7038719050064696,0.4,engert_20220301_visualmagnet_a,2.727083206176758,,180.0,,,20220301,unknown,zebrafish,WB,mag,5760.0,2994,0.7830837472052244,45,0.55,2022_03_01
1335,0.07385975394446653,2.2848084392297476,0.4,engert_20220301_visualmagnet_a,2.248671293258667,,180.0,,,20220301,unknown,zebrafish,WB,mag,5760.0,3005,0.7087363010225386,40,0.55,2022_03_01
1336,0.359374291827954,1.4301242021893799,0.4,engert_20220301_visualmagnet_a,1.979451060295105,,180.0,,,20220301,unknown,zebrafish,WB,mag,5760.0,3010,0.5520253528968536,46,0.55,2022_03_01
1337,0.3902435524332233,1.3712330685318825,0.4,engert_20220301_visualmagnet_a,1.2006325721740723,,180.0,,,20220301,unknown,zebrafish,WB,mag,5760.0,3026,0.5669328126716473,38,0.55,2022_03_01
1338,0.6150975265225165,0.9849398389380973,0.4,engert_20220301_visualmagnet_a,1.3778927326202393,,180.0,,,20220301,unknown,zebrafish,WB,mag,5760.0,3039,0.6757672125884885,40,0.55,2022_03_01
1339,0.8037941087253718,0.6599440872403581,0.4,engert_20220301_visualmagnet_a,2.295872926712036,,180.0,,,20220301,unknown,zebrafish,WB,mag,5760.0,3057,0.7231936940543836,33,0.55,2022_03_01
1340,0.04562403619619104,2.4879495226413586,0.4,engert_20220301_visualmagnet_a,2.8302361965179443,,180.0,,,20220301,unknown,zebrafish,WB,mag,5760.0,3074,0.630451076776184,54,0.55,2022_03_01
1341,0.38447091742265205,1.3820680576292463,0.4,engert_20220301_visualmagnet_a,1.3795154094696045,,180.0,,,20220301,unknown,zebrafish,WB,mag,5760.0,3079,0.7294218031193573,63,0.55,2022_03_01
1342,0.1964913429476881,1.8042012769350688,0.4,engert_20220301_visualmagnet_a,1.4885845184326172,,180.0,,,20220301,unknown,zebrafish,WB,mag,5760.0,3088,0.5941900732875339,31,0.55,2022_03_01
1343,0.020842150055013553,2.78737787948325,0.4,engert_20220301_visualmagnet_a,2.383331060409546,,180.0,,,20220301,unknown,zebrafish,WB,mag,5760.0,3098,0.7258900107199001,78,0.55,2022_03_01
1344,0.6683960706916703,0.8966716809382346,0.4,engert_20220301_visualmagnet_a,3.357558488845825,,180.0,,,20220301,unknown,zebrafish,WB,mag,5760.0,3120,0.7199601498340291,97,0.55,2022_03_01
1345,0.7027566488073774,0.8389590632316384,0.4,engert_20220301_visualmagnet_a,1.68606698513031,,180.0,,,20220301,unknown,zebrafish,WB,mag,5760.0,3127,0.7025015915398216,46,0.55,2022_03_01
1346,0.7573082270086893,0.7446501089023917,0.4,engert_20220301_visualmagnet_a,2.0593910217285156,,180.0,,,20220301,unknown,zebrafish,WB,mag,5760.0,3151,0.6708283981376487,63,0.55,2022_03_01
1347,0.6540866755110928,0.9204716437290041,0.4,engert_20220301_visualmagnet_a,2.3925576210021973,,180.0,,,20220301,unknown,zebrafish,WB,mag,5760.0,3166,0.6387605117256032,38,0.55,2022_03_01
1348,0.3279799442478287,1.4927510842584988,0.4,engert_20220301_visualmagnet_a,2.2892982959747314,,180.0,,,20220301,unknown,zebrafish,WB,mag,5760.0,3180,0.6231561702022129,55,0.55,2022_03_01
1349,0.8128986782476785,0.6426777426848544,0.4,engert_20220301_visualmagnet_a,1.6718289852142334,,180.0,,,20220301,unknown,zebrafish,WB,mag,5760.0,3215,0.5642457990373647,44,0.55,2022_03_01
71,0.7082923892312801,0.8295634923367288,0.4,engert_20220301_visualmagnet_b,0.6851651668548584,,180.0,,,20220301,unknown,zebrafish,WB,mag,5760.0,90,0.9187112830628713,85,0.55,2022_03_01
86,0.8808674465499614,0.5027143456464186,0.4,engert_20220301_visualmagnet_b,2.8967459201812744,,180.0,,,20220301,unknown,zebrafish,WB,mag,5760.0,110,0.9458567743490495,133,0.55,2022_03_01
170,0.9156714963362307,0.41879478926186714,0.4,engert_20220301_visualmagnet_b,0.9182438254356384,,180.0,,,20220301,unknown,zebrafish,WB,mag,5760.0,218,0.6435442714053085,110,0.55,2022_03_01
192,0.22430618125915036,1.7290602677859341,0.4,engert_20220301_visualmagnet_b,2.5020132064819336,,180.0,,,20220301,unknown,zebrafish,WB,mag,5760.0,245,0.9758158264040244,112,0.55,2022_03_01
195,0.47259548818113484,1.223569664491657,0.4,engert_20220301_visualmagnet_b,2.075608015060425,,180.0,,,20220301,unknown,zebrafish,WB,mag,5760.0,249,0.8541337824755371,108,0.55,2022_03_01
241,0.4088795899092944,1.3367523905163916,0.4,engert_20220301_visualmagnet_b,0.8813789486885071,,180.0,,,20220301,unknown,zebrafish,WB,mag,5760.0,309,0.927880742982821,47,0.55,2022_03_01
575,0.07646711959374519,2.2694883302987567,0.4,engert_20220301_visualmagnet_b,2.3303592205047607,,180.0,,,20220301,unknown,zebrafish,WB,mag,5760.0,765,0.9494012880342765,86,0.55,2022_03_01
683,0.6421604545454231,0.9402366137366919,0.4,engert_20220301_visualmagnet_b,1.842992901802063,,180.0,,,20220301,unknown,zebrafish,WB,mag,5760.0,916,0.7635369994410325,43,0.55,2022_03_01
739,0.03936556051745288,2.5469789228161366,0.4,engert_20220301_visualmagnet_b,2.3145253658294678,,180.0,,,20220301,unknown,zebrafish,WB,mag,5760.0,1011,0.7950107464277757,86,0.55,2022_03_01
741,0.17412546565577158,1.8701759784181808,0.4,engert_20220301_visualmagnet_b,1.7837364673614502,,180.0,,,20220301,unknown,zebrafish,WB,mag,5760.0,1013,0.5533947248244572,76,0.55,2022_03_01
832,0.0851155607591978,2.2215143967808144,0.4,engert_20220301_visualmagnet_b,1.4856640100479126,,180.0,,,20220301,unknown,zebrafish,WB,mag,5760.0,1164,0.8579226224777787,75,0.55,2022_03_01
893,0.27493322424710553,1.6067761176353514,0.4,engert_20220301_visualmagnet_b,2.7841298580169678,,180.0,,,20220301,unknown,zebrafish,WB,mag,5760.0,1277,0.9462754961105764,80,0.55,2022_03_01
915,0.11588534554513397,2.077254177278189,0.4,engert_20220301_visualmagnet_b,1.7968885898590088,,180.0,,,20220301,unknown,zebrafish,WB,mag,5760.0,1325,0.6164605839244556,135,0.55,2022_03_01
941,0.22169428855063888,1.7358378968759378,0.4,engert_20220301_visualmagnet_b,1.006553053855896,,180.0,,,20220301,unknown,zebrafish,WB,mag,5760.0,1370,0.8090830071150369,74,0.55,2022_03_01
1007,0.8967222821741376,0.4659595831676788,0.4,engert_20220301_visualmagnet_b,1.8177622556686401,,180.0,,,20220301,unknown,zebrafish,WB,mag,5760.0,1519,0.766116917502061,86,0.55,2022_03_01
1014,0.11526714535911209,2.079838732051577,0.4,engert_20220301_visualmagnet_b,2.6191487312316895,,180.0,,,20220301,unknown,zebrafish,WB,mag,5760.0,1529,0.6564402204143845,57,0.55,2022_03_01
1050,0.14746799908605024,1.957301721479527,0.4,engert_20220301_visualmagnet_b,1.9231293201446533,,180.0,,,20220301,unknown,zebrafish,WB,mag,5760.0,1638,0.8160870510426687,59,0.55,2022_03_01
1065,0.6947241619129996,0.8525381156447449,0.4,engert_20220301_visualmagnet_b,0.9665552377700806,,180.0,,,20220301,unknown,zebrafish,WB,mag,5760.0,1666,0.7878582004184616,36,0.55,2022_03_01
1077,0.2599081938037322,1.6414476524892676,0.4,engert_20220301_visualmagnet_b,2.032646656036377,,180.0,,,20220301,unknown,zebrafish,WB,mag,5760.0,1698,0.5569692226815474,63,0.55,2022_03_01
1087,0.9427427494359634,0.34243656187219557,0.4,engert_20220301_visualmagnet_b,2.9189534187316895,,180.0,,,20220301,unknown,zebrafish,WB,mag,5760.0,1718,0.5750345663820935,68,0.55,2022_03_01
1264,0.8558992731248865,0.5568835301653202,0.4,engert_20220301_visualmagnet_b,3.06636643409729,,180.0,,,20220301,unknown,zebrafish,WB,mag,5760.0,2444,0.916453887924721,74,0.55,2022_03_01
1276,0.21187339126578286,1.761813642769805,0.4,engert_20220301_visualmagnet_b,1.7799711227416992,,180.0,,,20220301,unknown,zebrafish,WB,mag,5760.0,2557,0.7570853647668637,48,0.55,2022_03_01
1331,0.40643605219758105,1.3412322409195354,0.4,engert_20220301_visualmagnet_b,2.7587833404541016,,180.0,,,20220301,unknown,zebrafish,WB,mag,5760.0,2980,0.8557977806515936,55,0.55,2022_03_01
0,0.8583937852346248,0.5510609359333183,0.3,engert_20220914_fish2_magneto_0,14.491345405578613,,57.0,,,20220914,20220914_fish2,zebrafish,WB,mag,2520.0,1,0.8793847047730309,45,0.6,2022_09_14-fish2_cytoGCaMP
1,0.8069005096560975,0.6534130698882694,0.3,engert_20220914_fish2_magneto_0,1.9253556728363037,,57.0,,,20220914,20220914_fish2,zebrafish,WB,mag,2520.0,3,0.9202967779752272,29,0.6,2022_09_14-fish2_cytoGCaMP
2,0.35894332633323023,1.4310685027720176,0.3,engert_20220914_fish2_magneto_0,6.226360321044922,,57.0,,,20220914,20220914_fish2,zebrafish,WB,mag,2520.0,5,0.98274925500603,38,0.6,2022_09_14-fish2_cytoGCaMP
3,0.669566964899801,0.8939916549868089,0.3,engert_20220914_fish2_magneto_0,21.171953201293945,,57.0,,,20220914,20220914_fish2,zebrafish,WB,mag,2520.0,7,0.9678249931474179,43,0.6,2022_09_14-fish2_cytoGCaMP
4,0.15845234617145387,1.9225745375354601,0.3,engert_20220914_fish2_magneto_0,4.381109237670898,,57.0,,,20220914,20220914_fish2,zebrafish,WB,mag,2520.0,12,0.9115581678630915,61,0.6,2022_09_14-fish2_cytoGCaMP
5,0.15646717326519066,1.9291966812669998,0.3,engert_20220914_fish2_magneto_0,26.810564041137695,,57.0,,,20220914,20220914_fish2,zebrafish,WB,mag,2520.0,13,0.990707436434289,30,0.6,2022_09_14-fish2_cytoGCaMP
6,0.025380230750240318,2.7259934360627485,0.3,engert_20220914_fish2_magneto_0,7.515368938446045,,57.0,,,20220914,20220914_fish2,zebrafish,WB,mag,2520.0,15,0.9745933651416653,28,0.6,2022_09_14-fish2_cytoGCaMP
7,0.812983156552271,0.6418552768825289,0.3,engert_20220914_fish2_magneto_0,17.803890228271484,,57.0,,,20220914,20220914_fish2,zebrafish,WB,mag,2520.0,16,0.9233662625999008,20,0.6,2022_09_14-fish2_cytoGCaMP
8,0.506798648941598,1.164554791288643,0.3,engert_20220914_fish2_magneto_0,13.55196762084961,,57.0,,,20220914,20220914_fish2,zebrafish,WB,mag,2520.0,17,0.9961106224091367,26,0.6,2022_09_14-fish2_cytoGCaMP
9,0.7293281195792896,0.7928101592187483,0.3,engert_20220914_fish2_magneto_0,4.976263523101807,,57.0,,,20220914,20220914_fish2,zebrafish,WB,mag,2520.0,18,0.968515422226659,40,0.6,2022_09_14-fish2_cytoGCaMP
10,0.5861872512701116,1.031985368906169,0.3,engert_20220914_fish2_magneto_0,9.987738609313965,,57.0,,,20220914,20220914_fish2,zebrafish,WB,mag,2520.0,20,0.9298369282362172,28,0.6,2022_09_14-fish2_cytoGCaMP
11,0.19305893898126703,1.815765151580242,0.3,engert_20220914_fish2_magneto_0,22.64559555053711,,57.0,,,20220914,20220914_fish2,zebrafish,WB,mag,2520.0,27,0.9968592354686958,36,0.6,2022_09_14-fish2_cytoGCaMP
12,0.07559673024898639,2.279969437512166,0.3,engert_20220914_fish2_magneto_0,6.624807357788086,,57.0,,,20220914,20220914_fish2,zebrafish,WB,mag,2520.0,30,0.9923911756187671,22,0.6,2022_09_14-fish2_cytoGCaMP
13,0.0411984924662403,2.537212002019951,0.3,engert_20220914_fish2_magneto_0,11.480120658874512,,57.0,,,20220914,20220914_fish2,zebrafish,WB,mag,2520.0,32,0.8251541451653358,58,0.6,2022_09_14-fish2_cytoGCaMP
14,0.9582901400270295,0.2907371582972236,0.3,engert_20220914_fish2_magneto_0,7.802511215209961,,57.0,,,20220914,20220914_fish2,zebrafish,WB,mag,2520.0,33,0.865714328329843,21,0.6,2022_09_14-fish2_cytoGCaMP
15,0.7015685111093934,0.8402376289074007,0.3,engert_20220914_fish2_magneto_0,7.571182727813721,,57.0,,,20220914,20220914_fish2,zebrafish,WB,mag,2520.0,35,0.9920120203250069,45,0.6,2022_09_14-fish2_cytoGCaMP
16,0.342929004972534,1.4627531582300297,0.3,engert_20220914_fish2_magneto_0,3.773393392562866,,57.0,,,20220914,20220914_fish2,zebrafish,WB,mag,2520.0,36,0.9879943478862298,34,0.6,2022_09_14-fish2_cytoGCaMP
17,0.08052974999664131,2.2515743908610206,0.3,engert_20220914_fish2_magneto_0,30.170150756835938,,57.0,,,20220914,20220914_fish2,zebrafish,WB,mag,2520.0,37,0.9918730279437799,22,0.6,2022_09_14-fish2_cytoGCaMP
18,0.10523358613299083,2.127379918611252,0.3,engert_20220914_fish2_magneto_0,83.43871307373047,,57.0,,,20220914,20220914_fish2,zebrafish,WB,mag,2520.0,41,0.969510109655646,31,0.6,2022_09_14-fish2_cytoGCaMP
19,0.6228108261088607,0.9715153110060453,0.3,engert_20220914_fish2_magneto_0,34.870906829833984,,57.0,,,20220914,20220914_fish2,zebrafish,WB,mag,2520.0,43,0.9216284619224663,62,0.6,2022_09_14-fish2_cytoGCaMP
20,0.3477393678544578,1.4531547762662247,0.3,engert_20220914_fish2_magneto_0,14.460859298706055,,57.0,,,20220914,20220914_fish2,zebrafish,WB,mag,2520.0,45,0.9775909061690466,31,0.6,2022_09_14-fish2_cytoGCaMP
21,0.7782419890879059,0.7064364097452213,0.3,engert_20220914_fish2_magneto_0,32.20130920410156,,57.0,,,20220914,20220914_fish2,zebrafish,WB,mag,2520.0,47,0.9827099523857251,30,0.6,2022_09_14-fish2_cytoGCaMP
22,0.5171596847765103,1.1470261214894313,0.3,engert_20220914_fish2_magneto_0,37.3318977355957,,57.0,,,20220914,20220914_fish2,zebrafish,WB,mag,2520.0,49,0.9582408124448663,29,0.6,2022_09_14-fish2_cytoGCaMP
23,0.4086025440235471,1.3371038182669726,0.3,engert_20220914_fish2_magneto_0,17.101131439208984,,57.0,,,20220914,20220914_fish2,zebrafish,WB,mag,2520.0,54,0.9875335946909833,33,0.6,2022_09_14-fish2_cytoGCaMP
24,0.23433867579051848,1.7047007745876024,0.3,engert_20220914_fish2_magneto_0,17.746538162231445,,57.0,,,20220914,20220914_fish2,zebrafish,WB,mag,2520.0,57,0.9926764096047986,27,0.6,2022_09_14-fish2_cytoGCaMP
25,0.4775698388909678,1.214563249831666,0.3,engert_20220914_fish2_magneto_0,25.996355056762695,,57.0,,,20220914,20220914_fish2,zebrafish,WB,mag,2520.0,61,0.623828426342539,60,0.6,2022_09_14-fish2_cytoGCaMP
26,0.2801296072937013,1.5957575138435662,0.3,engert_20220914_fish2_magneto_0,163.5396728515625,,57.0,,,20220914,20220914_fish2,zebrafish,WB,mag,2520.0,62,0.8577792027548663,142,0.6,2022_09_14-fish2_cytoGCaMP
27,0.43677162874985787,1.2861330559443052,0.3,engert_20220914_fish2_magneto_0,36.646244049072266,,57.0,,,20220914,20220914_fish2,zebrafish,WB,mag,2520.0,69,0.9885036902645435,30,0.6,2022_09_14-fish2_cytoGCaMP
28,0.31562253970382037,1.5186954232194163,0.3,engert_20220914_fish2_magneto_0,37.433048248291016,,57.0,,,20220914,20220914_fish2,zebrafish,WB,mag,2520.0,70,0.9974324989370642,32,0.6,2022_09_14-fish2_cytoGCaMP
29,0.17610960897429795,1.8661863894029203,0.3,engert_20220914_fish2_magneto_0,62.21144485473633,,57.0,,,20220914,20220914_fish2,zebrafish,WB,mag,2520.0,71,0.6164051037768749,11,0.6,2022_09_14-fish2_cytoGCaMP
30,0.6186932299232618,0.9783144465879485,0.3,engert_20220914_fish2_magneto_0,9.577033042907715,,57.0,,,20220914,20220914_fish2,zebrafish,WB,mag,2520.0,76,0.8056448262887206,19,0.6,2022_09_14-fish2_cytoGCaMP
31,0.6334795864203505,0.9538866993516621,0.3,engert_20220914_fish2_magneto_0,10.758461952209473,,57.0,,,20220914,20220914_fish2,zebrafish,WB,mag,2520.0,81,0.6678107811784901,44,0.6,2022_09_14-fish2_cytoGCaMP
32,0.5625966022659687,1.0710498273950433,0.3,engert_20220914_fish2_magneto_0,20.179973602294922,,57.0,,,20220914,20220914_fish2,zebrafish,WB,mag,2520.0,82,0.9397666746278986,63,0.6,2022_09_14-fish2_cytoGCaMP
33,0.732047970468906,0.7881117436812138,0.3,engert_20220914_fish2_magneto_0,26.226058959960938,,57.0,,,20220914,20220914_fish2,zebrafish,WB,mag,2520.0,84,0.9928679446077502,43,0.6,2022_09_14-fish2_cytoGCaMP
34,0.4535174404226672,1.2564698415784077,0.3,engert_20220914_fish2_magneto_0,89.57251739501953,,57.0,,,20220914,20220914_fish2,zebrafish,WB,mag,2520.0,87,0.9926991617916702,35,0.6,2022_09_14-fish2_cytoGCaMP
35,0.14078818015169414,1.9838180926737146,0.3,engert_20220914_fish2_magneto_0,7.2115092277526855,,57.0,,,20220914,20220914_fish2,zebrafish,WB,mag,2520.0,90,0.9019661428967838,30,0.6,2022_09_14-fish2_cytoGCaMP
36,0.26945213750995867,1.6200868432849078,0.3,engert_20220914_fish2_magneto_0,35.21624755859375,,57.0,,,20220914,20220914_fish2,zebrafish,WB,mag,2520.0,91,0.9742887424515991,52,0.6,2022_09_14-fish2_cytoGCaMP
37,0.4161144502753904,1.323367644738392,0.3,engert_20220914_fish2_magneto_0,17.054847717285156,,57.0,,,20220914,20220914_fish2,zebrafish,WB,mag,2520.0,92,0.9832461904697476,21,0.6,2022_09_14-fish2_cytoGCaMP
38,0.8152600063045948,0.6374978241262207,0.3,engert_20220914_fish2_magneto_0,3.1410484313964844,,57.0,,,20220914,20220914_fish2,zebrafish,WB,mag,2520.0,96,0.9866488761572565,33,0.6,2022_09_14-fish2_cytoGCaMP
39,0.8880192231119897,0.4858895167212395,0.3,engert_20220914_fish2_magneto_0,3.872593402862549,,57.0,,,20220914,20220914_fish2,zebrafish,WB,mag,2520.0,100,0.9917344314600853,22,0.6,2022_09_14-fish2_cytoGCaMP
40,0.43938233889776623,1.281479558854737,0.3,engert_20220914_fish2_magneto_0,39.0522346496582,,57.0,,,20220914,20220914_fish2,zebrafish,WB,mag,2520.0,104,0.9979226813865938,211,0.6,2022_09_14-fish2_cytoGCaMP
41,0.9125013373219926,0.42654823318194796,0.3,engert_20220914_fish2_magneto_0,7.066057205200195,,57.0,,,20220914,20220914_fish2,zebrafish,WB,mag,2520.0,106,0.8787130610755243,30,0.6,2022_09_14-fish2_cytoGCaMP
42,0.3572612175434261,1.434361197211524,0.3,engert_20220914_fish2_magneto_0,101.0147476196289,,57.0,,,20220914,20220914_fish2,zebrafish,WB,mag,2520.0,108,0.9263714661043665,48,0.6,2022_09_14-fish2_cytoGCaMP
43,0.8633687706999028,0.540514607122757,0.3,engert_20220914_fish2_magneto_0,17.177677154541016,,57.0,,,20220914,20220914_fish2,zebrafish,WB,mag,2520.0,110,0.936933869392754,29,0.6,2022_09_14-fish2_cytoGCaMP
44,0.4897398307145753,1.1936316837416816,0.3,engert_20220914_fish2_magneto_0,3.7435688972473145,,57.0,,,20220914,20220914_fish2,zebrafish,WB,mag,2520.0,112,0.8643844833076133,42,0.6,2022_09_14-fish2_cytoGCaMP
45,0.7015402953636389,0.8402854006843997,0.3,engert_20220914_fish2_magneto_0,35.047889709472656,,57.0,,,20220914,20220914_fish2,zebrafish,WB,mag,2520.0,115,0.909466706220622,18,0.6,2022_09_14-fish2_cytoGCaMP
46,0.19310004327654695,1.815646788635662,0.3,engert_20220914_fish2_magneto_0,27.140209197998047,,57.0,,,20220914,20220914_fish2,zebrafish,WB,mag,2520.0,118,0.9956940874080877,25,0.6,2022_09_14-fish2_cytoGCaMP
47,0.8916657124157614,0.47741872626109233,0.3,engert_20220914_fish2_magneto_0,5.8022637367248535,,57.0,,,20220914,20220914_fish2,zebrafish,WB,mag,2520.0,121,0.9620792371424831,44,0.6,2022_09_14-fish2_cytoGCaMP
48,0.928427463487823,0.38406627574114593,0.3,engert_20220914_fish2_magneto_0,6.480034351348877,,57.0,,,20220914,20220914_fish2,zebrafish,WB,mag,2520.0,124,0.9785909144316475,29,0.6,2022_09_14-fish2_cytoGCaMP
49,0.559279248530472,1.076558587193231,0.3,engert_20220914_fish2_magneto_0,23.71751594543457,,57.0,,,20220914,20220914_fish2,zebrafish,WB,mag,2520.0,129,0.9011857833645979,50,0.6,2022_09_14-fish2_cytoGCaMP
50,0.21891195864484347,1.74451671850767,0.3,engert_20220914_fish2_magneto_0,9.930967330932617,,57.0,,,20220914,20220914_fish2,zebrafish,WB,mag,2520.0,133,0.7232026551481603,31,0.6,2022_09_14-fish2_cytoGCaMP
51,0.9867738150245003,0.16222858715255023,0.3,engert_20220914_fish2_magneto_0,7.101079940795898,,57.0,,,20220914,20220914_fish2,zebrafish,WB,mag,2520.0,147,0.9651134521772852,23,0.6,2022_09_14-fish2_cytoGCaMP
52,0.18312279547217103,1.844922072510282,0.3,engert_20220914_fish2_magneto_0,63.21247863769531,,57.0,,,20220914,20220914_fish2,zebrafish,WB,mag,2520.0,150,0.9901867499646849,28,0.6,2022_09_14-fish2_cytoGCaMP
53,0.3487235626721016,1.4511997415886215,0.3,engert_20220914_fish2_magneto_0,104.2271499633789,,57.0,,,20220914,20220914_fish2,zebrafish,WB,mag,2520.0,156,0.9956940874080877,23,0.6,2022_09_14-fish2_cytoGCaMP
54,0.6031377399064128,1.0039913869738122,0.3,engert_20220914_fish2_magneto_0,20.151607513427734,,57.0,,,20220914,20220914_fish2,zebrafish,WB,mag,2520.0,160,0.9927705323281726,25,0.6,2022_09_14-fish2_cytoGCaMP
55,0.8591114079017781,0.5495482723243099,0.3,engert_20220914_fish2_magneto_0,77.5703353881836,,57.0,,,20220914,20220914_fish2,zebrafish,WB,mag,2520.0,166,0.980563348910843,25,0.6,2022_09_14-fish2_cytoGCaMP
56,0.7497185020685733,0.7573180270937373,0.3,engert_20220914_fish2_magneto_0,4.8889360427856445,,57.0,,,20220914,20220914_fish2,zebrafish,WB,mag,2520.0,167,0.9714211465350838,49,0.6,2022_09_14-fish2_cytoGCaMP
57,0.09959842633892457,2.1534879397398186,0.3,engert_20220914_fish2_magneto_0,23.603069305419922,,57.0,,,20220914,20220914_fish2,zebrafish,WB,mag,2520.0,168,0.9891897625334295,58,0.6,2022_09_14-fish2_cytoGCaMP
58,0.059236871495402355,2.3864885795195416,0.3,engert_20220914_fish2_magneto_0,8.50859546661377,,57.0,,,20220914,20220914_fish2,zebrafish,WB,mag,2520.0,172,0.8843939168031038,18,0.6,2022_09_14-fish2_cytoGCaMP
59,0.37258853228384503,1.4046463821044446,0.3,engert_20220914_fish2_magneto_0,53.413936614990234,,57.0,,,20220914,20220914_fish2,zebrafish,WB,mag,2520.0,174,0.8408126839995207,43,0.6,2022_09_14-fish2_cytoGCaMP
60,0.4562691838515587,1.2516358063324258,0.3,engert_20220914_fish2_magneto_0,24.42161750793457,,57.0,,,20220914,20220914_fish2,zebrafish,WB,mag,2520.0,185,0.9868807592862584,23,0.6,2022_09_14-fish2_cytoGCaMP
61,0.40398822585938166,1.3455975042538695,0.3,engert_20220914_fish2_magneto_0,25.873271942138672,,57.0,,,20220914,20220914_fish2,zebrafish,WB,mag,2520.0,187,0.9857977107071509,35,0.6,2022_09_14-fish2_cytoGCaMP
62,0.5542816342541983,1.0848666550598767,0.3,engert_20220914_fish2_magneto_0,18.328914642333984,,57.0,,,20220914,20220914_fish2,zebrafish,WB,mag,2520.0,194,0.9943130009411966,33,0.6,2022_09_14-fish2_cytoGCaMP
63,0.4577301699904198,1.2490736174854378,0.3,engert_20220914_fish2_magneto_0,4.817959785461426,,57.0,,,20220914,20220914_fish2,zebrafish,WB,mag,2520.0,213,0.9764034369200577,38,0.6,2022_09_14-fish2_cytoGCaMP
64,0.25615857679170095,1.6512365406136835,0.3,engert_20220914_fish2_magneto_0,12.613779067993164,,57.0,,,20220914,20220914_fish2,zebrafish,WB,mag,2520.0,214,0.9179674134300588,37,0.6,2022_09_14-fish2_cytoGCaMP
65,0.5462702483760945,1.0982102186286022,0.3,engert_20220914_fish2_magneto_0,51.635929107666016,,57.0,,,20220914,20220914_fish2,zebrafish,WB,mag,2520.0,222,0.99577042813533,35,0.6,2022_09_14-fish2_cytoGCaMP
66,0.47572434513150186,1.2177523431012895,0.3,engert_20220914_fish2_magneto_0,70.82803344726562,,57.0,,,20220914,20220914_fish2,zebrafish,WB,mag,2520.0,237,0.9744971634442668,37,0.6,2022_09_14-fish2_cytoGCaMP
67,0.9755356299462011,0.2215189676063581,0.3,engert_20220914_fish2_magneto_0,30.424034118652344,,57.0,,,20220914,20220914_fish2,zebrafish,WB,mag,2520.0,239,0.895649623527117,17,0.6,2022_09_14-fish2_cytoGCaMP
68,0.12993438277922464,2.0243668802409016,0.3,engert_20220914_fish2_magneto_0,99.79643249511719,,57.0,,,20220914,20220914_fish2,zebrafish,WB,mag,2520.0,241,0.9797122026521664,20,0.6,2022_09_14-fish2_cytoGCaMP
69,0.04224563222216915,2.527068777176074,0.3,engert_20220914_fish2_magneto_0,14.56975269317627,,57.0,,,20220914,20220914_fish2,zebrafish,WB,mag,2520.0,243,0.9112228237661566,21,0.6,2022_09_14-fish2_cytoGCaMP
70,0.18261026146727,1.8464563102733729,0.3,engert_20220914_fish2_magneto_0,184.21731567382812,,57.0,,,20220914,20220914_fish2,zebrafish,WB,mag,2520.0,252,0.8736286292730464,33,0.6,2022_09_14-fish2_cytoGCaMP
71,0.5085157417502221,1.1616433894992766,0.3,engert_20220914_fish2_magneto_0,16.176664352416992,,57.0,,,20220914,20220914_fish2,zebrafish,WB,mag,2520.0,264,0.9651504297737256,23,0.6,2022_09_14-fish2_cytoGCaMP
72,0.5619002387385251,1.0722058258469995,0.3,engert_20220914_fish2_magneto_0,44.999202728271484,,57.0,,,20220914,20220914_fish2,zebrafish,WB,mag,2520.0,284,0.9688802092800676,29,0.6,2022_09_14-fish2_cytoGCaMP
73,0.32396807649565096,1.5013206305872495,0.3,engert_20220914_fish2_magneto_0,58.53007888793945,,57.0,,,20220914,20220914_fish2,zebrafish,WB,mag,2520.0,289,0.7496257959016909,16,0.6,2022_09_14-fish2_cytoGCaMP
74,0.23399323241300996,1.7055729240655058,0.3,engert_20220914_fish2_magneto_0,166.80873107910156,,57.0,,,20220914,20220914_fish2,zebrafish,WB,mag,2520.0,297,0.7136851069173235,46,0.6,2022_09_14-fish2_cytoGCaMP
75,0.6293417803073245,0.9607263301521187,0.3,engert_20220914_fish2_magneto_0,22.57352066040039,,57.0,,,20220914,20220914_fish2,zebrafish,WB,mag,2520.0,313,0.9542617148804935,18,0.6,2022_09_14-fish2_cytoGCaMP
76,0.6387771332519339,0.9451241792043359,0.3,engert_20220914_fish2_magneto_0,22.54680061340332,,57.0,,,20220914,20220914_fish2,zebrafish,WB,mag,2520.0,319,0.9518672208563776,21,0.6,2022_09_14-fish2_cytoGCaMP
77,0.18542832298608392,1.8380586564534227,0.3,engert_20220914_fish2_magneto_0,103.90437316894531,,57.0,,,20220914,20220914_fish2,zebrafish,WB,mag,2520.0,333,0.9433915207345086,30,0.6,2022_09_14-fish2_cytoGCaMP
78,0.3523283900893962,1.4440638177794094,0.3,engert_20220914_fish2_magneto_0,126.2950210571289,,57.0,,,20220914,20220914_fish2,zebrafish,WB,mag,2520.0,340,0.906212865341644,21,0.6,2022_09_14-fish2_cytoGCaMP
79,0.2286257499452059,1.7192352177489036,0.3,engert_20220914_fish2_magneto_0,188.34918212890625,,57.0,,,20220914,20220914_fish2,zebrafish,WB,mag,2520.0,346,0.8103444253965116,38,0.6,2022_09_14-fish2_cytoGCaMP
80,0.22442312530490915,1.730082638369128,0.3,engert_20220914_fish2_magneto_0,4.9499335289001465,,57.0,,,20220914,20220914_fish2,zebrafish,WB,mag,2520.0,349,0.6558641084904455,50,0.6,2022_09_14-fish2_cytoGCaMP
81,0.3598652309899141,1.4292673713478932,0.3,engert_20220914_fish2_magneto_0,26.834125518798828,,57.0,,,20220914,20220914_fish2,zebrafish,WB,mag,2520.0,352,0.972480522916215,22,0.6,2022_09_14-fish2_cytoGCaMP
82,0.32120856148483523,1.5070372557374987,0.3,engert_20220914_fish2_magneto_0,5.998327732086182,,57.0,,,20220914,20220914_fish2,zebrafish,WB,mag,2520.0,353,0.9312124157631629,70,0.6,2022_09_14-fish2_cytoGCaMP
83,0.35530348757751884,1.438203501896821,0.3,engert_20220914_fish2_magneto_0,39.68695068359375,,57.0,,,20220914,20220914_fish2,zebrafish,WB,mag,2520.0,354,0.950164946524203,51,0.6,2022_09_14-fish2_cytoGCaMP
84,0.5895211419558213,1.026476254724095,0.3,engert_20220914_fish2_magneto_0,22.104049682617188,,57.0,,,20220914,20220914_fish2,zebrafish,WB,mag,2520.0,370,0.9783800584256197,29,0.6,2022_09_14-fish2_cytoGCaMP
85,0.48545906574228603,1.2009752643034644,0.3,engert_20220914_fish2_magneto_0,4.920393466949463,,57.0,,,20220914,20220914_fish2,zebrafish,WB,mag,2520.0,376,0.6727608268032087,14,0.6,2022_09_14-fish2_cytoGCaMP
86,0.4466574324372352,1.2685692786821767,0.3,engert_20220914_fish2_magneto_0,19.113924026489258,,57.0,,,20220914,20220914_fish2,zebrafish,WB,mag,2520.0,381,0.9444798122394564,19,0.6,2022_09_14-fish2_cytoGCaMP
87,0.8756801022642959,0.5137647060277405,0.3,engert_20220914_fish2_magneto_0,4.581504821777344,,57.0,,,20220914,20220914_fish2,zebrafish,WB,mag,2520.0,390,0.9058851460646614,21,0.6,2022_09_14-fish2_cytoGCaMP
88,0.35374382588622766,1.4412725125904915,0.3,engert_20220914_fish2_magneto_0,113.41194915771484,,57.0,,,20220914,20220914_fish2,zebrafish,WB,mag,2520.0,404,0.9917233562878333,61,0.6,2022_09_14-fish2_cytoGCaMP
89,0.5051935870319348,1.16727864638807,0.3,engert_20220914_fish2_magneto_0,32.61639404296875,,57.0,,,20220914,20220914_fish2,zebrafish,WB,mag,2520.0,405,0.8638708968645354,26,0.6,2022_09_14-fish2_cytoGCaMP
90,0.963866738497904,0.27016763715909703,0.3,engert_20220914_fish2_magneto_0,8.247871398925781,,57.0,,,20220914,20220914_fish2,zebrafish,WB,mag,2520.0,410,0.6013237531182809,16,0.6,2022_09_14-fish2_cytoGCaMP
91,0.5268378828901548,1.1307314989702586,0.3,engert_20220914_fish2_magneto_0,15.826909065246582,,57.0,,,20220914,20220914_fish2,zebrafish,WB,mag,2520.0,418,0.8482527511304967,14,0.6,2022_09_14-fish2_cytoGCaMP
92,0.1777879029841536,1.861043242087924,0.3,engert_20220914_fish2_magneto_0,12.053001403808594,,57.0,,,20220914,20220914_fish2,zebrafish,WB,mag,2520.0,423,0.9583552872073202,44,0.6,2022_09_14-fish2_cytoGCaMP
93,0.5875067871642994,1.0298046475735207,0.3,engert_20220914_fish2_magneto_0,213.26687622070312,,57.0,,,20220914,20220914_fish2,zebrafish,WB,mag,2520.0,434,0.9911793143625028,41,0.6,2022_09_14-fish2_cytoGCaMP
94,0.540909432186532,1.107158428069042,0.3,engert_20220914_fish2_magneto_0,16.4409122467041,,57.0,,,20220914,20220914_fish2,zebrafish,WB,mag,2520.0,439,0.9472047253892849,21,0.6,2022_09_14-fish2_cytoGCaMP
95,0.9370957748747252,0.3591868991729924,0.3,engert_20220914_fish2_magneto_0,25.21068572998047,,57.0,,,20220914,20220914_fish2,zebrafish,WB,mag,2520.0,449,0.9662500384675627,20,0.6,2022_09_14-fish2_cytoGCaMP
96,0.7287073557254168,0.7938810856254733,0.3,engert_20220914_fish2_magneto_0,9.838994979858398,,57.0,,,20220914,20220914_fish2,zebrafish,WB,mag,2520.0,457,0.785563668339987,18,0.6,2022_09_14-fish2_cytoGCaMP
97,0.07500211772326071,2.283493060923532,0.3,engert_20220914_fish2_magneto_0,59.442283630371094,,57.0,,,20220914,20220914_fish2,zebrafish,WB,mag,2520.0,495,0.970945756491472,23,0.6,2022_09_14-fish2_cytoGCaMP
98,0.7930389794850675,0.6793341753710797,0.3,engert_20220914_fish2_magneto_0,48.771484375,,57.0,,,20220914,20220914_fish2,zebrafish,WB,mag,2520.0,496,0.9657774764642747,36,0.6,2022_09_14-fish2_cytoGCaMP
99,0.9698274317309418,0.24644327031781224,0.3,engert_20220914_fish2_magneto_0,8.856988906860352,,57.0,,,20220914,20220914_fish2,zebrafish,WB,mag,2520.0,508,0.8387637082095545,31,0.6,2022_09_14-fish2_cytoGCaMP
100,0.5857122939798118,1.0327703948983475,0.3,engert_20220914_fish2_magneto_0,16.73162269592285,,57.0,,,20220914,20220914_fish2,zebrafish,WB,mag,2520.0,511,0.8190406089018603,13,0.6,2022_09_14-fish2_cytoGCaMP
101,0.6314765771042972,0.9571980476973633,0.3,engert_20220914_fish2_magneto_0,39.89655303955078,,57.0,,,20220914,20220914_fish2,zebrafish,WB,mag,2520.0,523,0.987355542261108,17,0.6,2022_09_14-fish2_cytoGCaMP
102,0.4173028616952067,1.3212045244696227,0.3,engert_20220914_fish2_magneto_0,54.761470794677734,,57.0,,,20220914,20220914_fish2,zebrafish,WB,mag,2520.0,527,0.743825851252355,20,0.6,2022_09_14-fish2_cytoGCaMP
103,0.06251722670638837,2.363340807461302,0.3,engert_20220914_fish2_magneto_0,116.058837890625,,57.0,,,20220914,20220914_fish2,zebrafish,WB,mag,2520.0,530,0.6729527390279059,36,0.6,2022_09_14-fish2_cytoGCaMP
104,0.46184002999069285,1.2418820722792085,0.3,engert_20220914_fish2_magneto_0,140.200439453125,,57.0,,,20220914,20220914_fish2,zebrafish,WB,mag,2520.0,534,0.990033546402657,28,0.6,2022_09_14-fish2_cytoGCaMP
105,0.16214406753795607,1.9104198945772015,0.3,engert_20220914_fish2_magneto_0,18.579710006713867,,57.0,,,20220914,20220914_fish2,zebrafish,WB,mag,2520.0,539,0.9767986401910868,15,0.6,2022_09_14-fish2_cytoGCaMP
106,0.5447987444011112,1.1006648152312055,0.3,engert_20220914_fish2_magneto_0,11.861517906188965,,57.0,,,20220914,20220914_fish2,zebrafish,WB,mag,2520.0,547,0.9470549907189272,28,0.6,2022_09_14-fish2_cytoGCaMP
107,0.5334701713409544,1.1196046285306211,0.3,engert_20220914_fish2_magneto_0,77.57823944091797,,57.0,,,20220914,20220914_fish2,zebrafish,WB,mag,2520.0,549,0.9534054047291365,22,0.6,2022_09_14-fish2_cytoGCaMP
108,0.830512706077905,0.607832022756495,0.3,engert_20220914_fish2_magneto_0,122.87828063964844,,57.0,,,20220914,20220914_fish2,zebrafish,WB,mag,2520.0,554,0.9635921402190079,19,0.6,2022_09_14-fish2_cytoGCaMP
109,0.08492085503378144,2.22745783221596,0.3,engert_20220914_fish2_magneto_0,90.91336822509766,,57.0,,,20220914,20220914_fish2,zebrafish,WB,mag,2520.0,560,0.7753068935171226,36,0.6,2022_09_14-fish2_cytoGCaMP
110,0.33079351676536306,1.4872971892225502,0.3,engert_20220914_fish2_magneto_0,6.366612434387207,,57.0,,,20220914,20220914_fish2,zebrafish,WB,mag,2520.0,563,0.9067191617141993,42,0.6,2022_09_14-fish2_cytoGCaMP
111,0.30150150316841196,1.5487070513892394,0.3,engert_20220914_fish2_magneto_0,14.669493675231934,,57.0,,,20220914,20220914_fish2,zebrafish,WB,mag,2520.0,571,0.9662500384675627,21,0.6,2022_09_14-fish2_cytoGCaMP
112,0.46501057020343073,1.2363499222047147,0.3,engert_20220914_fish2_magneto_0,15.455355644226074,,57.0,,,20220914,20220914_fish2,zebrafish,WB,mag,2520.0,590,0.6717551015161466,11,0.6,2022_09_14-fish2_cytoGCaMP
113,0.29488030273204047,1.5630633242933236,0.3,engert_20220914_fish2_magneto_0,91.14030456542969,,57.0,,,20220914,20220914_fish2,zebrafish,WB,mag,2520.0,592,0.9586612060337457,18,0.6,2022_09_14-fish2_cytoGCaMP
114,0.3769752506211127,1.3962560729612241,0.3,engert_20220914_fish2_magneto_0,125.70748138427734,,57.0,,,20220914,20220914_fish2,zebrafish,WB,mag,2520.0,613,0.9803891422298863,42,0.6,2022_09_14-fish2_cytoGCaMP
115,0.6877556096657786,0.8635386632388271,0.3,engert_20220914_fish2_magneto_0,42.53147506713867,,57.0,,,20220914,20220914_fish2,zebrafish,WB,mag,2520.0,617,0.9216284619224663,14,0.6,2022_09_14-fish2_cytoGCaMP
116,0.7417587334419937,0.7712494623500322,0.3,engert_20220914_fish2_magneto_0,16.52032470703125,,57.0,,,20220914,20220914_fish2,zebrafish,WB,mag,2520.0,633,0.8621818820125439,35,0.6,2022_09_14-fish2_cytoGCaMP
117,0.7539356943767201,0.7498936934034318,0.3,engert_20220914_fish2_magneto_0,2.8847546577453613,,57.0,,,20220914,20220914_fish2,zebrafish,WB,mag,2520.0,668,0.625368492555012,19,0.6,2022_09_14-fish2_cytoGCaMP
118,0.9074879153769961,0.4392155376921234,0.3,engert_20220914_fish2_magneto_0,12.179532051086426,,57.0,,,20220914,20220914_fish2,zebrafish,WB,mag,2520.0,703,0.9590215716392936,32,0.6,2022_09_14-fish2_cytoGCaMP
119,0.30855919002212684,1.5336074552056527,0.3,engert_20220914_fish2_magneto_0,194.8443603515625,,57.0,,,20220914,20220914_fish2,zebrafish,WB,mag,2520.0,780,0.9394452180180247,31,0.6,2022_09_14-fish2_cytoGCaMP
120,0.8090498293946349,0.6493425813949633,0.3,engert_20220914_fish2_magneto_0,22.345001220703125,,57.0,,,20220914,20220914_fish2,zebrafish,WB,mag,2520.0,805,0.8296404806264424,12,0.6,2022_09_14-fish2_cytoGCaMP
121,0.8060519935211239,0.6550161690628749,0.3,engert_20220914_fish2_magneto_0,15.80794906616211,,57.0,,,20220914,20220914_fish2,zebrafish,WB,mag,2520.0,820,0.9671076238700254,23,0.6,2022_09_14-fish2_cytoGCaMP
122,0.40390131934277174,1.3457578770222252,0.3,engert_20220914_fish2_magneto_0,14.928613662719727,,57.0,,,20220914,20220914_fish2,zebrafish,WB,mag,2520.0,831,0.961469251554979,18,0.6,2022_09_14-fish2_cytoGCaMP
123,0.7197232102403912,0.8093233974008535,0.3,engert_20220914_fish2_magneto_0,135.662841796875,,57.0,,,20220914,20220914_fish2,zebrafish,WB,mag,2520.0,832,0.9716668060964233,17,0.6,2022_09_14-fish2_cytoGCaMP
124,0.24190127013078389,1.6858165157496496,0.3,engert_20220914_fish2_magneto_0,82.29236602783203,,57.0,,,20220914,20220914_fish2,zebrafish,WB,mag,2520.0,837,0.8963796579494401,25,0.6,2022_09_14-fish2_cytoGCaMP
125,0.04540482956668512,2.497707994267253,0.3,engert_20220914_fish2_magneto_0,5.03817892074585,,57.0,,,20220914,20220914_fish2,zebrafish,WB,mag,2520.0,864,0.8680544453629339,19,0.6,2022_09_14-fish2_cytoGCaMP
126,0.5461568358699986,1.0983993648062376,0.3,engert_20220914_fish2_magneto_0,45.850868225097656,,57.0,,,20220914,20220914_fish2,zebrafish,WB,mag,2520.0,912,0.9759462400575274,28,0.6,2022_09_14-fish2_cytoGCaMP
127,0.7194822998628878,0.8097360831226754,0.3,engert_20220914_fish2_magneto_0,9.906950950622559,,57.0,,,20220914,20220914_fish2,zebrafish,WB,mag,2520.0,951,0.9199316323791454,47,0.6,2022_09_14-fish2_cytoGCaMP
128,0.5500115217497024,1.0919747322028817,0.3,engert_20220914_fish2_magneto_0,75.81029510498047,,57.0,,,20220914,20220914_fish2,zebrafish,WB,mag,2520.0,961,0.9269090627856591,16,0.6,2022_09_14-fish2_cytoGCaMP
129,0.792906321196816,0.6795796247280907,0.3,engert_20220914_fish2_magneto_0,54.03996276855469,,57.0,,,20220914,20220914_fish2,zebrafish,WB,mag,2520.0,962,0.6461671590568279,16,0.6,2022_09_14-fish2_cytoGCaMP
130,0.7751960603849564,0.7119502214307951,0.3,engert_20220914_fish2_magneto_0,49.51350021362305,,57.0,,,20220914,20220914_fish2,zebrafish,WB,mag,2520.0,970,0.6164051037768749,11,0.6,2022_09_14-fish2_cytoGCaMP
131,0.35584737583968395,1.437134918197511,0.3,engert_20220914_fish2_magneto_0,41.46672821044922,,57.0,,,20220914,20220914_fish2,zebrafish,WB,mag,2520.0,983,0.6717551015161466,12,0.6,2022_09_14-fish2_cytoGCaMP
132,0.19412257941096367,1.8127072172108722,0.3,engert_20220914_fish2_magneto_0,72.59343719482422,,57.0,,,20220914,20220914_fish2,zebrafish,WB,mag,2520.0,999,0.6164051037768749,13,0.6,2022_09_14-fish2_cytoGCaMP
133,0.8168839087086768,0.6343793196419178,0.3,engert_20220914_fish2_magneto_0,5.840699672698975,,57.0,,,20220914,20220914_fish2,zebrafish,WB,mag,2520.0,1045,0.8976200391282395,33,0.6,2022_09_14-fish2_cytoGCaMP
134,0.019165695256736837,2.8300119637710512,0.3,engert_20220914_fish2_magneto_0,31.703369140625,,57.0,,,20220914,20220914_fish2,zebrafish,WB,mag,2520.0,1083,0.6164051037768749,15,0.6,2022_09_14-fish2_cytoGCaMP
135,0.5982805403160187,1.0120098050991544,0.3,engert_20220914_fish2_magneto_0,93.86420440673828,,57.0,,,20220914,20220914_fish2,zebrafish,WB,mag,2520.0,1146,0.8706180624841344,16,0.6,2022_09_14-fish2_cytoGCaMP
136,0.9415293751987072,0.345867889519069,0.3,engert_20220914_fish2_magneto_0,233.46295166015625,,57.0,,,20220914,20220914_fish2,zebrafish,WB,mag,2520.0,1159,0.7116022514063581,17,0.6,2022_09_14-fish2_cytoGCaMP
137,0.9351995030833162,0.3647539886311144,0.3,engert_20220914_fish2_magneto_0,149.87229919433594,,57.0,,,20220914,20220914_fish2,zebrafish,WB,mag,2520.0,1172,0.798336266654602,18,0.6,2022_09_14-fish2_cytoGCaMP
138,0.2996055192297199,1.552798716033973,0.3,engert_20220914_fish2_magneto_0,69.96233367919922,,57.0,,,20220914,20220914_fish2,zebrafish,WB,mag,2520.0,1236,0.9101452493916843,13,0.6,2022_09_14-fish2_cytoGCaMP
139,0.7008319802633898,0.8414844774253499,0.3,engert_20220914_fish2_magneto_0,96.05551147460938,,57.0,,,20220914,20220914_fish2,zebrafish,WB,mag,2520.0,1316,0.9212423013650732,15,0.6,2022_09_14-fish2_cytoGCaMP
140,0.4730148948247924,1.2224419198353502,0.3,engert_20220914_fish2_magneto_0,16.028282165527344,,57.0,,,20220914,20220914_fish2,zebrafish,WB,mag,2520.0,1409,0.9096949279791494,32,0.6,2022_09_14-fish2_cytoGCaMP
141,0.13513328493125598,2.004636956283425,0.3,engert_20220914_fish2_magneto_0,152.50454711914062,,57.0,,,20220914,20220914_fish2,zebrafish,WB,mag,2520.0,1691,0.6673611524253767,17,0.6,2022_09_14-fish2_cytoGCaMP
142,0.4507404931986151,1.2613592847153325,0.3,engert_20220914_fish2_magneto_0,86.87237548828125,,57.0,,,20220914,20220914_fish2,zebrafish,WB,mag,2520.0,1933,0.7753818610152099,13,0.6,2022_09_14-fish2_cytoGCaMP
143,0.8739992753814705,0.5174753108458052,0.3,engert_20220914_fish2_magneto_0,89.86978912353516,,57.0,,,20220914,20220914_fish2,zebrafish,WB,mag,2520.0,1943,0.985640684858209,21,0.6,2022_09_14-fish2_cytoGCaMP
144,0.4356484159763979,1.2881385979295343,0.3,engert_20220914_fish2_magneto_0,110.7804183959961,,57.0,,,20220914,20220914_fish2,zebrafish,WB,mag,2520.0,2193,0.6164051037768749,11,0.6,2022_09_14-fish2_cytoGCaMP
145,0.11636651083745297,2.0788616194686815,0.3,engert_20220914_fish2_magneto_0,82.89244842529297,,57.0,,,20220914,20220914_fish2,zebrafish,WB,mag,2520.0,2195,0.6127320549114659,18,0.6,2022_09_14-fish2_cytoGCaMP
146,0.13530204720057593,2.0040060476358468,0.3,engert_20220914_fish2_magneto_0,8.402521133422852,,57.0,,,20220914,20220914_fish2,zebrafish,WB,mag,2520.0,2365,0.9334370286422693,16,0.6,2022_09_14-fish2_cytoGCaMP
147,0.0018273882279078446,3.591600224147982,0.3,engert_20220914_fish2_magneto_0,10.270687103271484,,57.0,,,20220914,20220914_fish2,zebrafish,WB,mag,2520.0,2636,0.9226823993294441,20,0.6,2022_09_14-fish2_cytoGCaMP
148,0.4441920911372188,1.2729349011386892,0.3,engert_20220914_fish2_magneto_0,150.69837951660156,,57.0,,,20220914,20220914_fish2,zebrafish,WB,mag,2520.0,2686,0.9716826671287208,16,0.6,2022_09_14-fish2_cytoGCaMP
149,0.42633395331736634,1.304852267307181,0.3,engert_20220914_fish2_magneto_0,9.287227630615234,,57.0,,,20220914,20220914_fish2,zebrafish,WB,mag,2520.0,3025,0.69428956641867,16,0.6,2022_09_14-fish2_cytoGCaMP
9,0.14335003183611061,1.974593212691323,0.3,engert_20220914_fish2_magneto_1,33.04403305053711,,57.0,,,20220914,20220914_fish2,zebrafish,WB,mag,2520.0,21,0.9148668730123046,55,0.6,2022_09_14-fish2_cytoGCaMP
10,0.3561128654254234,1.4366136709961206,0.3,engert_20220914_fish2_magneto_1,71.78462219238281,,57.0,,,20220914,20220914_fish2,zebrafish,WB,mag,2520.0,23,0.9891592633535633,42,0.6,2022_09_14-fish2_cytoGCaMP
27,0.8626474594311782,0.5420526806875815,0.3,engert_20220914_fish2_magneto_1,24.795263290405273,,57.0,,,20220914,20220914_fish2,zebrafish,WB,mag,2520.0,63,0.988924916852611,32,0.6,2022_09_14-fish2_cytoGCaMP
37,0.3197549386864761,1.5100598133736287,0.3,engert_20220914_fish2_magneto_1,34.55493927001953,,57.0,,,20220914,20220914_fish2,zebrafish,WB,mag,2520.0,94,0.9789033247754413,31,0.6,2022_09_14-fish2_cytoGCaMP
50,0.688160073200796,0.8628587278384017,0.3,engert_20220914_fish2_magneto_1,36.0264778137207,,57.0,,,20220914,20220914_fish2,zebrafish,WB,mag,2520.0,138,0.9675367292890398,22,0.6,2022_09_14-fish2_cytoGCaMP
51,0.8827990018737047,0.4978245957845622,0.3,engert_20220914_fish2_magneto_1,44.64686584472656,,57.0,,,20220914,20220914_fish2,zebrafish,WB,mag,2520.0,140,0.6586671129151477,29,0.6,2022_09_14-fish2_cytoGCaMP
56,0.04275443780071475,2.522217164286575,0.3,engert_20220914_fish2_magneto_1,110.36872100830078,,57.0,,,20220914,20220914_fish2,zebrafish,WB,mag,2520.0,162,0.9906402089963564,30,0.6,2022_09_14-fish2_cytoGCaMP
64,0.1376527839712669,1.9952816625076941,0.3,engert_20220914_fish2_magneto_1,31.588603973388672,,57.0,,,20220914,20220914_fish2,zebrafish,WB,mag,2520.0,188,0.9524014514147737,18,0.6,2022_09_14-fish2_cytoGCaMP
66,0.6506192856986943,0.9255055638175739,0.3,engert_20220914_fish2_magneto_1,67.5862808227539,,57.0,,,20220914,20220914_fish2,zebrafish,WB,mag,2520.0,199,0.9476490994973481,23,0.6,2022_09_14-fish2_cytoGCaMP
67,0.8751220422816817,0.5149989897126608,0.3,engert_20220914_fish2_magneto_1,12.829218864440918,,57.0,,,20220914,20220914_fish2,zebrafish,WB,mag,2520.0,202,0.9961106224091367,26,0.6,2022_09_14-fish2_cytoGCaMP
68,0.2222185743309486,1.735827484263325,0.3,engert_20220914_fish2_magneto_1,37.70930099487305,,57.0,,,20220914,20220914_fish2,zebrafish,WB,mag,2520.0,205,0.9650732476982897,26,0.6,2022_09_14-fish2_cytoGCaMP
69,0.1496193382638764,1.9525272598402161,0.3,engert_20220914_fish2_magneto_1,22.803647994995117,,57.0,,,20220914,20220914_fish2,zebrafish,WB,mag,2520.0,212,0.6108173968104592,38,0.6,2022_09_14-fish2_cytoGCaMP
73,0.33337055591920406,1.4820442814120576,0.3,engert_20220914_fish2_magneto_1,64.77527618408203,,57.0,,,20220914,20220914_fish2,zebrafish,WB,mag,2520.0,227,0.9643025309069028,132,0.6,2022_09_14-fish2_cytoGCaMP
74,0.8213869132933996,0.6256837425295244,0.3,engert_20220914_fish2_magneto_1,63.837066650390625,,57.0,,,20220914,20220914_fish2,zebrafish,WB,mag,2520.0,230,0.9945216799607206,44,0.6,2022_09_14-fish2_cytoGCaMP
75,0.23227913704246017,1.7099130217841665,0.3,engert_20220914_fish2_magneto_1,6.477550029754639,,57.0,,,20220914,20220914_fish2,zebrafish,WB,mag,2520.0,234,0.9872804692374031,23,0.6,2022_09_14-fish2_cytoGCaMP
82,0.8953887868828032,0.46864935517814477,0.3,engert_20220914_fish2_magneto_1,12.652054786682129,,57.0,,,20220914,20220914_fish2,zebrafish,WB,mag,2520.0,270,0.9016067960208111,22,0.6,2022_09_14-fish2_cytoGCaMP
84,0.36457969758153963,1.420093368854655,0.3,engert_20220914_fish2_magneto_1,25.04319190979004,,57.0,,,20220914,20220914_fish2,zebrafish,WB,mag,2520.0,285,0.9962233340564047,35,0.6,2022_09_14-fish2_cytoGCaMP
85,0.9037557184398655,0.44845777519287766,0.3,engert_20220914_fish2_magneto_1,12.772614479064941,,57.0,,,20220914,20220914_fish2,zebrafish,WB,mag,2520.0,287,0.8683921228193556,24,0.6,2022_09_14-fish2_cytoGCaMP
86,0.39753674935594807,1.357547328059851,0.3,engert_20220914_fish2_magneto_1,128.71055603027344,,57.0,,,20220914,20220914_fish2,zebrafish,WB,mag,2520.0,291,0.9902097997530859,24,0.6,2022_09_14-fish2_cytoGCaMP
88,0.4694662013088533,1.2285978658830172,0.3,engert_20220914_fish2_magneto_1,54.777313232421875,,57.0,,,20220914,20220914_fish2,zebrafish,WB,mag,2520.0,302,0.6417752192896364,16,0.6,2022_09_14-fish2_cytoGCaMP
89,0.4842164391763305,1.2031107810258266,0.3,engert_20220914_fish2_magneto_1,138.79461669921875,,57.0,,,20220914,20220914_fish2,zebrafish,WB,mag,2520.0,305,0.9413068406994338,18,0.6,2022_09_14-fish2_cytoGCaMP
92,0.8124820223636825,0.6428120074462389,0.3,engert_20220914_fish2_magneto_1,191.77635192871094,,57.0,,,20220914,20220914_fish2,zebrafish,WB,mag,2520.0,325,0.9943130009411966,28,0.6,2022_09_14-fish2_cytoGCaMP
101,0.1647340089157615,1.902012986730572,0.3,engert_20220914_fish2_magneto_1,32.68812561035156,,57.0,,,20220914,20220914_fish2,zebrafish,WB,mag,2520.0,374,0.746000054578716,20,0.6,2022_09_14-fish2_cytoGCaMP
103,0.9990417555260686,0.042810106491970895,0.3,engert_20220914_fish2_magneto_1,136.59349060058594,,57.0,,,20220914,20220914_fish2,zebrafish,WB,mag,2520.0,382,0.8296404806264424,20,0.6,2022_09_14-fish2_cytoGCaMP
105,0.36939249893976056,1.4107903978964265,0.3,engert_20220914_fish2_magneto_1,72.81620788574219,,57.0,,,20220914,20220914_fish2,zebrafish,WB,mag,2520.0,394,0.9499528055395666,22,0.6,2022_09_14-fish2_cytoGCaMP
110,0.5503194106751363,1.0914619308303641,0.3,engert_20220914_fish2_magneto_1,126.58938598632812,,57.0,,,20220914,20220914_fish2,zebrafish,WB,mag,2520.0,421,0.720630773650281,14,0.6,2022_09_14-fish2_cytoGCaMP
113,0.6094864168736189,0.9935123478288281,0.3,engert_20220914_fish2_magneto_1,93.18838500976562,,57.0,,,20220914,20220914_fish2,zebrafish,WB,mag,2520.0,435,0.6014492156652175,28,0.6,2022_09_14-fish2_cytoGCaMP
116,0.025885171336317625,2.7185576889248884,0.3,engert_20220914_fish2_magneto_1,18.287118911743164,,57.0,,,20220914,20220914_fish2,zebrafish,WB,mag,2520.0,450,0.6164051037768749,13,0.6,2022_09_14-fish2_cytoGCaMP
117,0.964158551603547,0.26905165587837937,0.3,engert_20220914_fish2_magneto_1,56.09813690185547,,57.0,,,20220914,20220914_fish2,zebrafish,WB,mag,2520.0,455,0.8889464734247486,21,0.6,2022_09_14-fish2_cytoGCaMP
119,0.04281480231403523,2.5216448727291083,0.3,engert_20220914_fish2_magneto_1,49.263267517089844,,57.0,,,20220914,20220914_fish2,zebrafish,WB,mag,2520.0,465,0.8296404806264424,11,0.6,2022_09_14-fish2_cytoGCaMP
120,0.10488687025257126,2.128953961392162,0.3,engert_20220914_fish2_magneto_1,10.56054973602295,,57.0,,,20220914,20220914_fish2,zebrafish,WB,mag,2520.0,490,0.9847037948536408,16,0.6,2022_09_14-fish2_cytoGCaMP
125,0.4587133957845093,1.2473510467819358,0.3,engert_20220914_fish2_magneto_1,113.58924102783203,,57.0,,,20220914,20220914_fish2,zebrafish,WB,mag,2520.0,514,0.6249320513389883,15,0.6,2022_09_14-fish2_cytoGCaMP
129,0.13817985649912412,1.993340957251737,0.3,engert_20220914_fish2_magneto_1,42.18364334106445,,57.0,,,20220914,20220914_fish2,zebrafish,WB,mag,2520.0,531,0.6164051037768749,11,0.6,2022_09_14-fish2_cytoGCaMP
132,0.3937876856377346,1.3645328610601608,0.3,engert_20220914_fish2_magneto_1,124.95606994628906,,57.0,,,20220914,20220914_fish2,zebrafish,WB,mag,2520.0,546,0.944100797801938,19,0.6,2022_09_14-fish2_cytoGCaMP
135,0.19842764312813876,1.8004487812940073,0.3,engert_20220914_fish2_magneto_1,29.706262588500977,,57.0,,,20220914,20220914_fish2,zebrafish,WB,mag,2520.0,550,0.9481857195426792,31,0.6,2022_09_14-fish2_cytoGCaMP
141,0.8167447694989232,0.6346468773269139,0.3,engert_20220914_fish2_magneto_1,66.7656478881836,,57.0,,,20220914,20220914_fish2,zebrafish,WB,mag,2520.0,612,0.6283418473189606,37,0.6,2022_09_14-fish2_cytoGCaMP
144,0.2204045202263245,1.740583635644841,0.3,engert_20220914_fish2_magneto_1,137.6436004638672,,57.0,,,20220914,20220914_fish2,zebrafish,WB,mag,2520.0,620,0.6467039552721384,11,0.6,2022_09_14-fish2_cytoGCaMP
146,0.3490537962789949,1.450544443603266,0.3,engert_20220914_fish2_magneto_1,146.39271545410156,,57.0,,,20220914,20220914_fish2,zebrafish,WB,mag,2520.0,643,0.9883587650059483,20,0.6,2022_09_14-fish2_cytoGCaMP
148,0.16720727861535545,1.8940744847854913,0.3,engert_20220914_fish2_magneto_1,4.133687496185303,,57.0,,,20220914,20220914_fish2,zebrafish,WB,mag,2520.0,674,0.8083943597010022,16,0.6,2022_09_14-fish2_cytoGCaMP
149,0.37670421949834865,1.3967730491309966,0.3,engert_20220914_fish2_magneto_1,19.197532653808594,,57.0,,,20220914,20220914_fish2,zebrafish,WB,mag,2520.0,694,0.9568943882591241,19,0.6,2022_09_14-fish2_cytoGCaMP
151,0.46215293101544197,1.241335525420441,0.3,engert_20220914_fish2_magneto_1,20.97684097290039,,57.0,,,20220914,20220914_fish2,zebrafish,WB,mag,2520.0,738,0.7359333241045282,32,0.6,2022_09_14-fish2_cytoGCaMP
152,0.26866449848263174,1.6219051010979113,0.3,engert_20220914_fish2_magneto_1,64.96148681640625,,57.0,,,20220914,20220914_fish2,zebrafish,WB,mag,2520.0,771,0.6467039552721384,11,0.6,2022_09_14-fish2_cytoGCaMP
153,0.8768970841622639,0.5110658613663327,0.3,engert_20220914_fish2_magneto_1,17.08258628845215,,57.0,,,20220914,20220914_fish2,zebrafish,WB,mag,2520.0,774,0.8645836889037605,16,0.6,2022_09_14-fish2_cytoGCaMP
154,0.48320066365210135,1.204857726253211,0.3,engert_20220914_fish2_magneto_1,107.34412384033203,,57.0,,,20220914,20220914_fish2,zebrafish,WB,mag,2520.0,775,0.7031712285542929,21,0.6,2022_09_14-fish2_cytoGCaMP
155,0.4559152672059944,1.2522569203404461,0.3,engert_20220914_fish2_magneto_1,165.739013671875,,57.0,,,20220914,20220914_fish2,zebrafish,WB,mag,2520.0,784,0.9133003740873199,18,0.6,2022_09_14-fish2_cytoGCaMP
156,0.2011870681646013,1.7926887379048382,0.3,engert_20220914_fish2_magneto_1,21.354448318481445,,57.0,,,20220914,20220914_fish2,zebrafish,WB,mag,2520.0,787,0.8513176267630349,30,0.6,2022_09_14-fish2_cytoGCaMP
157,0.9872576667767201,0.15920082409000072,0.3,engert_20220914_fish2_magneto_1,10.725395202636719,,57.0,,,20220914,20220914_fish2,zebrafish,WB,mag,2520.0,793,0.6079173159728364,19,0.6,2022_09_14-fish2_cytoGCaMP
158,0.3006926508687989,1.5504507742700901,0.3,engert_20220914_fish2_magneto_1,46.8012809753418,,57.0,,,20220914,20220914_fish2,zebrafish,WB,mag,2520.0,802,0.9499528055395666,20,0.6,2022_09_14-fish2_cytoGCaMP
164,0.6014397493823742,1.0067943031450208,0.3,engert_20220914_fish2_magneto_1,28.145475387573242,,57.0,,,20220914,20220914_fish2,zebrafish,WB,mag,2520.0,848,0.8967422479479232,23,0.6,2022_09_14-fish2_cytoGCaMP
166,0.6491151836384186,0.9280001520144389,0.3,engert_20220914_fish2_magneto_1,38.27669906616211,,57.0,,,20220914,20220914_fish2,zebrafish,WB,mag,2520.0,902,0.9886442525847721,26,0.6,2022_09_14-fish2_cytoGCaMP
168,0.16575662979789685,1.8987203209810766,0.3,engert_20220914_fish2_magneto_1,40.78313064575195,,57.0,,,20220914,20220914_fish2,zebrafish,WB,mag,2520.0,929,0.7664654300282377,26,0.6,2022_09_14-fish2_cytoGCaMP
173,0.23725789204977998,1.6973644499723306,0.3,engert_20220914_fish2_magneto_1,69.57923126220703,,57.0,,,20220914,20220914_fish2,zebrafish,WB,mag,2520.0,989,0.6412369026341614,34,0.6,2022_09_14-fish2_cytoGCaMP
175,0.3508122427679895,1.4470603523579892,0.3,engert_20220914_fish2_magneto_1,41.00184631347656,,57.0,,,20220914,20220914_fish2,zebrafish,WB,mag,2520.0,1025,0.735072120326042,20,0.6,2022_09_14-fish2_cytoGCaMP
177,0.6046593084367001,1.0014798177102973,0.3,engert_20220914_fish2_magneto_1,73.23463439941406,,57.0,,,20220914,20220914_fish2,zebrafish,WB,mag,2520.0,1067,0.987355542261108,16,0.6,2022_09_14-fish2_cytoGCaMP
179,0.8771667421637886,0.5104662836565181,0.3,engert_20220914_fish2_magneto_1,9.813187599182129,,57.0,,,20220914,20220914_fish2,zebrafish,WB,mag,2520.0,1099,0.9216284619224663,21,0.6,2022_09_14-fish2_cytoGCaMP
180,0.5797406188528882,1.0426447282771198,0.3,engert_20220914_fish2_magneto_1,40.010684967041016,,57.0,,,20220914,20220914_fish2,zebrafish,WB,mag,2520.0,1113,0.9336685516011956,19,0.6,2022_09_14-fish2_cytoGCaMP
181,0.41524993173913916,1.3249428494006104,0.3,engert_20220914_fish2_magneto_1,75.62981414794922,,57.0,,,20220914,20220914_fish2,zebrafish,WB,mag,2520.0,1126,0.6467039552721384,11,0.6,2022_09_14-fish2_cytoGCaMP
183,0.9999914811038986,1.178359489996618e-07,0.3,engert_20220914_fish2_magneto_1,17.47512435913086,,57.0,,,20220914,20220914_fish2,zebrafish,WB,mag,2520.0,1155,0.7775918790092013,16,0.6,2022_09_14-fish2_cytoGCaMP
185,0.22799912339509854,1.7208440750393341,0.3,engert_20220914_fish2_magneto_1,228.15072631835938,,57.0,,,20220914,20220914_fish2,zebrafish,WB,mag,2520.0,1173,0.9902097997530859,22,0.6,2022_09_14-fish2_cytoGCaMP
186,0.27166974594399573,1.614985258095194,0.3,engert_20220914_fish2_magneto_1,83.11814880371094,,57.0,,,20220914,20220914_fish2,zebrafish,WB,mag,2520.0,1182,0.9226000038808301,17,0.6,2022_09_14-fish2_cytoGCaMP
188,0.5786817196890458,1.0443965442841598,0.3,engert_20220914_fish2_magneto_1,26.259552001953125,,57.0,,,20220914,20220914_fish2,zebrafish,WB,mag,2520.0,1358,0.6164051037768749,11,0.6,2022_09_14-fish2_cytoGCaMP
189,0.46393007251248697,1.238233725277687,0.3,engert_20220914_fish2_magneto_1,58.66313934326172,,57.0,,,20220914,20220914_fish2,zebrafish,WB,mag,2520.0,1360,0.6467039552721384,22,0.6,2022_09_14-fish2_cytoGCaMP
191,0.24440475886703472,1.6796506405285805,0.3,engert_20220914_fish2_magneto_1,36.36272430419922,,57.0,,,20220914,20220914_fish2,zebrafish,WB,mag,2520.0,1461,0.6467039552721384,18,0.6,2022_09_14-fish2_cytoGCaMP
192,0.7660927630573021,0.7283081148123908,0.3,engert_20220914_fish2_magneto_1,45.53343200683594,,57.0,,,20220914,20220914_fish2,zebrafish,WB,mag,2520.0,1481,0.8296404806264424,11,0.6,2022_09_14-fish2_cytoGCaMP
193,0.6801861073856533,0.8762405124645563,0.3,engert_20220914_fish2_magneto_1,49.86860656738281,,57.0,,,20220914,20220914_fish2,zebrafish,WB,mag,2520.0,1533,0.9511013804456203,23,0.6,2022_09_14-fish2_cytoGCaMP
194,0.16764221480140762,1.892687401710307,0.3,engert_20220914_fish2_magneto_1,56.89463424682617,,57.0,,,20220914,20220914_fish2,zebrafish,WB,mag,2520.0,1547,0.6467039552721384,12,0.6,2022_09_14-fish2_cytoGCaMP
195,0.27760505326691765,1.601457434444578,0.3,engert_20220914_fish2_magneto_1,22.479772567749023,,57.0,,,20220914,20220914_fish2,zebrafish,WB,mag,2520.0,1571,0.8134945080666763,18,0.6,2022_09_14-fish2_cytoGCaMP
196,0.29359784126111854,1.5658661436587304,0.3,engert_20220914_fish2_magneto_1,52.54227828979492,,57.0,,,20220914,20220914_fish2,zebrafish,WB,mag,2520.0,1591,0.6978369821561716,18,0.6,2022_09_14-fish2_cytoGCaMP
197,0.23455842525757697,1.7041463755195747,0.3,engert_20220914_fish2_magneto_1,85.35089874267578,,57.0,,,20220914,20220914_fish2,zebrafish,WB,mag,2520.0,1626,0.6855051996508785,12,0.6,2022_09_14-fish2_cytoGCaMP
198,0.2716202945364422,1.6150987733702575,0.3,engert_20220914_fish2_magneto_1,59.2836799621582,,57.0,,,20220914,20220914_fish2,zebrafish,WB,mag,2520.0,1645,0.9062580845284799,15,0.6,2022_09_14-fish2_cytoGCaMP
199,0.19178460017784327,1.8194445265537018,0.3,engert_20220914_fish2_magneto_1,39.29930114746094,,57.0,,,20220914,20220914_fish2,zebrafish,WB,mag,2520.0,1710,0.8357027581549777,16,0.6,2022_09_14-fish2_cytoGCaMP
200,0.4957342498664481,1.1833811137904697,0.3,engert_20220914_fish2_magneto_1,99.37055206298828,,57.0,,,20220914,20220914_fish2,zebrafish,WB,mag,2520.0,1729,0.6164051037768749,12,0.6,2022_09_14-fish2_cytoGCaMP
201,0.28862346126265215,1.5768076273109533,0.3,engert_20220914_fish2_magneto_1,168.79502868652344,,57.0,,,20220914,20220914_fish2,zebrafish,WB,mag,2520.0,1733,0.6467039552721384,11,0.6,2022_09_14-fish2_cytoGCaMP
202,0.09725508703198227,2.1646886936543814,0.3,engert_20220914_fish2_magneto_1,37.803009033203125,,57.0,,,20220914,20220914_fish2,zebrafish,WB,mag,2520.0,1757,0.9130264601792257,14,0.6,2022_09_14-fish2_cytoGCaMP
203,0.15178608747213584,1.945061017951817,0.3,engert_20220914_fish2_magneto_1,35.828399658203125,,57.0,,,20220914,20220914_fish2,zebrafish,WB,mag,2520.0,1841,0.7968104174364992,19,0.6,2022_09_14-fish2_cytoGCaMP
204,0.5950544928585186,1.017336601948922,0.3,engert_20220914_fish2_magneto_1,34.805870056152344,,57.0,,,20220914,20220914_fish2,zebrafish,WB,mag,2520.0,1875,0.8296404806264424,12,0.6,2022_09_14-fish2_cytoGCaMP
207,0.07425423596339631,2.2879569098035555,0.3,engert_20220914_fish2_magneto_1,45.406280517578125,,57.0,,,20220914,20220914_fish2,zebrafish,WB,mag,2520.0,2169,0.804658553317466,15,0.6,2022_09_14-fish2_cytoGCaMP
208,0.12084091271499808,2.060374534222788,0.3,engert_20220914_fish2_magneto_1,24.84772491455078,,57.0,,,20220914,20220914_fish2,zebrafish,WB,mag,2520.0,2172,0.9094587549626713,19,0.6,2022_09_14-fish2_cytoGCaMP
212,0.22609965317874436,1.7257392040299668,0.3,engert_20220914_fish2_magneto_1,24.036888122558594,,57.0,,,20220914,20220914_fish2,zebrafish,WB,mag,2520.0,2380,0.6417752192896364,12,0.6,2022_09_14-fish2_cytoGCaMP
213,0.46978159164419797,1.2280500704943589,0.3,engert_20220914_fish2_magneto_1,50.09994125366211,,57.0,,,20220914,20220914_fish2,zebrafish,WB,mag,2520.0,2387,0.6164051037768749,11,0.6,2022_09_14-fish2_cytoGCaMP
214,0.39096920599487106,1.369805017230954,0.3,engert_20220914_fish2_magneto_1,92.4656753540039,,57.0,,,20220914,20220914_fish2,zebrafish,WB,mag,2520.0,2415,0.6164051037768749,12,0.6,2022_09_14-fish2_cytoGCaMP
215,0.5560179631322792,1.0819788615123467,0.3,engert_20220914_fish2_magneto_1,14.273313522338867,,57.0,,,20220914,20220914_fish2,zebrafish,WB,mag,2520.0,2542,0.6164051037768749,12,0.6,2022_09_14-fish2_cytoGCaMP
218,0.35570940115411653,1.4374059600356583,0.3,engert_20220914_fish2_magneto_1,45.11442565917969,,57.0,,,20220914,20220914_fish2,zebrafish,WB,mag,2520.0,2796,0.6467039552721384,12,0.6,2022_09_14-fish2_cytoGCaMP
220,0.7107739352409057,0.8246075942715658,0.3,engert_20220914_fish2_magneto_1,8.814871788024902,,57.0,,,20220914,20220914_fish2,zebrafish,WB,mag,2520.0,3231,0.6384934030219744,12,0.6,2022_09_14-fish2_cytoGCaMP
221,0.12771946001343715,2.0329551390056064,0.3,engert_20220914_fish2_magneto_1,27.197994232177734,,57.0,,,20220914,20220914_fish2,zebrafish,WB,mag,2520.0,3276,0.6931611357384407,12,0.6,2022_09_14-fish2_cytoGCaMP
222,0.22725744941124937,1.7227522028505011,0.3,engert_20220914_fish2_magneto_1,15.487468719482422,,57.0,,,20220914,20220914_fish2,zebrafish,WB,mag,2520.0,3538,0.7035052451420031,14,0.6,2022_09_14-fish2_cytoGCaMP
4,0.5117228155407192,1.1562126537591464,0.3,engert_20220914_fish2_magneto_2,55.60150146484375,,57.0,,,20220914,20220914_fish2,zebrafish,WB,mag,2520.0,9,0.8976508556477665,73,0.6,2022_09_14-fish2_cytoGCaMP
47,0.4232335926374663,1.3104491970354537,0.3,engert_20220914_fish2_magneto_2,55.769351959228516,,57.0,,,20220914,20220914_fish2,zebrafish,WB,mag,2520.0,116,0.9100961876436025,22,0.6,2022_09_14-fish2_cytoGCaMP
56,0.11375235677497897,2.0899185354884056,0.3,engert_20220914_fish2_magneto_2,59.58478546142578,,57.0,,,20220914,20220914_fish2,zebrafish,WB,mag,2520.0,151,0.8596437272699171,15,0.6,2022_09_14-fish2_cytoGCaMP
58,0.35524195302612316,1.4383244729027824,0.3,engert_20220914_fish2_magneto_2,157.3469696044922,,57.0,,,20220914,20220914_fish2,zebrafish,WB,mag,2520.0,158,0.9829406498126233,20,0.6,2022_09_14-fish2_cytoGCaMP
66,0.8011114983686256,0.6643062383892128,0.3,engert_20220914_fish2_magneto_2,102.64079284667969,,57.0,,,20220914,20220914_fish2,zebrafish,WB,mag,2520.0,179,0.9576206092395095,26,0.6,2022_09_14-fish2_cytoGCaMP
67,0.3707024221960089,1.4082690018673667,0.3,engert_20220914_fish2_magneto_2,86.94834899902344,,57.0,,,20220914,20220914_fish2,zebrafish,WB,mag,2520.0,184,0.6451117967723007,54,0.6,2022_09_14-fish2_cytoGCaMP
92,0.16077924545739508,1.9148894682949475,0.3,engert_20220914_fish2_magneto_2,31.164024353027344,,57.0,,,20220914,20220914_fish2,zebrafish,WB,mag,2520.0,292,0.6717551015161466,13,0.6,2022_09_14-fish2_cytoGCaMP
97,0.5050626342276643,1.1675009912576642,0.3,engert_20220914_fish2_magneto_2,37.22109603881836,,57.0,,,20220914,20220914_fish2,zebrafish,WB,mag,2520.0,321,0.6981916033043897,15,0.6,2022_09_14-fish2_cytoGCaMP
101,0.8233660874626013,0.6218388389165999,0.3,engert_20220914_fish2_magneto_2,155.72706604003906,,57.0,,,20220914,20220914_fish2,zebrafish,WB,mag,2520.0,342,0.9956940874080877,44,0.6,2022_09_14-fish2_cytoGCaMP
107,0.6359713682528483,0.9497660072902043,0.3,engert_20220914_fish2_magneto_2,10.935678482055664,,57.0,,,20220914,20220914_fish2,zebrafish,WB,mag,2520.0,365,0.6164051037768749,11,0.6,2022_09_14-fish2_cytoGCaMP
122,0.3419018058639919,1.4648121308471096,0.3,engert_20220914_fish2_magneto_2,56.32594680786133,,57.0,,,20220914,20220914_fish2,zebrafish,WB,mag,2520.0,436,0.7056713071500116,14,0.6,2022_09_14-fish2_cytoGCaMP
123,0.4035018031772154,1.3464954258808466,0.3,engert_20220914_fish2_magneto_2,34.111534118652344,,57.0,,,20220914,20220914_fish2,zebrafish,WB,mag,2520.0,438,0.9556115117538726,23,0.6,2022_09_14-fish2_cytoGCaMP
127,0.8320341059221809,0.6048243131630129,0.3,engert_20220914_fish2_magneto_2,41.16206741333008,,57.0,,,20220914,20220914_fish2,zebrafish,WB,mag,2520.0,451,0.916709205622715,16,0.6,2022_09_14-fish2_cytoGCaMP
135,0.2965922088531897,1.5593333795827722,0.3,engert_20220914_fish2_magneto_2,171.52842712402344,,57.0,,,20220914,20220914_fish2,zebrafish,WB,mag,2520.0,518,0.9148699979124474,15,0.6,2022_09_14-fish2_cytoGCaMP
142,0.2027617516597845,1.7882935340919732,0.3,engert_20220914_fish2_magneto_2,59.79568862915039,,57.0,,,20220914,20220914_fish2,zebrafish,WB,mag,2520.0,545,0.9336685516011956,23,0.6,2022_09_14-fish2_cytoGCaMP
158,0.10680912644312757,2.1202772405337176,0.3,engert_20220914_fish2_magneto_2,34.5500602722168,,57.0,,,20220914,20220914_fish2,zebrafish,WB,mag,2520.0,675,0.7116022514063581,19,0.6,2022_09_14-fish2_cytoGCaMP
159,0.2981227290497984,1.556009312437035,0.3,engert_20220914_fish2_magneto_2,135.94046020507812,,57.0,,,20220914,20220914_fish2,zebrafish,WB,mag,2520.0,680,0.952944698364128,15,0.6,2022_09_14-fish2_cytoGCaMP
160,0.9999914811038986,0.0,0.3,engert_20220914_fish2_magneto_2,24.497526168823242,,57.0,,,20220914,20220914_fish2,zebrafish,WB,mag,2520.0,691,0.6164051037768749,11,0.6,2022_09_14-fish2_cytoGCaMP
164,0.2054202691753042,1.780926453575593,0.3,engert_20220914_fish2_magneto_2,36.29378890991211,,57.0,,,20220914,20220914_fish2,zebrafish,WB,mag,2520.0,742,0.6164051037768749,11,0.6,2022_09_14-fish2_cytoGCaMP
173,0.6568824270965697,0.9151079736068032,0.3,engert_20220914_fish2_magneto_2,17.885732650756836,,57.0,,,20220914,20220914_fish2,zebrafish,WB,mag,2520.0,815,0.9644822968385354,27,0.6,2022_09_14-fish2_cytoGCaMP
180,0.885971359784294,0.49059758097774375,0.3,engert_20220914_fish2_magneto_2,65.85498046875,,57.0,,,20220914,20220914_fish2,zebrafish,WB,mag,2520.0,875,0.9803994821502259,25,0.6,2022_09_14-fish2_cytoGCaMP
181,0.2755979642746248,1.6060117162172942,0.3,engert_20220914_fish2_magneto_2,49.276851654052734,,57.0,,,20220914,20220914_fish2,zebrafish,WB,mag,2520.0,879,0.9904789769205888,32,0.6,2022_09_14-fish2_cytoGCaMP
201,0.3946395578026566,1.3629428059414805,0.3,engert_20220914_fish2_magneto_2,108.29147338867188,,57.0,,,20220914,20220914_fish2,zebrafish,WB,mag,2520.0,1164,0.7031712285542929,17,0.6,2022_09_14-fish2_cytoGCaMP
227,0.3046464138905286,1.5419532931350113,0.3,engert_20220914_fish2_magneto_2,64.56334686279297,,57.0,,,20220914,20220914_fish2,zebrafish,WB,mag,2520.0,2295,0.7460604539212711,11,0.6,2022_09_14-fish2_cytoGCaMP
0,0.5094352109202694,1.160085452185185,0.3,engert_20220915_fish1_magneto_0,7.114343166351318,,57.0,,,20220915,20220915_fish1,zebrafish,WB,mag,2520.0,4,0.6976866598079401,21,0.6,2022_09_15-fish1_cytoGCaMP
1,0.4054551337961104,1.3428925716593105,0.3,engert_20220915_fish1_magneto_0,5.6708083152771,,57.0,,,20220915,20220915_fish1,zebrafish,WB,mag,2520.0,5,0.9892095094093061,21,0.6,2022_09_15-fish1_cytoGCaMP
2,0.5326538684422658,1.1209724759642272,0.3,engert_20220915_fish1_magneto_0,4.8060173988342285,,57.0,,,20220915,20220915_fish1,zebrafish,WB,mag,2520.0,7,0.9972267434678442,19,0.6,2022_09_15-fish1_cytoGCaMP
3,0.5348913609728924,1.1172241938919563,0.3,engert_20220915_fish1_magneto_0,44.683250427246094,,57.0,,,20220915,20220915_fish1,zebrafish,WB,mag,2520.0,8,0.7787318395499172,39,0.6,2022_09_15-fish1_cytoGCaMP
4,0.15190312674900963,1.9446601040264364,0.3,engert_20220915_fish1_magneto_0,42.61116027832031,,57.0,,,20220915,20220915_fish1,zebrafish,WB,mag,2520.0,12,0.8074120710363057,43,0.6,2022_09_15-fish1_cytoGCaMP
5,0.7795482217018852,0.7040654264421329,0.3,engert_20220915_fish1_magneto_0,9.872002601623535,,57.0,,,20220915,20220915_fish1,zebrafish,WB,mag,2520.0,14,0.7705753408624707,17,0.6,2022_09_15-fish1_cytoGCaMP
6,0.024725176549476924,2.735834548113822,0.3,engert_20220915_fish1_magneto_0,13.45494556427002,,57.0,,,20220915,20220915_fish1,zebrafish,WB,mag,2520.0,15,0.9646531123358333,40,0.6,2022_09_15-fish1_cytoGCaMP
7,0.13897226006668162,1.990433754940283,0.3,engert_20220915_fish1_magneto_0,4.6219482421875,,57.0,,,20220915,20220915_fish1,zebrafish,WB,mag,2520.0,18,0.621716191333126,14,0.6,2022_09_15-fish1_cytoGCaMP
8,0.27061848949135925,1.617400507847276,0.3,engert_20220915_fish1_magneto_0,24.99100685119629,,57.0,,,20220915,20220915_fish1,zebrafish,WB,mag,2520.0,19,0.9932874293345764,21,0.6,2022_09_15-fish1_cytoGCaMP
9,0.3995269393530705,1.3538514782827753,0.3,engert_20220915_fish1_magneto_0,127.71156311035156,,57.0,,,20220915,20220915_fish1,zebrafish,WB,mag,2520.0,21,0.923117990983993,32,0.6,2022_09_15-fish1_cytoGCaMP
10,0.576987751374516,1.0471996185411123,0.3,engert_20220915_fish1_magneto_0,6.217685222625732,,57.0,,,20220915,20220915_fish1,zebrafish,WB,mag,2520.0,23,0.7707236580121644,13,0.6,2022_09_15-fish1_cytoGCaMP
11,0.371364612194107,1.4069960223439801,0.3,engert_20220915_fish1_magneto_0,20.944316864013672,,57.0,,,20220915,20220915_fish1,zebrafish,WB,mag,2520.0,25,0.8617788139885043,17,0.6,2022_09_15-fish1_cytoGCaMP
12,0.47878149396124925,1.2124716641314077,0.3,engert_20220915_fish1_magneto_0,79.98030090332031,,57.0,,,20220915,20220915_fish1,zebrafish,WB,mag,2520.0,26,0.992088766731577,21,0.6,2022_09_15-fish1_cytoGCaMP
13,0.15156004382084787,1.9458362585005902,0.3,engert_20220915_fish1_magneto_0,32.8483772277832,,57.0,,,20220915,20220915_fish1,zebrafish,WB,mag,2520.0,33,0.9653656436247083,40,0.6,2022_09_15-fish1_cytoGCaMP
14,0.8441293622097045,0.5805631692578336,0.3,engert_20220915_fish1_magneto_0,26.96556282043457,,57.0,,,20220915,20220915_fish1,zebrafish,WB,mag,2520.0,34,0.9188529565264179,31,0.6,2022_09_15-fish1_cytoGCaMP
15,0.047763135737186935,2.4768958565226153,0.3,engert_20220915_fish1_magneto_0,7.061381816864014,,57.0,,,20220915,20220915_fish1,zebrafish,WB,mag,2520.0,37,0.9975303763844308,15,0.6,2022_09_15-fish1_cytoGCaMP
16,0.24736898415009212,1.6724029397617923,0.3,engert_20220915_fish1_magneto_0,10.530669212341309,,57.0,,,20220915,20220915_fish1,zebrafish,WB,mag,2520.0,41,0.8230402471758812,19,0.6,2022_09_15-fish1_cytoGCaMP
17,0.8112121918088743,0.6452326104816208,0.3,engert_20220915_fish1_magneto_0,36.598548889160156,,57.0,,,20220915,20220915_fish1,zebrafish,WB,mag,2520.0,45,0.8102086475175592,41,0.6,2022_09_15-fish1_cytoGCaMP
18,0.5469193236315695,1.0971278808555793,0.3,engert_20220915_fish1_magneto_0,20.366838455200195,,57.0,,,20220915,20220915_fish1,zebrafish,WB,mag,2520.0,49,0.8617788139885043,15,0.6,2022_09_15-fish1_cytoGCaMP
19,0.5464165973774608,1.0979661485550931,0.3,engert_20220915_fish1_magneto_0,62.60086441040039,,57.0,,,20220915,20220915_fish1,zebrafish,WB,mag,2520.0,50,0.8192121968568719,17,0.6,2022_09_15-fish1_cytoGCaMP
20,0.06902645954836861,2.320229074284043,0.3,engert_20220915_fish1_magneto_0,122.07372283935547,,57.0,,,20220915,20220915_fish1,zebrafish,WB,mag,2520.0,51,0.950614838170986,23,0.6,2022_09_15-fish1_cytoGCaMP
21,0.7583710886745578,0.7420508701214469,0.3,engert_20220915_fish1_magneto_0,49.92422103881836,,57.0,,,20220915,20220915_fish1,zebrafish,WB,mag,2520.0,55,0.9599854979095684,21,0.6,2022_09_15-fish1_cytoGCaMP
22,0.2988811034457709,1.5543661374230675,0.3,engert_20220915_fish1_magneto_0,87.39080047607422,,57.0,,,20220915,20220915_fish1,zebrafish,WB,mag,2520.0,60,0.8339474070638881,13,0.6,2022_09_15-fish1_cytoGCaMP
23,0.7189193661969644,0.8107001125001826,0.3,engert_20220915_fish1_magneto_0,10.32282543182373,,57.0,,,20220915,20220915_fish1,zebrafish,WB,mag,2520.0,61,0.8339474070638881,11,0.6,2022_09_15-fish1_cytoGCaMP
24,0.1665325612870978,1.8962316981887275,0.3,engert_20220915_fish1_magneto_0,109.40351104736328,,57.0,,,20220915,20220915_fish1,zebrafish,WB,mag,2520.0,73,0.9165107216492052,14,0.6,2022_09_15-fish1_cytoGCaMP
25,0.33082438633287814,1.4872341211493387,0.3,engert_20220915_fish1_magneto_0,123.05827331542969,,57.0,,,20220915,20220915_fish1,zebrafish,WB,mag,2520.0,74,0.8339474070638881,11,0.6,2022_09_15-fish1_cytoGCaMP
26,0.36396752370830376,1.4212811963411889,0.3,engert_20220915_fish1_magneto_0,30.96380615234375,,57.0,,,20220915,20220915_fish1,zebrafish,WB,mag,2520.0,75,0.9928679446077502,35,0.6,2022_09_15-fish1_cytoGCaMP
27,0.057802668626636966,2.396944046105194,0.3,engert_20220915_fish1_magneto_0,15.704609870910645,,57.0,,,20220915,20220915_fish1,zebrafish,WB,mag,2520.0,81,0.9970304902247954,23,0.6,2022_09_15-fish1_cytoGCaMP
28,0.45376212196733967,1.2560395145342385,0.3,engert_20220915_fish1_magneto_0,26.167224884033203,,57.0,,,20220915,20220915_fish1,zebrafish,WB,mag,2520.0,82,0.7117537688155738,13,0.6,2022_09_15-fish1_cytoGCaMP
29,0.40809006063011766,1.338044998143865,0.3,engert_20220915_fish1_magneto_0,34.35986328125,,57.0,,,20220915,20220915_fish1,zebrafish,WB,mag,2520.0,91,0.9165107216492052,16,0.6,2022_09_15-fish1_cytoGCaMP
30,0.869704398394845,0.5268704431540586,0.3,engert_20220915_fish1_magneto_0,15.985346794128418,,57.0,,,20220915,20220915_fish1,zebrafish,WB,mag,2520.0,96,0.9906926327496741,16,0.6,2022_09_15-fish1_cytoGCaMP
31,0.27168916160113343,1.6149407283517108,0.3,engert_20220915_fish1_magneto_0,64.43671417236328,,57.0,,,20220915,20220915_fish1,zebrafish,WB,mag,2520.0,106,0.9949111239324283,21,0.6,2022_09_15-fish1_cytoGCaMP
32,0.8275552076467656,0.6136523582369404,0.3,engert_20220915_fish1_magneto_0,51.38901901245117,,57.0,,,20220915,20220915_fish1,zebrafish,WB,mag,2520.0,112,0.8574649329703409,12,0.6,2022_09_15-fish1_cytoGCaMP
33,0.34846027364513676,1.4517224774162671,0.3,engert_20220915_fish1_magneto_0,51.74921798706055,,57.0,,,20220915,20220915_fish1,zebrafish,WB,mag,2520.0,141,0.7862514323859122,12,0.6,2022_09_15-fish1_cytoGCaMP
34,0.8373306187835757,0.5942787695983772,0.3,engert_20220915_fish1_magneto_0,66.6298828125,,57.0,,,20220915,20220915_fish1,zebrafish,WB,mag,2520.0,168,0.9906926327496741,14,0.6,2022_09_15-fish1_cytoGCaMP
35,0.2603160657316985,1.6413868844948813,0.3,engert_20220915_fish1_magneto_0,49.62715148925781,,57.0,,,20220915,20220915_fish1,zebrafish,WB,mag,2520.0,194,0.9979115191807134,15,0.6,2022_09_15-fish1_cytoGCaMP
36,0.16336472246710887,1.9064456182276455,0.3,engert_20220915_fish1_magneto_0,15.535537719726562,,57.0,,,20220915,20220915_fish1,zebrafish,WB,mag,2520.0,205,0.9983789638850772,25,0.6,2022_09_15-fish1_cytoGCaMP
37,0.793675052640101,0.6781566274452426,0.3,engert_20220915_fish1_magneto_0,25.807994842529297,,57.0,,,20220915,20220915_fish1,zebrafish,WB,mag,2520.0,208,0.8617788139885043,13,0.6,2022_09_15-fish1_cytoGCaMP
38,0.6149464251835766,0.9844999298672834,0.3,engert_20220915_fish1_magneto_0,15.735227584838867,,57.0,,,20220915,20220915_fish1,zebrafish,WB,mag,2520.0,221,0.8339474070638881,13,0.6,2022_09_15-fish1_cytoGCaMP
39,0.18976473063705557,1.825311790615283,0.3,engert_20220915_fish1_magneto_0,91.73629760742188,,57.0,,,20220915,20220915_fish1,zebrafish,WB,mag,2520.0,232,0.6100441413642069,16,0.6,2022_09_15-fish1_cytoGCaMP
40,0.27219411617147293,1.6137828335600044,0.3,engert_20220915_fish1_magneto_0,12.262225151062012,,57.0,,,20220915,20220915_fish1,zebrafish,WB,mag,2520.0,256,0.6972651387776742,11,0.6,2022_09_15-fish1_cytoGCaMP
41,0.12467032941685818,2.044966264201379,0.3,engert_20220915_fish1_magneto_0,10.751004219055176,,57.0,,,20220915,20220915_fish1,zebrafish,WB,mag,2520.0,320,0.9615610136735054,22,0.6,2022_09_15-fish1_cytoGCaMP
42,0.11868254616989204,2.0692251594123934,0.3,engert_20220915_fish1_magneto_0,8.183883666992188,,57.0,,,20220915,20220915_fish1,zebrafish,WB,mag,2520.0,343,0.8597444580618226,11,0.6,2022_09_15-fish1_cytoGCaMP
43,0.8882825711574494,0.4852814692210922,0.3,engert_20220915_fish1_magneto_0,17.998449325561523,,57.0,,,20220915,20220915_fish1,zebrafish,WB,mag,2520.0,354,0.785252270018597,14,0.6,2022_09_15-fish1_cytoGCaMP
44,0.46547364666877633,1.2355430417807343,0.3,engert_20220915_fish1_magneto_0,21.602022171020508,,57.0,,,20220915,20220915_fish1,zebrafish,WB,mag,2520.0,361,0.9661623511518653,15,0.6,2022_09_15-fish1_cytoGCaMP
45,0.6998002967106544,0.8432301286567105,0.3,engert_20220915_fish1_magneto_0,41.3458366394043,,57.0,,,20220915,20220915_fish1,zebrafish,WB,mag,2520.0,389,0.8590660414145905,14,0.6,2022_09_15-fish1_cytoGCaMP
46,0.011244546893717122,3.0182908300442484,0.3,engert_20220915_fish1_magneto_0,17.824493408203125,,57.0,,,20220915,20220915_fish1,zebrafish,WB,mag,2520.0,403,0.9069559102232626,16,0.6,2022_09_15-fish1_cytoGCaMP
47,0.8916929841250328,0.477354953814884,0.3,engert_20220915_fish1_magneto_0,31.256210327148438,,57.0,,,20220915,20220915_fish1,zebrafish,WB,mag,2520.0,407,0.6221685388179072,20,0.6,2022_09_15-fish1_cytoGCaMP
48,0.7337109043086945,0.7852339609400886,0.3,engert_20220915_fish1_magneto_0,27.506616592407227,,57.0,,,20220915,20220915_fish1,zebrafish,WB,mag,2520.0,474,0.8645453015711493,13,0.6,2022_09_15-fish1_cytoGCaMP
49,0.5593779317764771,1.0763946474305557,0.3,engert_20220915_fish1_magneto_0,12.523658752441406,,57.0,,,20220915,20220915_fish1,zebrafish,WB,mag,2520.0,524,0.6341777213676427,30,0.6,2022_09_15-fish1_cytoGCaMP
50,0.17779170545381995,1.8610316220861536,0.3,engert_20220915_fish1_magneto_0,34.00309371948242,,57.0,,,20220915,20220915_fish1,zebrafish,WB,mag,2520.0,570,0.8617788139885043,12,0.6,2022_09_15-fish1_cytoGCaMP
51,0.13413356650719743,2.0083856327448486,0.3,engert_20220915_fish1_magneto_0,23.37489891052246,,57.0,,,20220915,20220915_fish1,zebrafish,WB,mag,2520.0,608,0.8953531723207343,13,0.6,2022_09_15-fish1_cytoGCaMP
52,0.12432701370663801,2.0463328376880225,0.3,engert_20220915_fish1_magneto_0,19.48970603942871,,57.0,,,20220915,20220915_fish1,zebrafish,WB,mag,2520.0,612,0.9004989187666195,11,0.6,2022_09_15-fish1_cytoGCaMP
53,0.8201635843260128,0.6280532667989986,0.3,engert_20220915_fish1_magneto_0,25.40609359741211,,57.0,,,20220915,20220915_fish1,zebrafish,WB,mag,2520.0,904,0.7465438209866168,15,0.6,2022_09_15-fish1_cytoGCaMP
54,0.6040731600481397,1.002447330124549,0.3,engert_20220915_fish1_magneto_0,17.814987182617188,,57.0,,,20220915,20220915_fish1,zebrafish,WB,mag,2520.0,1082,0.970843800360027,11,0.6,2022_09_15-fish1_cytoGCaMP
55,0.5418501862098006,1.1055869437974162,0.3,engert_20220915_fish1_magneto_0,9.476213455200195,,57.0,,,20220915,20220915_fish1,zebrafish,WB,mag,2520.0,2217,0.7371444785980389,14,0.6,2022_09_15-fish1_cytoGCaMP
56,0.6758729823910083,0.8834593699442879,0.3,engert_20220915_fish1_magneto_0,19.555681228637695,,57.0,,,20220915,20220915_fish1,zebrafish,WB,mag,2520.0,4052,0.8469680811432675,12,0.6,2022_09_15-fish1_cytoGCaMP
7,0.1373258442775036,1.9964883335035224,0.3,engert_20220915_fish1_magneto_1,44.062313079833984,,57.0,,,20220915,20220915_fish1,zebrafish,WB,mag,2520.0,20,0.7728190157638531,58,0.6,2022_09_15-fish1_cytoGCaMP
10,0.10797873172515182,2.1150573293640216,0.3,engert_20220915_fish1_magneto_1,8.156250953674316,,57.0,,,20220915,20220915_fish1,zebrafish,WB,mag,2520.0,24,0.8382291109112443,25,0.6,2022_09_15-fish1_cytoGCaMP
12,0.22239515934553278,1.7353659657048397,0.3,engert_20220915_fish1_magneto_1,6.308497905731201,,57.0,,,20220915,20220915_fish1,zebrafish,WB,mag,2520.0,27,0.8617788139885043,22,0.6,2022_09_15-fish1_cytoGCaMP
16,0.13158622739865078,2.0180339770806053,0.3,engert_20220915_fish1_magneto_1,10.867192268371582,,57.0,,,20220915,20220915_fish1,zebrafish,WB,mag,2520.0,40,0.6073429878283695,44,0.6,2022_09_15-fish1_cytoGCaMP
19,0.48962408348438224,1.1938299688747687,0.3,engert_20220915_fish1_magneto_1,8.476688385009766,,57.0,,,20220915,20220915_fish1,zebrafish,WB,mag,2520.0,46,0.9969227386960539,28,0.6,2022_09_15-fish1_cytoGCaMP
20,0.7838117723563776,0.6962982673861083,0.3,engert_20220915_fish1_magneto_1,18.602306365966797,,57.0,,,20220915,20220915_fish1,zebrafish,WB,mag,2520.0,48,0.9821762833110084,46,0.6,2022_09_15-fish1_cytoGCaMP
23,0.27603771038332625,1.6050121157777792,0.3,engert_20220915_fish1_magneto_1,14.721511840820312,,57.0,,,20220915,20220915_fish1,zebrafish,WB,mag,2520.0,52,0.8617788139885043,17,0.6,2022_09_15-fish1_cytoGCaMP
25,0.2525862165163768,1.6597819169666996,0.3,engert_20220915_fish1_magneto_1,19.378005981445312,,57.0,,,20220915,20220915_fish1,zebrafish,WB,mag,2520.0,56,0.606041354122747,26,0.6,2022_09_15-fish1_cytoGCaMP
26,0.8573489295390407,0.5532579929223136,0.3,engert_20220915_fish1_magneto_1,8.277497291564941,,57.0,,,20220915,20220915_fish1,zebrafish,WB,mag,2520.0,57,0.9165107216492052,11,0.6,2022_09_15-fish1_cytoGCaMP
27,0.8340843892891832,0.6007560631320147,0.3,engert_20220915_fish1_magneto_1,41.359859466552734,,57.0,,,20220915,20220915_fish1,zebrafish,WB,mag,2520.0,58,0.6868845524950135,34,0.6,2022_09_15-fish1_cytoGCaMP
30,0.4029481724942734,1.347518008412055,0.3,engert_20220915_fish1_magneto_1,9.56399917602539,,57.0,,,20220915,20220915_fish1,zebrafish,WB,mag,2520.0,62,0.9983716498869595,19,0.6,2022_09_15-fish1_cytoGCaMP
31,0.1406921274597832,1.9841664030638124,0.3,engert_20220915_fish1_magneto_1,101.51239013671875,,57.0,,,20220915,20220915_fish1,zebrafish,WB,mag,2520.0,63,0.9984973130483641,30,0.6,2022_09_15-fish1_cytoGCaMP
32,0.20999482787167612,1.7684025499769949,0.3,engert_20220915_fish1_magneto_1,25.354780197143555,,57.0,,,20220915,20220915_fish1,zebrafish,WB,mag,2520.0,67,0.8617788139885043,19,0.6,2022_09_15-fish1_cytoGCaMP
33,0.917910088285851,0.4125289934588111,0.3,engert_20220915_fish1_magneto_1,9.111794471740723,,57.0,,,20220915,20220915_fish1,zebrafish,WB,mag,2520.0,71,0.9847399874093775,21,0.6,2022_09_15-fish1_cytoGCaMP
37,0.7269526713772559,0.7969053799086195,0.3,engert_20220915_fish1_magneto_1,20.949033737182617,,57.0,,,20220915,20220915_fish1,zebrafish,WB,mag,2520.0,84,0.8953531723207343,11,0.6,2022_09_15-fish1_cytoGCaMP
38,0.33070274872208016,1.4874826328830817,0.3,engert_20220915_fish1_magneto_1,57.6943244934082,,57.0,,,20220915,20220915_fish1,zebrafish,WB,mag,2520.0,86,0.6100441413642069,15,0.6,2022_09_15-fish1_cytoGCaMP
39,0.6415648532208504,0.9405099913288028,0.3,engert_20220915_fish1_magneto_1,21.566028594970703,,57.0,,,20220915,20220915_fish1,zebrafish,WB,mag,2520.0,90,0.9929120964892953,23,0.6,2022_09_15-fish1_cytoGCaMP
41,0.6117520103454563,0.9897728230686194,0.3,engert_20220915_fish1_magneto_1,9.914114952087402,,57.0,,,20220915,20220915_fish1,zebrafish,WB,mag,2520.0,92,0.8617788139885043,20,0.6,2022_09_15-fish1_cytoGCaMP
43,0.8854527288211661,0.49178458704337286,0.3,engert_20220915_fish1_magneto_1,51.880332946777344,,57.0,,,20220915,20220915_fish1,zebrafish,WB,mag,2520.0,103,0.8339474070638881,13,0.6,2022_09_15-fish1_cytoGCaMP
45,0.9866252477236374,0.16314748592364212,0.3,engert_20220915_fish1_magneto_1,9.409882545471191,,57.0,,,20220915,20220915_fish1,zebrafish,WB,mag,2520.0,108,0.8339474070638881,11,0.6,2022_09_15-fish1_cytoGCaMP
46,0.43604661124264776,1.2874273982836777,0.3,engert_20220915_fish1_magneto_1,76.3423843383789,,57.0,,,20220915,20220915_fish1,zebrafish,WB,mag,2520.0,110,0.9789072425935789,26,0.6,2022_09_15-fish1_cytoGCaMP
48,0.6157150870420454,0.9832310534767402,0.3,engert_20220915_fish1_magneto_1,37.336605072021484,,57.0,,,20220915,20220915_fish1,zebrafish,WB,mag,2520.0,117,0.8617788139885043,17,0.6,2022_09_15-fish1_cytoGCaMP
49,0.9731699384609981,0.23215492858160938,0.3,engert_20220915_fish1_magneto_1,48.11137008666992,,57.0,,,20220915,20220915_fish1,zebrafish,WB,mag,2520.0,121,0.987074531036916,21,0.6,2022_09_15-fish1_cytoGCaMP
50,0.7490390637976119,0.7585112904448804,0.3,engert_20220915_fish1_magneto_1,106.51709747314453,,57.0,,,20220915,20220915_fish1,zebrafish,WB,mag,2520.0,122,0.8339474070638881,11,0.6,2022_09_15-fish1_cytoGCaMP
51,0.9277039619179561,0.3860806094155765,0.3,engert_20220915_fish1_magneto_1,10.710349082946777,,57.0,,,20220915,20220915_fish1,zebrafish,WB,mag,2520.0,124,0.8617788139885043,14,0.6,2022_09_15-fish1_cytoGCaMP
52,0.4398570198408951,1.2806346351354945,0.3,engert_20220915_fish1_magneto_1,13.420111656188965,,57.0,,,20220915,20220915_fish1,zebrafish,WB,mag,2520.0,128,0.8574649329703409,14,0.6,2022_09_15-fish1_cytoGCaMP
53,0.33025927631877683,1.4883889887247734,0.3,engert_20220915_fish1_magneto_1,8.766434669494629,,57.0,,,20220915,20220915_fish1,zebrafish,WB,mag,2520.0,131,0.8574649329703409,16,0.6,2022_09_15-fish1_cytoGCaMP
54,0.21522321311298642,1.7543156127730644,0.3,engert_20220915_fish1_magneto_1,25.7157039642334,,57.0,,,20220915,20220915_fish1,zebrafish,WB,mag,2520.0,137,0.8339474070638881,12,0.6,2022_09_15-fish1_cytoGCaMP
55,0.6489869149180807,0.928212834762681,0.3,engert_20220915_fish1_magneto_1,28.768037796020508,,57.0,,,20220915,20220915_fish1,zebrafish,WB,mag,2520.0,139,0.7862514323859122,11,0.6,2022_09_15-fish1_cytoGCaMP
56,0.9413031472703219,0.3465581536931599,0.3,engert_20220915_fish1_magneto_1,54.271610260009766,,57.0,,,20220915,20220915_fish1,zebrafish,WB,mag,2520.0,142,0.9857266463086337,27,0.6,2022_09_15-fish1_cytoGCaMP
57,0.3072061235912563,1.5364865212015337,0.3,engert_20220915_fish1_magneto_1,30.19064712524414,,57.0,,,20220915,20220915_fish1,zebrafish,WB,mag,2520.0,149,0.8339474070638881,11,0.6,2022_09_15-fish1_cytoGCaMP
58,0.1653262448970726,1.9001042585831944,0.3,engert_20220915_fish1_magneto_1,26.838153839111328,,57.0,,,20220915,20220915_fish1,zebrafish,WB,mag,2520.0,155,0.8617788139885043,23,0.6,2022_09_15-fish1_cytoGCaMP
59,0.13614318738095865,2.0008712535836346,0.3,engert_20220915_fish1_magneto_1,26.897977828979492,,57.0,,,20220915,20220915_fish1,zebrafish,WB,mag,2520.0,158,0.7862514323859122,12,0.6,2022_09_15-fish1_cytoGCaMP
61,0.5581962947711112,1.0783579403769257,0.3,engert_20220915_fish1_magneto_1,33.838008880615234,,57.0,,,20220915,20220915_fish1,zebrafish,WB,mag,2520.0,173,0.8617788139885043,18,0.6,2022_09_15-fish1_cytoGCaMP
62,0.42546812440349446,1.3064135942822837,0.3,engert_20220915_fish1_magneto_1,44.38381576538086,,57.0,,,20220915,20220915_fish1,zebrafish,WB,mag,2520.0,175,0.9947610389637876,20,0.6,2022_09_15-fish1_cytoGCaMP
63,0.5394371184135454,1.1096189474344396,0.3,engert_20220915_fish1_magneto_1,27.34284210205078,,57.0,,,20220915,20220915_fish1,zebrafish,WB,mag,2520.0,176,0.7862514323859122,12,0.6,2022_09_15-fish1_cytoGCaMP
64,0.46380932006869513,1.2384443649330348,0.3,engert_20220915_fish1_magneto_1,20.222116470336914,,57.0,,,20220915,20220915_fish1,zebrafish,WB,mag,2520.0,185,0.8339474070638881,11,0.6,2022_09_15-fish1_cytoGCaMP
65,0.5918044698743472,1.0227042490913085,0.3,engert_20220915_fish1_magneto_1,80.74869537353516,,57.0,,,20220915,20220915_fish1,zebrafish,WB,mag,2520.0,187,0.9165107216492052,11,0.6,2022_09_15-fish1_cytoGCaMP
70,0.4834455780351866,1.2044364370020946,0.3,engert_20220915_fish1_magneto_1,23.406356811523438,,57.0,,,20220915,20220915_fish1,zebrafish,WB,mag,2520.0,231,0.8339474070638881,19,0.6,2022_09_15-fish1_cytoGCaMP
72,0.15197343871101077,1.9444193050649736,0.3,engert_20220915_fish1_magneto_1,18.568437576293945,,57.0,,,20220915,20220915_fish1,zebrafish,WB,mag,2520.0,244,0.6424764931047365,14,0.6,2022_09_15-fish1_cytoGCaMP
74,0.5688849922826751,1.0606194108274996,0.3,engert_20220915_fish1_magneto_1,37.4775390625,,57.0,,,20220915,20220915_fish1,zebrafish,WB,mag,2520.0,316,0.8339474070638881,15,0.6,2022_09_15-fish1_cytoGCaMP
79,0.5149036432708632,1.1508351100933583,0.3,engert_20220915_fish1_magneto_1,56.256080627441406,,57.0,,,20220915,20220915_fish1,zebrafish,WB,mag,2520.0,373,0.9165107216492052,15,0.6,2022_09_15-fish1_cytoGCaMP
0,0.9533656913335998,0.30785402504228615,0.3,engert_20220915_fish1_magneto_2,20.150264739990234,,57.0,,,20220915,20220915_fish1,zebrafish,WB,mag,2520.0,3,0.9432103853968296,29,0.6,2022_09_15-fish1_cytoGCaMP
39,0.06764565689310653,2.329085986506125,0.3,engert_20220915_fish1_magneto_2,14.306970596313477,,57.0,,,20220915,20220915_fish1,zebrafish,WB,mag,2520.0,83,0.8617788139885043,11,0.6,2022_09_15-fish1_cytoGCaMP
44,0.5487474072705663,1.0940807702041626,0.3,engert_20220915_fish1_magneto_2,31.520050048828125,,57.0,,,20220915,20220915_fish1,zebrafish,WB,mag,2520.0,94,0.9944907033829128,21,0.6,2022_09_15-fish1_cytoGCaMP
46,0.29069295949812,1.5722419757345953,0.3,engert_20220915_fish1_magneto_2,61.77341842651367,,57.0,,,20220915,20220915_fish1,zebrafish,WB,mag,2520.0,99,0.9641563010227971,18,0.6,2022_09_15-fish1_cytoGCaMP
49,0.8986576040003367,0.4608436775721617,0.3,engert_20220915_fish1_magneto_2,23.436864852905273,,57.0,,,20220915,20220915_fish1,zebrafish,WB,mag,2520.0,116,0.9707248877162062,16,0.6,2022_09_15-fish1_cytoGCaMP
50,0.5367141438837685,1.1141730295253967,0.3,engert_20220915_fish1_magneto_2,23.136985778808594,,57.0,,,20220915,20220915_fish1,zebrafish,WB,mag,2520.0,118,0.8974506359621496,23,0.6,2022_09_15-fish1_cytoGCaMP
55,0.8216820297472117,0.6251113840945521,0.3,engert_20220915_fish1_magneto_2,96.1162338256836,,57.0,,,20220915,20220915_fish1,zebrafish,WB,mag,2520.0,136,0.8339474070638881,11,0.6,2022_09_15-fish1_cytoGCaMP
56,0.7183183538214606,0.8117289344302361,0.3,engert_20220915_fish1_magneto_2,31.94219207763672,,57.0,,,20220915,20220915_fish1,zebrafish,WB,mag,2520.0,138,0.7768593525998335,13,0.6,2022_09_15-fish1_cytoGCaMP
60,0.07199345176954308,2.301677945803575,0.3,engert_20220915_fish1_magneto_2,20.20391845703125,,57.0,,,20220915,20220915_fish1,zebrafish,WB,mag,2520.0,165,0.7862514323859122,11,0.6,2022_09_15-fish1_cytoGCaMP
64,0.16279881579684152,1.908285391065268,0.3,engert_20220915_fish1_magneto_2,44.25334548950195,,57.0,,,20220915,20220915_fish1,zebrafish,WB,mag,2520.0,184,0.8339474070638881,12,0.6,2022_09_15-fish1_cytoGCaMP
71,0.373635331349622,1.4026397671578035,0.3,engert_20220915_fish1_magneto_2,73.32914733886719,,57.0,,,20220915,20220915_fish1,zebrafish,WB,mag,2520.0,235,0.9800363876585443,17,0.6,2022_09_15-fish1_cytoGCaMP
73,0.36629600706365284,1.4167687101737634,0.3,engert_20220915_fish1_magneto_2,71.92378234863281,,57.0,,,20220915,20220915_fish1,zebrafish,WB,mag,2520.0,272,0.9165107216492052,12,0.6,2022_09_15-fish1_cytoGCaMP
74,0.35754187890837863,1.4338112302885813,0.3,engert_20220915_fish1_magneto_2,27.696908950805664,,57.0,,,20220915,20220915_fish1,zebrafish,WB,mag,2520.0,295,0.970843800360027,12,0.6,2022_09_15-fish1_cytoGCaMP
75,0.9997922818226402,0.019007658167770725,0.3,engert_20220915_fish1_magneto_2,59.66020584106445,,57.0,,,20220915,20220915_fish1,zebrafish,WB,mag,2520.0,310,0.8025372868812501,11,0.6,2022_09_15-fish1_cytoGCaMP
77,0.3246765190132298,1.4998573899485368,0.3,engert_20220915_fish1_magneto_2,214.06991577148438,,57.0,,,20220915,20220915_fish1,zebrafish,WB,mag,2520.0,322,0.6255749862302301,11,0.6,2022_09_15-fish1_cytoGCaMP
78,0.3368679882286977,1.474951044350077,0.3,engert_20220915_fish1_magneto_2,24.875185012817383,,57.0,,,20220915,20220915_fish1,zebrafish,WB,mag,2520.0,324,0.9165107216492052,14,0.6,2022_09_15-fish1_cytoGCaMP
79,0.6033367835028984,1.0036628326203667,0.3,engert_20220915_fish1_magneto_2,41.478782653808594,,57.0,,,20220915,20220915_fish1,zebrafish,WB,mag,2520.0,332,0.8339474070638881,14,0.6,2022_09_15-fish1_cytoGCaMP
87,0.35810512411708506,1.4327082842703158,0.3,engert_20220915_fish1_magneto_2,37.500003814697266,,57.0,,,20220915,20220915_fish1,zebrafish,WB,mag,2520.0,522,0.7862514323859122,12,0.6,2022_09_15-fish1_cytoGCaMP
0,0.6001850208340074,1.0080386593025195,0.1,engert_20221001_fish1_magneto_0,71.15711212158203,71.47718048095703,32.0,65.0,,20221001,20221001_fish1,zebrafish,WB,mag,2160.0,0,0.9611325619730119,46,0.6,2022_10_01-fish1_cytoGCamp
1,0.8918646812944824,0.47625408804034985,0.1,engert_20221001_fish1_magneto_0,4.20516300201416,5.618039131164551,32.0,65.0,,20221001,20221001_fish1,zebrafish,WB,mag,2160.0,2,0.9832683179556416,49,0.6,2022_10_01-fish1_cytoGCamp
2,0.13787906596807553,1.9978101487131645,0.1,engert_20221001_fish1_magneto_0,3.1597962379455566,3.542202949523926,32.0,65.0,,20221001,20221001_fish1,zebrafish,WB,mag,2160.0,4,0.8795578468889437,24,0.6,2022_10_01-fish1_cytoGCamp
3,0.6448200664220902,0.9342385107049188,0.1,engert_20221001_fish1_magneto_0,13.38792610168457,16.9641056060791,32.0,65.0,,20221001,20221001_fish1,zebrafish,WB,mag,2160.0,5,0.9885229773486964,44,0.6,2022_10_01-fish1_cytoGCamp
4,0.6299265142663983,0.9588943956013721,0.1,engert_20221001_fish1_magneto_0,64.86843872070312,57.07440948486328,32.0,65.0,,20221001,20221001_fish1,zebrafish,WB,mag,2160.0,6,0.9566110428039822,62,0.6,2022_10_01-fish1_cytoGCamp
5,0.8791185501881567,0.5053798484386043,0.1,engert_20221001_fish1_magneto_0,5.223909854888916,4.975235939025879,32.0,65.0,,20221001,20221001_fish1,zebrafish,WB,mag,2160.0,8,0.9170963590403082,19,0.6,2022_10_01-fish1_cytoGCamp
6,0.6328461016384128,0.9540653136648288,0.1,engert_20221001_fish1_magneto_0,117.97504425048828,113.58924102783203,32.0,65.0,,20221001,20221001_fish1,zebrafish,WB,mag,2160.0,9,0.981058634216207,47,0.6,2022_10_01-fish1_cytoGCamp
7,0.271108074514684,1.6171424531720255,0.1,engert_20221001_fish1_magneto_0,17.169008255004883,12.767260551452637,32.0,65.0,,20221001,20221001_fish1,zebrafish,WB,mag,2160.0,10,0.9695463455433276,42,0.6,2022_10_01-fish1_cytoGCamp
8,0.6270049836042193,0.9637251175793408,0.1,engert_20221001_fish1_magneto_0,21.352027893066406,36.8354377746582,32.0,65.0,,20221001,20221001_fish1,zebrafish,WB,mag,2160.0,11,0.9984955506122581,49,0.6,2022_10_01-fish1_cytoGCamp
9,0.40640736546433653,1.3409322212029793,0.1,engert_20221001_fish1_magneto_0,25.059123992919922,25.78221321105957,32.0,65.0,,20221001,20221001_fish1,zebrafish,WB,mag,2160.0,12,0.9614951572546836,53,0.6,2022_10_01-fish1_cytoGCamp
10,0.7954620900100534,0.6739702553223237,0.1,engert_20221001_fish1_magneto_0,64.50662994384766,68.56145477294922,32.0,65.0,,20221001,20221001_fish1,zebrafish,WB,mag,2160.0,13,0.9971548014625605,52,0.6,2022_10_01-fish1_cytoGCamp
11,0.8801597337457461,0.5030483523906862,0.1,engert_20221001_fish1_magneto_0,13.187363624572754,12.113814353942871,32.0,65.0,,20221001,20221001_fish1,zebrafish,WB,mag,2160.0,14,0.97333583746751,24,0.6,2022_10_01-fish1_cytoGCamp
12,0.2422672598996345,1.6861397176447186,0.1,engert_20221001_fish1_magneto_0,205.5623321533203,212.51193237304688,32.0,65.0,,20221001,20221001_fish1,zebrafish,WB,mag,2160.0,15,0.9977489831650957,48,0.6,2022_10_01-fish1_cytoGCamp
13,0.9273164648163601,0.38657170548745495,0.1,engert_20221001_fish1_magneto_0,9.96939754486084,13.958535194396973,32.0,65.0,,20221001,20221001_fish1,zebrafish,WB,mag,2160.0,16,0.9062906401403548,61,0.6,2022_10_01-fish1_cytoGCamp
14,0.41492110000954896,1.3252910412637415,0.1,engert_20221001_fish1_magneto_0,25.892595291137695,20.779977798461914,32.0,65.0,,20221001,20221001_fish1,zebrafish,WB,mag,2160.0,17,0.9881450957229658,41,0.6,2022_10_01-fish1_cytoGCamp
15,0.8168666745684108,0.6335654690570858,0.1,engert_20221001_fish1_magneto_0,73.52113342285156,78.79792022705078,32.0,65.0,,20221001,20221001_fish1,zebrafish,WB,mag,2160.0,20,0.9979198006047585,39,0.6,2022_10_01-fish1_cytoGCamp
16,0.11275366714737578,2.0984385277593964,0.1,engert_20221001_fish1_magneto_0,5.548447608947754,6.712004661560059,32.0,65.0,,20221001,20221001_fish1,zebrafish,WB,mag,2160.0,21,0.9062906401403548,41,0.6,2022_10_01-fish1_cytoGCamp
17,0.7700270150189845,0.7203663451486719,0.1,engert_20221001_fish1_magneto_0,14.396638870239258,23.951946258544922,32.0,65.0,,20221001,20221001_fish1,zebrafish,WB,mag,2160.0,22,0.9259061778055441,26,0.6,2022_10_01-fish1_cytoGCamp
18,0.2865807168584512,1.5820327521244772,0.1,engert_20221001_fish1_magneto_0,40.664520263671875,41.577781677246094,32.0,65.0,,20221001,20221001_fish1,zebrafish,WB,mag,2160.0,24,0.9754690171581477,42,0.6,2022_10_01-fish1_cytoGCamp
19,0.5924439173141497,1.0208331628388911,0.1,engert_20221001_fish1_magneto_0,81.32150268554688,79.44654846191406,32.0,65.0,,20221001,20221001_fish1,zebrafish,WB,mag,2160.0,26,0.9628788792943909,22,0.6,2022_10_01-fish1_cytoGCamp
20,0.42538326789717806,1.306263281701602,0.1,engert_20221001_fish1_magneto_0,5.986325263977051,5.530025005340576,32.0,65.0,,20221001,20221001_fish1,zebrafish,WB,mag,2160.0,27,0.9950185787342303,25,0.6,2022_10_01-fish1_cytoGCamp
21,0.5870602608143982,1.0297366069310883,0.1,engert_20221001_fish1_magneto_0,17.65612030029297,16.034814834594727,32.0,65.0,,20221001,20221001_fish1,zebrafish,WB,mag,2160.0,28,0.9434628168777646,57,0.6,2022_10_01-fish1_cytoGCamp
22,0.9709069897833382,0.24155895826317852,0.1,engert_20221001_fish1_magneto_0,4.563030242919922,5.319275379180908,32.0,65.0,,20221001,20221001_fish1,zebrafish,WB,mag,2160.0,29,0.9786078898648094,21,0.6,2022_10_01-fish1_cytoGCamp
23,0.9799245031828713,0.20009828999557178,0.1,engert_20221001_fish1_magneto_0,11.018162727355957,10.050296783447266,32.0,65.0,,20221001,20221001_fish1,zebrafish,WB,mag,2160.0,30,0.9903796279504017,34,0.6,2022_10_01-fish1_cytoGCamp
24,0.17301456014708205,1.8782043461996702,0.1,engert_20221001_fish1_magneto_0,5.632157802581787,4.899603366851807,32.0,65.0,,20221001,20221001_fish1,zebrafish,WB,mag,2160.0,32,0.97100816862096,31,0.6,2022_10_01-fish1_cytoGCamp
25,0.84328722296629,0.5814670318369,0.1,engert_20221001_fish1_magneto_0,17.106351852416992,17.804529190063477,32.0,65.0,,20221001,20221001_fish1,zebrafish,WB,mag,2160.0,33,0.9854513927077617,38,0.6,2022_10_01-fish1_cytoGCamp
26,0.14455253912122712,1.9734695545480114,0.1,engert_20221001_fish1_magneto_0,7.937826633453369,7.439587116241455,32.0,65.0,,20221001,20221001_fish1,zebrafish,WB,mag,2160.0,35,0.9857653607517586,35,0.6,2022_10_01-fish1_cytoGCamp
27,0.5614500670053345,1.072195649058235,0.1,engert_20221001_fish1_magneto_0,20.92589569091797,28.564985275268555,32.0,65.0,,20221001,20221001_fish1,zebrafish,WB,mag,2160.0,36,0.9934697860266924,60,0.6,2022_10_01-fish1_cytoGCamp
28,0.3495250894079126,1.449759459146617,0.1,engert_20221001_fish1_magneto_0,31.48329734802246,28.79362678527832,32.0,65.0,,20221001,20221001_fish1,zebrafish,WB,mag,2160.0,38,0.7031712285542929,21,0.6,2022_10_01-fish1_cytoGCamp
29,0.05623392524884663,2.4163353893823905,0.1,engert_20221001_fish1_magneto_0,109.73804473876953,106.41553497314453,32.0,65.0,,20221001,20221001_fish1,zebrafish,WB,mag,2160.0,39,0.972473402865978,41,0.6,2022_10_01-fish1_cytoGCamp
30,0.5107988363197044,1.1571456383139544,0.1,engert_20221001_fish1_magneto_0,6.834803104400635,6.704684257507324,32.0,65.0,,20221001,20221001_fish1,zebrafish,WB,mag,2160.0,40,0.9709152996573261,32,0.6,2022_10_01-fish1_cytoGCamp
31,0.16374461730484313,1.9078695785262143,0.1,engert_20221001_fish1_magneto_0,5.166026592254639,4.761054039001465,32.0,65.0,,20221001,20221001_fish1,zebrafish,WB,mag,2160.0,42,0.9841354820214866,23,0.6,2022_10_01-fish1_cytoGCamp
32,0.5710202791771117,1.0563040790257758,0.1,engert_20221001_fish1_magneto_0,8.199833869934082,8.372225761413574,32.0,65.0,,20221001,20221001_fish1,zebrafish,WB,mag,2160.0,43,0.9833095387875571,34,0.6,2022_10_01-fish1_cytoGCamp
33,0.76820986789946,0.7236244159871539,0.1,engert_20221001_fish1_magneto_0,5.925006866455078,6.8959641456604,32.0,65.0,,20221001,20221001_fish1,zebrafish,WB,mag,2160.0,45,0.9128316304138547,54,0.6,2022_10_01-fish1_cytoGCamp
34,0.3000211447055494,1.5524652801012255,0.1,engert_20221001_fish1_magneto_0,55.175472259521484,67.18286895751953,32.0,65.0,,20221001,20221001_fish1,zebrafish,WB,mag,2160.0,46,0.9919468740797966,45,0.6,2022_10_01-fish1_cytoGCamp
35,0.2972361105402017,1.5585254957784878,0.1,engert_20221001_fish1_magneto_0,12.799514770507812,14.138725280761719,32.0,65.0,,20221001,20221001_fish1,zebrafish,WB,mag,2160.0,47,0.9864508507734784,36,0.6,2022_10_01-fish1_cytoGCamp
36,0.4918814769178105,1.1893935496185286,0.1,engert_20221001_fish1_magneto_0,23.83971405029297,27.04955291748047,32.0,65.0,,20221001,20221001_fish1,zebrafish,WB,mag,2160.0,48,0.9944620248406553,48,0.6,2022_10_01-fish1_cytoGCamp
37,0.9127758585546892,0.4252098100596912,0.1,engert_20221001_fish1_magneto_0,16.119707107543945,13.999935150146484,32.0,65.0,,20221001,20221001_fish1,zebrafish,WB,mag,2160.0,49,0.9474780361316905,51,0.6,2022_10_01-fish1_cytoGCamp
38,0.8268961173453852,0.6141119663292591,0.1,engert_20221001_fish1_magneto_0,48.548709869384766,51.81098175048828,32.0,65.0,,20221001,20221001_fish1,zebrafish,WB,mag,2160.0,50,0.9906991188523638,21,0.6,2022_10_01-fish1_cytoGCamp
39,0.8668359246634825,0.5323182366819511,0.1,engert_20221001_fish1_magneto_0,8.127862930297852,8.837916374206543,32.0,65.0,,20221001,20221001_fish1,zebrafish,WB,mag,2160.0,51,0.9739267027956557,23,0.6,2022_10_01-fish1_cytoGCamp
40,0.2868618769675031,1.5814058139117477,0.1,engert_20221001_fish1_magneto_0,46.75483322143555,37.830623626708984,32.0,65.0,,20221001,20221001_fish1,zebrafish,WB,mag,2160.0,54,0.9924993255719918,71,0.6,2022_10_01-fish1_cytoGCamp
41,0.22005806308100895,1.7430483393247067,0.1,engert_20221001_fish1_magneto_0,70.00362396240234,86.47086334228516,32.0,65.0,,20221001,20221001_fish1,zebrafish,WB,mag,2160.0,55,0.8764876006539621,21,0.6,2022_10_01-fish1_cytoGCamp
42,0.8394631482249726,0.5891859797688702,0.1,engert_20221001_fish1_magneto_0,5.550940990447998,5.355525016784668,32.0,65.0,,20221001,20221001_fish1,zebrafish,WB,mag,2160.0,56,0.9614227614250193,22,0.6,2022_10_01-fish1_cytoGCamp
43,0.13873337675938224,1.9946451163437389,0.1,engert_20221001_fish1_magneto_0,46.50510787963867,36.607200622558594,32.0,65.0,,20221001,20221001_fish1,zebrafish,WB,mag,2160.0,59,0.9375622380254991,67,0.6,2022_10_01-fish1_cytoGCamp
44,0.33248446340917237,1.484127790253636,0.1,engert_20221001_fish1_magneto_0,116.37722778320312,120.30381774902344,32.0,65.0,,20221001,20221001_fish1,zebrafish,WB,mag,2160.0,60,0.9576206092395095,30,0.6,2022_10_01-fish1_cytoGCamp
45,0.9524100845402442,0.3106055170649056,0.1,engert_20221001_fish1_magneto_0,24.73079490661621,22.866207122802734,32.0,65.0,,20221001,20221001_fish1,zebrafish,WB,mag,2160.0,61,0.990510910678668,26,0.6,2022_10_01-fish1_cytoGCamp
46,0.36201092820460246,1.4251461639222331,0.1,engert_20221001_fish1_magneto_0,99.8744888305664,99.70781707763672,32.0,65.0,,20221001,20221001_fish1,zebrafish,WB,mag,2160.0,62,0.626875222280903,31,0.6,2022_10_01-fish1_cytoGCamp
47,0.04460491171511194,2.513961186058399,0.1,engert_20221001_fish1_magneto_0,37.52164077758789,40.112205505371094,32.0,65.0,,20221001,20221001_fish1,zebrafish,WB,mag,2160.0,63,0.8486843991006788,58,0.6,2022_10_01-fish1_cytoGCamp
48,0.56875183983944,1.060067710595861,0.1,engert_20221001_fish1_magneto_0,27.26030158996582,23.42867088317871,32.0,65.0,,20221001,20221001_fish1,zebrafish,WB,mag,2160.0,64,0.9572539680101281,21,0.6,2022_10_01-fish1_cytoGCamp
49,0.525678286870809,1.132007534482801,0.1,engert_20221001_fish1_magneto_0,90.63136291503906,114.1441879272461,32.0,65.0,,20221001,20221001_fish1,zebrafish,WB,mag,2160.0,66,0.9968750714098402,69,0.6,2022_10_01-fish1_cytoGCamp
50,0.4739846264459895,1.2202533575283263,0.1,engert_20221001_fish1_magneto_0,8.19076156616211,8.778556823730469,32.0,65.0,,20221001,20221001_fish1,zebrafish,WB,mag,2160.0,67,0.7896951256770331,25,0.6,2022_10_01-fish1_cytoGCamp
51,0.5126779953789702,1.153960674419859,0.1,engert_20221001_fish1_magneto_0,16.974143981933594,17.32526206970215,32.0,65.0,,20221001,20221001_fish1,zebrafish,WB,mag,2160.0,68,0.9269916745325687,48,0.6,2022_10_01-fish1_cytoGCamp
52,0.47850333112460197,1.2124261928932427,0.1,engert_20221001_fish1_magneto_0,155.2092742919922,147.4569854736328,32.0,65.0,,20221001,20221001_fish1,zebrafish,WB,mag,2160.0,69,0.9814593851207408,38,0.6,2022_10_01-fish1_cytoGCamp
53,0.2467515834760865,1.6750746732151722,0.1,engert_20221001_fish1_magneto_0,63.96527862548828,64.4728012084961,32.0,65.0,,20221001,20221001_fish1,zebrafish,WB,mag,2160.0,70,0.8285960854481578,21,0.6,2022_10_01-fish1_cytoGCamp
54,0.6068722467199315,0.9969904461570759,0.1,engert_20221001_fish1_magneto_0,21.465728759765625,32.74236297607422,32.0,65.0,,20221001,20221001_fish1,zebrafish,WB,mag,2160.0,71,0.9917350764306072,34,0.6,2022_10_01-fish1_cytoGCamp
55,0.701142344742349,0.8400484002616588,0.1,engert_20221001_fish1_magneto_0,98.3206558227539,92.5329818725586,32.0,65.0,,20221001,20221001_fish1,zebrafish,WB,mag,2160.0,72,0.9960813893756023,36,0.6,2022_10_01-fish1_cytoGCamp
56,0.17710578394375387,1.8654792140230676,0.1,engert_20221001_fish1_magneto_0,6.751711368560791,9.720126152038574,32.0,65.0,,20221001,20221001_fish1,zebrafish,WB,mag,2160.0,75,0.9919861888153542,18,0.6,2022_10_01-fish1_cytoGCamp
57,0.9847258385150219,0.17424970560881017,0.1,engert_20221001_fish1_magneto_0,13.247119903564453,23.475341796875,32.0,65.0,,20221001,20221001_fish1,zebrafish,WB,mag,2160.0,76,0.9985803492284049,34,0.6,2022_10_01-fish1_cytoGCamp
58,0.11935545273003312,2.0704412136290804,0.1,engert_20221001_fish1_magneto_0,28.959392547607422,30.54710578918457,32.0,65.0,,20221001,20221001_fish1,zebrafish,WB,mag,2160.0,77,0.993862811528199,37,0.6,2022_10_01-fish1_cytoGCamp
59,0.837842943511351,0.5924366535004839,0.1,engert_20221001_fish1_magneto_0,11.980473518371582,15.352531433105469,32.0,65.0,,20221001,20221001_fish1,zebrafish,WB,mag,2160.0,78,0.9548961068784161,19,0.6,2022_10_01-fish1_cytoGCamp
60,0.17302362942283445,1.8781758855429955,0.1,engert_20221001_fish1_magneto_0,13.263391494750977,7.921938896179199,32.0,65.0,,20221001,20221001_fish1,zebrafish,WB,mag,2160.0,79,0.7848063897700086,43,0.6,2022_10_01-fish1_cytoGCamp
61,0.5546970485288987,1.0834324975257115,0.1,engert_20221001_fish1_magneto_0,52.9839973449707,54.54011535644531,32.0,65.0,,20221001,20221001_fish1,zebrafish,WB,mag,2160.0,80,0.7331406949555787,39,0.6,2022_10_01-fish1_cytoGCamp
62,0.8787118225063987,0.5062885450474245,0.1,engert_20221001_fish1_magneto_0,132.88658142089844,144.77206420898438,32.0,65.0,,20221001,20221001_fish1,zebrafish,WB,mag,2160.0,81,0.9960813893756023,31,0.6,2022_10_01-fish1_cytoGCamp
63,0.22183615445189464,1.738353502730784,0.1,engert_20221001_fish1_magneto_0,9.95719051361084,11.287306785583496,32.0,65.0,,20221001,20221001_fish1,zebrafish,WB,mag,2160.0,84,0.9131209247184047,46,0.6,2022_10_01-fish1_cytoGCamp
64,0.9789632342997503,0.2048969789279389,0.1,engert_20221001_fish1_magneto_0,81.5309829711914,70.26427459716797,32.0,65.0,,20221001,20221001_fish1,zebrafish,WB,mag,2160.0,86,0.9985131592238969,35,0.6,2022_10_01-fish1_cytoGCamp
65,0.35058862579781025,1.4476449580015194,0.1,engert_20221001_fish1_magneto_0,214.21697998046875,215.30213928222656,32.0,65.0,,20221001,20221001_fish1,zebrafish,WB,mag,2160.0,87,0.9940176060949102,37,0.6,2022_10_01-fish1_cytoGCamp
66,0.507562328748772,1.1626385330952114,0.1,engert_20221001_fish1_magneto_0,45.80685043334961,60.510658264160156,32.0,65.0,,20221001,20221001_fish1,zebrafish,WB,mag,2160.0,88,0.9882838112030013,45,0.6,2022_10_01-fish1_cytoGCamp
67,0.29247176071255765,1.5689721113336315,0.1,engert_20221001_fish1_magneto_0,26.949047088623047,28.64004135131836,32.0,65.0,,20221001,20221001_fish1,zebrafish,WB,mag,2160.0,89,0.9757930872885888,30,0.6,2022_10_01-fish1_cytoGCamp
68,0.3756570081227709,1.3987445505895546,0.1,engert_20221001_fish1_magneto_0,21.526838302612305,20.8402156829834,32.0,65.0,,20221001,20221001_fish1,zebrafish,WB,mag,2160.0,92,0.9858351837596009,44,0.6,2022_10_01-fish1_cytoGCamp
69,0.4263775652959645,1.3044655178863211,0.1,engert_20221001_fish1_magneto_0,10.527078628540039,13.957026481628418,32.0,65.0,,20221001,20221001_fish1,zebrafish,WB,mag,2160.0,94,0.9512751891292095,62,0.6,2022_10_01-fish1_cytoGCamp
70,0.3002508018397626,1.5519669506108449,0.1,engert_20221001_fish1_magneto_0,17.496368408203125,15.216662406921387,32.0,65.0,,20221001,20221001_fish1,zebrafish,WB,mag,2160.0,97,0.9890359652466454,30,0.6,2022_10_01-fish1_cytoGCamp
71,0.8303415706253314,0.6073420303290797,0.1,engert_20221001_fish1_magneto_0,5.640889644622803,6.04689359664917,32.0,65.0,,20221001,20221001_fish1,zebrafish,WB,mag,2160.0,99,0.9943933289526139,35,0.6,2022_10_01-fish1_cytoGCamp
72,0.48042528780597193,1.2091045137438625,0.1,engert_20221001_fish1_magneto_0,25.16958236694336,26.1231689453125,32.0,65.0,,20221001,20221001_fish1,zebrafish,WB,mag,2160.0,102,0.9400992391069916,20,0.6,2022_10_01-fish1_cytoGCamp
73,0.9202775397438688,0.4056575976620759,0.1,engert_20221001_fish1_magneto_0,5.062337875366211,7.450355052947998,32.0,65.0,,20221001,20221001_fish1,zebrafish,WB,mag,2160.0,103,0.995508361069771,40,0.6,2022_10_01-fish1_cytoGCamp
74,0.763794861222217,0.7315122247402666,0.1,engert_20221001_fish1_magneto_0,21.741981506347656,14.77626895904541,32.0,65.0,,20221001,20221001_fish1,zebrafish,WB,mag,2160.0,107,0.9920708592932804,27,0.6,2022_10_01-fish1_cytoGCamp
75,0.957540901385101,0.29295739432586687,0.1,engert_20221001_fish1_magneto_0,5.9693379402160645,7.446717739105225,32.0,65.0,,20221001,20221001_fish1,zebrafish,WB,mag,2160.0,108,0.9704159257053835,34,0.6,2022_10_01-fish1_cytoGCamp
76,0.9573838476212287,0.29351153714754535,0.1,engert_20221001_fish1_magneto_0,14.310182571411133,9.917223930358887,32.0,65.0,,20221001,20221001_fish1,zebrafish,WB,mag,2160.0,109,0.9593324553648993,35,0.6,2022_10_01-fish1_cytoGCamp
77,0.7583158866680162,0.7412477512032092,0.1,engert_20221001_fish1_magneto_0,11.239045143127441,12.556497573852539,32.0,65.0,,20221001,20221001_fish1,zebrafish,WB,mag,2160.0,110,0.9818056340149275,72,0.6,2022_10_01-fish1_cytoGCamp
78,0.2423330168683736,1.685976441466612,0.1,engert_20221001_fish1_magneto_0,38.79792785644531,39.404266357421875,32.0,65.0,,20221001,20221001_fish1,zebrafish,WB,mag,2160.0,112,0.9747584282641518,34,0.6,2022_10_01-fish1_cytoGCamp
79,0.17700909633312867,1.8657774288461082,0.1,engert_20221001_fish1_magneto_0,11.792344093322754,12.437076568603516,32.0,65.0,,20221001,20221001_fish1,zebrafish,WB,mag,2160.0,115,0.990991340334012,35,0.6,2022_10_01-fish1_cytoGCamp
80,0.6688820084935849,0.8942358332757605,0.1,engert_20221001_fish1_magneto_0,16.201927185058594,15.204757690429688,32.0,65.0,,20221001,20221001_fish1,zebrafish,WB,mag,2160.0,117,0.9925034088754944,25,0.6,2022_10_01-fish1_cytoGCamp
81,0.38624648811372175,1.3785870838028242,0.1,engert_20221001_fish1_magneto_0,50.472225189208984,43.554176330566406,32.0,65.0,,20221001,20221001_fish1,zebrafish,WB,mag,2160.0,121,0.9901271936318807,42,0.6,2022_10_01-fish1_cytoGCamp
82,0.7530084587037207,0.7506251757526625,0.1,engert_20221001_fish1_magneto_0,19.808271408081055,26.491294860839844,32.0,65.0,,20221001,20221001_fish1,zebrafish,WB,mag,2160.0,122,0.9754435921041403,26,0.6,2022_10_01-fish1_cytoGCamp
83,0.308126162462109,1.5350166323609,0.1,engert_20221001_fish1_magneto_0,17.57630157470703,15.128388404846191,32.0,65.0,,20221001,20221001_fish1,zebrafish,WB,mag,2160.0,125,0.9916969242399433,21,0.6,2022_10_01-fish1_cytoGCamp
84,0.33149094206042196,1.4861612029078768,0.1,engert_20221001_fish1_magneto_0,112.994873046875,117.37728881835938,32.0,65.0,,20221001,20221001_fish1,zebrafish,WB,mag,2160.0,126,0.6976029824060452,29,0.6,2022_10_01-fish1_cytoGCamp
85,0.7659122415731435,0.7277342483388476,0.1,engert_20221001_fish1_magneto_0,13.413561820983887,19.57518768310547,32.0,65.0,,20221001,20221001_fish1,zebrafish,WB,mag,2160.0,127,0.9921660233129603,34,0.6,2022_10_01-fish1_cytoGCamp
86,0.5285799570444458,1.1271256122967481,0.1,engert_20221001_fish1_magneto_0,6.729751110076904,6.06636381149292,32.0,65.0,,20221001,20221001_fish1,zebrafish,WB,mag,2160.0,128,0.8983811129600145,46,0.6,2022_10_01-fish1_cytoGCamp
87,0.4716431084690913,1.2243192679876544,0.1,engert_20221001_fish1_magneto_0,45.87761306762695,45.69997787475586,32.0,65.0,,20221001,20221001_fish1,zebrafish,WB,mag,2160.0,129,0.9833478789038196,41,0.6,2022_10_01-fish1_cytoGCamp
88,0.39047206859174277,1.3706190833029719,0.1,engert_20221001_fish1_magneto_0,30.37760353088379,21.392927169799805,32.0,65.0,,20221001,20221001_fish1,zebrafish,WB,mag,2160.0,130,0.6077191443534388,21,0.6,2022_10_01-fish1_cytoGCamp
89,0.567447482898515,1.062232666898988,0.1,engert_20221001_fish1_magneto_0,31.70193099975586,34.04677200317383,32.0,65.0,,20221001,20221001_fish1,zebrafish,WB,mag,2160.0,132,0.6926102323060165,41,0.6,2022_10_01-fish1_cytoGCamp
90,0.3674308563015045,1.4146001779638633,0.1,engert_20221001_fish1_magneto_0,66.49652099609375,66.3823471069336,32.0,65.0,,20221001,20221001_fish1,zebrafish,WB,mag,2160.0,133,0.9148699979124474,17,0.6,2022_10_01-fish1_cytoGCamp
91,0.2994281945077739,1.553752681333618,0.1,engert_20221001_fish1_magneto_0,89.10498046875,87.85602569580078,32.0,65.0,,20221001,20221001_fish1,zebrafish,WB,mag,2160.0,135,0.9829278672144264,31,0.6,2022_10_01-fish1_cytoGCamp
92,0.8975907595768974,0.4627193527880071,0.1,engert_20221001_fish1_magneto_0,79.7882080078125,84.90513610839844,32.0,65.0,,20221001,20221001_fish1,zebrafish,WB,mag,2160.0,141,0.9780446201369268,22,0.6,2022_10_01-fish1_cytoGCamp
93,0.570024003466288,1.0579567956596638,0.1,engert_20221001_fish1_magneto_0,16.30314064025879,17.636383056640625,32.0,65.0,,20221001,20221001_fish1,zebrafish,WB,mag,2160.0,142,0.9956971403241942,54,0.6,2022_10_01-fish1_cytoGCamp
94,0.06373349248092386,2.362050787688596,0.1,engert_20221001_fish1_magneto_0,25.580013275146484,20.823450088500977,32.0,65.0,,20221001,20221001_fish1,zebrafish,WB,mag,2160.0,143,0.9056392855638914,40,0.6,2022_10_01-fish1_cytoGCamp
95,0.328515013114863,1.4922724375612308,0.1,engert_20221001_fish1_magneto_0,109.69249725341797,119.74992370605469,32.0,65.0,,20221001,20221001_fish1,zebrafish,WB,mag,2160.0,147,0.9535443638660474,28,0.6,2022_10_01-fish1_cytoGCamp
96,0.5871620910192985,1.0295681520673852,0.1,engert_20221001_fish1_magneto_0,27.068992614746094,16.76659393310547,32.0,65.0,,20221001,20221001_fish1,zebrafish,WB,mag,2160.0,148,0.9945235731920465,23,0.6,2022_10_01-fish1_cytoGCamp
97,0.08138261061937935,2.252598535255883,0.1,engert_20221001_fish1_magneto_0,26.989152908325195,23.076496124267578,32.0,65.0,,20221001,20221001_fish1,zebrafish,WB,mag,2160.0,149,0.9746644032649853,21,0.6,2022_10_01-fish1_cytoGCamp
98,0.5009745521930825,1.1738490964418957,0.1,engert_20221001_fish1_magneto_0,48.80613708496094,40.64920425415039,32.0,65.0,,20221001,20221001_fish1,zebrafish,WB,mag,2160.0,150,0.9512593836932155,43,0.6,2022_10_01-fish1_cytoGCamp
99,0.42340605033407386,1.309843593812521,0.1,engert_20221001_fish1_magneto_0,5.270200252532959,6.383421421051025,32.0,65.0,,20221001,20221001_fish1,zebrafish,WB,mag,2160.0,154,0.9927502426035699,23,0.6,2022_10_01-fish1_cytoGCamp
100,0.3009182899066598,1.550520254157305,0.1,engert_20221001_fish1_magneto_0,38.80241775512695,33.629886627197266,32.0,65.0,,20221001,20221001_fish1,zebrafish,WB,mag,2160.0,155,0.9394452180180247,15,0.6,2022_10_01-fish1_cytoGCamp
101,0.1584119812839836,1.9254974996246392,0.1,engert_20221001_fish1_magneto_0,29.372371673583984,29.451873779296875,32.0,65.0,,20221001,20221001_fish1,zebrafish,WB,mag,2160.0,158,0.9237734348451122,29,0.6,2022_10_01-fish1_cytoGCamp
102,0.11109517254744694,2.1056725378673304,0.1,engert_20221001_fish1_magneto_0,30.054025650024414,32.402931213378906,32.0,65.0,,20221001,20221001_fish1,zebrafish,WB,mag,2160.0,159,0.9788829620173112,27,0.6,2022_10_01-fish1_cytoGCamp
103,0.6591053140069578,0.9105214797306552,0.1,engert_20221001_fish1_magneto_0,101.15910339355469,103.22372436523438,32.0,65.0,,20221001,20221001_fish1,zebrafish,WB,mag,2160.0,161,0.6077191443534388,17,0.6,2022_10_01-fish1_cytoGCamp
104,0.9311330314151303,0.3758835831098692,0.1,engert_20221001_fish1_magneto_0,9.711054801940918,9.512311935424805,32.0,65.0,,20221001,20221001_fish1,zebrafish,WB,mag,2160.0,165,0.949180661204586,31,0.6,2022_10_01-fish1_cytoGCamp
105,0.7586257449618347,0.7406986807627092,0.1,engert_20221001_fish1_magneto_0,12.824268341064453,13.194792747497559,32.0,65.0,,20221001,20221001_fish1,zebrafish,WB,mag,2160.0,167,0.876894115284875,26,0.6,2022_10_01-fish1_cytoGCamp
106,0.21111571639978532,1.7670617359132403,0.1,engert_20221001_fish1_magneto_0,44.74065017700195,66.23365020751953,32.0,65.0,,20221001,20221001_fish1,zebrafish,WB,mag,2160.0,169,0.9267837808045158,42,0.6,2022_10_01-fish1_cytoGCamp
107,0.2429647886039903,1.6844098520568205,0.1,engert_20221001_fish1_magneto_0,147.73040771484375,147.18983459472656,32.0,65.0,,20221001,20221001_fish1,zebrafish,WB,mag,2160.0,170,0.9877746970754028,17,0.6,2022_10_01-fish1_cytoGCamp
108,0.9084187156400249,0.43623588819146636,0.1,engert_20221001_fish1_magneto_0,107.84129333496094,122.5976791381836,32.0,65.0,,20221001,20221001_fish1,zebrafish,WB,mag,2160.0,171,0.9934656961922985,28,0.6,2022_10_01-fish1_cytoGCamp
109,0.8945608168913698,0.46991889142236215,0.1,engert_20221001_fish1_magneto_0,150.74598693847656,174.64303588867188,32.0,65.0,,20221001,20221001_fish1,zebrafish,WB,mag,2160.0,174,0.9925316590465175,28,0.6,2022_10_01-fish1_cytoGCamp
110,0.5751869295044616,1.0493956289619921,0.1,engert_20221001_fish1_magneto_0,8.79261589050293,12.387483596801758,32.0,65.0,,20221001,20221001_fish1,zebrafish,WB,mag,2160.0,179,0.9836849379387013,21,0.6,2022_10_01-fish1_cytoGCamp
111,0.6573569500111525,0.913428783289792,0.1,engert_20221001_fish1_magneto_0,69.16426086425781,60.677940368652344,32.0,65.0,,20221001,20221001_fish1,zebrafish,WB,mag,2160.0,182,0.9658394598177286,17,0.6,2022_10_01-fish1_cytoGCamp
112,0.08090030783105195,2.2553180065106426,0.1,engert_20221001_fish1_magneto_0,55.29157638549805,43.298946380615234,32.0,65.0,,20221001,20221001_fish1,zebrafish,WB,mag,2160.0,189,0.8983403591771085,35,0.6,2022_10_01-fish1_cytoGCamp
113,0.13574862116012643,2.0057685223992054,0.1,engert_20221001_fish1_magneto_0,11.223095893859863,10.721776962280273,32.0,65.0,,20221001,20221001_fish1,zebrafish,WB,mag,2160.0,192,0.889009895312786,26,0.6,2022_10_01-fish1_cytoGCamp
114,0.27179498819744163,1.6155577165078008,0.1,engert_20221001_fish1_magneto_0,114.53047943115234,115.04082489013672,32.0,65.0,,20221001,20221001_fish1,zebrafish,WB,mag,2160.0,195,0.9964628231509839,33,0.6,2022_10_01-fish1_cytoGCamp
115,0.6979006750443824,0.8455315863391316,0.1,engert_20221001_fish1_magneto_0,37.42184066772461,38.05760955810547,32.0,65.0,,20221001,20221001_fish1,zebrafish,WB,mag,2160.0,196,0.9892975542690863,41,0.6,2022_10_01-fish1_cytoGCamp
116,0.2109783537886839,1.7674361194647326,0.1,engert_20221001_fish1_magneto_0,3.851815700531006,3.8122317790985107,32.0,65.0,,20221001,20221001_fish1,zebrafish,WB,mag,2160.0,197,0.9303776239934236,22,0.6,2022_10_01-fish1_cytoGCamp
117,0.41248596502242263,1.329749974784044,0.1,engert_20221001_fish1_magneto_0,14.385229110717773,13.763752937316895,32.0,65.0,,20221001,20221001_fish1,zebrafish,WB,mag,2160.0,199,0.9866983331205941,37,0.6,2022_10_01-fish1_cytoGCamp
118,0.006279455171553927,3.2342708006341137,0.1,engert_20221001_fish1_magneto_0,29.06187629699707,27.70884132385254,32.0,65.0,,20221001,20221001_fish1,zebrafish,WB,mag,2160.0,200,0.9499221784637746,20,0.6,2022_10_01-fish1_cytoGCamp
119,0.26857602439613126,1.6230060798525847,0.1,engert_20221001_fish1_magneto_0,75.57380676269531,88.02482604980469,32.0,65.0,,20221001,20221001_fish1,zebrafish,WB,mag,2160.0,201,0.9941136845807922,61,0.6,2022_10_01-fish1_cytoGCamp
120,0.9362148859713311,0.3612344810901314,0.1,engert_20221001_fish1_magneto_0,22.365081787109375,21.502391815185547,32.0,65.0,,20221001,20221001_fish1,zebrafish,WB,mag,2160.0,202,0.9202629651588726,33,0.6,2022_10_01-fish1_cytoGCamp
121,0.6389191995768773,0.9440141665745405,0.1,engert_20221001_fish1_magneto_0,130.5584259033203,133.07850646972656,32.0,65.0,,20221001,20221001_fish1,zebrafish,WB,mag,2160.0,203,0.9479644142755526,27,0.6,2022_10_01-fish1_cytoGCamp
122,0.40494400184333224,1.3436356145009913,0.1,engert_20221001_fish1_magneto_0,18.16462516784668,19.0389404296875,32.0,65.0,,20221001,20221001_fish1,zebrafish,WB,mag,2160.0,205,0.9966486523989214,31,0.6,2022_10_01-fish1_cytoGCamp
123,0.6342035665708581,0.9518194219763082,0.1,engert_20221001_fish1_magneto_0,12.095987319946289,12.909640312194824,32.0,65.0,,20221001,20221001_fish1,zebrafish,WB,mag,2160.0,208,0.9157971184988533,25,0.6,2022_10_01-fish1_cytoGCamp
124,0.918440755954022,0.41051571800108017,0.1,engert_20221001_fish1_magneto_0,133.0936279296875,98.04608154296875,32.0,65.0,,20221001,20221001_fish1,zebrafish,WB,mag,2160.0,210,0.9967435329385829,32,0.6,2022_10_01-fish1_cytoGCamp
125,0.7018568300393436,0.8388385096212808,0.1,engert_20221001_fish1_magneto_0,18.125242233276367,26.013980865478516,32.0,65.0,,20221001,20221001_fish1,zebrafish,WB,mag,2160.0,213,0.6077191443534388,11,0.6,2022_10_01-fish1_cytoGCamp
126,0.3638363108129956,1.4215853533870357,0.1,engert_20221001_fish1_magneto_0,14.040002822875977,17.214981079101562,32.0,65.0,,20221001,20221001_fish1,zebrafish,WB,mag,2160.0,216,0.9842383550825261,29,0.6,2022_10_01-fish1_cytoGCamp
127,0.4108178708212623,1.3328111744698992,0.1,engert_20221001_fish1_magneto_0,23.519569396972656,21.283905029296875,32.0,65.0,,20221001,20221001_fish1,zebrafish,WB,mag,2160.0,220,0.9843605013367079,17,0.6,2022_10_01-fish1_cytoGCamp
128,0.6261876065106486,0.9650763975164768,0.1,engert_20221001_fish1_magneto_0,50.38417053222656,47.629783630371094,32.0,65.0,,20221001,20221001_fish1,zebrafish,WB,mag,2160.0,222,0.9228335683964158,26,0.6,2022_10_01-fish1_cytoGCamp
129,0.8454733783049293,0.5770242446454596,0.1,engert_20221001_fish1_magneto_0,42.17713165283203,43.98292922973633,32.0,65.0,,20221001,20221001_fish1,zebrafish,WB,mag,2160.0,227,0.6077191443534388,13,0.6,2022_10_01-fish1_cytoGCamp
130,0.43900619433420907,1.2817825542470243,0.1,engert_20221001_fish1_magneto_0,72.61400604248047,66.70035552978516,32.0,65.0,,20221001,20221001_fish1,zebrafish,WB,mag,2160.0,230,0.6077191443534388,19,0.6,2022_10_01-fish1_cytoGCamp
131,0.8188208991066951,0.6298033210749617,0.1,engert_20221001_fish1_magneto_0,12.613661766052246,15.09936809539795,32.0,65.0,,20221001,20221001_fish1,zebrafish,WB,mag,2160.0,232,0.7652744310631746,50,0.6,2022_10_01-fish1_cytoGCamp
132,0.38947136919652436,1.372502290119417,0.1,engert_20221001_fish1_magneto_0,55.28136444091797,57.7011604309082,32.0,65.0,,20221001,20221001_fish1,zebrafish,WB,mag,2160.0,237,0.9564110951131792,18,0.6,2022_10_01-fish1_cytoGCamp
133,0.43314195228002983,1.2922815200063982,0.1,engert_20221001_fish1_magneto_0,58.6053352355957,38.84866714477539,32.0,65.0,,20221001,20221001_fish1,zebrafish,WB,mag,2160.0,238,0.7056713071500116,12,0.6,2022_10_01-fish1_cytoGCamp
134,0.5967344398705074,1.0137408803597616,0.1,engert_20221001_fish1_magneto_0,31.679643630981445,56.33586883544922,32.0,65.0,,20221001,20221001_fish1,zebrafish,WB,mag,2160.0,243,0.9781660363159065,22,0.6,2022_10_01-fish1_cytoGCamp
135,0.3437107120549243,1.4613812734574354,0.1,engert_20221001_fish1_magneto_0,65.01766967773438,65.05793762207031,32.0,65.0,,20221001,20221001_fish1,zebrafish,WB,mag,2160.0,245,0.8583410109850047,21,0.6,2022_10_01-fish1_cytoGCamp
136,0.778738892916749,0.7046475571173909,0.1,engert_20221001_fish1_magneto_0,47.919960021972656,51.16707229614258,32.0,65.0,,20221001,20221001_fish1,zebrafish,WB,mag,2160.0,246,0.9708106055784103,35,0.6,2022_10_01-fish1_cytoGCamp
137,0.21775977600409968,1.7491553331945973,0.1,engert_20221001_fish1_magneto_0,8.473860740661621,13.86310863494873,32.0,65.0,,20221001,20221001_fish1,zebrafish,WB,mag,2160.0,248,0.9919861888153542,19,0.6,2022_10_01-fish1_cytoGCamp
138,0.21092807110073952,1.767573165573133,0.1,engert_20221001_fish1_magneto_0,21.084819793701172,18.57452392578125,32.0,65.0,,20221001,20221001_fish1,zebrafish,WB,mag,2160.0,250,0.9812985959655046,26,0.6,2022_10_01-fish1_cytoGCamp
139,0.7337254479548798,0.7842986118286722,0.1,engert_20221001_fish1_magneto_0,174.38983154296875,177.58718872070312,32.0,65.0,,20221001,20221001_fish1,zebrafish,WB,mag,2160.0,251,0.6694873482851785,21,0.6,2022_10_01-fish1_cytoGCamp
140,0.8386149147208857,0.5908893091094634,0.1,engert_20221001_fish1_magneto_0,15.521562576293945,15.010191917419434,32.0,65.0,,20221001,20221001_fish1,zebrafish,WB,mag,2160.0,253,0.9966647718850661,22,0.6,2022_10_01-fish1_cytoGCamp
141,0.8643322924375355,0.5376896944894975,0.1,engert_20221001_fish1_magneto_0,31.62580108642578,42.43907165527344,32.0,65.0,,20221001,20221001_fish1,zebrafish,WB,mag,2160.0,254,0.8217153213376233,51,0.6,2022_10_01-fish1_cytoGCamp
142,0.14722389809239633,1.9639632227957582,0.1,engert_20221001_fish1_magneto_0,30.91156578063965,32.528778076171875,32.0,65.0,,20221001,20221001_fish1,zebrafish,WB,mag,2160.0,255,0.9075392718069624,43,0.6,2022_10_01-fish1_cytoGCamp
143,0.19689480416650684,1.8067432511681887,0.1,engert_20221001_fish1_magneto_0,132.07534790039062,127.15815734863281,32.0,65.0,,20221001,20221001_fish1,zebrafish,WB,mag,2160.0,256,0.9035936806271608,22,0.6,2022_10_01-fish1_cytoGCamp
144,0.09515759936519974,2.1799276654768347,0.1,engert_20221001_fish1_magneto_0,47.80282211303711,48.439537048339844,32.0,65.0,,20221001,20221001_fish1,zebrafish,WB,mag,2160.0,257,0.9495896714713988,45,0.6,2022_10_01-fish1_cytoGCamp
145,0.32894438617111155,1.4913888045481478,0.1,engert_20221001_fish1_magneto_0,81.85541534423828,81.90599822998047,32.0,65.0,,20221001,20221001_fish1,zebrafish,WB,mag,2160.0,259,0.9966470670365224,26,0.6,2022_10_01-fish1_cytoGCamp
146,0.839091435649143,0.5899328374088156,0.1,engert_20221001_fish1_magneto_0,77.88240814208984,80.56159973144531,32.0,65.0,,20221001,20221001_fish1,zebrafish,WB,mag,2160.0,261,0.6077191443534388,16,0.6,2022_10_01-fish1_cytoGCamp
147,0.7379825103731525,0.7769143495180428,0.1,engert_20221001_fish1_magneto_0,32.760440826416016,30.363155364990234,32.0,65.0,,20221001,20221001_fish1,zebrafish,WB,mag,2160.0,264,0.9864578357337443,18,0.6,2022_10_01-fish1_cytoGCamp
148,0.782101357647375,0.698534812694811,0.1,engert_20221001_fish1_magneto_0,81.05042266845703,91.45437622070312,32.0,65.0,,20221001,20221001_fish1,zebrafish,WB,mag,2160.0,266,0.6077191443534388,20,0.6,2022_10_01-fish1_cytoGCamp
149,0.40770555136803055,1.3385377925420585,0.1,engert_20221001_fish1_magneto_0,158.41404724121094,197.427001953125,32.0,65.0,,20221001,20221001_fish1,zebrafish,WB,mag,2160.0,268,0.6077191443534388,17,0.6,2022_10_01-fish1_cytoGCamp
150,0.23304152348087848,1.709337012350373,0.1,engert_20221001_fish1_magneto_0,87.69475555419922,109.85520935058594,32.0,65.0,,20221001,20221001_fish1,zebrafish,WB,mag,2160.0,274,0.7038973436382288,20,0.6,2022_10_01-fish1_cytoGCamp
151,0.4082335329292086,1.3375649293206062,0.1,engert_20221001_fish1_magneto_0,38.836753845214844,41.510005950927734,32.0,65.0,,20221001,20221001_fish1,zebrafish,WB,mag,2160.0,276,0.9409075208581847,18,0.6,2022_10_01-fish1_cytoGCamp
152,0.13217131189341125,2.0193483231850275,0.1,engert_20221001_fish1_magneto_0,24.771682739257812,29.29294776916504,32.0,65.0,,20221001,20221001_fish1,zebrafish,WB,mag,2160.0,278,0.9885280916443391,18,0.6,2022_10_01-fish1_cytoGCamp
153,0.9230842975105412,0.3981391778612451,0.1,engert_20221001_fish1_magneto_0,28.36758804321289,29.51927375793457,32.0,65.0,,20221001,20221001_fish1,zebrafish,WB,mag,2160.0,280,0.9945235731920465,22,0.6,2022_10_01-fish1_cytoGCamp
154,0.20819184260848733,1.775065013297228,0.1,engert_20221001_fish1_magneto_0,43.57220458984375,37.42973327636719,32.0,65.0,,20221001,20221001_fish1,zebrafish,WB,mag,2160.0,281,0.9839295434009898,28,0.6,2022_10_01-fish1_cytoGCamp
155,0.991788988596667,0.12737416584717853,0.1,engert_20221001_fish1_magneto_0,19.660497665405273,19.035400390625,32.0,65.0,,20221001,20221001_fish1,zebrafish,WB,mag,2160.0,282,0.9394452180180247,14,0.6,2022_10_01-fish1_cytoGCamp
156,0.8907650518913759,0.4788194742839378,0.1,engert_20221001_fish1_magneto_0,29.302839279174805,28.000267028808594,32.0,65.0,,20221001,20221001_fish1,zebrafish,WB,mag,2160.0,284,0.9746845622037359,36,0.6,2022_10_01-fish1_cytoGCamp
157,0.7109940660240734,0.8233207661894228,0.1,engert_20221001_fish1_magneto_0,72.39798736572266,75.22138977050781,32.0,65.0,,20221001,20221001_fish1,zebrafish,WB,mag,2160.0,288,0.8335566868545956,39,0.6,2022_10_01-fish1_cytoGCamp
158,0.4882129125167969,1.1956895098333533,0.1,engert_20221001_fish1_magneto_0,62.29270935058594,62.64630126953125,32.0,65.0,,20221001,20221001_fish1,zebrafish,WB,mag,2160.0,292,0.6218869582469622,14,0.6,2022_10_01-fish1_cytoGCamp
159,0.5542788722364143,1.0841290269578048,0.1,engert_20221001_fish1_magneto_0,10.10986614227295,10.112771987915039,32.0,65.0,,20221001,20221001_fish1,zebrafish,WB,mag,2160.0,294,0.881934427167046,59,0.6,2022_10_01-fish1_cytoGCamp
160,0.35746657322977127,1.4340518280129861,0.1,engert_20221001_fish1_magneto_0,20.93622589111328,22.018014907836914,32.0,65.0,,20221001,20221001_fish1,zebrafish,WB,mag,2160.0,295,0.9884531091505384,18,0.6,2022_10_01-fish1_cytoGCamp
161,0.7600519567185833,0.7381691629748997,0.1,engert_20221001_fish1_magneto_0,134.08860778808594,141.78521728515625,32.0,65.0,,20221001,20221001_fish1,zebrafish,WB,mag,2160.0,296,0.6077191443534388,19,0.6,2022_10_01-fish1_cytoGCamp
162,0.3628882054850634,1.4234337064173754,0.1,engert_20221001_fish1_magneto_0,47.276065826416016,47.68296813964844,32.0,65.0,,20221001,20221001_fish1,zebrafish,WB,mag,2160.0,297,0.9942410722183856,39,0.6,2022_10_01-fish1_cytoGCamp
163,0.14857345503430652,1.959210009760845,0.1,engert_20221001_fish1_magneto_0,19.067264556884766,26.65390396118164,32.0,65.0,,20221001,20221001_fish1,zebrafish,WB,mag,2160.0,298,0.8487624333739479,50,0.6,2022_10_01-fish1_cytoGCamp
164,0.37001389216270797,1.409602248998717,0.1,engert_20221001_fish1_magneto_0,21.59365463256836,49.01154708862305,32.0,65.0,,20221001,20221001_fish1,zebrafish,WB,mag,2160.0,301,0.9863296203076468,16,0.6,2022_10_01-fish1_cytoGCamp
165,0.7625549766850219,0.7337204265184292,0.1,engert_20221001_fish1_magneto_0,9.50007152557373,9.6510009765625,32.0,65.0,,20221001,20221001_fish1,zebrafish,WB,mag,2160.0,303,0.9847568399914666,35,0.6,2022_10_01-fish1_cytoGCamp
166,0.8980402644925864,0.4616438338076153,0.1,engert_20221001_fish1_magneto_0,15.54823112487793,18.648595809936523,32.0,65.0,,20221001,20221001_fish1,zebrafish,WB,mag,2160.0,309,0.9245403621856568,18,0.6,2022_10_01-fish1_cytoGCamp
167,0.8883087183302515,0.4845122998657373,0.1,engert_20221001_fish1_magneto_0,15.443443298339844,13.527324676513672,32.0,65.0,,20221001,20221001_fish1,zebrafish,WB,mag,2160.0,314,0.9690991720983655,30,0.6,2022_10_01-fish1_cytoGCamp
168,0.8551003644327853,0.5571815167607347,0.1,engert_20221001_fish1_magneto_0,13.298920631408691,14.07300090789795,32.0,65.0,,20221001,20221001_fish1,zebrafish,WB,mag,2160.0,316,0.9782693461469045,37,0.6,2022_10_01-fish1_cytoGCamp
169,0.6577819831768992,0.9127221419738032,0.1,engert_20221001_fish1_magneto_0,11.0165433883667,10.632112503051758,32.0,65.0,,20221001,20221001_fish1,zebrafish,WB,mag,2160.0,322,0.9846637005567501,25,0.6,2022_10_01-fish1_cytoGCamp
170,0.1720096887480046,1.8813632465056898,0.1,engert_20221001_fish1_magneto_0,30.89679718017578,32.217567443847656,32.0,65.0,,20221001,20221001_fish1,zebrafish,WB,mag,2160.0,329,0.9912822928961151,30,0.6,2022_10_01-fish1_cytoGCamp
171,0.18358286327154272,1.8457602174656063,0.1,engert_20221001_fish1_magneto_0,126.65062713623047,121.84420013427734,32.0,65.0,,20221001,20221001_fish1,zebrafish,WB,mag,2160.0,336,0.8583410109850047,21,0.6,2022_10_01-fish1_cytoGCamp
172,0.5715480288525389,1.0554287340007091,0.1,engert_20221001_fish1_magneto_0,7.831081867218018,11.659866333007812,32.0,65.0,,20221001,20221001_fish1,zebrafish,WB,mag,2160.0,343,0.9124629915090704,27,0.6,2022_10_01-fish1_cytoGCamp
173,0.6605924405434722,0.9080474613259514,0.1,engert_20221001_fish1_magneto_0,97.8820571899414,95.61560821533203,32.0,65.0,,20221001,20221001_fish1,zebrafish,WB,mag,2160.0,345,0.9463731880520977,16,0.6,2022_10_01-fish1_cytoGCamp
174,0.2812666067174181,1.593955851005104,0.1,engert_20221001_fish1_magneto_0,27.879436492919922,24.884939193725586,32.0,65.0,,20221001,20221001_fish1,zebrafish,WB,mag,2160.0,348,0.8403768879223011,22,0.6,2022_10_01-fish1_cytoGCamp
175,0.6504479035689179,0.9249045511478933,0.1,engert_20221001_fish1_magneto_0,16.283185958862305,17.953914642333984,32.0,65.0,,20221001,20221001_fish1,zebrafish,WB,mag,2160.0,349,0.6077191443534388,13,0.6,2022_10_01-fish1_cytoGCamp
176,0.5429905294727506,1.102966353920523,0.1,engert_20221001_fish1_magneto_0,20.942657470703125,19.045011520385742,32.0,65.0,,20221001,20221001_fish1,zebrafish,WB,mag,2160.0,353,0.9650063243471935,20,0.6,2022_10_01-fish1_cytoGCamp
177,0.31650305595510264,1.5172636246053501,0.1,engert_20221001_fish1_magneto_0,17.244369506835938,18.4468994140625,32.0,65.0,,20221001,20221001_fish1,zebrafish,WB,mag,2160.0,354,0.9271728837285313,28,0.6,2022_10_01-fish1_cytoGCamp
178,0.045452544447682985,2.5061581328770903,0.1,engert_20221001_fish1_magneto_0,22.266494750976562,19.2900447845459,32.0,65.0,,20221001,20221001_fish1,zebrafish,WB,mag,2160.0,360,0.6388249004835037,29,0.6,2022_10_01-fish1_cytoGCamp
179,0.4578359055906891,1.2484414830267012,0.1,engert_20221001_fish1_magneto_0,36.50617980957031,41.43632125854492,32.0,65.0,,20221001,20221001_fish1,zebrafish,WB,mag,2160.0,361,0.6457505030299878,12,0.6,2022_10_01-fish1_cytoGCamp
180,0.06294001493502333,2.367534737036335,0.1,engert_20221001_fish1_magneto_0,30.176607131958008,34.10673522949219,32.0,65.0,,20221001,20221001_fish1,zebrafish,WB,mag,2160.0,369,0.6375302120278901,20,0.6,2022_10_01-fish1_cytoGCamp
181,0.21320630952329034,1.7613862300813892,0.1,engert_20221001_fish1_magneto_0,71.46697998046875,54.83651351928711,32.0,65.0,,20221001,20221001_fish1,zebrafish,WB,mag,2160.0,371,0.9642741708132017,17,0.6,2022_10_01-fish1_cytoGCamp
182,0.5082008878333923,1.1615540458880946,0.1,engert_20221001_fish1_magneto_0,73.82679748535156,76.02102661132812,32.0,65.0,,20221001,20221001_fish1,zebrafish,WB,mag,2160.0,375,0.6717551015161466,13,0.6,2022_10_01-fish1_cytoGCamp
183,0.6442977636238052,0.9351042185825431,0.1,engert_20221001_fish1_magneto_0,144.73614501953125,135.31143188476562,32.0,65.0,,20221001,20221001_fish1,zebrafish,WB,mag,2160.0,377,0.9813428956985207,33,0.6,2022_10_01-fish1_cytoGCamp
184,0.16765191183654726,1.8952197206729584,0.1,engert_20221001_fish1_magneto_0,16.509960174560547,16.562536239624023,32.0,65.0,,20221001,20221001_fish1,zebrafish,WB,mag,2160.0,382,0.9859080471346983,28,0.6,2022_10_01-fish1_cytoGCamp
185,0.8119267538929917,0.6430178174884834,0.1,engert_20221001_fish1_magneto_0,91.90211486816406,62.20950698852539,32.0,65.0,,20221001,20221001_fish1,zebrafish,WB,mag,2160.0,383,0.9168862049011367,21,0.6,2022_10_01-fish1_cytoGCamp
186,0.9186687849280367,0.4099153660017473,0.1,engert_20221001_fish1_magneto_0,15.077718734741211,14.656172752380371,32.0,65.0,,20221001,20221001_fish1,zebrafish,WB,mag,2160.0,389,0.9271750194358412,17,0.6,2022_10_01-fish1_cytoGCamp
187,0.12444720122128572,2.0496583219294253,0.1,engert_20221001_fish1_magneto_0,60.567481994628906,58.63396072387695,32.0,65.0,,20221001,20221001_fish1,zebrafish,WB,mag,2160.0,395,0.9477712951205822,26,0.6,2022_10_01-fish1_cytoGCamp
188,0.20048344075219882,1.7965456945225777,0.1,engert_20221001_fish1_magneto_0,5.072437286376953,5.94497013092041,32.0,65.0,,20221001,20221001_fish1,zebrafish,WB,mag,2160.0,397,0.9678542615540776,20,0.6,2022_10_01-fish1_cytoGCamp
189,0.11894758428133001,2.072135419427985,0.1,engert_20221001_fish1_magneto_0,93.9661865234375,87.42487335205078,32.0,65.0,,20221001,20221001_fish1,zebrafish,WB,mag,2160.0,401,0.9446872482269362,16,0.6,2022_10_01-fish1_cytoGCamp
190,0.290159745113422,1.5740787096245246,0.1,engert_20221001_fish1_magneto_0,187.47544860839844,164.90982055664062,32.0,65.0,,20221001,20221001_fish1,zebrafish,WB,mag,2160.0,402,0.994605100443547,22,0.6,2022_10_01-fish1_cytoGCamp
191,0.9621714481158004,0.27615435620958784,0.1,engert_20221001_fish1_magneto_0,110.74739837646484,96.69630432128906,32.0,65.0,,20221001,20221001_fish1,zebrafish,WB,mag,2160.0,404,0.9795106768199797,25,0.6,2022_10_01-fish1_cytoGCamp
192,0.2527597749884559,1.6604537834561495,0.1,engert_20221001_fish1_magneto_0,20.795804977416992,23.947147369384766,32.0,65.0,,20221001,20221001_fish1,zebrafish,WB,mag,2160.0,409,0.9871165790384199,20,0.6,2022_10_01-fish1_cytoGCamp
193,0.24059007481984673,1.69031281604412,0.1,engert_20221001_fish1_magneto_0,113.52165985107422,122.63812255859375,32.0,65.0,,20221001,20221001_fish1,zebrafish,WB,mag,2160.0,411,0.9752827560140716,19,0.6,2022_10_01-fish1_cytoGCamp
194,0.21039940947849267,1.769015276534057,0.1,engert_20221001_fish1_magneto_0,12.672347068786621,15.87367057800293,32.0,65.0,,20221001,20221001_fish1,zebrafish,WB,mag,2160.0,416,0.95722475385031,21,0.6,2022_10_01-fish1_cytoGCamp
195,0.27864900947328086,1.5998799759403055,0.1,engert_20221001_fish1_magneto_0,15.889812469482422,18.01046371459961,32.0,65.0,,20221001,20221001_fish1,zebrafish,WB,mag,2160.0,421,0.9467759732396847,18,0.6,2022_10_01-fish1_cytoGCamp
196,0.09583372413616775,2.1765842075204915,0.1,engert_20221001_fish1_magneto_0,24.351987838745117,27.3377742767334,32.0,65.0,,20221001,20221001_fish1,zebrafish,WB,mag,2160.0,423,0.987862455342731,22,0.6,2022_10_01-fish1_cytoGCamp
197,0.7683758065053778,0.7233271838871842,0.1,engert_20221001_fish1_magneto_0,68.4266357421875,72.92271423339844,32.0,65.0,,20221001,20221001_fish1,zebrafish,WB,mag,2160.0,424,0.9048781565463697,16,0.6,2022_10_01-fish1_cytoGCamp
198,0.6268006699487721,0.9640628996916197,0.1,engert_20221001_fish1_magneto_0,154.796875,176.8589324951172,32.0,65.0,,20221001,20221001_fish1,zebrafish,WB,mag,2160.0,425,0.9932520286049064,34,0.6,2022_10_01-fish1_cytoGCamp
199,0.8780937678533146,0.5076670397404276,0.1,engert_20221001_fish1_magneto_0,41.52496337890625,44.491127014160156,32.0,65.0,,20221001,20221001_fish1,zebrafish,WB,mag,2160.0,428,0.8731278906027491,17,0.6,2022_10_01-fish1_cytoGCamp
200,0.7908177580439546,0.6825611740407086,0.1,engert_20221001_fish1_magneto_0,139.2711181640625,139.09649658203125,32.0,65.0,,20221001,20221001_fish1,zebrafish,WB,mag,2160.0,432,0.8285589278893978,14,0.6,2022_10_01-fish1_cytoGCamp
201,0.18894791074600115,1.8298010269882774,0.1,engert_20221001_fish1_magneto_0,143.97764587402344,131.8301544189453,32.0,65.0,,20221001,20221001_fish1,zebrafish,WB,mag,2160.0,448,0.6077191443534388,16,0.6,2022_10_01-fish1_cytoGCamp
202,0.3942842855090912,1.3634660014645175,0.1,engert_20221001_fish1_magneto_0,72.50880432128906,72.46245574951172,32.0,65.0,,20221001,20221001_fish1,zebrafish,WB,mag,2160.0,451,0.6457505030299878,13,0.6,2022_10_01-fish1_cytoGCamp
203,0.3284196727281664,1.4924687572074056,0.1,engert_20221001_fish1_magneto_0,101.58414459228516,104.06536102294922,32.0,65.0,,20221001,20221001_fish1,zebrafish,WB,mag,2160.0,465,0.6232107909140716,15,0.6,2022_10_01-fish1_cytoGCamp
204,0.9105903560681072,0.4307689242879322,0.1,engert_20221001_fish1_magneto_0,32.86402893066406,37.743186950683594,32.0,65.0,,20221001,20221001_fish1,zebrafish,WB,mag,2160.0,472,0.7315859899213802,13,0.6,2022_10_01-fish1_cytoGCamp
205,0.23077410266767007,1.715131475966285,0.1,engert_20221001_fish1_magneto_0,60.28398513793945,55.22336959838867,32.0,65.0,,20221001,20221001_fish1,zebrafish,WB,mag,2160.0,479,0.7310774437369795,21,0.6,2022_10_01-fish1_cytoGCamp
206,0.39154078550667293,1.3686104363146008,0.1,engert_20221001_fish1_magneto_0,14.358551979064941,16.050289154052734,32.0,65.0,,20221001,20221001_fish1,zebrafish,WB,mag,2160.0,480,0.8889464734247486,15,0.6,2022_10_01-fish1_cytoGCamp
207,0.7971335051741171,0.6708641635385639,0.1,engert_20221001_fish1_magneto_0,15.02668285369873,17.377460479736328,32.0,65.0,,20221001,20221001_fish1,zebrafish,WB,mag,2160.0,482,0.9899112824378583,23,0.6,2022_10_01-fish1_cytoGCamp
208,0.23362820873234846,1.7078437976040755,0.1,engert_20221001_fish1_magneto_0,24.357946395874023,22.92351531982422,32.0,65.0,,20221001,20221001_fish1,zebrafish,WB,mag,2160.0,483,0.9939339574358391,24,0.6,2022_10_01-fish1_cytoGCamp
209,0.42125943536976307,1.3137388318998144,0.1,engert_20221001_fish1_magneto_0,50.621280670166016,49.342952728271484,32.0,65.0,,20221001,20221001_fish1,zebrafish,WB,mag,2160.0,489,0.6077191443534388,11,0.6,2022_10_01-fish1_cytoGCamp
210,0.9717388072782468,0.23802159195077474,0.1,engert_20221001_fish1_magneto_0,20.168527603149414,14.60612678527832,32.0,65.0,,20221001,20221001_fish1,zebrafish,WB,mag,2160.0,493,0.9605569385715195,18,0.6,2022_10_01-fish1_cytoGCamp
211,0.35111224210622294,1.446605170044313,0.1,engert_20221001_fish1_magneto_0,9.144307136535645,9.015445709228516,32.0,65.0,,20221001,20221001_fish1,zebrafish,WB,mag,2160.0,496,0.7880662671503217,18,0.6,2022_10_01-fish1_cytoGCamp
212,0.1452999311524572,1.9707966390738703,0.1,engert_20221001_fish1_magneto_0,137.66749572753906,111.70792388916016,32.0,65.0,,20221001,20221001_fish1,zebrafish,WB,mag,2160.0,504,0.991125824949095,19,0.6,2022_10_01-fish1_cytoGCamp
213,0.8445971524197053,0.5788076077008705,0.1,engert_20221001_fish1_magneto_0,9.321072578430176,8.350061416625977,32.0,65.0,,20221001,20221001_fish1,zebrafish,WB,mag,2160.0,505,0.9644908900216479,22,0.6,2022_10_01-fish1_cytoGCamp
214,0.5397455692121891,1.1083948223278264,0.1,engert_20221001_fish1_magneto_0,61.96935272216797,66.55941009521484,32.0,65.0,,20221001,20221001_fish1,zebrafish,WB,mag,2160.0,513,0.9864892303431058,70,0.6,2022_10_01-fish1_cytoGCamp
215,0.23452262417396175,1.7055723076200668,0.1,engert_20221001_fish1_magneto_0,16.37641143798828,19.09408950805664,32.0,65.0,,20221001,20221001_fish1,zebrafish,WB,mag,2160.0,517,0.9861384521348763,26,0.6,2022_10_01-fish1_cytoGCamp
216,0.08732891021190126,2.2200989932919617,0.1,engert_20221001_fish1_magneto_0,61.997982025146484,87.62310791015625,32.0,65.0,,20221001,20221001_fish1,zebrafish,WB,mag,2160.0,520,0.9877677811054835,17,0.6,2022_10_01-fish1_cytoGCamp
217,0.7652356605230054,0.7289424723765915,0.1,engert_20221001_fish1_magneto_0,156.39080810546875,156.63507080078125,32.0,65.0,,20221001,20221001_fish1,zebrafish,WB,mag,2160.0,521,0.6077191443534388,15,0.6,2022_10_01-fish1_cytoGCamp
218,0.06617545740690989,2.345522357154506,0.1,engert_20221001_fish1_magneto_0,11.161389350891113,8.70604419708252,32.0,65.0,,20221001,20221001_fish1,zebrafish,WB,mag,2160.0,525,0.9661461299935586,21,0.6,2022_10_01-fish1_cytoGCamp
219,0.6719088644753721,0.8891830861949283,0.1,engert_20221001_fish1_magneto_0,43.818321228027344,48.18643569946289,32.0,65.0,,20221001,20221001_fish1,zebrafish,WB,mag,2160.0,530,0.998610688992723,28,0.6,2022_10_01-fish1_cytoGCamp
220,0.8276207802940704,0.6126918780193333,0.1,engert_20221001_fish1_magneto_0,6.669210910797119,7.231105327606201,32.0,65.0,,20221001,20221001_fish1,zebrafish,WB,mag,2160.0,531,0.7224942188072877,22,0.6,2022_10_01-fish1_cytoGCamp
221,0.5216692188700467,1.1387630774175768,0.1,engert_20221001_fish1_magneto_0,40.30176544189453,48.48060989379883,32.0,65.0,,20221001,20221001_fish1,zebrafish,WB,mag,2160.0,532,0.6457505030299878,13,0.6,2022_10_01-fish1_cytoGCamp
222,0.38179378865408053,1.387029267319866,0.1,engert_20221001_fish1_magneto_0,8.505555152893066,7.519584655761719,32.0,65.0,,20221001,20221001_fish1,zebrafish,WB,mag,2160.0,533,0.8525924846893849,18,0.6,2022_10_01-fish1_cytoGCamp
223,0.7268497256901725,0.7961712878836655,0.1,engert_20221001_fish1_magneto_0,32.47001266479492,30.812294006347656,32.0,65.0,,20221001,20221001_fish1,zebrafish,WB,mag,2160.0,540,0.9937801736156159,30,0.6,2022_10_01-fish1_cytoGCamp
224,0.42444961803138037,1.307952995662857,0.1,engert_20221001_fish1_magneto_0,84.49044036865234,84.22273254394531,32.0,65.0,,20221001,20221001_fish1,zebrafish,WB,mag,2160.0,542,0.9944098347476609,28,0.6,2022_10_01-fish1_cytoGCamp
225,0.25549340971066226,1.6538760189335475,0.1,engert_20221001_fish1_magneto_0,18.333086013793945,18.320268630981445,32.0,65.0,,20221001,20221001_fish1,zebrafish,WB,mag,2160.0,544,0.6077191443534388,14,0.6,2022_10_01-fish1_cytoGCamp
226,0.2543633355960504,1.6565897382358226,0.1,engert_20221001_fish1_magneto_0,5.377241611480713,5.8009538650512695,32.0,65.0,,20221001,20221001_fish1,zebrafish,WB,mag,2160.0,549,0.9644908900216479,19,0.6,2022_10_01-fish1_cytoGCamp
227,0.24012191051574705,1.6914811133527243,0.1,engert_20221001_fish1_magneto_0,15.667468070983887,16.847110748291016,32.0,65.0,,20221001,20221001_fish1,zebrafish,WB,mag,2160.0,560,0.9267062274139306,22,0.6,2022_10_01-fish1_cytoGCamp
228,0.8955644921494063,0.46754345328933267,0.1,engert_20221001_fish1_magneto_0,152.72576904296875,116.20913696289062,32.0,65.0,,20221001,20221001_fish1,zebrafish,WB,mag,2160.0,563,0.6673611524253767,14,0.6,2022_10_01-fish1_cytoGCamp
229,0.8679768146484084,0.5298577919669641,0.1,engert_20221001_fish1_magneto_0,45.89255905151367,64.28509521484375,32.0,65.0,,20221001,20221001_fish1,zebrafish,WB,mag,2160.0,567,0.9945839226448611,28,0.6,2022_10_01-fish1_cytoGCamp
230,0.3222948019981975,1.505147474464281,0.1,engert_20221001_fish1_magneto_0,201.9534149169922,235.39503479003906,32.0,65.0,,20221001,20221001_fish1,zebrafish,WB,mag,2160.0,575,0.7385479981274109,14,0.6,2022_10_01-fish1_cytoGCamp
231,0.6271815142633772,0.9634332646974751,0.1,engert_20221001_fish1_magneto_0,37.602840423583984,38.991119384765625,32.0,65.0,,20221001,20221001_fish1,zebrafish,WB,mag,2160.0,581,0.6384934030219744,17,0.6,2022_10_01-fish1_cytoGCamp
232,0.6032361053097635,1.0029975179762243,0.1,engert_20221001_fish1_magneto_0,30.396398544311523,29.52930450439453,32.0,65.0,,20221001,20221001_fish1,zebrafish,WB,mag,2160.0,582,0.6077191443534388,15,0.6,2022_10_01-fish1_cytoGCamp
233,0.9996753288019233,0.024672603832785397,0.1,engert_20221001_fish1_magneto_0,66.46358489990234,97.07400512695312,32.0,65.0,,20221001,20221001_fish1,zebrafish,WB,mag,2160.0,583,0.7052326077713542,25,0.6,2022_10_01-fish1_cytoGCamp
234,0.32488602361243,1.499767034032028,0.1,engert_20221001_fish1_magneto_0,39.52092361450195,37.85454559326172,32.0,65.0,,20221001,20221001_fish1,zebrafish,WB,mag,2160.0,590,0.9885589693700298,17,0.6,2022_10_01-fish1_cytoGCamp
235,0.8277499988266469,0.6124384353241498,0.1,engert_20221001_fish1_magneto_0,166.05218505859375,167.43991088867188,32.0,65.0,,20221001,20221001_fish1,zebrafish,WB,mag,2160.0,592,0.6077191443534388,12,0.6,2022_10_01-fish1_cytoGCamp
236,0.6770112811344551,0.8806527515222538,0.1,engert_20221001_fish1_magneto_0,123.03067016601562,123.31140899658203,32.0,65.0,,20221001,20221001_fish1,zebrafish,WB,mag,2160.0,596,0.8433339585715575,19,0.6,2022_10_01-fish1_cytoGCamp
237,0.32306777234353745,1.5035399495902437,0.1,engert_20221001_fish1_magneto_0,55.62844467163086,65.7619400024414,32.0,65.0,,20221001,20221001_fish1,zebrafish,WB,mag,2160.0,603,0.8631587909015297,12,0.6,2022_10_01-fish1_cytoGCamp
238,0.8754140644954439,0.5136123509463448,0.1,engert_20221001_fish1_magneto_0,53.32474136352539,49.37228775024414,32.0,65.0,,20221001,20221001_fish1,zebrafish,WB,mag,2160.0,606,0.935636622069367,29,0.6,2022_10_01-fish1_cytoGCamp
239,0.6668394971190732,0.8976423962305984,0.1,engert_20221001_fish1_magneto_0,172.52664184570312,171.8104248046875,32.0,65.0,,20221001,20221001_fish1,zebrafish,WB,mag,2160.0,612,0.9682726963711282,21,0.6,2022_10_01-fish1_cytoGCamp
240,0.6627688140484695,0.904424791510182,0.1,engert_20221001_fish1_magneto_0,9.712477684020996,10.948092460632324,32.0,65.0,,20221001,20221001_fish1,zebrafish,WB,mag,2160.0,629,0.9389745325095572,19,0.6,2022_10_01-fish1_cytoGCamp
241,0.27568754867987333,1.6066241339301401,0.1,engert_20221001_fish1_magneto_0,83.7451400756836,87.62100982666016,32.0,65.0,,20221001,20221001_fish1,zebrafish,WB,mag,2160.0,636,0.9718868468079817,22,0.6,2022_10_01-fish1_cytoGCamp
242,0.14650487942940416,1.9665092107927926,0.1,engert_20221001_fish1_magneto_0,55.043983459472656,35.548667907714844,32.0,65.0,,20221001,20221001_fish1,zebrafish,WB,mag,2160.0,659,0.7775918790092013,17,0.6,2022_10_01-fish1_cytoGCamp
243,0.8716261449807848,0.5219320537186632,0.1,engert_20221001_fish1_magneto_0,56.44348907470703,51.842437744140625,32.0,65.0,,20221001,20221001_fish1,zebrafish,WB,mag,2160.0,661,0.9810560181938124,26,0.6,2022_10_01-fish1_cytoGCamp
244,0.48249060925766396,1.2055399998960825,0.1,engert_20221001_fish1_magneto_0,149.8390350341797,148.48182678222656,32.0,65.0,,20221001,20221001_fish1,zebrafish,WB,mag,2160.0,669,0.9838366745536732,27,0.6,2022_10_01-fish1_cytoGCamp
245,0.842320710498633,0.5834242019419387,0.1,engert_20221001_fish1_magneto_0,127.8028564453125,132.99227905273438,32.0,65.0,,20221001,20221001_fish1,zebrafish,WB,mag,2160.0,678,0.808394331521589,26,0.6,2022_10_01-fish1_cytoGCamp
246,0.0868589555149486,2.2226014282217488,0.1,engert_20221001_fish1_magneto_0,30.988059997558594,35.98064041137695,32.0,65.0,,20221001,20221001_fish1,zebrafish,WB,mag,2160.0,680,0.8631587909015297,18,0.6,2022_10_01-fish1_cytoGCamp
247,0.027833328297721005,2.702776496282438,0.1,engert_20221001_fish1_magneto_0,33.71759033203125,29.29403305053711,32.0,65.0,,20221001,20221001_fish1,zebrafish,WB,mag,2160.0,686,0.9958215903815771,24,0.6,2022_10_01-fish1_cytoGCamp
248,0.0450895168082307,2.509484947046735,0.1,engert_20221001_fish1_magneto_0,28.54850959777832,30.12997055053711,32.0,65.0,,20221001,20221001_fish1,zebrafish,WB,mag,2160.0,691,0.9546536439008858,21,0.6,2022_10_01-fish1_cytoGCamp
249,0.7350901046754006,0.7819343846360399,0.1,engert_20221001_fish1_magneto_0,104.62428283691406,105.18113708496094,32.0,65.0,,20221001,20221001_fish1,zebrafish,WB,mag,2160.0,700,0.6457505030299878,12,0.6,2022_10_01-fish1_cytoGCamp
250,0.6107595451022032,0.9905688603621454,0.1,engert_20221001_fish1_magneto_0,56.60492706298828,64.5301513671875,32.0,65.0,,20221001,20221001_fish1,zebrafish,WB,mag,2160.0,704,0.613640669731702,22,0.6,2022_10_01-fish1_cytoGCamp
251,0.3559699070943658,1.4369978452026806,0.1,engert_20221001_fish1_magneto_0,48.725704193115234,51.81667709350586,32.0,65.0,,20221001,20221001_fish1,zebrafish,WB,mag,2160.0,718,0.8140194400746433,18,0.6,2022_10_01-fish1_cytoGCamp
252,0.607412799272137,0.9960974719658027,0.1,engert_20221001_fish1_magneto_0,63.93910217285156,63.03846740722656,32.0,65.0,,20221001,20221001_fish1,zebrafish,WB,mag,2160.0,721,0.653919886273136,16,0.6,2022_10_01-fish1_cytoGCamp
253,0.8677609226439109,0.5303239543206902,0.1,engert_20221001_fish1_magneto_0,123.65717315673828,125.07146453857422,32.0,65.0,,20221001,20221001_fish1,zebrafish,WB,mag,2160.0,731,0.6694873482851785,17,0.6,2022_10_01-fish1_cytoGCamp
254,0.3046903970026741,1.5423797258834508,0.1,engert_20221001_fish1_magneto_0,17.098499298095703,17.035507202148438,32.0,65.0,,20221001,20221001_fish1,zebrafish,WB,mag,2160.0,738,0.9820359474566523,15,0.6,2022_10_01-fish1_cytoGCamp
255,0.2560408919436018,1.6525642057495624,0.1,engert_20221001_fish1_magneto_0,115.33488464355469,115.05262756347656,32.0,65.0,,20221001,20221001_fish1,zebrafish,WB,mag,2160.0,743,0.6457505030299878,12,0.6,2022_10_01-fish1_cytoGCamp
256,0.8712612379716591,0.5227283573528245,0.1,engert_20221001_fish1_magneto_0,47.42992401123047,48.36543655395508,32.0,65.0,,20221001,20221001_fish1,zebrafish,WB,mag,2160.0,750,0.8887888026952199,16,0.6,2022_10_01-fish1_cytoGCamp
257,0.17845199364243858,1.8613385263165698,0.1,engert_20221001_fish1_magneto_0,100.5838394165039,102.62533569335938,32.0,65.0,,20221001,20221001_fish1,zebrafish,WB,mag,2160.0,765,0.6077191443534388,36,0.6,2022_10_01-fish1_cytoGCamp
258,0.45323472398177655,1.2565390497667448,0.1,engert_20221001_fish1_magneto_0,64.98490142822266,80.5799789428711,32.0,65.0,,20221001,20221001_fish1,zebrafish,WB,mag,2160.0,777,0.9855405444335809,22,0.6,2022_10_01-fish1_cytoGCamp
259,0.5596796020723716,1.075139641800413,0.1,engert_20221001_fish1_magneto_0,14.234630584716797,13.335929870605469,32.0,65.0,,20221001,20221001_fish1,zebrafish,WB,mag,2160.0,781,0.7218821573279921,17,0.6,2022_10_01-fish1_cytoGCamp
260,0.40206453212400484,1.3489680677435696,0.1,engert_20221001_fish1_magneto_0,37.94113540649414,38.90052795410156,32.0,65.0,,20221001,20221001_fish1,zebrafish,WB,mag,2160.0,799,0.9374708757387092,19,0.6,2022_10_01-fish1_cytoGCamp
261,0.1819180520774828,1.8507802101516917,0.1,engert_20221001_fish1_magneto_0,99.12422943115234,99.06639099121094,32.0,65.0,,20221001,20221001_fish1,zebrafish,WB,mag,2160.0,809,0.6457505030299878,11,0.6,2022_10_01-fish1_cytoGCamp
262,0.6571428265506196,0.9137847522710243,0.1,engert_20221001_fish1_magneto_0,154.78721618652344,155.99957275390625,32.0,65.0,,20221001,20221001_fish1,zebrafish,WB,mag,2160.0,810,0.7713476620017308,13,0.6,2022_10_01-fish1_cytoGCamp
263,0.7651693419429737,0.7290608481024113,0.1,engert_20221001_fish1_magneto_0,26.835880279541016,39.023990631103516,32.0,65.0,,20221001,20221001_fish1,zebrafish,WB,mag,2160.0,814,0.8820307137094525,12,0.6,2022_10_01-fish1_cytoGCamp
264,0.6460368100315272,0.9322214417892546,0.1,engert_20221001_fish1_magneto_0,66.105712890625,65.36721801757812,32.0,65.0,,20221001,20221001_fish1,zebrafish,WB,mag,2160.0,821,0.6457505030299878,11,0.6,2022_10_01-fish1_cytoGCamp
265,0.24818815882618228,1.6715579280988813,0.1,engert_20221001_fish1_magneto_0,21.184934616088867,21.72675132751465,32.0,65.0,,20221001,20221001_fish1,zebrafish,WB,mag,2160.0,830,0.7845864913111462,24,0.6,2022_10_01-fish1_cytoGCamp
266,0.8347447141355339,0.5986213184897264,0.1,engert_20221001_fish1_magneto_0,13.687682151794434,11.982063293457031,32.0,65.0,,20221001,20221001_fish1,zebrafish,WB,mag,2160.0,836,0.9739267027956557,26,0.6,2022_10_01-fish1_cytoGCamp
267,0.7354606360272229,0.7812919425914484,0.1,engert_20221001_fish1_magneto_0,18.34825325012207,19.577966690063477,32.0,65.0,,20221001,20221001_fish1,zebrafish,WB,mag,2160.0,844,0.9383216725999742,24,0.6,2022_10_01-fish1_cytoGCamp
268,0.45952247850898087,1.2454809215583986,0.1,engert_20221001_fish1_magneto_0,12.989516258239746,13.737580299377441,32.0,65.0,,20221001,20221001_fish1,zebrafish,WB,mag,2160.0,847,0.6717551015161466,11,0.6,2022_10_01-fish1_cytoGCamp
269,0.9524759953526636,0.310384565027303,0.1,engert_20221001_fish1_magneto_0,24.803211212158203,20.65918731689453,32.0,65.0,,20221001,20221001_fish1,zebrafish,WB,mag,2160.0,867,0.9679942050222178,16,0.6,2022_10_01-fish1_cytoGCamp
270,0.2785290903181652,1.6001522101565966,0.1,engert_20221001_fish1_magneto_0,15.169222831726074,12.682125091552734,32.0,65.0,,20221001,20221001_fish1,zebrafish,WB,mag,2160.0,870,0.9534270678870042,17,0.6,2022_10_01-fish1_cytoGCamp
271,0.17188143755315,1.8817673387306846,0.1,engert_20221001_fish1_magneto_0,93.61143493652344,92.63470458984375,32.0,65.0,,20221001,20221001_fish1,zebrafish,WB,mag,2160.0,877,0.6457505030299878,14,0.6,2022_10_01-fish1_cytoGCamp
272,0.34899586996808785,1.450812923675106,0.1,engert_20221001_fish1_magneto_0,32.002044677734375,37.37945556640625,32.0,65.0,,20221001,20221001_fish1,zebrafish,WB,mag,2160.0,882,0.6077191443534388,14,0.6,2022_10_01-fish1_cytoGCamp
273,0.36921687434570327,1.4111424564405046,0.1,engert_20221001_fish1_magneto_0,65.15956115722656,77.21450805664062,32.0,65.0,,20221001,20221001_fish1,zebrafish,WB,mag,2160.0,885,0.9549074155962978,20,0.6,2022_10_01-fish1_cytoGCamp
274,0.8445640131689238,0.578875013309307,0.1,engert_20221001_fish1_magneto_0,39.944698333740234,38.618614196777344,32.0,65.0,,20221001,20221001_fish1,zebrafish,WB,mag,2160.0,889,0.9176136087543375,21,0.6,2022_10_01-fish1_cytoGCamp
275,0.3971832045538214,1.3580484806797706,0.1,engert_20221001_fish1_magneto_0,15.252457618713379,14.546304702758789,32.0,65.0,,20221001,20221001_fish1,zebrafish,WB,mag,2160.0,890,0.8622261326804964,16,0.6,2022_10_01-fish1_cytoGCamp
276,0.2818173710289673,1.5927137951872503,0.1,engert_20221001_fish1_magneto_0,36.54037094116211,39.63725662231445,32.0,65.0,,20221001,20221001_fish1,zebrafish,WB,mag,2160.0,891,0.6457505030299878,14,0.6,2022_10_01-fish1_cytoGCamp
277,0.5474673351346886,1.0954873969344308,0.1,engert_20221001_fish1_magneto_0,24.162158966064453,42.062538146972656,32.0,65.0,,20221001,20221001_fish1,zebrafish,WB,mag,2160.0,893,0.6457505030299878,12,0.6,2022_10_01-fish1_cytoGCamp
278,0.5264861848937843,1.1306476850278777,0.1,engert_20221001_fish1_magneto_0,125.39532470703125,126.1095962524414,32.0,65.0,,20221001,20221001_fish1,zebrafish,WB,mag,2160.0,897,0.8889464734247486,16,0.6,2022_10_01-fish1_cytoGCamp
279,0.4395449013740159,1.2808209552184606,0.1,engert_20221001_fish1_magneto_0,25.580638885498047,28.018064498901367,32.0,65.0,,20221001,20221001_fish1,zebrafish,WB,mag,2160.0,916,0.930139325524483,15,0.6,2022_10_01-fish1_cytoGCamp
280,0.4428047289095598,1.275012194933129,0.1,engert_20221001_fish1_magneto_0,17.815303802490234,22.25371742248535,32.0,65.0,,20221001,20221001_fish1,zebrafish,WB,mag,2160.0,923,0.9578675875165017,20,0.6,2022_10_01-fish1_cytoGCamp
281,0.13030918538063563,2.026528536074326,0.1,engert_20221001_fish1_magneto_0,27.017601013183594,27.23421287536621,32.0,65.0,,20221001,20221001_fish1,zebrafish,WB,mag,2160.0,929,0.9893751464159337,26,0.6,2022_10_01-fish1_cytoGCamp
282,0.5587158510363881,1.0767427939598075,0.1,engert_20221001_fish1_magneto_0,99.9417495727539,101.44172668457031,32.0,65.0,,20221001,20221001_fish1,zebrafish,WB,mag,2160.0,962,0.99593933906813,30,0.6,2022_10_01-fish1_cytoGCamp
283,0.26566825621983947,1.6297831460689984,0.1,engert_20221001_fish1_magneto_0,34.16402816772461,32.92976760864258,32.0,65.0,,20221001,20221001_fish1,zebrafish,WB,mag,2160.0,977,0.6042184074261931,11,0.6,2022_10_01-fish1_cytoGCamp
284,0.43962138379233706,1.2806844902637256,0.1,engert_20221001_fish1_magneto_0,62.675453186035156,62.69989013671875,32.0,65.0,,20221001,20221001_fish1,zebrafish,WB,mag,2160.0,983,0.6004490883845168,14,0.6,2022_10_01-fish1_cytoGCamp
285,0.8737998028090515,0.5171697602144768,0.1,engert_20221001_fish1_magneto_0,32.88362121582031,34.43534469604492,32.0,65.0,,20221001,20221001_fish1,zebrafish,WB,mag,2160.0,986,0.9726712705381558,24,0.6,2022_10_01-fish1_cytoGCamp
286,0.5192843152992741,1.1427877404291267,0.1,engert_20221001_fish1_magneto_0,42.277976989746094,43.50864791870117,32.0,65.0,,20221001,20221001_fish1,zebrafish,WB,mag,2160.0,1019,0.92907998816553,24,0.6,2022_10_01-fish1_cytoGCamp
287,0.5407509682849738,1.1067122141884675,0.1,engert_20221001_fish1_magneto_0,112.1618423461914,66.21286010742188,32.0,65.0,,20221001,20221001_fish1,zebrafish,WB,mag,2160.0,1040,0.6417752192896364,14,0.6,2022_10_01-fish1_cytoGCamp
288,0.6032400849351545,1.0029909431584656,0.1,engert_20221001_fish1_magneto_0,14.014851570129395,11.034343719482422,32.0,65.0,,20221001,20221001_fish1,zebrafish,WB,mag,2160.0,1052,0.9852254156136777,18,0.6,2022_10_01-fish1_cytoGCamp
289,0.7675284934378036,0.7248443637019598,0.1,engert_20221001_fish1_magneto_0,31.832441329956055,34.951805114746094,32.0,65.0,,20221001,20221001_fish1,zebrafish,WB,mag,2160.0,1063,0.6673611524253767,15,0.6,2022_10_01-fish1_cytoGCamp
290,0.29006104397175536,1.5742973249943675,0.1,engert_20221001_fish1_magneto_0,67.3491439819336,47.13727951049805,32.0,65.0,,20221001,20221001_fish1,zebrafish,WB,mag,2160.0,1069,0.6077191443534388,11,0.6,2022_10_01-fish1_cytoGCamp
291,0.8738720473680196,0.5170110269612102,0.1,engert_20221001_fish1_magneto_0,78.46772766113281,100.20729064941406,32.0,65.0,,20221001,20221001_fish1,zebrafish,WB,mag,2160.0,1076,0.9445953007343736,31,0.6,2022_10_01-fish1_cytoGCamp
292,0.07483198325128326,2.290715256855793,0.1,engert_20221001_fish1_magneto_0,31.96722412109375,34.05387878417969,32.0,65.0,,20221001,20221001_fish1,zebrafish,WB,mag,2160.0,1084,0.9244638305420726,15,0.6,2022_10_01-fish1_cytoGCamp
293,0.31443851338800355,1.5216134100962364,0.1,engert_20221001_fish1_magneto_0,29.817724227905273,29.450979232788086,32.0,65.0,,20221001,20221001_fish1,zebrafish,WB,mag,2160.0,1112,0.6384934030219744,13,0.6,2022_10_01-fish1_cytoGCamp
294,0.6742813694668205,0.8852187485741327,0.1,engert_20221001_fish1_magneto_0,87.34783935546875,91.00479125976562,32.0,65.0,,20221001,20221001_fish1,zebrafish,WB,mag,2160.0,1114,0.909299429479135,21,0.6,2022_10_01-fish1_cytoGCamp
295,0.5906140920976763,1.0238587278899005,0.1,engert_20221001_fish1_magneto_0,44.196327209472656,38.823020935058594,32.0,65.0,,20221001,20221001_fish1,zebrafish,WB,mag,2160.0,1124,0.8963033132729021,19,0.6,2022_10_01-fish1_cytoGCamp
296,0.9453744923442546,0.33343490924058244,0.1,engert_20221001_fish1_magneto_0,24.504474639892578,27.439332962036133,32.0,65.0,,20221001,20221001_fish1,zebrafish,WB,mag,2160.0,1143,0.8238216639024516,15,0.6,2022_10_01-fish1_cytoGCamp
297,0.7819027038765652,0.6988967475027646,0.1,engert_20221001_fish1_magneto_0,21.51667594909668,26.41397476196289,32.0,65.0,,20221001,20221001_fish1,zebrafish,WB,mag,2160.0,1146,0.950865196140042,33,0.6,2022_10_01-fish1_cytoGCamp
298,0.13428997380807695,2.0112723413958835,0.1,engert_20221001_fish1_magneto_0,38.6947021484375,35.46608352661133,32.0,65.0,,20221001,20221001_fish1,zebrafish,WB,mag,2160.0,1150,0.6077191443534388,11,0.6,2022_10_01-fish1_cytoGCamp
299,0.2615948021949741,1.6393566092797238,0.1,engert_20221001_fish1_magneto_0,72.61701202392578,72.11160278320312,32.0,65.0,,20221001,20221001_fish1,zebrafish,WB,mag,2160.0,1153,0.9254193168351336,26,0.6,2022_10_01-fish1_cytoGCamp
300,0.24804121952692149,1.6719169428838423,0.1,engert_20221001_fish1_magneto_0,106.89530944824219,91.52140045166016,32.0,65.0,,20221001,20221001_fish1,zebrafish,WB,mag,2160.0,1166,0.9001649293504437,13,0.6,2022_10_01-fish1_cytoGCamp
301,0.6533178150370653,0.920140119530116,0.1,engert_20221001_fish1_magneto_0,24.180065155029297,26.081296920776367,32.0,65.0,,20221001,20221001_fish1,zebrafish,WB,mag,2160.0,1214,0.9398568370196174,17,0.6,2022_10_01-fish1_cytoGCamp
302,0.029577830898045887,2.6791121582646165,0.1,engert_20221001_fish1_magneto_0,12.482316970825195,14.077415466308594,32.0,65.0,,20221001,20221001_fish1,zebrafish,WB,mag,2160.0,1235,0.9845658663081438,16,0.6,2022_10_01-fish1_cytoGCamp
303,0.06766496702105818,2.335686715747862,0.1,engert_20221001_fish1_magneto_0,125.59930419921875,113.75077819824219,32.0,65.0,,20221001,20221001_fish1,zebrafish,WB,mag,2160.0,1237,0.6077191443534388,15,0.6,2022_10_01-fish1_cytoGCamp
304,0.5176267830450569,1.1455876356558374,0.1,engert_20221001_fish1_magneto_0,60.47584533691406,63.85814666748047,32.0,65.0,,20221001,20221001_fish1,zebrafish,WB,mag,2160.0,1288,0.6457505030299878,12,0.6,2022_10_01-fish1_cytoGCamp
305,0.3925619774350384,1.3666935524744357,0.1,engert_20221001_fish1_magneto_0,31.379161834716797,32.0147590637207,32.0,65.0,,20221001,20221001_fish1,zebrafish,WB,mag,2160.0,1304,0.9169946542592794,23,0.6,2022_10_01-fish1_cytoGCamp
306,0.5000759664607912,1.1753814986671312,0.1,engert_20221001_fish1_magneto_0,79.63615417480469,79.51404571533203,32.0,65.0,,20221001,20221001_fish1,zebrafish,WB,mag,2160.0,1314,0.7517886427261374,15,0.6,2022_10_01-fish1_cytoGCamp
307,0.12580035103685994,2.0442458965510566,0.1,engert_20221001_fish1_magneto_0,25.143409729003906,18.39872169494629,32.0,65.0,,20221001,20221001_fish1,zebrafish,WB,mag,2160.0,1329,0.6375302120278901,11,0.6,2022_10_01-fish1_cytoGCamp
308,0.7506196515822952,0.7548295482297439,0.1,engert_20221001_fish1_magneto_0,67.55726623535156,68.80658721923828,32.0,65.0,,20221001,20221001_fish1,zebrafish,WB,mag,2160.0,1337,0.8142323737323638,20,0.6,2022_10_01-fish1_cytoGCamp
309,0.013115751242209983,2.9817640462806883,0.1,engert_20221001_fish1_magneto_0,62.12828826904297,63.626678466796875,32.0,65.0,,20221001,20221001_fish1,zebrafish,WB,mag,2160.0,1358,0.8613738911457827,25,0.6,2022_10_01-fish1_cytoGCamp
310,0.4928043215375184,1.1878120399623096,0.1,engert_20221001_fish1_magneto_0,48.001834869384766,45.87776565551758,32.0,65.0,,20221001,20221001_fish1,zebrafish,WB,mag,2160.0,1399,0.6077191443534388,11,0.6,2022_10_01-fish1_cytoGCamp
311,0.9128186103202867,0.42510054888542576,0.1,engert_20221001_fish1_magneto_0,150.4848175048828,147.54368591308594,32.0,65.0,,20221001,20221001_fish1,zebrafish,WB,mag,2160.0,1417,0.9642741708132017,15,0.6,2022_10_01-fish1_cytoGCamp
312,0.2791305799532967,1.5987875471653652,0.1,engert_20221001_fish1_magneto_0,143.580322265625,143.03741455078125,32.0,65.0,,20221001,20221001_fish1,zebrafish,WB,mag,2160.0,1462,0.8006161281437155,18,0.6,2022_10_01-fish1_cytoGCamp
313,0.8244015156770308,0.6189850723139942,0.1,engert_20221001_fish1_magneto_0,153.1791229248047,153.21005249023438,32.0,65.0,,20221001,20221001_fish1,zebrafish,WB,mag,2160.0,1491,0.6375302120278901,11,0.6,2022_10_01-fish1_cytoGCamp
314,0.16938497339720426,1.8896779850337735,0.1,engert_20221001_fish1_magneto_0,84.5002212524414,84.4906234741211,32.0,65.0,,20221001,20221001_fish1,zebrafish,WB,mag,2160.0,1515,0.6467039552721384,11,0.6,2022_10_01-fish1_cytoGCamp
315,0.1479620086224821,1.9613596180323174,0.1,engert_20221001_fish1_magneto_0,90.19139862060547,83.2074203491211,32.0,65.0,,20221001,20221001_fish1,zebrafish,WB,mag,2160.0,1540,0.6417752192896364,14,0.6,2022_10_01-fish1_cytoGCamp
316,0.07341414041303751,2.299322313511984,0.1,engert_20221001_fish1_magneto_0,19.02240753173828,26.281696319580078,32.0,65.0,,20221001,20221001_fish1,zebrafish,WB,mag,2160.0,1541,0.9551531091479423,22,0.6,2022_10_01-fish1_cytoGCamp
317,0.8670672594518352,0.5318200269518337,0.1,engert_20221001_fish1_magneto_0,26.927719116210938,19.121789932250977,32.0,65.0,,20221001,20221001_fish1,zebrafish,WB,mag,2160.0,1609,0.6077191443534388,12,0.6,2022_10_01-fish1_cytoGCamp
318,0.04812269308111061,2.482359381359292,0.1,engert_20221001_fish1_magneto_0,98.47362518310547,87.57683563232422,32.0,65.0,,20221001,20221001_fish1,zebrafish,WB,mag,2160.0,1610,0.6467039552721384,13,0.6,2022_10_01-fish1_cytoGCamp
319,0.4708439197177309,1.225708603495796,0.1,engert_20221001_fish1_magneto_0,8.531078338623047,9.062078475952148,32.0,65.0,,20221001,20221001_fish1,zebrafish,WB,mag,2160.0,1620,0.8134975730635481,18,0.6,2022_10_01-fish1_cytoGCamp
320,0.2603444461073966,1.642314239430473,0.1,engert_20221001_fish1_magneto_0,177.78350830078125,177.51649475097656,32.0,65.0,,20221001,20221001_fish1,zebrafish,WB,mag,2160.0,1703,0.9866667123150964,17,0.6,2022_10_01-fish1_cytoGCamp
321,0.17525673148148524,1.8712037139676794,0.1,engert_20221001_fish1_magneto_0,33.76099395751953,34.312496185302734,32.0,65.0,,20221001,20221001_fish1,zebrafish,WB,mag,2160.0,1721,0.960333923629571,26,0.6,2022_10_01-fish1_cytoGCamp
322,0.546895551921106,1.0964419859799008,0.1,engert_20221001_fish1_magneto_0,24.72736930847168,25.316871643066406,32.0,65.0,,20221001,20221001_fish1,zebrafish,WB,mag,2160.0,1783,0.8911102643004023,22,0.6,2022_10_01-fish1_cytoGCamp
323,0.5680481990216711,1.0612355302693006,0.1,engert_20221001_fish1_magneto_0,122.94236755371094,115.03695678710938,32.0,65.0,,20221001,20221001_fish1,zebrafish,WB,mag,2160.0,1821,0.6077191443534388,14,0.6,2022_10_01-fish1_cytoGCamp
324,0.9930577589434625,0.11703586486023149,0.1,engert_20221001_fish1_magneto_0,82.90276336669922,84.0932388305664,32.0,65.0,,20221001,20221001_fish1,zebrafish,WB,mag,2160.0,1942,0.8391653924585353,17,0.6,2022_10_01-fish1_cytoGCamp
325,0.689117594105324,0.8603408172903529,0.1,engert_20221001_fish1_magneto_0,57.74445343017578,59.37348937988281,32.0,65.0,,20221001,20221001_fish1,zebrafish,WB,mag,2160.0,1944,0.6457505030299878,11,0.6,2022_10_01-fish1_cytoGCamp
326,0.19884844150644587,1.8011756720684124,0.1,engert_20221001_fish1_magneto_0,139.1566619873047,121.40177154541016,32.0,65.0,,20221001,20221001_fish1,zebrafish,WB,mag,2160.0,1974,0.8505512137069897,12,0.6,2022_10_01-fish1_cytoGCamp
327,0.44646075002514896,1.268517737474901,0.1,engert_20221001_fish1_magneto_0,18.134672164916992,19.578990936279297,32.0,65.0,,20221001,20221001_fish1,zebrafish,WB,mag,2160.0,1996,0.827932283920945,20,0.6,2022_10_01-fish1_cytoGCamp
328,0.9387729808519051,0.35366303373907826,0.1,engert_20221001_fish1_magneto_0,103.52037048339844,108.8830795288086,32.0,65.0,,20221001,20221001_fish1,zebrafish,WB,mag,2160.0,2020,0.6467039552721384,16,0.6,2022_10_01-fish1_cytoGCamp
329,0.6778248926902035,0.8792909729555339,0.1,engert_20221001_fish1_magneto_0,77.39301300048828,78.51817321777344,32.0,65.0,,20221001,20221001_fish1,zebrafish,WB,mag,2160.0,2070,0.6467039552721384,11,0.6,2022_10_01-fish1_cytoGCamp
330,0.47838508613057107,1.2126306936888114,0.1,engert_20221001_fish1_magneto_0,74.74855041503906,80.6907958984375,32.0,65.0,,20221001,20221001_fish1,zebrafish,WB,mag,2160.0,2071,0.9345865807520602,24,0.6,2022_10_01-fish1_cytoGCamp
331,0.9130013575600102,0.4246327970816562,0.1,engert_20221001_fish1_magneto_0,116.20709228515625,119.42472076416016,32.0,65.0,,20221001,20221001_fish1,zebrafish,WB,mag,2160.0,2132,0.8188414891148746,20,0.6,2022_10_01-fish1_cytoGCamp
332,0.7266673784806925,0.796485263115181,0.1,engert_20221001_fish1_magneto_0,66.53662872314453,67.49048614501953,32.0,65.0,,20221001,20221001_fish1,zebrafish,WB,mag,2160.0,2135,0.6717551015161466,14,0.6,2022_10_01-fish1_cytoGCamp
333,0.9047580265383678,0.4453289911783727,0.1,engert_20221001_fish1_magneto_0,81.58555603027344,75.43695831298828,32.0,65.0,,20221001,20221001_fish1,zebrafish,WB,mag,2160.0,2254,0.6457505030299878,11,0.6,2022_10_01-fish1_cytoGCamp
334,0.1712725156939333,1.8836891136885956,0.1,engert_20221001_fish1_magneto_0,61.583106994628906,72.02884674072266,32.0,65.0,,20221001,20221001_fish1,zebrafish,WB,mag,2160.0,2286,0.6717551015161466,11,0.6,2022_10_01-fish1_cytoGCamp
335,0.5724550870131003,1.053924461587925,0.1,engert_20221001_fish1_magneto_0,93.5649185180664,110.27096557617188,32.0,65.0,,20221001,20221001_fish1,zebrafish,WB,mag,2160.0,2353,0.8342814641792379,19,0.6,2022_10_01-fish1_cytoGCamp
336,0.9787413153445813,0.20598982377696431,0.1,engert_20221001_fish1_magneto_0,17.090023040771484,16.323305130004883,32.0,65.0,,20221001,20221001_fish1,zebrafish,WB,mag,2160.0,2517,0.7546022839820908,18,0.6,2022_10_01-fish1_cytoGCamp
337,0.7315913614684124,0.7879906565039759,0.1,engert_20221001_fish1_magneto_0,54.89093780517578,58.5738639831543,32.0,65.0,,20221001,20221001_fish1,zebrafish,WB,mag,2160.0,2518,0.9269227773646942,15,0.6,2022_10_01-fish1_cytoGCamp
338,0.1864020299079382,1.8373332910045872,0.1,engert_20221001_fish1_magneto_0,76.29811096191406,78.07275390625,32.0,65.0,,20221001,20221001_fish1,zebrafish,WB,mag,2160.0,2563,0.7775918790092013,14,0.6,2022_10_01-fish1_cytoGCamp
339,0.2937967278002912,1.5660566587925757,0.1,engert_20221001_fish1_magneto_0,116.5330810546875,134.05967712402344,32.0,65.0,,20221001,20221001_fish1,zebrafish,WB,mag,2160.0,2585,0.8962667001137755,18,0.6,2022_10_01-fish1_cytoGCamp
340,0.889796262667524,0.4810709756212856,0.1,engert_20221001_fish1_magneto_0,110.49591064453125,110.89398956298828,32.0,65.0,,20221001,20221001_fish1,zebrafish,WB,mag,2160.0,2636,0.6717551015161466,11,0.6,2022_10_01-fish1_cytoGCamp
341,0.46925594674440196,1.2284716409343575,0.1,engert_20221001_fish1_magneto_0,65.87450408935547,57.93075180053711,32.0,65.0,,20221001,20221001_fish1,zebrafish,WB,mag,2160.0,2642,0.6004490883845168,14,0.6,2022_10_01-fish1_cytoGCamp
342,0.5366367503304562,1.113601667738676,0.1,engert_20221001_fish1_magneto_0,56.66851043701172,56.87807846069336,32.0,65.0,,20221001,20221001_fish1,zebrafish,WB,mag,2160.0,2644,0.8631587909015297,11,0.6,2022_10_01-fish1_cytoGCamp
343,0.7854595331622365,0.6924029896901047,0.1,engert_20221001_fish1_magneto_0,17.828786849975586,18.748760223388672,32.0,65.0,,20221001,20221001_fish1,zebrafish,WB,mag,2160.0,2686,0.9889946426587329,24,0.6,2022_10_01-fish1_cytoGCamp
344,0.5208509860898323,1.1401433748390406,0.1,engert_20221001_fish1_magneto_0,30.6220760345459,23.01165199279785,32.0,65.0,,20221001,20221001_fish1,zebrafish,WB,mag,2160.0,2871,0.8823851306386947,18,0.6,2022_10_01-fish1_cytoGCamp
345,0.5712210139060686,1.055971109387964,0.1,engert_20221001_fish1_magneto_0,60.52592468261719,53.2562141418457,32.0,65.0,,20221001,20221001_fish1,zebrafish,WB,mag,2160.0,2903,0.9206046668605329,21,0.6,2022_10_01-fish1_cytoGCamp
346,0.3435385472457978,1.4617269972927414,0.1,engert_20221001_fish1_magneto_0,61.66622543334961,45.67953109741211,32.0,65.0,,20221001,20221001_fish1,zebrafish,WB,mag,2160.0,2933,0.6457505030299878,11,0.6,2022_10_01-fish1_cytoGCamp
347,0.25543266299225875,1.6540216468196176,0.1,engert_20221001_fish1_magneto_0,12.410341262817383,13.289575576782227,32.0,65.0,,20221001,20221001_fish1,zebrafish,WB,mag,2160.0,3015,0.820298492940597,21,0.6,2022_10_01-fish1_cytoGCamp
348,0.42330663315540684,1.3100237762922875,0.1,engert_20221001_fish1_magneto_0,61.01958084106445,60.852745056152344,32.0,65.0,,20221001,20221001_fish1,zebrafish,WB,mag,2160.0,3037,0.9233817505284577,40,0.6,2022_10_01-fish1_cytoGCamp
349,0.030970706425197725,2.6610736151697956,0.1,engert_20221001_fish1_magneto_0,36.25144577026367,33.03651428222656,32.0,65.0,,20221001,20221001_fish1,zebrafish,WB,mag,2160.0,3048,0.8820307137094525,13,0.6,2022_10_01-fish1_cytoGCamp
350,0.47011953889574865,1.2269685637877275,0.1,engert_20221001_fish1_magneto_0,81.11045837402344,80.3757095336914,32.0,65.0,,20221001,20221001_fish1,zebrafish,WB,mag,2160.0,3098,0.9401515578386253,26,0.6,2022_10_01-fish1_cytoGCamp
351,0.27542087853222197,1.6072335997631209,0.1,engert_20221001_fish1_magneto_0,67.55445098876953,91.33229064941406,32.0,65.0,,20221001,20221001_fish1,zebrafish,WB,mag,2160.0,3101,0.8537470555395574,22,0.6,2022_10_01-fish1_cytoGCamp
352,0.5164898452030373,1.1475094454222539,0.1,engert_20221001_fish1_magneto_0,52.639732360839844,45.85966873168945,32.0,65.0,,20221001,20221001_fish1,zebrafish,WB,mag,2160.0,3122,0.8023798317404962,14,0.6,2022_10_01-fish1_cytoGCamp
353,0.1908378986767495,1.8242559206418394,0.1,engert_20221001_fish1_magneto_0,34.13606643676758,33.72015380859375,32.0,65.0,,20221001,20221001_fish1,zebrafish,WB,mag,2160.0,3140,0.9274838423746807,16,0.6,2022_10_01-fish1_cytoGCamp
354,0.40680252443503506,1.3402030179634719,0.1,engert_20221001_fish1_magneto_0,70.76556396484375,69.38793182373047,32.0,65.0,,20221001,20221001_fish1,zebrafish,WB,mag,2160.0,3152,0.6457505030299878,14,0.6,2022_10_01-fish1_cytoGCamp
355,0.8133769719855787,0.6402512683697642,0.1,engert_20221001_fish1_magneto_0,67.25875854492188,69.40320587158203,32.0,65.0,,20221001,20221001_fish1,zebrafish,WB,mag,2160.0,3161,0.6467039552721384,12,0.6,2022_10_01-fish1_cytoGCamp
356,0.39219684324118853,1.367378678118023,0.1,engert_20221001_fish1_magneto_0,85.30843353271484,86.63114166259766,32.0,65.0,,20221001,20221001_fish1,zebrafish,WB,mag,2160.0,3205,0.9512060813527927,18,0.6,2022_10_01-fish1_cytoGCamp
357,0.2810374925728336,1.594473113313683,0.1,engert_20221001_fish1_magneto_0,89.29330444335938,113.49613952636719,32.0,65.0,,20221001,20221001_fish1,zebrafish,WB,mag,2160.0,3276,0.8285589278893978,15,0.6,2022_10_01-fish1_cytoGCamp
358,0.6319206253731584,0.9555962562527096,0.1,engert_20221001_fish1_magneto_0,101.1856689453125,93.74726104736328,32.0,65.0,,20221001,20221001_fish1,zebrafish,WB,mag,2160.0,3444,0.6673611524253767,25,0.6,2022_10_01-fish1_cytoGCamp
359,0.12485799968564082,2.048010248610488,0.1,engert_20221001_fish1_magneto_0,73.75759887695312,74.50953674316406,32.0,65.0,,20221001,20221001_fish1,zebrafish,WB,mag,2160.0,3449,0.8391653924585353,17,0.6,2022_10_01-fish1_cytoGCamp
360,0.8973622937978215,0.46326524445989387,0.1,engert_20221001_fish1_magneto_0,37.75678253173828,38.724464416503906,32.0,65.0,,20221001,20221001_fish1,zebrafish,WB,mag,2160.0,3498,0.939322392445701,17,0.6,2022_10_01-fish1_cytoGCamp
361,0.590357747086996,1.0242826352947392,0.1,engert_20221001_fish1_magneto_0,16.763273239135742,18.492219924926758,32.0,65.0,,20221001,20221001_fish1,zebrafish,WB,mag,2160.0,3529,0.9569927305928337,17,0.6,2022_10_01-fish1_cytoGCamp
362,0.5352930277474266,1.1158541360885843,0.1,engert_20221001_fish1_magneto_0,18.585886001586914,25.562915802001953,32.0,65.0,,20221001,20221001_fish1,zebrafish,WB,mag,2160.0,3532,0.6735479220917594,17,0.6,2022_10_01-fish1_cytoGCamp
363,0.7223862980886439,0.8038448937711483,0.1,engert_20221001_fish1_magneto_0,17.171314239501953,16.92068862915039,32.0,65.0,,20221001,20221001_fish1,zebrafish,WB,mag,2160.0,3594,0.8387155969250295,12,0.6,2022_10_01-fish1_cytoGCamp
364,0.32425621936834215,1.5010724754218634,0.1,engert_20221001_fish1_magneto_0,73.5429458618164,73.36234283447266,32.0,65.0,,20221001,20221001_fish1,zebrafish,WB,mag,2160.0,3616,0.6417752192896364,12,0.6,2022_10_01-fish1_cytoGCamp
365,0.10208147403440992,2.1465443940069817,0.1,engert_20221001_fish1_magneto_0,36.89081954956055,36.23558807373047,32.0,65.0,,20221001,20221001_fish1,zebrafish,WB,mag,2160.0,3704,0.9069891833723956,24,0.6,2022_10_01-fish1_cytoGCamp
366,0.3930388639524246,1.3657991887595,0.1,engert_20221001_fish1_magneto_0,33.3798713684082,33.444854736328125,32.0,65.0,,20221001,20221001_fish1,zebrafish,WB,mag,2160.0,3714,0.9634717397686732,25,0.6,2022_10_01-fish1_cytoGCamp
367,0.09743553509153058,2.1687372807410266,0.1,engert_20221001_fish1_magneto_0,51.68868637084961,35.57606887817383,32.0,65.0,,20221001,20221001_fish1,zebrafish,WB,mag,2160.0,3938,0.6457505030299878,12,0.6,2022_10_01-fish1_cytoGCamp
368,0.3427618150689461,1.463287993776275,0.1,engert_20221001_fish1_magneto_0,64.83091735839844,89.7072525024414,32.0,65.0,,20221001,20221001_fish1,zebrafish,WB,mag,2160.0,4046,0.6077191443534388,11,0.6,2022_10_01-fish1_cytoGCamp
369,0.13835538091264898,1.9960435642471608,0.1,engert_20221001_fish1_magneto_0,166.3843231201172,162.53494262695312,32.0,65.0,,20221001,20221001_fish1,zebrafish,WB,mag,2160.0,4060,0.76615653616166,32,0.6,2022_10_01-fish1_cytoGCamp
370,0.4701502177202924,1.2269151969639995,0.1,engert_20221001_fish1_magneto_0,107.09126281738281,62.245452880859375,32.0,65.0,,20221001,20221001_fish1,zebrafish,WB,mag,2160.0,4069,0.8588809262431322,11,0.6,2022_10_01-fish1_cytoGCamp
371,0.5209134873318809,1.140037908575973,0.1,engert_20221001_fish1_magneto_0,75.3778305053711,61.99177169799805,32.0,65.0,,20221001,20221001_fish1,zebrafish,WB,mag,2160.0,4209,0.9394452180180247,16,0.6,2022_10_01-fish1_cytoGCamp
372,0.18865457663997232,1.8306652247953081,0.1,engert_20221001_fish1_magneto_0,49.725196838378906,50.20457458496094,32.0,65.0,,20221001,20221001_fish1,zebrafish,WB,mag,2160.0,4265,0.8822875579744571,17,0.6,2022_10_01-fish1_cytoGCamp
373,0.7837938889708604,0.6954477705161295,0.1,engert_20221001_fish1_magneto_0,57.484214782714844,63.991050720214844,32.0,65.0,,20221001,20221001_fish1,zebrafish,WB,mag,2160.0,4416,0.6457505030299878,11,0.6,2022_10_01-fish1_cytoGCamp
374,0.8806073414869391,0.5020435190996848,0.1,engert_20221001_fish1_magneto_0,122.1469955444336,113.97172546386719,32.0,65.0,,20221001,20221001_fish1,zebrafish,WB,mag,2160.0,4468,0.7056713071500116,11,0.6,2022_10_01-fish1_cytoGCamp
375,0.38556976676605736,1.3798670206933226,0.1,engert_20221001_fish1_magneto_0,105.68336486816406,110.71260070800781,32.0,65.0,,20221001,20221001_fish1,zebrafish,WB,mag,2160.0,4492,0.6717551015161466,14,0.6,2022_10_01-fish1_cytoGCamp
376,0.12269974903948866,2.056715443794049,0.1,engert_20221001_fish1_magneto_0,45.20574188232422,32.29317855834961,32.0,65.0,,20221001,20221001_fish1,zebrafish,WB,mag,2160.0,4616,0.8092684473608612,15,0.6,2022_10_01-fish1_cytoGCamp
377,0.9887036732184019,0.1496188745159758,0.1,engert_20221001_fish1_magneto_0,44.25333023071289,40.0981330871582,32.0,65.0,,20221001,20221001_fish1,zebrafish,WB,mag,2160.0,4693,0.7189265594841112,15,0.6,2022_10_01-fish1_cytoGCamp
18,0.733151169718568,0.785292752500355,0.1,engert_20221001_fish1_magneto_1,12.790898323059082,14.678112030029297,32.0,65.0,,20221001,20221001_fish1,zebrafish,WB,mag,2160.0,25,0.9925419865744851,35,0.6,2022_10_01-fish1_cytoGCamp
39,0.05407399336484864,2.433090651010618,0.1,engert_20221001_fish1_magneto_1,50.466285705566406,49.899147033691406,32.0,65.0,,20221001,20221001_fish1,zebrafish,WB,mag,2160.0,52,0.9916969242399433,19,0.6,2022_10_01-fish1_cytoGCamp
56,0.3582088563093959,1.4325931972026422,0.1,engert_20221001_fish1_magneto_1,12.09030532836914,11.535982131958008,32.0,65.0,,20221001,20221001_fish1,zebrafish,WB,mag,2160.0,73,0.9577909182389632,59,0.6,2022_10_01-fish1_cytoGCamp
68,0.49191910555649354,1.1893290437858568,0.1,engert_20221001_fish1_magneto_1,15.325364112854004,23.71533966064453,32.0,65.0,,20221001,20221001_fish1,zebrafish,WB,mag,2160.0,90,0.9984648696612749,46,0.6,2022_10_01-fish1_cytoGCamp
69,0.37660356066755407,1.3969313414286169,0.1,engert_20221001_fish1_magneto_1,185.92665100097656,163.07806396484375,32.0,65.0,,20221001,20221001_fish1,zebrafish,WB,mag,2160.0,91,0.9478166448297625,55,0.6,2022_10_01-fish1_cytoGCamp
72,0.26644577983879136,1.627966362280934,0.1,engert_20221001_fish1_magneto_1,12.674881935119629,13.573434829711914,32.0,65.0,,20221001,20221001_fish1,zebrafish,WB,mag,2160.0,95,0.994605100443547,29,0.6,2022_10_01-fish1_cytoGCamp
75,0.8911085972336668,0.47801924432214166,0.1,engert_20221001_fish1_magneto_1,13.803144454956055,20.46929931640625,32.0,65.0,,20221001,20221001_fish1,zebrafish,WB,mag,2160.0,101,0.9764030036096605,26,0.6,2022_10_01-fish1_cytoGCamp
78,0.07238861593388246,2.305633114712109,0.1,engert_20221001_fish1_magneto_1,26.09319496154785,36.55904769897461,32.0,65.0,,20221001,20221001_fish1,zebrafish,WB,mag,2160.0,106,0.8556171972051563,16,0.6,2022_10_01-fish1_cytoGCamp
86,0.6297300309731225,0.9592193231824223,0.1,engert_20221001_fish1_magneto_1,159.2417755126953,171.46218872070312,32.0,65.0,,20221001,20221001_fish1,zebrafish,WB,mag,2160.0,119,0.8542536154264226,57,0.6,2022_10_01-fish1_cytoGCamp
101,0.6933185004589761,0.8532659254154491,0.1,engert_20221001_fish1_magneto_1,20.063947677612305,20.719846725463867,32.0,65.0,,20221001,20221001_fish1,zebrafish,WB,mag,2160.0,145,0.7590962970131749,38,0.6,2022_10_01-fish1_cytoGCamp
106,0.4201815770037338,1.3156979440112175,0.1,engert_20221001_fish1_magneto_1,17.750118255615234,18.579864501953125,32.0,65.0,,20221001,20221001_fish1,zebrafish,WB,mag,2160.0,152,0.9648759446858682,21,0.6,2022_10_01-fish1_cytoGCamp
120,0.2548276540569808,1.6554738330144416,0.1,engert_20221001_fish1_magneto_1,10.525903701782227,12.273476600646973,32.0,65.0,,20221001,20221001_fish1,zebrafish,WB,mag,2160.0,186,0.6457505030299878,18,0.6,2022_10_01-fish1_cytoGCamp
122,0.21469062401086036,1.7573797693656703,0.1,engert_20221001_fish1_magneto_1,60.739585876464844,53.31273651123047,32.0,65.0,,20221001,20221001_fish1,zebrafish,WB,mag,2160.0,191,0.8887888026952199,13,0.6,2022_10_01-fish1_cytoGCamp
127,0.35146820383964095,1.4458987210580798,0.1,engert_20221001_fish1_magneto_1,35.217803955078125,49.53749084472656,32.0,65.0,,20221001,20221001_fish1,zebrafish,WB,mag,2160.0,198,0.9656428081498549,30,0.6,2022_10_01-fish1_cytoGCamp
138,0.26781683754887753,1.624771068623637,0.1,engert_20221001_fish1_magneto_1,14.72534465789795,47.12422561645508,32.0,65.0,,20221001,20221001_fish1,zebrafish,WB,mag,2160.0,219,0.6077191443534388,18,0.6,2022_10_01-fish1_cytoGCamp
141,0.5669161185499343,1.0631147939978043,0.1,engert_20221001_fish1_magneto_1,37.53367233276367,83.9573974609375,32.0,65.0,,20221001,20221001_fish1,zebrafish,WB,mag,2160.0,226,0.9121842726943705,27,0.6,2022_10_01-fish1_cytoGCamp
143,0.6549231589351354,0.9174735564436604,0.1,engert_20221001_fish1_magneto_1,43.51413345336914,39.48926544189453,32.0,65.0,,20221001,20221001_fish1,zebrafish,WB,mag,2160.0,228,0.9811147833921878,17,0.6,2022_10_01-fish1_cytoGCamp
159,0.923318524937534,0.397506251242719,0.1,engert_20221001_fish1_magneto_1,55.23080062866211,56.707218170166016,32.0,65.0,,20221001,20221001_fish1,zebrafish,WB,mag,2160.0,260,0.9940535091455356,37,0.6,2022_10_01-fish1_cytoGCamp
164,0.3270094381030425,1.4953760714620754,0.1,engert_20221001_fish1_magneto_1,37.00366973876953,48.77288818359375,32.0,65.0,,20221001,20221001_fish1,zebrafish,WB,mag,2160.0,269,0.6077191443534388,13,0.6,2022_10_01-fish1_cytoGCamp
167,0.5458333972183937,1.0982157268447656,0.1,engert_20221001_fish1_magneto_1,30.15298080444336,89.3544692993164,32.0,65.0,,20221001,20221001_fish1,zebrafish,WB,mag,2160.0,277,0.8479218316120632,28,0.6,2022_10_01-fish1_cytoGCamp
173,0.31343399732144117,1.523735778360727,0.1,engert_20221001_fish1_magneto_1,123.70101165771484,123.550048828125,32.0,65.0,,20221001,20221001_fish1,zebrafish,WB,mag,2160.0,286,0.9328760656410872,22,0.6,2022_10_01-fish1_cytoGCamp
181,0.8983302983599243,0.460949005931828,0.1,engert_20221001_fish1_magneto_1,39.46258544921875,37.457603454589844,32.0,65.0,,20221001,20221001_fish1,zebrafish,WB,mag,2160.0,299,0.6077191443534388,18,0.6,2022_10_01-fish1_cytoGCamp
184,0.2793749142096936,1.5982337190341427,0.1,engert_20221001_fish1_magneto_1,170.6857147216797,167.24563598632812,32.0,65.0,,20221001,20221001_fish1,zebrafish,WB,mag,2160.0,308,0.8820307137094525,18,0.6,2022_10_01-fish1_cytoGCamp
186,0.004080055378740455,3.3744987268435853,0.1,engert_20221001_fish1_magneto_1,116.53839111328125,115.33234405517578,32.0,65.0,,20221001,20221001_fish1,zebrafish,WB,mag,2160.0,311,0.9626171663943942,21,0.6,2022_10_01-fish1_cytoGCamp
190,0.48114515570814953,1.2078615275247488,0.1,engert_20221001_fish1_magneto_1,117.3683853149414,92.58200073242188,32.0,65.0,,20221001,20221001_fish1,zebrafish,WB,mag,2160.0,323,0.9331378556930513,21,0.6,2022_10_01-fish1_cytoGCamp
192,0.23052860151401122,1.715761191137569,0.1,engert_20221001_fish1_magneto_1,14.932360649108887,14.663860321044922,32.0,65.0,,20221001,20221001_fish1,zebrafish,WB,mag,2160.0,330,0.6735479220917594,12,0.6,2022_10_01-fish1_cytoGCamp
193,0.8841938204899952,0.4939374804254583,0.1,engert_20221001_fish1_magneto_1,138.5519256591797,139.34072875976562,32.0,65.0,,20221001,20221001_fish1,zebrafish,WB,mag,2160.0,333,0.9328115990721848,22,0.6,2022_10_01-fish1_cytoGCamp
194,0.5346033612443575,1.1170106736353809,0.1,engert_20221001_fish1_magneto_1,44.52676773071289,43.98631286621094,32.0,65.0,,20221001,20221001_fish1,zebrafish,WB,mag,2160.0,334,0.8631587909015297,12,0.6,2022_10_01-fish1_cytoGCamp
196,0.23999957014339135,1.691786609965573,0.1,engert_20221001_fish1_magneto_1,77.77552032470703,135.08096313476562,32.0,65.0,,20221001,20221001_fish1,zebrafish,WB,mag,2160.0,342,0.9076383328860662,28,0.6,2022_10_01-fish1_cytoGCamp
199,0.3577302871845439,1.43353348140462,0.1,engert_20221001_fish1_magneto_1,24.978626251220703,17.334110260009766,32.0,65.0,,20221001,20221001_fish1,zebrafish,WB,mag,2160.0,346,0.8221692635755049,11,0.6,2022_10_01-fish1_cytoGCamp
200,0.15273233042708279,1.9447622702638185,0.1,engert_20221001_fish1_magneto_1,193.46165466308594,193.3655242919922,32.0,65.0,,20221001,20221001_fish1,zebrafish,WB,mag,2160.0,347,0.7116022514063581,16,0.6,2022_10_01-fish1_cytoGCamp
207,0.3854975840114969,1.3800035774129584,0.1,engert_20221001_fish1_magneto_1,81.41463470458984,80.6872329711914,32.0,65.0,,20221001,20221001_fish1,zebrafish,WB,mag,2160.0,365,0.988926520072045,21,0.6,2022_10_01-fish1_cytoGCamp
210,0.753722509365675,0.7493664985174842,0.1,engert_20221001_fish1_magneto_1,93.14784240722656,93.44224548339844,32.0,65.0,,20221001,20221001_fish1,zebrafish,WB,mag,2160.0,372,0.6457505030299878,13,0.6,2022_10_01-fish1_cytoGCamp
227,0.7985749791750066,0.6681791581442893,0.1,engert_20221001_fish1_magneto_1,26.891611099243164,28.540817260742188,32.0,65.0,,20221001,20221001_fish1,zebrafish,WB,mag,2160.0,426,0.6375302120278901,11,0.6,2022_10_01-fish1_cytoGCamp
230,0.2240329852487848,1.73258808127118,0.1,engert_20221001_fish1_magneto_1,76.96249389648438,76.35794830322266,32.0,65.0,,20221001,20221001_fish1,zebrafish,WB,mag,2160.0,433,0.8285589278893978,17,0.6,2022_10_01-fish1_cytoGCamp
233,0.10791125325610362,2.119800901705365,0.1,engert_20221001_fish1_magneto_1,18.96658706665039,17.96614646911621,32.0,65.0,,20221001,20221001_fish1,zebrafish,WB,mag,2160.0,458,0.9746938373625905,30,0.6,2022_10_01-fish1_cytoGCamp
235,0.5967454111891205,1.0137227479515887,0.1,engert_20221001_fish1_magneto_1,99.28245544433594,95.22075653076172,32.0,65.0,,20221001,20221001_fish1,zebrafish,WB,mag,2160.0,468,0.9394452180180247,20,0.6,2022_10_01-fish1_cytoGCamp
254,0.5239031759234363,1.1349971800718137,0.1,engert_20221001_fish1_magneto_1,16.00092315673828,14.89001750946045,32.0,65.0,,20221001,20221001_fish1,zebrafish,WB,mag,2160.0,539,0.6077191443534388,15,0.6,2022_10_01-fish1_cytoGCamp
258,0.11921503310821646,2.0710238411505495,0.1,engert_20221001_fish1_magneto_1,192.1802215576172,191.42649841308594,32.0,65.0,,20221001,20221001_fish1,zebrafish,WB,mag,2160.0,556,0.6077191443534388,15,0.6,2022_10_01-fish1_cytoGCamp
274,0.24482565899351316,1.6798106069341663,0.1,engert_20221001_fish1_magneto_1,62.31528091430664,64.83709716796875,32.0,65.0,,20221001,20221001_fish1,zebrafish,WB,mag,2160.0,640,0.6673611524253767,16,0.6,2022_10_01-fish1_cytoGCamp
279,0.07175367416993861,2.3095772510180295,0.1,engert_20221001_fish1_magneto_1,140.5187225341797,138.3261260986328,32.0,65.0,,20221001,20221001_fish1,zebrafish,WB,mag,2160.0,679,0.7385479981274109,13,0.6,2022_10_01-fish1_cytoGCamp
288,0.5035910501701866,1.1693916122194643,0.1,engert_20221001_fish1_magneto_1,40.41704559326172,59.77487564086914,32.0,65.0,,20221001,20221001_fish1,zebrafish,WB,mag,2160.0,739,0.8144973539925652,22,0.6,2022_10_01-fish1_cytoGCamp
292,0.4569541675481862,1.2499908168314102,0.1,engert_20221001_fish1_magneto_1,29.326200485229492,30.97472381591797,32.0,65.0,,20221001,20221001_fish1,zebrafish,WB,mag,2160.0,773,0.6467039552721384,11,0.6,2022_10_01-fish1_cytoGCamp
305,0.48063489675437343,1.2087425394405586,0.1,engert_20221001_fish1_magneto_1,64.58661651611328,64.06084442138672,32.0,65.0,,20221001,20221001_fish1,zebrafish,WB,mag,2160.0,880,0.6457505030299878,12,0.6,2022_10_01-fish1_cytoGCamp
323,0.1694390676384797,1.8895056984220595,0.1,engert_20221001_fish1_magneto_1,105.66253662109375,103.96415710449219,32.0,65.0,,20221001,20221001_fish1,zebrafish,WB,mag,2160.0,1075,0.6457505030299878,12,0.6,2022_10_01-fish1_cytoGCamp
334,0.2816307668093534,1.5931344316823661,0.1,engert_20221001_fish1_magneto_1,60.35154342651367,60.16032028198242,32.0,65.0,,20221001,20221001_fish1,zebrafish,WB,mag,2160.0,1176,0.7391664000457276,15,0.6,2022_10_01-fish1_cytoGCamp
335,0.6647687585940131,0.9010936905616977,0.1,engert_20221001_fish1_magneto_1,105.28533172607422,105.64622497558594,32.0,65.0,,20221001,20221001_fish1,zebrafish,WB,mag,2160.0,1211,0.8879653519235056,18,0.6,2022_10_01-fish1_cytoGCamp
339,0.47653355058937297,1.2158350904454465,0.1,engert_20221001_fish1_magneto_1,115.37127685546875,80.43148803710938,32.0,65.0,,20221001,20221001_fish1,zebrafish,WB,mag,2160.0,1240,0.8631587909015297,11,0.6,2022_10_01-fish1_cytoGCamp
344,0.36779353792220437,1.4138972896475939,0.1,engert_20221001_fish1_magneto_1,38.87617492675781,44.034244537353516,32.0,65.0,,20221001,20221001_fish1,zebrafish,WB,mag,2160.0,1333,0.6673611524253767,17,0.6,2022_10_01-fish1_cytoGCamp
346,0.8152345478777137,0.6366975197407819,0.1,engert_20221001_fish1_magneto_1,108.47753143310547,107.86164093017578,32.0,65.0,,20221001,20221001_fish1,zebrafish,WB,mag,2160.0,1356,0.9781660363159065,20,0.6,2022_10_01-fish1_cytoGCamp
362,0.6595806359127843,0.9097308374290749,0.1,engert_20221001_fish1_magneto_1,166.9874267578125,154.3456268310547,32.0,65.0,,20221001,20221001_fish1,zebrafish,WB,mag,2160.0,1864,0.6457505030299878,12,0.6,2022_10_01-fish1_cytoGCamp
363,0.43656987693265414,1.2861373583108795,0.1,engert_20221001_fish1_magneto_1,35.831058502197266,45.35422134399414,32.0,65.0,,20221001,20221001_fish1,zebrafish,WB,mag,2160.0,1871,0.9858441553246363,16,0.6,2022_10_01-fish1_cytoGCamp
376,0.711951258816324,0.8216900916897416,0.1,engert_20221001_fish1_magneto_1,9.837031364440918,9.841705322265625,32.0,65.0,,20221001,20221001_fish1,zebrafish,WB,mag,2160.0,2368,0.6457505030299878,13,0.6,2022_10_01-fish1_cytoGCamp
380,0.35140659392884366,1.4460209292526958,0.1,engert_20221001_fish1_magneto_1,59.87636947631836,60.20992660522461,32.0,65.0,,20221001,20221001_fish1,zebrafish,WB,mag,2160.0,2570,0.6717551015161466,11,0.6,2022_10_01-fish1_cytoGCamp
382,0.6398788821858545,0.9424249953634594,0.1,engert_20221001_fish1_magneto_1,100.17268371582031,128.9168243408203,32.0,65.0,,20221001,20221001_fish1,zebrafish,WB,mag,2160.0,2593,0.9333231976574152,17,0.6,2022_10_01-fish1_cytoGCamp
390,0.6353114353883957,0.9499861831050972,0.1,engert_20221001_fish1_magneto_1,102.67143249511719,102.56481170654297,32.0,65.0,,20221001,20221001_fish1,zebrafish,WB,mag,2160.0,2937,0.6467039552721384,11,0.6,2022_10_01-fish1_cytoGCamp
402,0.16688038269528482,1.8977003266793464,0.1,engert_20221001_fish1_magneto_1,144.01663208007812,144.01663208007812,32.0,65.0,,20221001,20221001_fish1,zebrafish,WB,mag,2160.0,3368,0.6467039552721384,12,0.6,2022_10_01-fish1_cytoGCamp
409,0.4156978764269774,1.323871116503335,0.1,engert_20221001_fish1_magneto_1,24.594802856445312,23.673173904418945,32.0,65.0,,20221001,20221001_fish1,zebrafish,WB,mag,2160.0,3600,0.6457505030299878,12,0.6,2022_10_01-fish1_cytoGCamp
31,0.4079501182594574,1.3380870298372813,0.1,engert_20221001_fish1_magneto_2,173.92520141601562,173.52810668945312,32.0,65.0,,20221001,20221001_fish1,zebrafish,WB,mag,2160.0,41,0.8528110364139495,55,0.6,2022_10_01-fish1_cytoGCamp
84,0.8285385201414278,0.6108906419443011,0.1,engert_20221001_fish1_magneto_2,26.495973587036133,26.85918426513672,32.0,65.0,,20221001,20221001_fish1,zebrafish,WB,mag,2160.0,111,0.9705111967998508,49,0.6,2022_10_01-fish1_cytoGCamp
97,0.7969117170258355,0.6712767329180164,0.1,engert_20221001_fish1_magneto_2,20.332653045654297,19.747753143310547,32.0,65.0,,20221001,20221001_fish1,zebrafish,WB,mag,2160.0,131,0.9969716953673792,27,0.6,2022_10_01-fish1_cytoGCamp
101,0.3652475428056299,1.418838691352569,0.1,engert_20221001_fish1_magneto_2,11.311161994934082,22.905481338500977,32.0,65.0,,20221001,20221001_fish1,zebrafish,WB,mag,2160.0,140,0.6457505030299878,15,0.6,2022_10_01-fish1_cytoGCamp
147,0.3736213394213116,1.4026517587937068,0.1,engert_20221001_fish1_magneto_2,88.2096176147461,87.86839294433594,32.0,65.0,,20221001,20221001_fish1,zebrafish,WB,mag,2160.0,239,0.6457505030299878,14,0.6,2022_10_01-fish1_cytoGCamp
163,0.19419950548773357,1.8144886593914262,0.1,engert_20221001_fish1_magneto_2,160.6302947998047,160.9611358642578,32.0,65.0,,20221001,20221001_fish1,zebrafish,WB,mag,2160.0,265,0.7775918790092013,14,0.6,2022_10_01-fish1_cytoGCamp
192,0.3659803433080301,1.4174146683239617,0.1,engert_20221001_fish1_magneto_2,105.43009948730469,131.7810516357422,32.0,65.0,,20221001,20221001_fish1,zebrafish,WB,mag,2160.0,331,0.9833040908160467,23,0.6,2022_10_01-fish1_cytoGCamp
200,0.7887058653295818,0.6864489423822668,0.1,engert_20221001_fish1_magneto_2,61.18584060668945,117.04387664794922,32.0,65.0,,20221001,20221001_fish1,zebrafish,WB,mag,2160.0,350,0.9895884758523461,30,0.6,2022_10_01-fish1_cytoGCamp
212,0.5690684930524109,1.0595422422799299,0.1,engert_20221001_fish1_magneto_2,28.834840774536133,43.285282135009766,32.0,65.0,,20221001,20221001_fish1,zebrafish,WB,mag,2160.0,384,0.9527683361779358,22,0.6,2022_10_01-fish1_cytoGCamp
214,0.527876081225539,1.1283092985717804,0.1,engert_20221001_fish1_magneto_2,23.9099178314209,28.455520629882812,32.0,65.0,,20221001,20221001_fish1,zebrafish,WB,mag,2160.0,394,0.6717551015161466,12,0.6,2022_10_01-fish1_cytoGCamp
229,0.24161374814163938,1.6877634968519915,0.1,engert_20221001_fish1_magneto_2,32.42451095581055,41.45021057128906,32.0,65.0,,20221001,20221001_fish1,zebrafish,WB,mag,2160.0,431,0.6673611524253767,15,0.6,2022_10_01-fish1_cytoGCamp
264,0.10312298376216289,2.141679550089955,0.1,engert_20221001_fish1_magneto_2,35.892425537109375,31.24755859375,32.0,65.0,,20221001,20221001_fish1,zebrafish,WB,mag,2160.0,585,0.9267062274139306,21,0.6,2022_10_01-fish1_cytoGCamp
407,0.1706329862669057,1.8857128187882028,0.1,engert_20221001_fish1_magneto_2,60.41011047363281,60.65113830566406,32.0,65.0,,20221001,20221001_fish1,zebrafish,WB,mag,2160.0,3875,0.8106340831286121,11,0.6,2022_10_01-fish1_cytoGCamp
0,0.42867252915359766,1.3003227879169867,0.1,engert_20221001_fish2_magneto_0,7.261387348175049,7.335598468780518,32.0,65.0,,20221001,20221001_fish2,zebrafish,WB,mag,2160.0,2,0.9769925673861385,56,0.6,2022_10_01-fish2_cytoGCaMP
1,0.5390691090352522,1.1095272797835407,0.1,engert_20221001_fish2_magneto_0,79.60863494873047,77.95735931396484,32.0,65.0,,20221001,20221001_fish2,zebrafish,WB,mag,2160.0,3,0.9229224329406113,36,0.6,2022_10_01-fish2_cytoGCaMP
2,0.8506781300546509,0.5663542440512421,0.1,engert_20221001_fish2_magneto_0,4.069430828094482,4.728464603424072,32.0,65.0,,20221001,20221001_fish2,zebrafish,WB,mag,2160.0,4,0.9874596912470952,45,0.6,2022_10_01-fish2_cytoGCaMP
3,0.2679369277964002,1.624491718510798,0.1,engert_20221001_fish2_magneto_0,44.67031478881836,44.48652648925781,32.0,65.0,,20221001,20221001_fish2,zebrafish,WB,mag,2160.0,5,0.9871808681719898,23,0.6,2022_10_01-fish2_cytoGCaMP
4,0.8210821960833806,0.6254331852636079,0.1,engert_20221001_fish2_magneto_0,11.774552345275879,12.316953659057617,32.0,65.0,,20221001,20221001_fish2,zebrafish,WB,mag,2160.0,7,0.6037772831073855,21,0.6,2022_10_01-fish2_cytoGCaMP
5,0.05178235826815247,2.451494100586791,0.1,engert_20221001_fish2_magneto_0,8.507925987243652,8.33350658416748,32.0,65.0,,20221001,20221001_fish2,zebrafish,WB,mag,2160.0,8,0.6037772831073855,17,0.6,2022_10_01-fish2_cytoGCaMP
6,0.28688218106670615,1.5813605415577825,0.1,engert_20221001_fish2_magneto_0,12.084925651550293,20.08447265625,32.0,65.0,,20221001,20221001_fish2,zebrafish,WB,mag,2160.0,9,0.9927069791648908,29,0.6,2022_10_01-fish2_cytoGCaMP
7,0.8891020189357084,0.48267932725987733,0.1,engert_20221001_fish2_magneto_0,12.12624740600586,11.960653305053711,32.0,65.0,,20221001,20221001_fish2,zebrafish,WB,mag,2160.0,10,0.9923222330575171,50,0.6,2022_10_01-fish2_cytoGCaMP
8,0.2829231375003495,1.5902244651094244,0.1,engert_20221001_fish2_magneto_0,9.3429536819458,8.992488861083984,32.0,65.0,,20221001,20221001_fish2,zebrafish,WB,mag,2160.0,11,0.9625982900154314,37,0.6,2022_10_01-fish2_cytoGCaMP
9,0.3971601382487199,1.3580915246604839,0.1,engert_20221001_fish2_magneto_0,17.6015625,17.110618591308594,32.0,65.0,,20221001,20221001_fish2,zebrafish,WB,mag,2160.0,16,0.7666507368389192,31,0.6,2022_10_01-fish2_cytoGCaMP
10,0.4041011589765173,1.3451946474675642,0.1,engert_20221001_fish2_magneto_0,39.94774627685547,36.78137969970703,32.0,65.0,,20221001,20221001_fish2,zebrafish,WB,mag,2160.0,18,0.9208635427929134,34,0.6,2022_10_01-fish2_cytoGCaMP
11,0.3201682915864932,1.5095814949247595,0.1,engert_20221001_fish2_magneto_0,41.406715393066406,40.19606018066406,32.0,65.0,,20221001,20221001_fish2,zebrafish,WB,mag,2160.0,20,0.6251480602113016,18,0.6,2022_10_01-fish2_cytoGCaMP
12,0.12496956448743224,2.0475636129784975,0.1,engert_20221001_fish2_magneto_0,17.27014923095703,19.525867462158203,32.0,65.0,,20221001,20221001_fish2,zebrafish,WB,mag,2160.0,22,0.9636664294783712,31,0.6,2022_10_01-fish2_cytoGCaMP
13,0.34978973297518934,1.4492329727757545,0.1,engert_20221001_fish2_magneto_0,3.95397686958313,4.185174465179443,32.0,65.0,,20221001,20221001_fish2,zebrafish,WB,mag,2160.0,23,0.8463568449588572,55,0.6,2022_10_01-fish2_cytoGCaMP
14,0.12389770323421612,2.0518691073589097,0.1,engert_20221001_fish2_magneto_0,89.1690444946289,96.91571044921875,32.0,65.0,,20221001,20221001_fish2,zebrafish,WB,mag,2160.0,25,0.9581871737134551,43,0.6,2022_10_01-fish2_cytoGCaMP
15,0.2086052472646136,1.7739287384158884,0.1,engert_20221001_fish2_magneto_0,78.50821685791016,76.15757751464844,32.0,65.0,,20221001,20221001_fish2,zebrafish,WB,mag,2160.0,27,0.9904612336255094,45,0.6,2022_10_01-fish2_cytoGCaMP
16,0.765502973828118,0.7284651761017287,0.1,engert_20221001_fish2_magneto_0,5.623213768005371,6.2578911781311035,32.0,65.0,,20221001,20221001_fish2,zebrafish,WB,mag,2160.0,31,0.9695238252242389,31,0.6,2022_10_01-fish2_cytoGCaMP
17,0.6522245522780195,0.9219554736755834,0.1,engert_20221001_fish2_magneto_0,5.427455902099609,4.401856899261475,32.0,65.0,,20221001,20221001_fish2,zebrafish,WB,mag,2160.0,32,0.875602321857684,21,0.6,2022_10_01-fish2_cytoGCaMP
18,0.21332208631256988,1.7610729362976556,0.1,engert_20221001_fish2_magneto_0,130.05233764648438,129.5277557373047,32.0,65.0,,20221001,20221001_fish2,zebrafish,WB,mag,2160.0,33,0.6489219799833239,20,0.6,2022_10_01-fish2_cytoGCaMP
19,0.8839971679352162,0.4943843804979401,0.1,engert_20221001_fish2_magneto_0,13.57827091217041,11.072660446166992,32.0,65.0,,20221001,20221001_fish2,zebrafish,WB,mag,2160.0,35,0.9587237480110952,35,0.6,2022_10_01-fish2_cytoGCaMP
20,0.7050030612789333,0.8335048750046646,0.1,engert_20221001_fish2_magneto_0,43.635169982910156,41.1977424621582,32.0,65.0,,20221001,20221001_fish2,zebrafish,WB,mag,2160.0,36,0.9936125452304382,54,0.6,2022_10_01-fish2_cytoGCaMP
21,0.7018110827033637,0.8389160005950224,0.1,engert_20221001_fish2_magneto_0,24.30388832092285,28.746337890625,32.0,65.0,,20221001,20221001_fish2,zebrafish,WB,mag,2160.0,37,0.9961137240142928,26,0.6,2022_10_01-fish2_cytoGCaMP
22,0.8588049014227099,0.5494174356830153,0.1,engert_20221001_fish2_magneto_0,7.105194091796875,6.615429878234863,32.0,65.0,,20221001,20221001_fish2,zebrafish,WB,mag,2160.0,39,0.9554419178431623,38,0.6,2022_10_01-fish2_cytoGCaMP
23,0.4800514341440888,1.2097503050821974,0.1,engert_20221001_fish2_magneto_0,17.732913970947266,17.618186950683594,32.0,65.0,,20221001,20221001_fish2,zebrafish,WB,mag,2160.0,40,0.9789469494970362,40,0.6,2022_10_01-fish2_cytoGCaMP
24,0.6993464603186933,0.8430873122269532,0.1,engert_20221001_fish2_magneto_0,10.029031753540039,13.550460815429688,32.0,65.0,,20221001,20221001_fish2,zebrafish,WB,mag,2160.0,42,0.818185742119837,62,0.6,2022_10_01-fish2_cytoGCaMP
25,0.08620322839119399,2.226111082296932,0.1,engert_20221001_fish2_magneto_0,2.740689754486084,3.1826601028442383,32.0,65.0,,20221001,20221001_fish2,zebrafish,WB,mag,2160.0,43,0.8441356030018733,32,0.6,2022_10_01-fish2_cytoGCaMP
26,0.4345726042687754,1.2897148268101515,0.1,engert_20221001_fish2_magneto_0,2.0291430950164795,2.5812251567840576,32.0,65.0,,20221001,20221001_fish2,zebrafish,WB,mag,2160.0,44,0.9417003689271778,40,0.6,2022_10_01-fish2_cytoGCaMP
27,0.32097958002097715,1.507887842818484,0.1,engert_20221001_fish2_magneto_0,42.67133712768555,33.408775329589844,32.0,65.0,,20221001,20221001_fish2,zebrafish,WB,mag,2160.0,46,0.9648321266146217,35,0.6,2022_10_01-fish2_cytoGCaMP
28,0.5444243464123422,1.1005697753684693,0.1,engert_20221001_fish2_magneto_0,12.786469459533691,16.972562789916992,32.0,65.0,,20221001,20221001_fish2,zebrafish,WB,mag,2160.0,47,0.9848895607354371,27,0.6,2022_10_01-fish2_cytoGCaMP
29,0.5086048183406022,1.1608682062227653,0.1,engert_20221001_fish2_magneto_0,15.414375305175781,17.384260177612305,32.0,65.0,,20221001,20221001_fish2,zebrafish,WB,mag,2160.0,48,0.9650494582672166,30,0.6,2022_10_01-fish2_cytoGCaMP
30,0.3148203906685447,1.5208075580295817,0.1,engert_20221001_fish2_magneto_0,150.01272583007812,152.07943725585938,32.0,65.0,,20221001,20221001_fish2,zebrafish,WB,mag,2160.0,49,0.6868406536276036,45,0.6,2022_10_01-fish2_cytoGCaMP
31,0.42683795423822946,1.303633692780734,0.1,engert_20221001_fish2_magneto_0,7.4887776374816895,7.849349021911621,32.0,65.0,,20221001,20221001_fish2,zebrafish,WB,mag,2160.0,52,0.8415612121657964,41,0.6,2022_10_01-fish2_cytoGCaMP
32,0.059048568721353556,2.3952916789810206,0.1,engert_20221001_fish2_magneto_0,23.90220069885254,23.687694549560547,32.0,65.0,,20221001,20221001_fish2,zebrafish,WB,mag,2160.0,53,0.6247000672042465,50,0.6,2022_10_01-fish2_cytoGCaMP
33,0.3807222759135238,1.3890680536720774,0.1,engert_20221001_fish2_magneto_0,92.40110778808594,61.703590393066406,32.0,65.0,,20221001,20221001_fish2,zebrafish,WB,mag,2160.0,55,0.9409301276339158,26,0.6,2022_10_01-fish2_cytoGCaMP
34,0.35028553143679175,1.4482472024446573,0.1,engert_20221001_fish2_magneto_0,208.1259765625,219.76309204101562,32.0,65.0,,20221001,20221001_fish2,zebrafish,WB,mag,2160.0,58,0.9395055167218871,38,0.6,2022_10_01-fish2_cytoGCaMP
35,0.4841697778267291,1.2026455769334508,0.1,engert_20221001_fish2_magneto_0,60.83974075317383,90.57250213623047,32.0,65.0,,20221001,20221001_fish2,zebrafish,WB,mag,2160.0,59,0.9741655155279522,29,0.6,2022_10_01-fish2_cytoGCaMP
36,0.9108688629444429,0.4300638559791306,0.1,engert_20221001_fish2_magneto_0,26.40883445739746,24.09298324584961,32.0,65.0,,20221001,20221001_fish2,zebrafish,WB,mag,2160.0,60,0.8479772562272426,31,0.6,2022_10_01-fish2_cytoGCaMP
37,0.5674026489123677,1.0623070952281808,0.1,engert_20221001_fish2_magneto_0,6.372607707977295,6.164285182952881,32.0,65.0,,20221001,20221001_fish2,zebrafish,WB,mag,2160.0,62,0.9207575617219614,43,0.6,2022_10_01-fish2_cytoGCaMP
38,0.5360072794242594,1.114656700429662,0.1,engert_20221001_fish2_magneto_0,9.537988662719727,9.312751770019531,32.0,65.0,,20221001,20221001_fish2,zebrafish,WB,mag,2160.0,64,0.9002219454075491,36,0.6,2022_10_01-fish2_cytoGCaMP
39,0.7420070162308072,0.7699085905604518,0.1,engert_20221001_fish2_magneto_0,15.950865745544434,15.205857276916504,32.0,65.0,,20221001,20221001_fish2,zebrafish,WB,mag,2160.0,65,0.9846970852971338,25,0.6,2022_10_01-fish2_cytoGCaMP
40,0.9611528275296304,0.2799299540747992,0.1,engert_20221001_fish2_magneto_0,26.23835563659668,31.897838592529297,32.0,65.0,,20221001,20221001_fish2,zebrafish,WB,mag,2160.0,66,0.7918961020519476,19,0.6,2022_10_01-fish2_cytoGCaMP
41,0.9422918053649925,0.3430113856838266,0.1,engert_20221001_fish2_magneto_0,4.928424835205078,5.609539985656738,32.0,65.0,,20221001,20221001_fish2,zebrafish,WB,mag,2160.0,67,0.8723816452150912,36,0.6,2022_10_01-fish2_cytoGCaMP
42,0.4600555627558046,1.2445459952320204,0.1,engert_20221001_fish2_magneto_0,34.78719711303711,34.07485580444336,32.0,65.0,,20221001,20221001_fish2,zebrafish,WB,mag,2160.0,70,0.6429783647737174,30,0.6,2022_10_01-fish2_cytoGCaMP
43,0.8251285447070484,0.6175671730293649,0.1,engert_20221001_fish2_magneto_0,16.457109451293945,26.036359786987305,32.0,65.0,,20221001,20221001_fish2,zebrafish,WB,mag,2160.0,74,0.9927470628086782,33,0.6,2022_10_01-fish2_cytoGCaMP
44,0.8811918712933358,0.5007289405843197,0.1,engert_20221001_fish2_magneto_0,163.69436645507812,163.97369384765625,32.0,65.0,,20221001,20221001_fish2,zebrafish,WB,mag,2160.0,75,0.9984830308351609,43,0.6,2022_10_01-fish2_cytoGCaMP
45,0.026262957584980096,2.725211281421725,0.1,engert_20221001_fish2_magneto_0,39.61104202270508,40.265541076660156,32.0,65.0,,20221001,20221001_fish2,zebrafish,WB,mag,2160.0,77,0.9905611337483876,32,0.6,2022_10_01-fish2_cytoGCaMP
46,0.27373757242197905,1.6110893941239377,0.1,engert_20221001_fish2_magneto_0,188.8448486328125,188.44989013671875,32.0,65.0,,20221001,20221001_fish2,zebrafish,WB,mag,2160.0,79,0.979618190894253,19,0.6,2022_10_01-fish2_cytoGCaMP
47,0.7120773115921225,0.8214752663610045,0.1,engert_20221001_fish2_magneto_0,32.46760940551758,42.27439880371094,32.0,65.0,,20221001,20221001_fish2,zebrafish,WB,mag,2160.0,80,0.9656145618038622,46,0.6,2022_10_01-fish2_cytoGCaMP
48,0.7093830021803715,0.8260631618538853,0.1,engert_20221001_fish2_magneto_0,9.050149917602539,15.838379859924316,32.0,65.0,,20221001,20221001_fish2,zebrafish,WB,mag,2160.0,83,0.8607112352511173,20,0.6,2022_10_01-fish2_cytoGCaMP
49,0.44207544080521866,1.2763102835414633,0.1,engert_20221001_fish2_magneto_0,168.12660217285156,124.0904769897461,32.0,65.0,,20221001,20221001_fish2,zebrafish,WB,mag,2160.0,85,0.9870086248798996,39,0.6,2022_10_01-fish2_cytoGCaMP
50,0.5574731666636161,1.0788105520982396,0.1,engert_20221001_fish2_magneto_0,10.247662544250488,9.127398490905762,32.0,65.0,,20221001,20221001_fish2,zebrafish,WB,mag,2160.0,88,0.9952284444479101,26,0.6,2022_10_01-fish2_cytoGCaMP
51,0.44288161306901663,1.2748754252761902,0.1,engert_20221001_fish2_magneto_0,7.651541233062744,8.979047775268555,32.0,65.0,,20221001,20221001_fish2,zebrafish,WB,mag,2160.0,90,0.982106964716149,23,0.6,2022_10_01-fish2_cytoGCaMP
52,0.875539239094236,0.5133357651052243,0.1,engert_20221001_fish2_magneto_0,58.42827224731445,60.78893280029297,32.0,65.0,,20221001,20221001_fish2,zebrafish,WB,mag,2160.0,91,0.9175656748584996,45,0.6,2022_10_01-fish2_cytoGCaMP
53,0.31306753873328697,1.5245110555209505,0.1,engert_20221001_fish2_magneto_0,52.56370544433594,48.143070220947266,32.0,65.0,,20221001,20221001_fish2,zebrafish,WB,mag,2160.0,92,0.9702737416979395,40,0.6,2022_10_01-fish2_cytoGCaMP
54,0.5087303322293719,1.1606551485936103,0.1,engert_20221001_fish2_magneto_0,32.80817794799805,32.88290023803711,32.0,65.0,,20221001,20221001_fish2,zebrafish,WB,mag,2160.0,94,0.9514316273644059,50,0.6,2022_10_01-fish2_cytoGCaMP
55,0.8671876471894865,0.5315605351278176,0.1,engert_20221001_fish2_magneto_0,15.3798189163208,14.34643268585205,32.0,65.0,,20221001,20221001_fish2,zebrafish,WB,mag,2160.0,97,0.9438804279895956,26,0.6,2022_10_01-fish2_cytoGCaMP
56,0.35115278983075693,1.446524689364869,0.1,engert_20221001_fish2_magneto_0,5.545141220092773,6.136407375335693,32.0,65.0,,20221001,20221001_fish2,zebrafish,WB,mag,2160.0,98,0.9047703727217554,24,0.6,2022_10_01-fish2_cytoGCaMP
57,0.6661362769713481,0.8988147167699091,0.1,engert_20221001_fish2_magneto_0,118.5725326538086,132.3929901123047,32.0,65.0,,20221001,20221001_fish2,zebrafish,WB,mag,2160.0,99,0.986077809609295,35,0.6,2022_10_01-fish2_cytoGCaMP
58,0.950112509265786,0.31822161993899595,0.1,engert_20221001_fish2_magneto_0,231.68190002441406,141.17405700683594,32.0,65.0,,20221001,20221001_fish2,zebrafish,WB,mag,2160.0,100,0.9745537250300518,41,0.6,2022_10_01-fish2_cytoGCaMP
59,0.7099975791502302,0.8250173612618409,0.1,engert_20221001_fish2_magneto_0,52.2427978515625,51.39472579956055,32.0,65.0,,20221001,20221001_fish2,zebrafish,WB,mag,2160.0,102,0.9743461071787893,33,0.6,2022_10_01-fish2_cytoGCaMP
60,0.6511680941462189,0.9237092391662465,0.1,engert_20221001_fish2_magneto_0,20.89034080505371,20.042984008789062,32.0,65.0,,20221001,20221001_fish2,zebrafish,WB,mag,2160.0,105,0.949543079332913,30,0.6,2022_10_01-fish2_cytoGCaMP
61,0.15252217047645666,1.9454853120463653,0.1,engert_20221001_fish2_magneto_0,16.866653442382812,15.957317352294922,32.0,65.0,,20221001,20221001_fish2,zebrafish,WB,mag,2160.0,107,0.8793322735244695,30,0.6,2022_10_01-fish2_cytoGCaMP
62,0.8863330645671131,0.48905471860521443,0.1,engert_20221001_fish2_magneto_0,5.937815189361572,7.6895012855529785,32.0,65.0,,20221001,20221001_fish2,zebrafish,WB,mag,2160.0,111,0.9681358186301786,17,0.6,2022_10_01-fish2_cytoGCaMP
63,0.07479140013424246,2.290959603611968,0.1,engert_20221001_fish2_magneto_0,83.34825134277344,78.01729583740234,32.0,65.0,,20221001,20221001_fish2,zebrafish,WB,mag,2160.0,113,0.994552182378321,34,0.6,2022_10_01-fish2_cytoGCaMP
64,0.45679855996885843,1.250264409010923,0.1,engert_20221001_fish2_magneto_0,13.285191535949707,14.438612937927246,32.0,65.0,,20221001,20221001_fish2,zebrafish,WB,mag,2160.0,117,0.9819768064482594,23,0.6,2022_10_01-fish2_cytoGCaMP
65,0.24139553731757835,1.6883063361124342,0.1,engert_20221001_fish2_magneto_0,79.84230041503906,83.97398376464844,32.0,65.0,,20221001,20221001_fish2,zebrafish,WB,mag,2160.0,119,0.9857997363167971,25,0.6,2022_10_01-fish2_cytoGCaMP
66,0.999080478604037,0.04210253939100117,0.1,engert_20221001_fish2_magneto_0,76.75314331054688,79.32245635986328,32.0,65.0,,20221001,20221001_fish2,zebrafish,WB,mag,2160.0,120,0.6407343384713888,12,0.6,2022_10_01-fish2_cytoGCaMP
67,0.21155518600980572,1.7658654793267419,0.1,engert_20221001_fish2_magneto_0,4.173235893249512,4.882938861846924,32.0,65.0,,20221001,20221001_fish2,zebrafish,WB,mag,2160.0,123,0.8749757213516066,22,0.6,2022_10_01-fish2_cytoGCaMP
68,0.9480418854753314,0.32494836104195607,0.1,engert_20221001_fish2_magneto_0,24.163625717163086,26.108577728271484,32.0,65.0,,20221001,20221001_fish2,zebrafish,WB,mag,2160.0,126,0.9753098241487637,38,0.6,2022_10_01-fish2_cytoGCaMP
69,0.1283787406469461,2.034055476673436,0.1,engert_20221001_fish2_magneto_0,143.78460693359375,162.29908752441406,32.0,65.0,,20221001,20221001_fish2,zebrafish,WB,mag,2160.0,128,0.9884615198736291,28,0.6,2022_10_01-fish2_cytoGCaMP
70,0.1944187933070629,1.813855597624034,0.1,engert_20221001_fish2_magneto_0,15.795811653137207,19.681106567382812,32.0,65.0,,20221001,20221001_fish2,zebrafish,WB,mag,2160.0,129,0.6489219799833239,18,0.6,2022_10_01-fish2_cytoGCaMP
71,0.680182753552665,0.8753419519777906,0.1,engert_20221001_fish2_magneto_0,18.247100830078125,21.04145050048828,32.0,65.0,,20221001,20221001_fish2,zebrafish,WB,mag,2160.0,130,0.9728416274422351,37,0.6,2022_10_01-fish2_cytoGCaMP
72,0.973277398538996,0.2313435480146884,0.1,engert_20221001_fish2_magneto_0,24.190513610839844,20.43192481994629,32.0,65.0,,20221001,20221001_fish2,zebrafish,WB,mag,2160.0,131,0.9127913561940286,25,0.6,2022_10_01-fish2_cytoGCaMP
73,0.5475649607225297,1.0953244266081061,0.1,engert_20221001_fish2_magneto_0,60.62546157836914,68.11165618896484,32.0,65.0,,20221001,20221001_fish2,zebrafish,WB,mag,2160.0,137,0.9893855334328172,33,0.6,2022_10_01-fish2_cytoGCaMP
74,0.2942873666844721,1.564979052941406,0.1,engert_20221001_fish2_magneto_0,92.46691131591797,91.28099060058594,32.0,65.0,,20221001,20221001_fish2,zebrafish,WB,mag,2160.0,147,0.9823470125107013,28,0.6,2022_10_01-fish2_cytoGCaMP
75,0.4115335921257939,1.331497063081412,0.1,engert_20221001_fish2_magneto_0,33.47645950317383,28.547285079956055,32.0,65.0,,20221001,20221001_fish2,zebrafish,WB,mag,2160.0,148,0.9917122809526987,26,0.6,2022_10_01-fish2_cytoGCaMP
76,0.9025678946090426,0.4506991602244839,0.1,engert_20221001_fish2_magneto_0,12.475919723510742,23.352441787719727,32.0,65.0,,20221001,20221001_fish2,zebrafish,WB,mag,2160.0,149,0.6489219799833239,16,0.6,2022_10_01-fish2_cytoGCaMP
77,0.09276003329157034,2.1919394132912595,0.1,engert_20221001_fish2_magneto_0,9.462044715881348,10.197633743286133,32.0,65.0,,20221001,20221001_fish2,zebrafish,WB,mag,2160.0,150,0.989354549965859,20,0.6,2022_10_01-fish2_cytoGCaMP
78,0.5046485173773421,1.1675919633039396,0.1,engert_20221001_fish2_magneto_0,31.246158599853516,31.643077850341797,32.0,65.0,,20221001,20221001_fish2,zebrafish,WB,mag,2160.0,152,0.9212714803365845,26,0.6,2022_10_01-fish2_cytoGCaMP
79,0.09631111575927764,2.17423465560415,0.1,engert_20221001_fish2_magneto_0,9.453608512878418,9.538756370544434,32.0,65.0,,20221001,20221001_fish2,zebrafish,WB,mag,2160.0,153,0.9886824428579806,32,0.6,2022_10_01-fish2_cytoGCaMP
80,0.10568528411198053,2.129874430181727,0.1,engert_20221001_fish2_magneto_0,133.81552124023438,122.6033935546875,32.0,65.0,,20221001,20221001_fish2,zebrafish,WB,mag,2160.0,155,0.7559064227322185,39,0.6,2022_10_01-fish2_cytoGCaMP
81,0.8175503341293313,0.6322508502475084,0.1,engert_20221001_fish2_magneto_0,5.3566179275512695,7.003869533538818,32.0,65.0,,20221001,20221001_fish2,zebrafish,WB,mag,2160.0,156,0.9021091331519803,17,0.6,2022_10_01-fish2_cytoGCaMP
82,0.947851839018828,0.32555925616229714,0.1,engert_20221001_fish2_magneto_0,95.8570556640625,101.63420104980469,32.0,65.0,,20221001,20221001_fish2,zebrafish,WB,mag,2160.0,159,0.6489219799833239,20,0.6,2022_10_01-fish2_cytoGCaMP
83,0.2856211027794159,1.5841757591642736,0.1,engert_20221001_fish2_magneto_0,118.32698822021484,117.41692352294922,32.0,65.0,,20221001,20221001_fish2,zebrafish,WB,mag,2160.0,163,0.9750940083736233,21,0.6,2022_10_01-fish2_cytoGCaMP
84,0.8271761062459169,0.6135634732889589,0.1,engert_20221001_fish2_magneto_0,23.13326644897461,21.704256057739258,32.0,65.0,,20221001,20221001_fish2,zebrafish,WB,mag,2160.0,168,0.9874369892824585,31,0.6,2022_10_01-fish2_cytoGCaMP
85,0.47364197399992647,1.2208479083828658,0.1,engert_20221001_fish2_magneto_0,42.75155258178711,46.00624084472656,32.0,65.0,,20221001,20221001_fish2,zebrafish,WB,mag,2160.0,170,0.977468807621148,22,0.6,2022_10_01-fish2_cytoGCaMP
86,0.48091434703879854,1.2082600112434867,0.1,engert_20221001_fish2_magneto_0,31.32994842529297,32.83966827392578,32.0,65.0,,20221001,20221001_fish2,zebrafish,WB,mag,2160.0,171,0.9926764096047986,26,0.6,2022_10_01-fish2_cytoGCaMP
87,0.4881060720958128,1.1958730699651228,0.1,engert_20221001_fish2_magneto_0,114.3715591430664,53.9196891784668,32.0,65.0,,20221001,20221001_fish2,zebrafish,WB,mag,2160.0,172,0.9817688249298919,22,0.6,2022_10_01-fish2_cytoGCaMP
88,0.6701448764016971,0.8921283877590817,0.1,engert_20221001_fish2_magneto_0,208.508056640625,208.41339111328125,32.0,65.0,,20221001,20221001_fish2,zebrafish,WB,mag,2160.0,178,0.9863230243214515,34,0.6,2022_10_01-fish2_cytoGCaMP
89,0.50210804926285,1.1719172318607736,0.1,engert_20221001_fish2_magneto_0,161.75369262695312,187.1592559814453,32.0,65.0,,20221001,20221001_fish2,zebrafish,WB,mag,2160.0,181,0.9612226038654699,33,0.6,2022_10_01-fish2_cytoGCaMP
90,0.2466698608739779,1.6752752084864726,0.1,engert_20221001_fish2_magneto_0,11.21963119506836,11.484066009521484,32.0,65.0,,20221001,20221001_fish2,zebrafish,WB,mag,2160.0,182,0.7191126122403116,15,0.6,2022_10_01-fish2_cytoGCaMP
91,0.44526643587545245,1.2706369853267776,0.1,engert_20221001_fish2_magneto_0,36.360992431640625,41.6270637512207,32.0,65.0,,20221001,20221001_fish2,zebrafish,WB,mag,2160.0,183,0.6489219799833239,13,0.6,2022_10_01-fish2_cytoGCaMP
92,0.49845566889319426,1.1781466438358836,0.1,engert_20221001_fish2_magneto_0,21.337141036987305,18.68262481689453,32.0,65.0,,20221001,20221001_fish2,zebrafish,WB,mag,2160.0,185,0.9250154553034953,37,0.6,2022_10_01-fish2_cytoGCaMP
93,0.2968176456313658,1.5594390038841013,0.1,engert_20221001_fish2_magneto_0,22.898099899291992,20.86989974975586,32.0,65.0,,20221001,20221001_fish2,zebrafish,WB,mag,2160.0,186,0.9836447977748884,25,0.6,2022_10_01-fish2_cytoGCaMP
94,0.04709271161851991,2.4914036549775718,0.1,engert_20221001_fish2_magneto_0,69.51931762695312,69.21988677978516,32.0,65.0,,20221001,20221001_fish2,zebrafish,WB,mag,2160.0,189,0.6536881408708652,24,0.6,2022_10_01-fish2_cytoGCaMP
95,0.5533025671101565,1.08575556702036,0.1,engert_20221001_fish2_magneto_0,37.89852523803711,36.28400802612305,32.0,65.0,,20221001,20221001_fish2,zebrafish,WB,mag,2160.0,193,0.990156526522124,31,0.6,2022_10_01-fish2_cytoGCaMP
96,0.7938863292340603,0.6768915200602742,0.1,engert_20221001_fish2_magneto_0,21.68618392944336,21.97823715209961,32.0,65.0,,20221001,20221001_fish2,zebrafish,WB,mag,2160.0,198,0.9965245112070298,32,0.6,2022_10_01-fish2_cytoGCaMP
97,0.8279894244546802,0.6119688065931093,0.1,engert_20221001_fish2_magneto_0,5.678229808807373,6.255529880523682,32.0,65.0,,20221001,20221001_fish2,zebrafish,WB,mag,2160.0,199,0.9871506634391288,24,0.6,2022_10_01-fish2_cytoGCaMP
98,0.9387992717193292,0.3535844641859682,0.1,engert_20221001_fish2_magneto_0,5.919455528259277,6.118704795837402,32.0,65.0,,20221001,20221001_fish2,zebrafish,WB,mag,2160.0,200,0.9437916539043948,31,0.6,2022_10_01-fish2_cytoGCaMP
99,0.1235898536184542,2.0531110192782673,0.1,engert_20221001_fish2_magneto_0,39.02527618408203,43.60204315185547,32.0,65.0,,20221001,20221001_fish2,zebrafish,WB,mag,2160.0,206,0.8609645641918673,35,0.6,2022_10_01-fish2_cytoGCaMP
100,0.07874495243428337,2.2676346338333784,0.1,engert_20221001_fish2_magneto_0,21.58875274658203,20.0386905670166,32.0,65.0,,20221001,20221001_fish2,zebrafish,WB,mag,2160.0,209,0.8949291890529989,25,0.6,2022_10_01-fish2_cytoGCaMP
101,0.7869858087756966,0.6896069654362511,0.1,engert_20221001_fish2_magneto_0,13.814177513122559,18.032451629638672,32.0,65.0,,20221001,20221001_fish2,zebrafish,WB,mag,2160.0,213,0.9880979208700081,25,0.6,2022_10_01-fish2_cytoGCaMP
102,0.7149983110890614,0.8164923460833514,0.1,engert_20221001_fish2_magneto_0,73.03305053710938,135.5839385986328,32.0,65.0,,20221001,20221001_fish2,zebrafish,WB,mag,2160.0,214,0.959982832841134,22,0.6,2022_10_01-fish2_cytoGCaMP
103,0.8446490630372994,0.5787020209214254,0.1,engert_20221001_fish2_magneto_0,55.77657699584961,54.865848541259766,32.0,65.0,,20221001,20221001_fish2,zebrafish,WB,mag,2160.0,220,0.9862205295197367,41,0.6,2022_10_01-fish2_cytoGCaMP
104,0.6984540357492466,0.8445962824938631,0.1,engert_20221001_fish2_magneto_0,11.946820259094238,15.93631649017334,32.0,65.0,,20221001,20221001_fish2,zebrafish,WB,mag,2160.0,227,0.9916484326722901,41,0.6,2022_10_01-fish2_cytoGCaMP
105,0.11958858213115786,2.069474801370194,0.1,engert_20221001_fish2_magneto_0,74.47090911865234,73.99393463134766,32.0,65.0,,20221001,20221001_fish2,zebrafish,WB,mag,2160.0,235,0.7876973992859074,38,0.6,2022_10_01-fish2_cytoGCaMP
106,0.011569512074427801,3.0260596976606644,0.1,engert_20221001_fish2_magneto_0,24.363069534301758,23.7600040435791,32.0,65.0,,20221001,20221001_fish2,zebrafish,WB,mag,2160.0,241,0.8677762254420068,31,0.6,2022_10_01-fish2_cytoGCaMP
107,0.4587658124188674,1.24680863166664,0.1,engert_20221001_fish2_magneto_0,112.05376434326172,109.5370864868164,32.0,65.0,,20221001,20221001_fish2,zebrafish,WB,mag,2160.0,244,0.9693346944953942,17,0.6,2022_10_01-fish2_cytoGCaMP
108,0.49527883848091236,1.183575872746726,0.1,engert_20221001_fish2_magneto_0,160.77651977539062,161.1638641357422,32.0,65.0,,20221001,20221001_fish2,zebrafish,WB,mag,2160.0,251,0.9650063243471935,18,0.6,2022_10_01-fish2_cytoGCaMP
109,0.17720395107070608,1.865176435909066,0.1,engert_20221001_fish2_magneto_0,84.23716735839844,89.14112854003906,32.0,65.0,,20221001,20221001_fish2,zebrafish,WB,mag,2160.0,253,0.6711218458763571,32,0.6,2022_10_01-fish2_cytoGCaMP
110,0.03365125931729862,2.628253224528888,0.1,engert_20221001_fish2_magneto_0,84.37759399414062,81.84346008300781,32.0,65.0,,20221001,20221001_fish2,zebrafish,WB,mag,2160.0,254,0.7703352251794331,19,0.6,2022_10_01-fish2_cytoGCaMP
111,0.2909813401008726,1.5722612835109897,0.1,engert_20221001_fish2_magneto_0,10.822754859924316,12.411568641662598,32.0,65.0,,20221001,20221001_fish2,zebrafish,WB,mag,2160.0,256,0.9805734135154659,23,0.6,2022_10_01-fish2_cytoGCaMP
112,0.08506534090434203,2.2322531950857925,0.1,engert_20221001_fish2_magneto_0,42.53544616699219,35.36768341064453,32.0,65.0,,20221001,20221001_fish2,zebrafish,WB,mag,2160.0,263,0.6489219799833239,11,0.6,2022_10_01-fish2_cytoGCaMP
113,0.43711754994722773,1.285157559599629,0.1,engert_20221001_fish2_magneto_0,33.8911018371582,30.692489624023438,32.0,65.0,,20221001,20221001_fish2,zebrafish,WB,mag,2160.0,268,0.9718601308526592,17,0.6,2022_10_01-fish2_cytoGCaMP
114,0.3179746714248668,1.5141730568829965,0.1,engert_20221001_fish2_magneto_0,79.28368377685547,80.52762603759766,32.0,65.0,,20221001,20221001_fish2,zebrafish,WB,mag,2160.0,271,0.9837623909028812,27,0.6,2022_10_01-fish2_cytoGCaMP
115,0.786000459237004,0.6914127142862876,0.1,engert_20221001_fish2_magneto_0,20.32168197631836,22.203388214111328,32.0,65.0,,20221001,20221001_fish2,zebrafish,WB,mag,2160.0,273,0.9890119667290052,44,0.6,2022_10_01-fish2_cytoGCaMP
116,0.31603866879671805,1.5182406001517104,0.1,engert_20221001_fish2_magneto_0,17.279199600219727,18.082332611083984,32.0,65.0,,20221001,20221001_fish2,zebrafish,WB,mag,2160.0,274,0.8629432948849038,14,0.6,2022_10_01-fish2_cytoGCaMP
117,0.11851312865546082,2.073945089485227,0.1,engert_20221001_fish2_magneto_0,20.93999671936035,21.353816986083984,32.0,65.0,,20221001,20221001_fish2,zebrafish,WB,mag,2160.0,278,0.9766714143625229,18,0.6,2022_10_01-fish2_cytoGCaMP
118,0.8138159132349098,0.639412541499393,0.1,engert_20221001_fish2_magneto_0,31.044694900512695,26.52416229248047,32.0,65.0,,20221001,20221001_fish2,zebrafish,WB,mag,2160.0,281,0.9871994658390384,24,0.6,2022_10_01-fish2_cytoGCaMP
119,0.07626849686158732,2.2821298440639257,0.1,engert_20221001_fish2_magneto_0,73.10918426513672,59.74287414550781,32.0,65.0,,20221001,20221001_fish2,zebrafish,WB,mag,2160.0,289,0.976278569814653,52,0.6,2022_10_01-fish2_cytoGCaMP
120,0.05717051955109642,2.409237019607305,0.1,engert_20221001_fish2_magneto_0,23.993459701538086,18.85806655883789,32.0,65.0,,20221001,20221001_fish2,zebrafish,WB,mag,2160.0,296,0.8405165374638098,26,0.6,2022_10_01-fish2_cytoGCaMP
121,0.272877235178985,1.6130658314150161,0.1,engert_20221001_fish2_magneto_0,72.17025756835938,67.27482604980469,32.0,65.0,,20221001,20221001_fish2,zebrafish,WB,mag,2160.0,297,0.6945215854353524,11,0.6,2022_10_01-fish2_cytoGCaMP
122,0.3490708735770569,1.4506635951555495,0.1,engert_20221001_fish2_magneto_0,22.92690658569336,28.275985717773438,32.0,65.0,,20221001,20221001_fish2,zebrafish,WB,mag,2160.0,299,0.8468186372227388,38,0.6,2022_10_01-fish2_cytoGCaMP
123,0.9098332247385826,0.43268124354094534,0.1,engert_20221001_fish2_magneto_0,82.85749053955078,83.01095581054688,32.0,65.0,,20221001,20221001_fish2,zebrafish,WB,mag,2160.0,304,0.6489219799833239,15,0.6,2022_10_01-fish2_cytoGCaMP
124,0.10688194493100767,2.1244385325955677,0.1,engert_20221001_fish2_magneto_0,15.889930725097656,17.750497817993164,32.0,65.0,,20221001,20221001_fish2,zebrafish,WB,mag,2160.0,307,0.8795689136045761,15,0.6,2022_10_01-fish2_cytoGCaMP
125,0.70886064547128,0.8269517273230638,0.1,engert_20221001_fish2_magneto_0,47.807010650634766,51.136226654052734,32.0,65.0,,20221001,20221001_fish2,zebrafish,WB,mag,2160.0,318,0.9802415846671778,21,0.6,2022_10_01-fish2_cytoGCaMP
126,0.8525903981343308,0.5624001542624426,0.1,engert_20221001_fish2_magneto_0,50.68626022338867,47.29925537109375,32.0,65.0,,20221001,20221001_fish2,zebrafish,WB,mag,2160.0,334,0.9490080620628075,27,0.6,2022_10_01-fish2_cytoGCaMP
127,0.031019099345431123,2.6604598511453568,0.1,engert_20221001_fish2_magneto_0,59.820343017578125,45.7108154296875,32.0,65.0,,20221001,20221001_fish2,zebrafish,WB,mag,2160.0,336,0.6489219799833239,12,0.6,2022_10_01-fish2_cytoGCaMP
128,0.5543334354645764,1.0840381313243188,0.1,engert_20221001_fish2_magneto_0,18.407760620117188,17.514333724975586,32.0,65.0,,20221001,20221001_fish2,zebrafish,WB,mag,2160.0,337,0.77028651445218,14,0.6,2022_10_01-fish2_cytoGCaMP
129,0.18982212421434108,1.8272312667458424,0.1,engert_20221001_fish2_magneto_0,10.94068717956543,10.33322811126709,32.0,65.0,,20221001,20221001_fish2,zebrafish,WB,mag,2160.0,339,0.9110506514380331,25,0.6,2022_10_01-fish2_cytoGCaMP
130,0.04756608636572157,2.4872262942188805,0.1,engert_20221001_fish2_magneto_0,48.72857666015625,55.400386810302734,32.0,65.0,,20221001,20221001_fish2,zebrafish,WB,mag,2160.0,349,0.9906645480384083,41,0.6,2022_10_01-fish2_cytoGCaMP
131,0.5498516674601275,1.0915086994435217,0.1,engert_20221001_fish2_magneto_0,19.575233459472656,23.14463233947754,32.0,65.0,,20221001,20221001_fish2,zebrafish,WB,mag,2160.0,350,0.6945215854353524,16,0.6,2022_10_01-fish2_cytoGCaMP
132,0.1488842695390259,1.958119826901393,0.1,engert_20221001_fish2_magneto_0,25.905242919921875,20.896177291870117,32.0,65.0,,20221001,20221001_fish2,zebrafish,WB,mag,2160.0,365,0.9436681473855689,30,0.6,2022_10_01-fish2_cytoGCaMP
133,0.3980112144431035,1.35650459602591,0.1,engert_20221001_fish2_magneto_0,84.5339584350586,82.40401458740234,32.0,65.0,,20221001,20221001_fish2,zebrafish,WB,mag,2160.0,368,0.686884260432771,13,0.6,2022_10_01-fish2_cytoGCaMP
134,0.28975921618665823,1.574965850117316,0.1,engert_20221001_fish2_magneto_0,19.079286575317383,12.951537132263184,32.0,65.0,,20221001,20221001_fish2,zebrafish,WB,mag,2160.0,372,0.6795864082338259,13,0.6,2022_10_01-fish2_cytoGCaMP
135,0.19123449381389013,1.82309722049122,0.1,engert_20221001_fish2_magneto_0,36.267940521240234,36.9508056640625,32.0,65.0,,20221001,20221001_fish2,zebrafish,WB,mag,2160.0,375,0.6722760713842099,25,0.6,2022_10_01-fish2_cytoGCaMP
136,0.7896615623802474,0.6846910438748136,0.1,engert_20221001_fish2_magneto_0,77.32965087890625,75.73489379882812,32.0,65.0,,20221001,20221001_fish2,zebrafish,WB,mag,2160.0,384,0.6877952867869491,34,0.6,2022_10_01-fish2_cytoGCaMP
137,0.7118190765296697,0.8219153632317909,0.1,engert_20221001_fish2_magneto_0,84.58926391601562,92.80595397949219,32.0,65.0,,20221001,20221001_fish2,zebrafish,WB,mag,2160.0,385,0.982988684666624,20,0.6,2022_10_01-fish2_cytoGCaMP
138,0.749909776133058,0.7560770668950129,0.1,engert_20221001_fish2_magneto_0,58.92634582519531,71.22705078125,32.0,65.0,,20221001,20221001_fish2,zebrafish,WB,mag,2160.0,386,0.9935962611875544,20,0.6,2022_10_01-fish2_cytoGCaMP
139,0.10323702452679717,2.1411491643362197,0.1,engert_20221001_fish2_magneto_0,37.237876892089844,55.645450592041016,32.0,65.0,,20221001,20221001_fish2,zebrafish,WB,mag,2160.0,392,0.9852153481879216,33,0.6,2022_10_01-fish2_cytoGCaMP
140,0.26372652506417193,1.634334889674909,0.1,engert_20221001_fish2_magneto_0,33.403785705566406,32.7639274597168,32.0,65.0,,20221001,20221001_fish2,zebrafish,WB,mag,2160.0,402,0.6489219799833239,11,0.6,2022_10_01-fish2_cytoGCaMP
141,0.24116710738507363,1.688874869236497,0.1,engert_20221001_fish2_magneto_0,36.5086555480957,36.350181579589844,32.0,65.0,,20221001,20221001_fish2,zebrafish,WB,mag,2160.0,406,0.9748041883358645,19,0.6,2022_10_01-fish2_cytoGCaMP
142,0.5646112722036774,1.0669423964173999,0.1,engert_20221001_fish2_magneto_0,19.99592399597168,21.14456558227539,32.0,65.0,,20221001,20221001_fish2,zebrafish,WB,mag,2160.0,409,0.951906060866534,22,0.6,2022_10_01-fish2_cytoGCaMP
143,0.11125857965173835,2.104955902864691,0.1,engert_20221001_fish2_magneto_0,126.59757232666016,123.90766143798828,32.0,65.0,,20221001,20221001_fish2,zebrafish,WB,mag,2160.0,412,0.6945215854353524,12,0.6,2022_10_01-fish2_cytoGCaMP
144,0.35504493518198177,1.4388218789318508,0.1,engert_20221001_fish2_magneto_0,16.482410430908203,18.73881721496582,32.0,65.0,,20221001,20221001_fish2,zebrafish,WB,mag,2160.0,420,0.9353855250301482,24,0.6,2022_10_01-fish2_cytoGCaMP
145,0.8472284525943767,0.5734409187593354,0.1,engert_20221001_fish2_magneto_0,30.251840591430664,31.766006469726562,32.0,65.0,,20221001,20221001_fish2,zebrafish,WB,mag,2160.0,439,0.6489219799833239,13,0.6,2022_10_01-fish2_cytoGCaMP
146,0.3802000450813182,1.3900627306957192,0.1,engert_20221001_fish2_magneto_0,15.551973342895508,19.484037399291992,32.0,65.0,,20221001,20221001_fish2,zebrafish,WB,mag,2160.0,452,0.9815363590309216,36,0.6,2022_10_01-fish2_cytoGCaMP
147,0.6334636739322211,0.9530436080998752,0.1,engert_20221001_fish2_magneto_0,46.95137405395508,48.9995002746582,32.0,65.0,,20221001,20221001_fish2,zebrafish,WB,mag,2160.0,461,0.7121606140869967,30,0.6,2022_10_01-fish2_cytoGCaMP
148,0.14253978585001015,1.9807197419257332,0.1,engert_20221001_fish2_magneto_0,20.433645248413086,20.687646865844727,32.0,65.0,,20221001,20221001_fish2,zebrafish,WB,mag,2160.0,463,0.9384670383123266,16,0.6,2022_10_01-fish2_cytoGCaMP
149,0.3840809093930636,1.3826870014208243,0.1,engert_20221001_fish2_magneto_0,116.65955352783203,113.83921813964844,32.0,65.0,,20221001,20221001_fish2,zebrafish,WB,mag,2160.0,467,0.9069798311885758,42,0.6,2022_10_01-fish2_cytoGCaMP
150,0.7531238252972647,0.7504218738854135,0.1,engert_20221001_fish2_magneto_0,120.19027709960938,121.76661682128906,32.0,65.0,,20221001,20221001_fish2,zebrafish,WB,mag,2160.0,482,0.6489219799833239,13,0.6,2022_10_01-fish2_cytoGCaMP
151,0.2165398797370104,1.7524147760212911,0.1,engert_20221001_fish2_magneto_0,29.696624755859375,32.24713134765625,32.0,65.0,,20221001,20221001_fish2,zebrafish,WB,mag,2160.0,483,0.6407343384713888,15,0.6,2022_10_01-fish2_cytoGCaMP
152,0.6613003988094235,0.906869292888278,0.1,engert_20221001_fish2_magneto_0,9.895435333251953,8.157608985900879,32.0,65.0,,20221001,20221001_fish2,zebrafish,WB,mag,2160.0,492,0.9317965093146089,39,0.6,2022_10_01-fish2_cytoGCaMP
153,0.4351751799132091,1.2886348121985995,0.1,engert_20221001_fish2_magneto_0,51.21738815307617,48.80155944824219,32.0,65.0,,20221001,20221001_fish2,zebrafish,WB,mag,2160.0,497,0.6489219799833239,16,0.6,2022_10_01-fish2_cytoGCaMP
154,0.5889024582292939,1.0266893971618425,0.1,engert_20221001_fish2_magneto_0,14.410611152648926,16.81369400024414,32.0,65.0,,20221001,20221001_fish2,zebrafish,WB,mag,2160.0,499,0.9587748816848222,20,0.6,2022_10_01-fish2_cytoGCaMP
155,0.5248888788557815,1.1333367914568955,0.1,engert_20221001_fish2_magneto_0,65.36949920654297,66.13241577148438,32.0,65.0,,20221001,20221001_fish2,zebrafish,WB,mag,2160.0,503,0.6945215854353524,11,0.6,2022_10_01-fish2_cytoGCaMP
156,0.14473300740796136,1.9728231309326993,0.1,engert_20221001_fish2_magneto_0,42.630733489990234,45.649288177490234,32.0,65.0,,20221001,20221001_fish2,zebrafish,WB,mag,2160.0,507,0.6489219799833239,11,0.6,2022_10_01-fish2_cytoGCaMP
157,0.8006000016883982,0.6643972193791543,0.1,engert_20221001_fish2_magneto_0,36.92885208129883,35.732933044433594,32.0,65.0,,20221001,20221001_fish2,zebrafish,WB,mag,2160.0,508,0.9386283071742407,35,0.6,2022_10_01-fish2_cytoGCaMP
158,0.19180207626292534,1.8214421152982943,0.1,engert_20221001_fish2_magneto_0,3.7609357833862305,4.42335319519043,32.0,65.0,,20221001,20221001_fish2,zebrafish,WB,mag,2160.0,511,0.9019289449691873,20,0.6,2022_10_01-fish2_cytoGCaMP
159,0.10814942033111308,2.118732829518972,0.1,engert_20221001_fish2_magneto_0,15.540428161621094,15.340082168579102,32.0,65.0,,20221001,20221001_fish2,zebrafish,WB,mag,2160.0,530,0.9322623435049653,19,0.6,2022_10_01-fish2_cytoGCaMP
160,0.20627218234550093,1.7803620645518154,0.1,engert_20221001_fish2_magneto_0,24.717529296875,28.980024337768555,32.0,65.0,,20221001,20221001_fish2,zebrafish,WB,mag,2160.0,560,0.9830826797267294,16,0.6,2022_10_01-fish2_cytoGCaMP
161,0.2502111878025196,1.6666278509917392,0.1,engert_20221001_fish2_magneto_0,199.541259765625,273.3645935058594,32.0,65.0,,20221001,20221001_fish2,zebrafish,WB,mag,2160.0,561,0.6248983866245064,31,0.6,2022_10_01-fish2_cytoGCaMP
162,0.33396104703206275,1.4811119633744463,0.1,engert_20221001_fish2_magneto_0,14.309242248535156,13.284594535827637,32.0,65.0,,20221001,20221001_fish2,zebrafish,WB,mag,2160.0,564,0.6106635757266231,23,0.6,2022_10_01-fish2_cytoGCaMP
163,0.7926326420497969,0.6792109130444457,0.1,engert_20221001_fish2_magneto_0,28.860239028930664,25.987146377563477,32.0,65.0,,20221001,20221001_fish2,zebrafish,WB,mag,2160.0,565,0.9900018175294809,20,0.6,2022_10_01-fish2_cytoGCaMP
164,0.7629093253150918,0.7330896887635021,0.1,engert_20221001_fish2_magneto_0,97.8301773071289,83.4853286743164,32.0,65.0,,20221001,20221001_fish2,zebrafish,WB,mag,2160.0,571,0.9507318455888802,17,0.6,2022_10_01-fish2_cytoGCaMP
165,0.4780808172069241,1.2131569800655115,0.1,engert_20221001_fish2_magneto_0,44.082706451416016,44.65665054321289,32.0,65.0,,20221001,20221001_fish2,zebrafish,WB,mag,2160.0,576,0.985792362830486,15,0.6,2022_10_01-fish2_cytoGCaMP
166,0.1395216819797117,1.9917376261435094,0.1,engert_20221001_fish2_magneto_0,29.490947723388672,29.789342880249023,32.0,65.0,,20221001,20221001_fish2,zebrafish,WB,mag,2160.0,585,0.6489219799833239,12,0.6,2022_10_01-fish2_cytoGCaMP
167,0.15847311144831733,1.9252929299265507,0.1,engert_20221001_fish2_magneto_0,146.8494110107422,139.87997436523438,32.0,65.0,,20221001,20221001_fish2,zebrafish,WB,mag,2160.0,586,0.6407343384713888,12,0.6,2022_10_01-fish2_cytoGCaMP
168,0.5460779184205677,1.0978073299893796,0.1,engert_20221001_fish2_magneto_0,169.0160369873047,161.1345672607422,32.0,65.0,,20221001,20221001_fish2,zebrafish,WB,mag,2160.0,598,0.8979062133389971,25,0.6,2022_10_01-fish2_cytoGCaMP
169,0.1751911611044501,1.8714075696583519,0.1,engert_20221001_fish2_magneto_0,58.661155700683594,53.739990234375,32.0,65.0,,20221001,20221001_fish2,zebrafish,WB,mag,2160.0,604,0.6037772831073855,13,0.6,2022_10_01-fish2_cytoGCaMP
170,0.009443851932610992,3.096573254237705,0.1,engert_20221001_fish2_magneto_0,30.111337661743164,29.36431121826172,32.0,65.0,,20221001,20221001_fish2,zebrafish,WB,mag,2160.0,627,0.8787194094022991,36,0.6,2022_10_01-fish2_cytoGCaMP
171,0.11683533141866498,2.080982696935919,0.1,engert_20221001_fish2_magneto_0,153.12738037109375,116.05072784423828,32.0,65.0,,20221001,20221001_fish2,zebrafish,WB,mag,2160.0,633,0.6489219799833239,13,0.6,2022_10_01-fish2_cytoGCaMP
172,0.2586646979573428,1.646301921907624,0.1,engert_20221001_fish2_magneto_0,62.96700668334961,63.16402816772461,32.0,65.0,,20221001,20221001_fish2,zebrafish,WB,mag,2160.0,641,0.8264965827111752,21,0.6,2022_10_01-fish2_cytoGCaMP
173,0.8007414100302577,0.6641327390826527,0.1,engert_20221001_fish2_magneto_0,120.70068359375,134.3612060546875,32.0,65.0,,20221001,20221001_fish2,zebrafish,WB,mag,2160.0,645,0.9745247454655886,20,0.6,2022_10_01-fish2_cytoGCaMP
174,0.09476806536098836,2.181862675972197,0.1,engert_20221001_fish2_magneto_0,19.651453018188477,19.093881607055664,32.0,65.0,,20221001,20221001_fish2,zebrafish,WB,mag,2160.0,646,0.8568027628220887,17,0.6,2022_10_01-fish2_cytoGCaMP
175,0.43398262824288447,1.290772855906981,0.1,engert_20221001_fish2_magneto_0,75.92015838623047,96.0599136352539,32.0,65.0,,20221001,20221001_fish2,zebrafish,WB,mag,2160.0,654,0.8894499061035865,11,0.6,2022_10_01-fish2_cytoGCaMP
176,0.21611639797562543,1.7535491959130525,0.1,engert_20221001_fish2_magneto_0,35.00140380859375,26.901199340820312,32.0,65.0,,20221001,20221001_fish2,zebrafish,WB,mag,2160.0,656,0.988676658488107,15,0.6,2022_10_01-fish2_cytoGCaMP
177,0.8055403055819346,0.6551206159550089,0.1,engert_20221001_fish2_magneto_0,19.794763565063477,19.54755973815918,32.0,65.0,,20221001,20221001_fish2,zebrafish,WB,mag,2160.0,683,0.9682159394192673,22,0.6,2022_10_01-fish2_cytoGCaMP
178,0.3708944268330274,1.4079025090737796,0.1,engert_20221001_fish2_magneto_0,12.712897300720215,13.977563858032227,32.0,65.0,,20221001,20221001_fish2,zebrafish,WB,mag,2160.0,685,0.6407343384713888,13,0.6,2022_10_01-fish2_cytoGCaMP
179,0.13029031355779208,2.0266016978266754,0.1,engert_20221001_fish2_magneto_0,84.62188720703125,81.5679702758789,32.0,65.0,,20221001,20221001_fish2,zebrafish,WB,mag,2160.0,687,0.9148699979124474,13,0.6,2022_10_01-fish2_cytoGCaMP
180,0.6904368404011996,0.858120623640207,0.1,engert_20221001_fish2_magneto_0,41.592960357666016,43.3753662109375,32.0,65.0,,20221001,20221001_fish2,zebrafish,WB,mag,2160.0,698,0.7333434637835438,16,0.6,2022_10_01-fish2_cytoGCaMP
181,0.810176648450058,0.6463471563633956,0.1,engert_20221001_fish2_magneto_0,14.610893249511719,13.36623764038086,32.0,65.0,,20221001,20221001_fish2,zebrafish,WB,mag,2160.0,702,0.9051457855143715,20,0.6,2022_10_01-fish2_cytoGCaMP
182,0.5746940701557626,1.050212509790096,0.1,engert_20221001_fish2_magneto_0,20.136533737182617,21.868141174316406,32.0,65.0,,20221001,20221001_fish2,zebrafish,WB,mag,2160.0,711,0.8851006652566796,19,0.6,2022_10_01-fish2_cytoGCaMP
183,0.23518242723973548,1.7039002141035717,0.1,engert_20221001_fish2_magneto_0,39.72682571411133,44.86402893066406,32.0,65.0,,20221001,20221001_fish2,zebrafish,WB,mag,2160.0,767,0.9446872482269362,19,0.6,2022_10_01-fish2_cytoGCaMP
184,0.6980527904360581,0.8452745129141858,0.1,engert_20221001_fish2_magneto_0,95.63980865478516,95.28026580810547,32.0,65.0,,20221001,20221001_fish2,zebrafish,WB,mag,2160.0,776,0.7173542938609726,22,0.6,2022_10_01-fish2_cytoGCaMP
185,0.5074004320021588,1.1629135238555788,0.1,engert_20221001_fish2_magneto_0,36.23954391479492,31.13819694519043,32.0,65.0,,20221001,20221001_fish2,zebrafish,WB,mag,2160.0,814,0.6673611524253767,13,0.6,2022_10_01-fish2_cytoGCaMP
186,0.315299786845499,1.519796766119717,0.1,engert_20221001_fish2_magneto_0,16.5349178314209,16.496688842773438,32.0,65.0,,20221001,20221001_fish2,zebrafish,WB,mag,2160.0,888,0.978563021879937,17,0.6,2022_10_01-fish2_cytoGCaMP
187,0.3705442888792697,1.4085781859453164,0.1,engert_20221001_fish2_magneto_0,74.16497039794922,83.52281188964844,32.0,65.0,,20221001,20221001_fish2,zebrafish,WB,mag,2160.0,910,0.9112749485470245,28,0.6,2022_10_01-fish2_cytoGCaMP
188,0.6343070708595748,0.9516481569748722,0.1,engert_20221001_fish2_magneto_0,13.795306205749512,15.245997428894043,32.0,65.0,,20221001,20221001_fish2,zebrafish,WB,mag,2160.0,915,0.9802415846671778,21,0.6,2022_10_01-fish2_cytoGCaMP
189,0.9491897865065706,0.3212346706324011,0.1,engert_20221001_fish2_magneto_0,106.27120208740234,106.69314575195312,32.0,65.0,,20221001,20221001_fish2,zebrafish,WB,mag,2160.0,952,0.9883540225677133,15,0.6,2022_10_01-fish2_cytoGCaMP
190,0.7318849204784201,0.787483118396779,0.1,engert_20221001_fish2_magneto_0,20.5606632232666,21.408119201660156,32.0,65.0,,20221001,20221001_fish2,zebrafish,WB,mag,2160.0,953,0.9504831564998982,17,0.6,2022_10_01-fish2_cytoGCaMP
191,0.6766933379802509,0.8811847970167734,0.1,engert_20221001_fish2_magneto_0,70.118408203125,59.39012145996094,32.0,65.0,,20221001,20221001_fish2,zebrafish,WB,mag,2160.0,975,0.9338290061913544,43,0.6,2022_10_01-fish2_cytoGCaMP
192,0.9526177147284367,0.30990921767985646,0.1,engert_20221001_fish2_magneto_0,15.595710754394531,16.315067291259766,32.0,65.0,,20221001,20221001_fish2,zebrafish,WB,mag,2160.0,1024,0.9677142355624329,19,0.6,2022_10_01-fish2_cytoGCaMP
193,0.2839609113889212,1.5878936192427051,0.1,engert_20221001_fish2_magneto_0,163.46124267578125,163.69638061523438,32.0,65.0,,20221001,20221001_fish2,zebrafish,WB,mag,2160.0,1052,0.6945215854353524,11,0.6,2022_10_01-fish2_cytoGCaMP
194,0.48432383380619315,1.2023801913307604,0.1,engert_20221001_fish2_magneto_0,123.16681671142578,125.15782928466797,32.0,65.0,,20221001,20221001_fish2,zebrafish,WB,mag,2160.0,1056,0.8344995175494191,33,0.6,2022_10_01-fish2_cytoGCaMP
195,0.8750616580224883,0.5143904743164641,0.1,engert_20221001_fish2_magneto_0,76.65213012695312,72.62910461425781,32.0,65.0,,20221001,20221001_fish2,zebrafish,WB,mag,2160.0,1119,0.8894499061035865,11,0.6,2022_10_01-fish2_cytoGCaMP
196,0.7091785521526524,0.8264109457181337,0.1,engert_20221001_fish2_magneto_0,26.283205032348633,42.40619659423828,32.0,65.0,,20221001,20221001_fish2,zebrafish,WB,mag,2160.0,1145,0.9457541661354254,21,0.6,2022_10_01-fish2_cytoGCaMP
197,0.19449474797024058,1.8136365371497658,0.1,engert_20221001_fish2_magneto_0,80.87786102294922,79.5460205078125,32.0,65.0,,20221001,20221001_fish2,zebrafish,WB,mag,2160.0,1157,0.9854225096793721,19,0.6,2022_10_01-fish2_cytoGCaMP
198,0.3701150873576603,1.4094068092220462,0.1,engert_20221001_fish2_magneto_0,55.612464904785156,56.605262756347656,32.0,65.0,,20221001,20221001_fish2,zebrafish,WB,mag,2160.0,1234,0.6945215854353524,11,0.6,2022_10_01-fish2_cytoGCaMP
199,0.8021835570698451,0.6614315509590679,0.1,engert_20221001_fish2_magneto_0,58.37568664550781,55.14223098754883,32.0,65.0,,20221001,20221001_fish2,zebrafish,WB,mag,2160.0,1250,0.8054561183181501,34,0.6,2022_10_01-fish2_cytoGCaMP
200,0.7927036587590468,0.6790796748807935,0.1,engert_20221001_fish2_magneto_0,27.245319366455078,27.27208709716797,32.0,65.0,,20221001,20221001_fish2,zebrafish,WB,mag,2160.0,1253,0.9149729826111356,14,0.6,2022_10_01-fish2_cytoGCaMP
201,0.9997476068048091,0.021639933959617996,0.1,engert_20221001_fish2_magneto_0,74.41844940185547,70.89867401123047,32.0,65.0,,20221001,20221001_fish2,zebrafish,WB,mag,2160.0,1258,0.7699732492604068,15,0.6,2022_10_01-fish2_cytoGCaMP
202,0.5041167719245088,1.1684967822216215,0.1,engert_20221001_fish2_magneto_0,21.809362411499023,27.152347564697266,32.0,65.0,,20221001,20221001_fish2,zebrafish,WB,mag,2160.0,1320,0.8555215793159627,19,0.6,2022_10_01-fish2_cytoGCaMP
203,0.4068062210310135,1.340196196481581,0.1,engert_20221001_fish2_magneto_0,10.917129516601562,11.087515830993652,32.0,65.0,,20221001,20221001_fish2,zebrafish,WB,mag,2160.0,1323,0.9560978242000957,22,0.6,2022_10_01-fish2_cytoGCaMP
204,0.43287933039645055,1.2927530588444243,0.1,engert_20221001_fish2_magneto_0,62.62688446044922,72.75782775878906,32.0,65.0,,20221001,20221001_fish2,zebrafish,WB,mag,2160.0,1334,0.6489219799833239,12,0.6,2022_10_01-fish2_cytoGCaMP
205,0.46665831285857473,1.232998491772284,0.1,engert_20221001_fish2_magneto_0,45.64632797241211,46.47245788574219,32.0,65.0,,20221001,20221001_fish2,zebrafish,WB,mag,2160.0,1357,0.6499490664742399,11,0.6,2022_10_01-fish2_cytoGCaMP
206,0.552143414753054,1.0876873513361807,0.1,engert_20221001_fish2_magneto_0,60.81594467163086,62.26017761230469,32.0,65.0,,20221001,20221001_fish2,zebrafish,WB,mag,2160.0,1425,0.6407343384713888,13,0.6,2022_10_01-fish2_cytoGCaMP
207,0.1819334638799739,1.8507336028269965,0.1,engert_20221001_fish2_magneto_0,40.88078689575195,40.634193420410156,32.0,65.0,,20221001,20221001_fish2,zebrafish,WB,mag,2160.0,1549,0.7517886427261374,12,0.6,2022_10_01-fish2_cytoGCaMP
208,0.02856616756503816,2.6926825972044535,0.1,engert_20221001_fish2_magneto_0,33.86700439453125,37.73151397705078,32.0,65.0,,20221001,20221001_fish2,zebrafish,WB,mag,2160.0,1594,0.985493066381554,18,0.6,2022_10_01-fish2_cytoGCaMP
209,0.492407737758916,1.1884915786178412,0.1,engert_20221001_fish2_magneto_0,60.092864990234375,60.056270599365234,32.0,65.0,,20221001,20221001_fish2,zebrafish,WB,mag,2160.0,1701,0.6489219799833239,11,0.6,2022_10_01-fish2_cytoGCaMP
210,0.2427602793182413,1.6849166232934543,0.1,engert_20221001_fish2_magneto_0,40.94140625,38.88117218017578,32.0,65.0,,20221001,20221001_fish2,zebrafish,WB,mag,2160.0,1706,0.753046145432237,25,0.6,2022_10_01-fish2_cytoGCaMP
211,0.5109845275200029,1.1568307777525624,0.1,engert_20221001_fish2_magneto_0,5.240509033203125,5.193999290466309,32.0,65.0,,20221001,20221001_fish2,zebrafish,WB,mag,2160.0,1744,0.9664694667628371,18,0.6,2022_10_01-fish2_cytoGCaMP
212,0.6874028627941573,0.863224513521436,0.1,engert_20221001_fish2_magneto_0,179.85592651367188,191.31292724609375,32.0,65.0,,20221001,20221001_fish2,zebrafish,WB,mag,2160.0,1888,0.671752162622973,12,0.6,2022_10_01-fish2_cytoGCaMP
213,0.1578019986965674,1.9275416897257351,0.1,engert_20221001_fish2_magneto_0,24.437397003173828,24.659360885620117,32.0,65.0,,20221001,20221001_fish2,zebrafish,WB,mag,2160.0,1913,0.9228621164506674,16,0.6,2022_10_01-fish2_cytoGCaMP
214,0.20330364182657457,1.7886210847373496,0.1,engert_20221001_fish2_magneto_0,100.9228515625,86.59184265136719,32.0,65.0,,20221001,20221001_fish2,zebrafish,WB,mag,2160.0,1919,0.686884260432771,13,0.6,2022_10_01-fish2_cytoGCaMP
215,0.1711851503892241,1.8839651239568134,0.1,engert_20221001_fish2_magneto_0,84.19522857666016,108.40018463134766,32.0,65.0,,20221001,20221001_fish2,zebrafish,WB,mag,2160.0,1920,0.8342814641792379,16,0.6,2022_10_01-fish2_cytoGCaMP
216,0.03902743300153477,2.568713046903075,0.1,engert_20221001_fish2_magneto_0,60.02714157104492,56.16835403442383,32.0,65.0,,20221001,20221001_fish2,zebrafish,WB,mag,2160.0,1959,0.6290826675852277,11,0.6,2022_10_01-fish2_cytoGCaMP
217,0.23930268222148987,1.6935290806720227,0.1,engert_20221001_fish2_magneto_0,200.5728759765625,199.78500366210938,32.0,65.0,,20221001,20221001_fish2,zebrafish,WB,mag,2160.0,2267,0.8842242591985509,11,0.6,2022_10_01-fish2_cytoGCaMP
218,0.29025992815902224,1.5738569472647985,0.1,engert_20221001_fish2_magneto_0,26.300439834594727,26.242586135864258,32.0,65.0,,20221001,20221001_fish2,zebrafish,WB,mag,2160.0,2296,0.6945215854353524,11,0.6,2022_10_01-fish2_cytoGCaMP
219,0.6878601569821055,0.8624556937477512,0.1,engert_20221001_fish2_magneto_0,29.890933990478516,33.170108795166016,32.0,65.0,,20221001,20221001_fish2,zebrafish,WB,mag,2160.0,2299,0.9877827441401237,25,0.6,2022_10_01-fish2_cytoGCaMP
220,0.003348665169577325,3.4371181520826224,0.1,engert_20221001_fish2_magneto_0,18.24958610534668,20.115686416625977,32.0,65.0,,20221001,20221001_fish2,zebrafish,WB,mag,2160.0,2464,0.6869294812267168,24,0.6,2022_10_01-fish2_cytoGCaMP
221,0.608402088512722,0.9944632168796027,0.1,engert_20221001_fish2_magneto_0,48.744319915771484,46.84577560424805,32.0,65.0,,20221001,20221001_fish2,zebrafish,WB,mag,2160.0,2473,0.6509992509758656,24,0.6,2022_10_01-fish2_cytoGCaMP
222,0.6883158984838375,0.8616893343834774,0.1,engert_20221001_fish2_magneto_0,25.770496368408203,25.038835525512695,32.0,65.0,,20221001,20221001_fish2,zebrafish,WB,mag,2160.0,2571,0.9880415670308659,21,0.6,2022_10_01-fish2_cytoGCaMP
223,0.6220985354951434,0.9718349980415252,0.1,engert_20221001_fish2_magneto_0,75.81303405761719,74.55575561523438,32.0,65.0,,20221001,20221001_fish2,zebrafish,WB,mag,2160.0,2629,0.7478306877272287,12,0.6,2022_10_01-fish2_cytoGCaMP
224,0.5385225469053514,1.1104424846740066,0.1,engert_20221001_fish2_magneto_0,53.21549606323242,61.09270477294922,32.0,65.0,,20221001,20221001_fish2,zebrafish,WB,mag,2160.0,2674,0.9475429734907049,30,0.6,2022_10_01-fish2_cytoGCaMP
225,0.4055721419203703,1.3424746800004335,0.1,engert_20221001_fish2_magneto_0,133.1658477783203,126.42529296875,32.0,65.0,,20221001,20221001_fish2,zebrafish,WB,mag,2160.0,2678,0.8453690761104682,17,0.6,2022_10_01-fish2_cytoGCaMP
226,0.09575072160656062,2.1769934601294993,0.1,engert_20221001_fish2_magneto_0,49.177452087402344,39.581295013427734,32.0,65.0,,20221001,20221001_fish2,zebrafish,WB,mag,2160.0,2702,0.8452069576643501,16,0.6,2022_10_01-fish2_cytoGCaMP
227,0.6674912233535052,0.8965556801101379,0.1,engert_20221001_fish2_magneto_0,159.51895141601562,135.25526428222656,32.0,65.0,,20221001,20221001_fish2,zebrafish,WB,mag,2160.0,2729,0.9672981210470537,16,0.6,2022_10_01-fish2_cytoGCaMP
228,0.3493602969122901,1.4500873674410502,0.1,engert_20221001_fish2_magneto_0,20.51506233215332,19.9976749420166,32.0,65.0,,20221001,20221001_fish2,zebrafish,WB,mag,2160.0,2843,0.9351557635278805,24,0.6,2022_10_01-fish2_cytoGCaMP
229,0.6684840345108443,0.8948997828223217,0.1,engert_20221001_fish2_magneto_0,20.973228454589844,18.579015731811523,32.0,65.0,,20221001,20221001_fish2,zebrafish,WB,mag,2160.0,2865,0.9765225733601252,23,0.6,2022_10_01-fish2_cytoGCaMP
230,0.07857880126950045,2.2685954448543284,0.1,engert_20221001_fish2_magneto_0,65.37081146240234,63.71897888183594,32.0,65.0,,20221001,20221001_fish2,zebrafish,WB,mag,2160.0,2917,0.6407343384713888,16,0.6,2022_10_01-fish2_cytoGCaMP
231,0.11829998384640972,2.07483489503103,0.1,engert_20221001_fish2_magneto_0,78.26742553710938,76.75597381591797,32.0,65.0,,20221001,20221001_fish2,zebrafish,WB,mag,2160.0,2933,0.9158531569123132,17,0.6,2022_10_01-fish2_cytoGCaMP
232,0.4687108188891572,1.2294209014656268,0.1,engert_20221001_fish2_magneto_0,23.61176109313965,29.487051010131836,32.0,65.0,,20221001,20221001_fish2,zebrafish,WB,mag,2160.0,3096,0.9701091551979395,17,0.6,2022_10_01-fish2_cytoGCaMP
233,0.6661299791890363,0.898825215006145,0.1,engert_20221001_fish2_magneto_0,40.02516174316406,40.04631042480469,32.0,65.0,,20221001,20221001_fish2,zebrafish,WB,mag,2160.0,3147,0.9400209255614705,16,0.6,2022_10_01-fish2_cytoGCaMP
234,0.9594096353673838,0.28628470150935653,0.1,engert_20221001_fish2_magneto_0,35.6641731262207,37.6159782409668,32.0,65.0,,20221001,20221001_fish2,zebrafish,WB,mag,2160.0,3161,0.969881204636549,20,0.6,2022_10_01-fish2_cytoGCaMP
235,0.17108988450176055,1.8842664525646107,0.1,engert_20221001_fish2_magneto_0,130.0549774169922,144.43283081054688,32.0,65.0,,20221001,20221001_fish2,zebrafish,WB,mag,2160.0,3266,0.9590864915223609,16,0.6,2022_10_01-fish2_cytoGCaMP
236,0.5891588422409073,1.026265359518541,0.1,engert_20221001_fish2_magneto_0,84.96028137207031,81.3626708984375,32.0,65.0,,20221001,20221001_fish2,zebrafish,WB,mag,2160.0,3282,0.8764876006539621,16,0.6,2022_10_01-fish2_cytoGCaMP
237,0.9275718825821242,0.385864403425657,0.1,engert_20221001_fish2_magneto_0,86.33403778076172,85.90338134765625,32.0,65.0,,20221001,20221001_fish2,zebrafish,WB,mag,2160.0,3319,0.8789248331339252,11,0.6,2022_10_01-fish2_cytoGCaMP
238,0.04698030757004312,2.492400789067658,0.1,engert_20221001_fish2_magneto_0,118.2163314819336,113.42009735107422,32.0,65.0,,20221001,20221001_fish2,zebrafish,WB,mag,2160.0,3424,0.9870567603529974,25,0.6,2022_10_01-fish2_cytoGCaMP
239,0.27126794287824507,1.6167734177281592,0.1,engert_20221001_fish2_magneto_0,107.55795288085938,134.7444610595703,32.0,65.0,,20221001,20221001_fish2,zebrafish,WB,mag,2160.0,3480,0.6548258272555909,12,0.6,2022_10_01-fish2_cytoGCaMP
240,0.46221100044378505,1.2407698042976618,0.1,engert_20221001_fish2_magneto_0,61.41519546508789,61.40243148803711,32.0,65.0,,20221001,20221001_fish2,zebrafish,WB,mag,2160.0,3590,0.6945215854353524,11,0.6,2022_10_01-fish2_cytoGCaMP
241,0.5358337871163441,1.114947509930172,0.1,engert_20221001_fish2_magneto_0,62.65889358520508,83.5023193359375,32.0,65.0,,20221001,20221001_fish2,zebrafish,WB,mag,2160.0,3602,0.9298982852788445,20,0.6,2022_10_01-fish2_cytoGCaMP
242,0.8972632959099563,0.4635015834842888,0.1,engert_20221001_fish2_magneto_0,32.472938537597656,42.59231948852539,32.0,65.0,,20221001,20221001_fish2,zebrafish,WB,mag,2160.0,3691,0.6567907456694899,12,0.6,2022_10_01-fish2_cytoGCaMP
243,0.5098407203236217,1.1587707413760115,0.1,engert_20221001_fish2_magneto_0,83.74219512939453,83.58232879638672,32.0,65.0,,20221001,20221001_fish2,zebrafish,WB,mag,2160.0,3720,0.9013821980101829,14,0.6,2022_10_01-fish2_cytoGCaMP
244,0.20402202822106918,1.7866147412273925,0.1,engert_20221001_fish2_magneto_0,107.74994659423828,120.19988250732422,32.0,65.0,,20221001,20221001_fish2,zebrafish,WB,mag,2160.0,3839,0.6290826675852277,12,0.6,2022_10_01-fish2_cytoGCaMP
245,0.22528579019909534,1.7293173025140702,0.1,engert_20221001_fish2_magneto_0,141.82521057128906,144.55868530273438,32.0,65.0,,20221001,20221001_fish2,zebrafish,WB,mag,2160.0,3942,0.6489219799833239,12,0.6,2022_10_01-fish2_cytoGCaMP
246,0.8182553538274299,0.6308934792498841,0.1,engert_20221001_fish2_magneto_0,30.69015121459961,32.35237503051758,32.0,65.0,,20221001,20221001_fish2,zebrafish,WB,mag,2160.0,4582,0.9583623137775652,15,0.6,2022_10_01-fish2_cytoGCaMP
247,0.02583021868387081,2.731599329592384,0.1,engert_20221001_fish2_magneto_0,38.601627349853516,37.867515563964844,32.0,65.0,,20221001,20221001_fish2,zebrafish,WB,mag,2160.0,4683,0.6722760713842099,15,0.6,2022_10_01-fish2_cytoGCaMP
248,0.9352364274574599,0.36409449827970286,0.1,engert_20221001_fish2_magneto_0,50.82939529418945,38.57562255859375,32.0,65.0,,20221001,20221001_fish2,zebrafish,WB,mag,2160.0,4766,0.6407343384713888,11,0.6,2022_10_01-fish2_cytoGCaMP
249,0.02916414135440215,2.6846119446623633,0.1,engert_20221001_fish2_magneto_0,78.75032043457031,86.22885131835938,32.0,65.0,,20221001,20221001_fish2,zebrafish,WB,mag,2160.0,4780,0.9355570080435948,13,0.6,2022_10_01-fish2_cytoGCaMP
7,0.3074855063933726,1.5363860067415007,0.1,engert_20221001_fish2_magneto_1,27.825698852539062,25.126550674438477,32.0,65.0,,20221001,20221001_fish2,zebrafish,WB,mag,2160.0,12,0.9662967686078334,41,0.6,2022_10_01-fish2_cytoGCaMP
14,0.9374662609563752,0.3575479892418841,0.1,engert_20221001_fish2_magneto_1,50.106170654296875,48.39854049682617,32.0,65.0,,20221001,20221001_fish2,zebrafish,WB,mag,2160.0,26,0.8159750889188603,48,0.6,2022_10_01-fish2_cytoGCaMP
16,0.6240312038983,0.968640863548814,0.1,engert_20221001_fish2_magneto_1,59.53809356689453,59.825157165527344,32.0,65.0,,20221001,20221001_fish2,zebrafish,WB,mag,2160.0,29,0.80974836477885,13,0.6,2022_10_01-fish2_cytoGCaMP
21,0.39155030244050015,1.3685925622728865,0.1,engert_20221001_fish2_magneto_1,126.97079467773438,126.9516372680664,32.0,65.0,,20221001,20221001_fish2,zebrafish,WB,mag,2160.0,38,0.9930543923512376,23,0.6,2022_10_01-fish2_cytoGCaMP
34,0.05843703619734175,2.3997913453582975,0.1,engert_20221001_fish2_magneto_1,174.29364013671875,175.34780883789062,32.0,65.0,,20221001,20221001_fish2,zebrafish,WB,mag,2160.0,56,0.972140232093975,25,0.6,2022_10_01-fish2_cytoGCaMP
35,0.31008615986773336,1.5308379136123749,0.1,engert_20221001_fish2_magneto_1,126.12374114990234,115.38040924072266,32.0,65.0,,20221001,20221001_fish2,zebrafish,WB,mag,2160.0,57,0.8850935259426408,67,0.6,2022_10_01-fish2_cytoGCaMP
40,0.2559803875427029,1.6527090775747755,0.1,engert_20221001_fish2_magneto_1,150.09181213378906,193.32928466796875,32.0,65.0,,20221001,20221001_fish2,zebrafish,WB,mag,2160.0,63,0.989434054794891,32,0.6,2022_10_01-fish2_cytoGCaMP
49,0.9944603550043885,0.10444451778629685,0.1,engert_20221001_fish2_magneto_1,16.173128128051758,19.07243537902832,32.0,65.0,,20221001,20221001_fish2,zebrafish,WB,mag,2160.0,78,0.9771338039836353,22,0.6,2022_10_01-fish2_cytoGCaMP
51,0.6663706303086654,0.8984240559664758,0.1,engert_20221001_fish2_magneto_1,14.868758201599121,11.380427360534668,32.0,65.0,,20221001,20221001_fish2,zebrafish,WB,mag,2160.0,82,0.6489219799833239,12,0.6,2022_10_01-fish2_cytoGCaMP
63,0.7090190421089353,0.8266822835115749,0.1,engert_20221001_fish2_magneto_1,19.1838321685791,21.22122573852539,32.0,65.0,,20221001,20221001_fish2,zebrafish,WB,mag,2160.0,101,0.6461671590568279,14,0.6,2022_10_01-fish2_cytoGCaMP
79,0.9528442454235272,0.3091476137789899,0.1,engert_20221001_fish2_magneto_1,20.235092163085938,20.320165634155273,32.0,65.0,,20221001,20221001_fish2,zebrafish,WB,mag,2160.0,139,0.95158975060735,32,0.6,2022_10_01-fish2_cytoGCaMP
90,0.13657056941229717,2.0026869595139227,0.1,engert_20221001_fish2_magneto_1,35.46162414550781,25.83180046081543,32.0,65.0,,20221001,20221001_fish2,zebrafish,WB,mag,2160.0,164,0.8556171972051563,18,0.6,2022_10_01-fish2_cytoGCaMP
101,0.27816890523954607,1.6009702373154855,0.1,engert_20221001_fish2_magneto_1,27.58281898498535,32.53532409667969,32.0,65.0,,20221001,20221001_fish2,zebrafish,WB,mag,2160.0,187,0.9771338039836353,31,0.6,2022_10_01-fish2_cytoGCaMP
111,0.4911629058547885,1.1906256063337641,0.1,engert_20221001_fish2_magneto_1,42.288692474365234,31.447092056274414,32.0,65.0,,20221001,20221001_fish2,zebrafish,WB,mag,2160.0,219,0.9911793143625028,25,0.6,2022_10_01-fish2_cytoGCaMP
114,0.5318040493203591,1.1217083614824523,0.1,engert_20221001_fish2_magneto_1,75.31119537353516,79.74373626708984,32.0,65.0,,20221001,20221001_fish2,zebrafish,WB,mag,2160.0,231,0.6945215854353524,13,0.6,2022_10_01-fish2_cytoGCaMP
116,0.23177852581090175,1.7125600087330883,0.1,engert_20221001_fish2_magneto_1,88.81620788574219,107.86756134033203,32.0,65.0,,20221001,20221001_fish2,zebrafish,WB,mag,2160.0,236,0.9328310182513702,49,0.6,2022_10_01-fish2_cytoGCaMP
117,0.3258026401917703,1.4978695599592164,0.1,engert_20221001_fish2_magneto_1,118.7353286743164,118.60405731201172,32.0,65.0,,20221001,20221001_fish2,zebrafish,WB,mag,2160.0,237,0.9551276752157893,46,0.6,2022_10_01-fish2_cytoGCaMP
124,0.4678288106137415,1.2309575714262273,0.1,engert_20221001_fish2_magneto_1,7.2422661781311035,9.692143440246582,32.0,65.0,,20221001,20221001_fish2,zebrafish,WB,mag,2160.0,257,0.9164616888839294,16,0.6,2022_10_01-fish2_cytoGCaMP
125,0.8085755929651748,0.649384447602632,0.1,engert_20221001_fish2_magneto_1,166.53067016601562,158.8443603515625,32.0,65.0,,20221001,20221001_fish2,zebrafish,WB,mag,2160.0,262,0.9846287541142072,19,0.6,2022_10_01-fish2_cytoGCaMP
138,0.1750808880609892,1.8717504041585287,0.1,engert_20221001_fish2_magneto_1,58.67718505859375,80.73503112792969,32.0,65.0,,20221001,20221001_fish2,zebrafish,WB,mag,2160.0,305,0.9378807353429816,13,0.6,2022_10_01-fish2_cytoGCaMP
146,0.8717930840664787,0.5215672974151409,0.1,engert_20221001_fish2_magneto_1,138.9287872314453,127.72401428222656,32.0,65.0,,20221001,20221001_fish2,zebrafish,WB,mag,2160.0,364,0.996718305830056,27,0.6,2022_10_01-fish2_cytoGCaMP
165,0.2904662271567465,1.5734004427967034,0.1,engert_20221001_fish2_magneto_1,65.37705993652344,64.61842346191406,32.0,65.0,,20221001,20221001_fish2,zebrafish,WB,mag,2160.0,470,0.8285589278893978,14,0.6,2022_10_01-fish2_cytoGCaMP
175,0.5103100475990412,1.1579745726187998,0.1,engert_20221001_fish2_magneto_1,12.038409233093262,14.022015571594238,32.0,65.0,,20221001,20221001_fish2,zebrafish,WB,mag,2160.0,522,0.9942193370196873,19,0.6,2022_10_01-fish2_cytoGCaMP
193,0.26869069995677863,1.6227398586933648,0.1,engert_20221001_fish2_magneto_1,50.345436096191406,49.320743560791016,32.0,65.0,,20221001,20221001_fish2,zebrafish,WB,mag,2160.0,662,0.6945215854353524,12,0.6,2022_10_01-fish2_cytoGCaMP
209,0.680866002052673,0.874196910103977,0.1,engert_20221001_fish2_magneto_1,30.970172882080078,19.897930145263672,32.0,65.0,,20221001,20221001_fish2,zebrafish,WB,mag,2160.0,1010,0.6945215854353524,11,0.6,2022_10_01-fish2_cytoGCaMP
211,0.3836154056061267,1.383569787457248,0.1,engert_20221001_fish2_magneto_1,27.12615203857422,18.6063175201416,32.0,65.0,,20221001,20221001_fish2,zebrafish,WB,mag,2160.0,1030,0.6945215854353524,12,0.6,2022_10_01-fish2_cytoGCaMP
215,0.9618097212510692,0.27750029471428955,0.1,engert_20221001_fish2_magneto_1,83.3904037475586,72.84742736816406,32.0,65.0,,20221001,20221001_fish2,zebrafish,WB,mag,2160.0,1155,0.6489219799833239,16,0.6,2022_10_01-fish2_cytoGCaMP
217,0.6962729202563032,0.84828125005643,0.1,engert_20221001_fish2_magneto_1,67.81527709960938,71.41802978515625,32.0,65.0,,20221001,20221001_fish2,zebrafish,WB,mag,2160.0,1217,0.9590923605584283,18,0.6,2022_10_01-fish2_cytoGCaMP
226,0.2798190683836319,1.5972277183936083,0.1,engert_20221001_fish2_magneto_1,46.691741943359375,46.51286697387695,32.0,65.0,,20221001,20221001_fish2,zebrafish,WB,mag,2160.0,1370,0.8689901569343031,12,0.6,2022_10_01-fish2_cytoGCaMP
242,0.5875692025522499,1.0288946865893012,0.1,engert_20221001_fish2_magneto_1,66.79216003417969,79.8453369140625,32.0,65.0,,20221001,20221001_fish2,zebrafish,WB,mag,2160.0,2471,0.7408379281505431,29,0.6,2022_10_01-fish2_cytoGCaMP
245,0.8253427083384125,0.6171492110545871,0.1,engert_20221001_fish2_magneto_1,28.829635620117188,28.54203987121582,32.0,65.0,,20221001,20221001_fish2,zebrafish,WB,mag,2160.0,2591,0.6945215854353524,11,0.6,2022_10_01-fish2_cytoGCaMP
249,0.6092604528407216,0.9930452543157358,0.1,engert_20221001_fish2_magneto_1,83.71477508544922,83.83462524414062,32.0,65.0,,20221001,20221001_fish2,zebrafish,WB,mag,2160.0,2691,0.6251480602113016,12,0.6,2022_10_01-fish2_cytoGCaMP
254,0.05588768810119815,2.4189843490110032,0.1,engert_20221001_fish2_magneto_1,78.19556427001953,77.83831024169922,32.0,65.0,,20221001,20221001_fish2,zebrafish,WB,mag,2160.0,2912,0.8910877876874884,15,0.6,2022_10_01-fish2_cytoGCaMP
262,0.5465396718642674,1.097036196894047,0.1,engert_20221001_fish2_magneto_1,133.98451232910156,147.1976318359375,32.0,65.0,,20221001,20221001_fish2,zebrafish,WB,mag,2160.0,3343,0.6489219799833239,11,0.6,2022_10_01-fish2_cytoGCaMP
265,0.17447645557275404,1.8736325729814949,0.1,engert_20221001_fish2_magneto_1,114.3740463256836,90.20962524414062,32.0,65.0,,20221001,20221001_fish2,zebrafish,WB,mag,2160.0,3573,0.6499490664742399,11,0.6,2022_10_01-fish2_cytoGCaMP
268,0.5747183208362141,1.0501723125460785,0.1,engert_20221001_fish2_magneto_1,77.02099609375,70.91588592529297,32.0,65.0,,20221001,20221001_fish2,zebrafish,WB,mag,2160.0,3610,0.9467759732396847,15,0.6,2022_10_01-fish2_cytoGCaMP
89,0.3277471332717672,1.4938543242227937,0.1,engert_20221001_fish2_magneto_2,14.966730117797852,38.40924835205078,32.0,65.0,,20221001,20221001_fish2,zebrafish,WB,mag,2160.0,177,0.6945215854353524,11,0.6,2022_10_01-fish2_cytoGCaMP
193,0.5858548308182292,1.0317309036707758,0.1,engert_20221001_fish2_magneto_2,228.69935607910156,211.82749938964844,32.0,65.0,,20221001,20221001_fish2,zebrafish,WB,mag,2160.0,944,0.6945215854353524,12,0.6,2022_10_01-fish2_cytoGCaMP
0,0.4148049297482732,1.3255940723581434,0.1,engert_20221002_fish1_magneto_1,16.246912002563477,15.927594184875488,38.0,76.0,,20221002,20221002_fish1,zebrafish,WB,mag,2520.0,0,0.8959329092631372,36,0.6,2022_10_02-fish1_cytoGCaMP
1,0.997659891979834,0.06761151525989749,0.1,engert_20221002_fish1_magneto_1,13.387585639953613,12.531871795654297,38.0,76.0,,20221002,20221002_fish1,zebrafish,WB,mag,2520.0,1,0.995362050535328,49,0.6,2022_10_02-fish1_cytoGCaMP
2,0.48356444767999884,1.2038846921189008,0.1,engert_20221002_fish1_magneto_1,19.977163314819336,23.92104148864746,38.0,76.0,,20221002,20221002_fish1,zebrafish,WB,mag,2520.0,3,0.9973813279423409,45,0.6,2022_10_02-fish1_cytoGCaMP
3,0.7638888328889863,0.7316696356260796,0.1,engert_20221002_fish1_magneto_1,9.047110557556152,8.071172714233398,38.0,76.0,,20221002,20221002_fish1,zebrafish,WB,mag,2520.0,4,0.8607009809620649,66,0.6,2022_10_02-fish1_cytoGCaMP
4,0.318080435730684,1.5138073424656133,0.1,engert_20221002_fish1_magneto_1,18.06529426574707,19.083513259887695,38.0,76.0,,20221002,20221002_fish1,zebrafish,WB,mag,2520.0,5,0.9920374236924174,47,0.6,2022_10_02-fish1_cytoGCaMP
5,0.8278145156097985,0.6126134095401831,0.1,engert_20221002_fish1_magneto_1,18.91670036315918,17.3298282623291,38.0,76.0,,20221002,20221002_fish1,zebrafish,WB,mag,2520.0,6,0.9568872582082097,48,0.6,2022_10_02-fish1_cytoGCaMP
6,0.6641551894459102,0.9024393773930589,0.1,engert_20221002_fish1_magneto_1,4.708436965942383,6.117580890655518,38.0,76.0,,20221002,20221002_fish1,zebrafish,WB,mag,2520.0,7,0.707573705761316,65,0.6,2022_10_02-fish1_cytoGCaMP
7,0.596848748777363,1.013848717696783,0.1,engert_20221002_fish1_magneto_1,9.213010787963867,11.594645500183105,38.0,76.0,,20221002,20221002_fish1,zebrafish,WB,mag,2520.0,8,0.9461043578110091,49,0.6,2022_10_02-fish1_cytoGCaMP
8,0.38639782720037064,1.378334915341984,0.1,engert_20221002_fish1_magneto_1,14.562692642211914,15.791850090026855,38.0,76.0,,20221002,20221002_fish1,zebrafish,WB,mag,2520.0,9,0.7451235006610782,55,0.6,2022_10_02-fish1_cytoGCaMP
9,0.1712862246112964,1.8827532843510948,0.1,engert_20221002_fish1_magneto_1,8.883217811584473,12.399237632751465,38.0,76.0,,20221002,20221002_fish1,zebrafish,WB,mag,2520.0,10,0.9972510139727249,40,0.6,2022_10_02-fish1_cytoGCaMP
10,0.407663546093078,1.3386923441657153,0.1,engert_20221002_fish1_magneto_1,16.208574295043945,16.62895965576172,38.0,76.0,,20221002,20221002_fish1,zebrafish,WB,mag,2520.0,11,0.6753022725952087,40,0.6,2022_10_02-fish1_cytoGCaMP
11,0.43197582256481615,1.2944970539276595,0.1,engert_20221002_fish1_magneto_1,41.39877700805664,41.835601806640625,38.0,76.0,,20221002,20221002_fish1,zebrafish,WB,mag,2520.0,12,0.964463604291012,57,0.6,2022_10_02-fish1_cytoGCaMP
12,0.885774411871862,0.49059360250465306,0.1,engert_20221002_fish1_magneto_1,2.9327850341796875,2.810554027557373,38.0,76.0,,20221002,20221002_fish1,zebrafish,WB,mag,2520.0,13,0.9057924492215625,45,0.6,2022_10_02-fish1_cytoGCaMP
13,0.941725721958596,0.3449369983400363,0.1,engert_20221002_fish1_magneto_1,12.321504592895508,13.563127517700195,38.0,76.0,,20221002,20221002_fish1,zebrafish,WB,mag,2520.0,14,0.7628227636479198,50,0.6,2022_10_02-fish1_cytoGCaMP
14,0.07478556081266241,2.2887594661704145,0.1,engert_20221002_fish1_magneto_1,5.421050071716309,5.231614589691162,38.0,76.0,,20221002,20221002_fish1,zebrafish,WB,mag,2520.0,16,0.9310669284334755,38,0.6,2022_10_02-fish1_cytoGCaMP
15,0.797682238842748,0.6701578021422983,0.1,engert_20221002_fish1_magneto_1,6.179569244384766,8.425398826599121,38.0,76.0,,20221002,20221002_fish1,zebrafish,WB,mag,2520.0,17,0.8642545459657195,35,0.6,2022_10_02-fish1_cytoGCaMP
16,0.2981767680418308,1.5562650877717037,0.1,engert_20221002_fish1_magneto_1,14.604995727539062,13.971915245056152,38.0,76.0,,20221002,20221002_fish1,zebrafish,WB,mag,2520.0,19,0.9125428741183383,30,0.6,2022_10_02-fish1_cytoGCaMP
17,0.6719489515537632,0.8894413534029452,0.1,engert_20221002_fish1_magneto_1,9.442011833190918,9.54068660736084,38.0,76.0,,20221002,20221002_fish1,zebrafish,WB,mag,2520.0,22,0.985304047810111,41,0.6,2022_10_02-fish1_cytoGCaMP
18,0.5529570246822252,1.0865982367113103,0.1,engert_20221002_fish1_magneto_1,5.573614120483398,5.859451770782471,38.0,76.0,,20221002,20221002_fish1,zebrafish,WB,mag,2520.0,23,0.8505100557935945,59,0.6,2022_10_02-fish1_cytoGCaMP
19,0.274457029887356,1.609140858665504,0.1,engert_20221002_fish1_magneto_1,3.2597546577453613,3.2344777584075928,38.0,76.0,,20221002,20221002_fish1,zebrafish,WB,mag,2520.0,24,0.9643565352278287,44,0.6,2022_10_02-fish1_cytoGCaMP
20,0.5592278270191284,1.076162889412263,0.1,engert_20221002_fish1_magneto_1,13.496023178100586,13.516087532043457,38.0,76.0,,20221002,20221002_fish1,zebrafish,WB,mag,2520.0,25,0.9951248002700511,41,0.6,2022_10_02-fish1_cytoGCaMP
21,0.3873914863756601,1.3764599349360185,0.1,engert_20221002_fish1_magneto_1,5.709133625030518,6.500952243804932,38.0,76.0,,20221002,20221002_fish1,zebrafish,WB,mag,2520.0,26,0.8896902196314215,60,0.6,2022_10_02-fish1_cytoGCaMP
22,0.0538466684358232,2.4320302243927614,0.1,engert_20221002_fish1_magneto_1,8.252959251403809,10.446538925170898,38.0,76.0,,20221002,20221002_fish1,zebrafish,WB,mag,2520.0,27,0.8882801741845436,48,0.6,2022_10_02-fish1_cytoGCaMP
23,0.7203005737957486,0.8077518479021473,0.1,engert_20221002_fish1_magneto_1,4.54707145690918,4.372913360595703,38.0,76.0,,20221002,20221002_fish1,zebrafish,WB,mag,2520.0,28,0.9849049272503243,42,0.6,2022_10_02-fish1_cytoGCaMP
24,0.062261149085048095,2.36969590791552,0.1,engert_20221002_fish1_magneto_1,13.454235076904297,18.71242904663086,38.0,76.0,,20221002,20221002_fish1,zebrafish,WB,mag,2520.0,29,0.9645097718019513,26,0.6,2022_10_02-fish1_cytoGCaMP
25,0.4559954917338801,1.2518352824117551,0.1,engert_20221002_fish1_magneto_1,28.658199310302734,26.64148712158203,38.0,76.0,,20221002,20221002_fish1,zebrafish,WB,mag,2520.0,30,0.9462202402501891,41,0.6,2022_10_02-fish1_cytoGCaMP
26,0.9093406038918519,0.4341582462502776,0.1,engert_20221002_fish1_magneto_1,19.807931900024414,22.230958938598633,38.0,76.0,,20221002,20221002_fish1,zebrafish,WB,mag,2520.0,31,0.9786696417440562,48,0.6,2022_10_02-fish1_cytoGCaMP
27,0.6966520109905783,0.8479699745375858,0.1,engert_20221002_fish1_magneto_1,10.153159141540527,12.494918823242188,38.0,76.0,,20221002,20221002_fish1,zebrafish,WB,mag,2520.0,32,0.981438188738039,52,0.6,2022_10_02-fish1_cytoGCaMP
28,0.3574430734714199,1.434064588822403,0.1,engert_20221002_fish1_magneto_1,12.248200416564941,11.776152610778809,38.0,76.0,,20221002,20221002_fish1,zebrafish,WB,mag,2520.0,33,0.9340203777142864,35,0.6,2022_10_02-fish1_cytoGCaMP
29,0.956417587646761,0.2970690199590462,0.1,engert_20221002_fish1_magneto_1,6.678403377532959,7.4537835121154785,38.0,76.0,,20221002,20221002_fish1,zebrafish,WB,mag,2520.0,35,0.9761245371620578,57,0.6,2022_10_02-fish1_cytoGCaMP
30,0.24039348226121826,1.6903521058174007,0.1,engert_20221002_fish1_magneto_1,8.785368919372559,8.180651664733887,38.0,76.0,,20221002,20221002_fish1,zebrafish,WB,mag,2520.0,36,0.9251482030652703,27,0.6,2022_10_02-fish1_cytoGCaMP
31,0.12493912198527501,2.0463225158858953,0.1,engert_20221002_fish1_magneto_1,15.905278205871582,15.804041862487793,38.0,76.0,,20221002,20221002_fish1,zebrafish,WB,mag,2520.0,37,0.9856882380603345,42,0.6,2022_10_02-fish1_cytoGCaMP
32,0.3450182212662055,1.4586928341337317,0.1,engert_20221002_fish1_magneto_1,8.779321670532227,15.967273712158203,38.0,76.0,,20221002,20221002_fish1,zebrafish,WB,mag,2520.0,38,0.9949810799378082,33,0.6,2022_10_02-fish1_cytoGCaMP
33,0.9138375136074057,0.4227189798781202,0.1,engert_20221002_fish1_magneto_1,29.099599838256836,23.739280700683594,38.0,76.0,,20221002,20221002_fish1,zebrafish,WB,mag,2520.0,39,0.9915405263095328,36,0.6,2022_10_02-fish1_cytoGCaMP
34,0.247955498989735,1.6717121430978594,0.1,engert_20221002_fish1_magneto_1,9.079327583312988,9.060980796813965,38.0,76.0,,20221002,20221002_fish1,zebrafish,WB,mag,2520.0,42,0.9960151713694626,50,0.6,2022_10_02-fish1_cytoGCaMP
35,0.5994865882458907,1.0094909800549994,0.1,engert_20221002_fish1_magneto_1,10.37771224975586,10.115538597106934,38.0,76.0,,20221002,20221002_fish1,zebrafish,WB,mag,2520.0,43,0.9597197695500317,38,0.6,2022_10_02-fish1_cytoGCaMP
36,0.10754850690482576,2.1198265442062354,0.1,engert_20221002_fish1_magneto_1,48.5611572265625,46.684303283691406,38.0,76.0,,20221002,20221002_fish1,zebrafish,WB,mag,2520.0,44,0.9952658920200038,47,0.6,2022_10_02-fish1_cytoGCaMP
37,0.2631237958005077,1.635406214983355,0.1,engert_20221002_fish1_magneto_1,4.970757961273193,5.138161659240723,38.0,76.0,,20221002,20221002_fish1,zebrafish,WB,mag,2520.0,45,0.729824648788814,36,0.6,2022_10_02-fish1_cytoGCaMP
38,0.6341818218818562,0.9521696961178998,0.1,engert_20221002_fish1_magneto_1,17.59211540222168,19.056922912597656,38.0,76.0,,20221002,20221002_fish1,zebrafish,WB,mag,2520.0,47,0.971118356561005,66,0.6,2022_10_02-fish1_cytoGCaMP
39,0.17496273697045694,1.8712551444519852,0.1,engert_20221002_fish1_magneto_1,9.152612686157227,9.654947280883789,38.0,76.0,,20221002,20221002_fish1,zebrafish,WB,mag,2520.0,48,0.9752055293532924,30,0.6,2022_10_02-fish1_cytoGCaMP
40,0.8731215973990549,0.5189304141193299,0.1,engert_20221002_fish1_magneto_1,63.43965530395508,62.68762969970703,38.0,76.0,,20221002,20221002_fish1,zebrafish,WB,mag,2520.0,50,0.9493153492294317,49,0.6,2022_10_02-fish1_cytoGCaMP
41,0.520636734582649,1.1407426896773316,0.1,engert_20221002_fish1_magneto_1,7.43461275100708,8.092390060424805,38.0,76.0,,20221002,20221002_fish1,zebrafish,WB,mag,2520.0,52,0.8479754637521238,51,0.6,2022_10_02-fish1_cytoGCaMP
42,0.3386256435125873,1.4715498828923408,0.1,engert_20221002_fish1_magneto_1,37.77938461303711,39.53280258178711,38.0,76.0,,20221002,20221002_fish1,zebrafish,WB,mag,2520.0,53,0.993786644668347,58,0.6,2022_10_02-fish1_cytoGCaMP
43,0.43035611709988775,1.2974077039460297,0.1,engert_20221002_fish1_magneto_1,22.0100040435791,22.274946212768555,38.0,76.0,,20221002,20221002_fish1,zebrafish,WB,mag,2520.0,54,0.9840236674376655,46,0.6,2022_10_02-fish1_cytoGCaMP
44,0.8979766701861762,0.46204485072112406,0.1,engert_20221002_fish1_magneto_1,20.887710571289062,21.76483154296875,38.0,76.0,,20221002,20221002_fish1,zebrafish,WB,mag,2520.0,55,0.9380982314159088,72,0.6,2022_10_02-fish1_cytoGCaMP
45,0.6237401101186857,0.969432067064574,0.1,engert_20221002_fish1_magneto_1,12.511236190795898,10.83071231842041,38.0,76.0,,20221002,20221002_fish1,zebrafish,WB,mag,2520.0,56,0.9667120685076306,23,0.6,2022_10_02-fish1_cytoGCaMP
46,0.3509490439519184,1.4468790361384127,0.1,engert_20221002_fish1_magneto_1,33.4532470703125,35.648136138916016,38.0,76.0,,20221002,20221002_fish1,zebrafish,WB,mag,2520.0,57,0.9482988900718374,56,0.6,2022_10_02-fish1_cytoGCaMP
47,0.2667512497509634,1.626923106541411,0.1,engert_20221002_fish1_magneto_1,8.411100387573242,11.094139099121094,38.0,76.0,,20221002,20221002_fish1,zebrafish,WB,mag,2520.0,58,0.7779307167236313,53,0.6,2022_10_02-fish1_cytoGCaMP
48,0.023760916863750148,2.758915835660761,0.1,engert_20221002_fish1_magneto_1,9.860474586486816,10.100533485412598,38.0,76.0,,20221002,20221002_fish1,zebrafish,WB,mag,2520.0,59,0.9764452559299328,45,0.6,2022_10_02-fish1_cytoGCaMP
49,0.3116676564549794,1.5273130763081095,0.1,engert_20221002_fish1_magneto_1,4.830343246459961,5.233484268188477,38.0,76.0,,20221002,20221002_fish1,zebrafish,WB,mag,2520.0,60,0.6121150228165335,69,0.6,2022_10_02-fish1_cytoGCaMP
50,0.10580971260273608,2.1276753565190103,0.1,engert_20221002_fish1_magneto_1,8.0546293258667,8.730670928955078,38.0,76.0,,20221002,20221002_fish1,zebrafish,WB,mag,2520.0,61,0.7967639696607886,48,0.6,2022_10_02-fish1_cytoGCaMP
51,0.18095636860193087,1.852878781909105,0.1,engert_20221002_fish1_magneto_1,19.426097869873047,21.82931900024414,38.0,76.0,,20221002,20221002_fish1,zebrafish,WB,mag,2520.0,62,0.9576969460573996,34,0.6,2022_10_02-fish1_cytoGCaMP
52,0.6419448666643494,0.9393200881522773,0.1,engert_20221002_fish1_magneto_1,23.733068466186523,25.019533157348633,38.0,76.0,,20221002,20221002_fish1,zebrafish,WB,mag,2520.0,63,0.9885596897140436,45,0.6,2022_10_02-fish1_cytoGCaMP
53,0.5954857823970738,1.016100651508651,0.1,engert_20221002_fish1_magneto_1,25.840930938720703,26.42665672302246,38.0,76.0,,20221002,20221002_fish1,zebrafish,WB,mag,2520.0,64,0.9935026813135998,33,0.6,2022_10_02-fish1_cytoGCaMP
54,0.04086200409727969,2.5465928514492138,0.1,engert_20221002_fish1_magneto_1,17.002870559692383,18.43407440185547,38.0,76.0,,20221002,20221002_fish1,zebrafish,WB,mag,2520.0,66,0.9570832325375354,40,0.6,2022_10_02-fish1_cytoGCaMP
55,0.03713140176960439,2.58524510454487,0.1,engert_20221002_fish1_magneto_1,4.382640361785889,4.044739246368408,38.0,76.0,,20221002,20221002_fish1,zebrafish,WB,mag,2520.0,67,0.9829479030570635,65,0.6,2022_10_02-fish1_cytoGCaMP
56,0.9893320270921294,0.1454299334719788,0.1,engert_20221002_fish1_magneto_1,38.94395065307617,41.13278579711914,38.0,76.0,,20221002,20221002_fish1,zebrafish,WB,mag,2520.0,68,0.6072059257930993,176,0.6,2022_10_02-fish1_cytoGCaMP
57,0.6811018046643534,0.8741285549811217,0.1,engert_20221002_fish1_magneto_1,7.469925403594971,8.550935745239258,38.0,76.0,,20221002,20221002_fish1,zebrafish,WB,mag,2520.0,70,0.9794130575073483,59,0.6,2022_10_02-fish1_cytoGCaMP
58,0.8808981677866398,0.5016544636307044,0.1,engert_20221002_fish1_magneto_1,8.733304977416992,10.358980178833008,38.0,76.0,,20221002,20221002_fish1,zebrafish,WB,mag,2520.0,72,0.9572001744782187,34,0.6,2022_10_02-fish1_cytoGCaMP
59,0.7632071822122009,0.7328843066562238,0.1,engert_20221002_fish1_magneto_1,47.78742980957031,42.445072174072266,38.0,76.0,,20221002,20221002_fish1,zebrafish,WB,mag,2520.0,73,0.9913897733982611,50,0.6,2022_10_02-fish1_cytoGCaMP
60,0.7045997513945617,0.8345185698644787,0.1,engert_20221002_fish1_magneto_1,7.932482719421387,8.495534896850586,38.0,76.0,,20221002,20221002_fish1,zebrafish,WB,mag,2520.0,74,0.9653035543204139,36,0.6,2022_10_02-fish1_cytoGCaMP
61,0.8184430317326115,0.6308380713749449,0.1,engert_20221002_fish1_magneto_1,16.960437774658203,15.720991134643555,38.0,76.0,,20221002,20221002_fish1,zebrafish,WB,mag,2520.0,75,0.8875153487659379,37,0.6,2022_10_02-fish1_cytoGCaMP
62,0.7531272052942136,0.7507428205837081,0.1,engert_20221002_fish1_magneto_1,18.67824363708496,20.132104873657227,38.0,76.0,,20221002,20221002_fish1,zebrafish,WB,mag,2520.0,76,0.9720064653639435,31,0.6,2022_10_02-fish1_cytoGCaMP
63,0.6560060022232034,0.9159957210195876,0.1,engert_20221002_fish1_magneto_1,22.01407814025879,25.582624435424805,38.0,76.0,,20221002,20221002_fish1,zebrafish,WB,mag,2520.0,78,0.9976073297706786,38,0.6,2022_10_02-fish1_cytoGCaMP
64,0.2246001224569738,1.730572044553214,0.1,engert_20221002_fish1_magneto_1,9.832003593444824,11.831846237182617,38.0,76.0,,20221002,20221002_fish1,zebrafish,WB,mag,2520.0,79,0.9438755260351783,84,0.6,2022_10_02-fish1_cytoGCaMP
65,0.7784996688369613,0.7054027517295506,0.1,engert_20221002_fish1_magneto_1,5.305841445922852,5.492105484008789,38.0,76.0,,20221002,20221002_fish1,zebrafish,WB,mag,2520.0,80,0.6965206303549032,16,0.6,2022_10_02-fish1_cytoGCaMP
66,0.31082614790548,1.529097183854986,0.1,engert_20221002_fish1_magneto_1,25.986106872558594,30.54204559326172,38.0,76.0,,20221002,20221002_fish1,zebrafish,WB,mag,2520.0,85,0.8850230151973821,28,0.6,2022_10_02-fish1_cytoGCaMP
67,0.6439464598604334,0.9360042118594272,0.1,engert_20221002_fish1_magneto_1,30.874738693237305,30.542787551879883,38.0,76.0,,20221002,20221002_fish1,zebrafish,WB,mag,2520.0,86,0.9946354134654667,35,0.6,2022_10_02-fish1_cytoGCaMP
68,0.4809813309276304,1.2083371971726615,0.1,engert_20221002_fish1_magneto_1,14.585100173950195,15.818674087524414,38.0,76.0,,20221002,20221002_fish1,zebrafish,WB,mag,2520.0,87,0.8505575699288564,37,0.6,2022_10_02-fish1_cytoGCaMP
69,0.329153106644098,1.49084906548156,0.1,engert_20221002_fish1_magneto_1,8.77655029296875,8.643714904785156,38.0,76.0,,20221002,20221002_fish1,zebrafish,WB,mag,2520.0,88,0.7130186541182518,46,0.6,2022_10_02-fish1_cytoGCaMP
70,0.875892153129838,0.5128244512567953,0.1,engert_20221002_fish1_magneto_1,22.80896759033203,23.87688446044922,38.0,76.0,,20221002,20221002_fish1,zebrafish,WB,mag,2520.0,90,0.8010965529187555,25,0.6,2022_10_02-fish1_cytoGCaMP
71,0.222611220310449,1.73577005686082,0.1,engert_20221002_fish1_magneto_1,27.00398826599121,31.005029678344727,38.0,76.0,,20221002,20221002_fish1,zebrafish,WB,mag,2520.0,91,0.9945212400177483,48,0.6,2022_10_02-fish1_cytoGCaMP
72,0.1743188027255932,1.8732562995247646,0.1,engert_20221002_fish1_magneto_1,50.26784133911133,64.10565948486328,38.0,76.0,,20221002,20221002_fish1,zebrafish,WB,mag,2520.0,98,0.9950809801210977,44,0.6,2022_10_02-fish1_cytoGCaMP
73,0.4485064275797108,1.2650402158050258,0.1,engert_20221002_fish1_magneto_1,12.002799034118652,12.622801780700684,38.0,76.0,,20221002,20221002_fish1,zebrafish,WB,mag,2520.0,99,0.9820823940798095,48,0.6,2022_10_02-fish1_cytoGCaMP
74,0.5325295915939274,1.1207395121075745,0.1,engert_20221002_fish1_magneto_1,26.159713745117188,22.03413200378418,38.0,76.0,,20221002,20221002_fish1,zebrafish,WB,mag,2520.0,100,0.9798916097051414,33,0.6,2022_10_02-fish1_cytoGCaMP
75,0.6601028022802204,0.9091846630482325,0.1,engert_20221002_fish1_magneto_1,15.11489486694336,15.377588272094727,38.0,76.0,,20221002,20221002_fish1,zebrafish,WB,mag,2520.0,101,0.832469504378285,60,0.6,2022_10_02-fish1_cytoGCaMP
76,0.9097246421810281,0.43319088522542404,0.1,engert_20221002_fish1_magneto_1,31.758907318115234,30.269533157348633,38.0,76.0,,20221002,20221002_fish1,zebrafish,WB,mag,2520.0,102,0.9576498822596352,62,0.6,2022_10_02-fish1_cytoGCaMP
77,0.152659814289703,1.9439536758571776,0.1,engert_20221002_fish1_magneto_1,12.779708862304688,14.801488876342773,38.0,76.0,,20221002,20221002_fish1,zebrafish,WB,mag,2520.0,104,0.8928365527218854,24,0.6,2022_10_02-fish1_cytoGCaMP
78,0.06932350006607157,2.3225684662636525,0.1,engert_20221002_fish1_magneto_1,48.542911529541016,51.857662200927734,38.0,76.0,,20221002,20221002_fish1,zebrafish,WB,mag,2520.0,106,0.9967706626689308,35,0.6,2022_10_02-fish1_cytoGCaMP
79,0.31868467866110206,1.5125429195872024,0.1,engert_20221002_fish1_magneto_1,16.5068416595459,16.808063507080078,38.0,76.0,,20221002,20221002_fish1,zebrafish,WB,mag,2520.0,107,0.9618408442002425,31,0.6,2022_10_02-fish1_cytoGCaMP
80,0.3041468323100607,1.5433598792322847,0.1,engert_20221002_fish1_magneto_1,12.021400451660156,15.965534210205078,38.0,76.0,,20221002,20221002_fish1,zebrafish,WB,mag,2520.0,109,0.8830230870955171,42,0.6,2022_10_02-fish1_cytoGCaMP
81,0.6950631779572216,0.8506519461860138,0.1,engert_20221002_fish1_magneto_1,16.566062927246094,16.19369888305664,38.0,76.0,,20221002,20221002_fish1,zebrafish,WB,mag,2520.0,110,0.8775754744015671,47,0.6,2022_10_02-fish1_cytoGCaMP
82,0.06760646647221946,2.333648340137706,0.1,engert_20221002_fish1_magneto_1,24.8686580657959,25.371986389160156,38.0,76.0,,20221002,20221002_fish1,zebrafish,WB,mag,2520.0,111,0.9814960786464769,54,0.6,2022_10_02-fish1_cytoGCaMP
83,0.9145957256050826,0.42076538974724004,0.1,engert_20221002_fish1_magneto_1,9.74365234375,10.105733871459961,38.0,76.0,,20221002,20221002_fish1,zebrafish,WB,mag,2520.0,114,0.9585138171484827,29,0.6,2022_10_02-fish1_cytoGCaMP
84,0.16476197739146115,1.9036073645949871,0.1,engert_20221002_fish1_magneto_1,5.867167949676514,5.622183799743652,38.0,76.0,,20221002,20221002_fish1,zebrafish,WB,mag,2520.0,115,0.8889827752585696,25,0.6,2022_10_02-fish1_cytoGCaMP
85,0.2201534702640261,1.7422370767109288,0.1,engert_20221002_fish1_magneto_1,36.4644660949707,49.944000244140625,38.0,76.0,,20221002,20221002_fish1,zebrafish,WB,mag,2520.0,118,0.9973885961992022,44,0.6,2022_10_02-fish1_cytoGCaMP
86,0.9572704437959103,0.2940765209086107,0.1,engert_20221002_fish1_magneto_1,14.641931533813477,15.804963111877441,38.0,76.0,,20221002,20221002_fish1,zebrafish,WB,mag,2520.0,119,0.9465880641348114,70,0.6,2022_10_02-fish1_cytoGCaMP
87,0.5634254105117771,1.069187529782289,0.1,engert_20221002_fish1_magneto_1,16.19216537475586,22.846174240112305,38.0,76.0,,20221002,20221002_fish1,zebrafish,WB,mag,2520.0,121,0.9926143966679739,44,0.6,2022_10_02-fish1_cytoGCaMP
88,0.5809017796389966,1.0402159420545793,0.1,engert_20221002_fish1_magneto_1,20.537734985351562,18.56258773803711,38.0,76.0,,20221002,20221002_fish1,zebrafish,WB,mag,2520.0,122,0.968836593232415,38,0.6,2022_10_02-fish1_cytoGCaMP
89,0.7347133971939319,0.7829163896467024,0.1,engert_20221002_fish1_magneto_1,12.452753067016602,13.849817276000977,38.0,76.0,,20221002,20221002_fish1,zebrafish,WB,mag,2520.0,123,0.8671449341515368,74,0.6,2022_10_02-fish1_cytoGCaMP
90,0.43890399719049034,1.2820972299304823,0.1,engert_20221002_fish1_magneto_1,18.490522384643555,19.662399291992188,38.0,76.0,,20221002,20221002_fish1,zebrafish,WB,mag,2520.0,124,0.9856046953016913,40,0.6,2022_10_02-fish1_cytoGCaMP
91,0.18304389274414778,1.8465813124765884,0.1,engert_20221002_fish1_magneto_1,10.026801109313965,10.458840370178223,38.0,76.0,,20221002,20221002_fish1,zebrafish,WB,mag,2520.0,125,0.9864802299517061,48,0.6,2022_10_02-fish1_cytoGCaMP
92,0.009735277423978617,3.07936035291186,0.1,engert_20221002_fish1_magneto_1,5.28101110458374,6.119065761566162,38.0,76.0,,20221002,20221002_fish1,zebrafish,WB,mag,2520.0,127,0.7167895862381315,24,0.6,2022_10_02-fish1_cytoGCaMP
93,0.6494097958295004,0.9269466599144055,0.1,engert_20221002_fish1_magneto_1,33.98992156982422,36.55100631713867,38.0,76.0,,20221002,20221002_fish1,zebrafish,WB,mag,2520.0,128,0.9748011334171505,34,0.6,2022_10_02-fish1_cytoGCaMP
94,0.9557543781166513,0.2993770277086224,0.1,engert_20221002_fish1_magneto_1,16.095800399780273,17.956939697265625,38.0,76.0,,20221002,20221002_fish1,zebrafish,WB,mag,2520.0,131,0.9641463405644227,24,0.6,2022_10_02-fish1_cytoGCaMP
95,0.5917736777744806,1.0222351556499416,0.1,engert_20221002_fish1_magneto_1,22.306596755981445,23.840225219726562,38.0,76.0,,20221002,20221002_fish1,zebrafish,WB,mag,2520.0,132,0.7474537803442075,25,0.6,2022_10_02-fish1_cytoGCaMP
96,0.442098636301658,1.2764063330497553,0.1,engert_20221002_fish1_magneto_1,23.747386932373047,24.401363372802734,38.0,76.0,,20221002,20221002_fish1,zebrafish,WB,mag,2520.0,133,0.9757462913192738,45,0.6,2022_10_02-fish1_cytoGCaMP
97,0.8793985208512751,0.5050198825257123,0.1,engert_20221002_fish1_magneto_1,7.094479084014893,6.926135063171387,38.0,76.0,,20221002,20221002_fish1,zebrafish,WB,mag,2520.0,134,0.8948901522386759,20,0.6,2022_10_02-fish1_cytoGCaMP
98,0.10241865843164588,2.1432791640043094,0.1,engert_20221002_fish1_magneto_1,12.255706787109375,11.879960060119629,38.0,76.0,,20221002,20221002_fish1,zebrafish,WB,mag,2520.0,135,0.9138332372832921,37,0.6,2022_10_02-fish1_cytoGCaMP
99,0.11520858411391977,2.0863895528499,0.1,engert_20221002_fish1_magneto_1,18.85499382019043,17.960397720336914,38.0,76.0,,20221002,20221002_fish1,zebrafish,WB,mag,2520.0,138,0.8361948607490346,66,0.6,2022_10_02-fish1_cytoGCaMP
100,0.19929724716163089,1.7992155604867295,0.1,engert_20221002_fish1_magneto_1,9.271052360534668,9.197490692138672,38.0,76.0,,20221002,20221002_fish1,zebrafish,WB,mag,2520.0,139,0.9816890296912776,45,0.6,2022_10_02-fish1_cytoGCaMP
101,0.4438427194451622,1.2733063210541204,0.1,engert_20221002_fish1_magneto_1,20.384658813476562,21.643085479736328,38.0,76.0,,20221002,20221002_fish1,zebrafish,WB,mag,2520.0,140,0.9829705451571512,41,0.6,2022_10_02-fish1_cytoGCaMP
102,0.8050409328287669,0.656373764822432,0.1,engert_20221002_fish1_magneto_1,25.073284149169922,24.142372131347656,38.0,76.0,,20221002,20221002_fish1,zebrafish,WB,mag,2520.0,141,0.9721722712204849,28,0.6,2022_10_02-fish1_cytoGCaMP
103,0.32577378158657644,1.4978088712710564,0.1,engert_20221002_fish1_magneto_1,18.997365951538086,21.048288345336914,38.0,76.0,,20221002,20221002_fish1,zebrafish,WB,mag,2520.0,142,0.9789188528345669,78,0.6,2022_10_02-fish1_cytoGCaMP
104,0.6907965499546151,0.8578432476579895,0.1,engert_20221002_fish1_magneto_1,26.19194793701172,25.912334442138672,38.0,76.0,,20221002,20221002_fish1,zebrafish,WB,mag,2520.0,143,0.9329739710653334,30,0.6,2022_10_02-fish1_cytoGCaMP
105,0.0035180645875166894,3.4120638651851496,0.1,engert_20221002_fish1_magneto_1,32.07311248779297,32.13624954223633,38.0,76.0,,20221002,20221002_fish1,zebrafish,WB,mag,2520.0,145,0.7683705057638421,46,0.6,2022_10_02-fish1_cytoGCaMP
106,0.97343620090511,0.23077175002999684,0.1,engert_20221002_fish1_magneto_1,14.574748039245605,14.566335678100586,38.0,76.0,,20221002,20221002_fish1,zebrafish,WB,mag,2520.0,147,0.9523342248302662,50,0.6,2022_10_02-fish1_cytoGCaMP
107,0.9056443583900791,0.4433814819662992,0.1,engert_20221002_fish1_magneto_1,17.1242618560791,14.733028411865234,38.0,76.0,,20221002,20221002_fish1,zebrafish,WB,mag,2520.0,148,0.8063624242059699,31,0.6,2022_10_02-fish1_cytoGCaMP
108,0.7849209498609135,0.6937076875393946,0.1,engert_20221002_fish1_magneto_1,59.72706604003906,52.24753952026367,38.0,76.0,,20221002,20221002_fish1,zebrafish,WB,mag,2520.0,149,0.988345795392737,46,0.6,2022_10_02-fish1_cytoGCaMP
109,0.0465307231538703,2.4932625978512006,0.1,engert_20221002_fish1_magneto_1,24.622112274169922,26.882978439331055,38.0,76.0,,20221002,20221002_fish1,zebrafish,WB,mag,2520.0,150,0.6653597979136311,33,0.6,2022_10_02-fish1_cytoGCaMP
110,0.7986081312746058,0.6684320196962016,0.1,engert_20221002_fish1_magneto_1,46.844844818115234,45.194053649902344,38.0,76.0,,20221002,20221002_fish1,zebrafish,WB,mag,2520.0,151,0.9815148424517787,44,0.6,2022_10_02-fish1_cytoGCaMP
111,0.4879761095182026,1.1962979747990319,0.1,engert_20221002_fish1_magneto_1,19.934310913085938,23.164148330688477,38.0,76.0,,20221002,20221002_fish1,zebrafish,WB,mag,2520.0,152,0.9112984044039224,43,0.6,2022_10_02-fish1_cytoGCaMP
112,0.008273924602657967,3.1346039111843798,0.1,engert_20221002_fish1_magneto_1,10.454643249511719,10.927746772766113,38.0,76.0,,20221002,20221002_fish1,zebrafish,WB,mag,2520.0,153,0.6073064823671385,20,0.6,2022_10_02-fish1_cytoGCaMP
113,0.3328779244394484,1.4832239157901357,0.1,engert_20221002_fish1_magneto_1,14.466934204101562,14.609045028686523,38.0,76.0,,20221002,20221002_fish1,zebrafish,WB,mag,2520.0,154,0.83913403454418,24,0.6,2022_10_02-fish1_cytoGCaMP
114,0.910293008159428,0.43175600854256646,0.1,engert_20221002_fish1_magneto_1,19.76636505126953,17.89487075805664,38.0,76.0,,20221002,20221002_fish1,zebrafish,WB,mag,2520.0,155,0.9859709363960274,45,0.6,2022_10_02-fish1_cytoGCaMP
115,0.39057860122153243,1.3704615686489634,0.1,engert_20221002_fish1_magneto_1,28.08502769470215,25.22719955444336,38.0,76.0,,20221002,20221002_fish1,zebrafish,WB,mag,2520.0,156,0.9844261183035797,36,0.6,2022_10_02-fish1_cytoGCaMP
116,0.06059943826111425,2.3814244457375007,0.1,engert_20221002_fish1_magneto_1,6.873747825622559,6.816196441650391,38.0,76.0,,20221002,20221002_fish1,zebrafish,WB,mag,2520.0,157,0.9772235081307803,57,0.6,2022_10_02-fish1_cytoGCaMP
117,0.933408305145733,0.3695917955080694,0.1,engert_20221002_fish1_magneto_1,35.1790771484375,35.36321258544922,38.0,76.0,,20221002,20221002_fish1,zebrafish,WB,mag,2520.0,158,0.8117583329778112,45,0.6,2022_10_02-fish1_cytoGCaMP
118,0.7573198264704359,0.7433377054349409,0.1,engert_20221002_fish1_magneto_1,24.699552536010742,26.973608016967773,38.0,76.0,,20221002,20221002_fish1,zebrafish,WB,mag,2520.0,160,0.9292168917960635,32,0.6,2022_10_02-fish1_cytoGCaMP
119,0.351250053099602,1.4462823422595759,0.1,engert_20221002_fish1_magneto_1,41.18805694580078,40.48799133300781,38.0,76.0,,20221002,20221002_fish1,zebrafish,WB,mag,2520.0,162,0.9848981972095664,45,0.6,2022_10_02-fish1_cytoGCaMP
120,0.8113876607608334,0.6443538540311479,0.1,engert_20221002_fish1_magneto_1,11.540061950683594,11.248974800109863,38.0,76.0,,20221002,20221002_fish1,zebrafish,WB,mag,2520.0,164,0.8466654057580068,26,0.6,2022_10_02-fish1_cytoGCaMP
121,0.3528639394571471,1.443087496374321,0.1,engert_20221002_fish1_magneto_1,22.971202850341797,22.378219604492188,38.0,76.0,,20221002,20221002_fish1,zebrafish,WB,mag,2520.0,165,0.9194106684276867,31,0.6,2022_10_02-fish1_cytoGCaMP
122,0.8298066312239112,0.6086966393183185,0.1,engert_20221002_fish1_magneto_1,45.06618881225586,46.70383834838867,38.0,76.0,,20221002,20221002_fish1,zebrafish,WB,mag,2520.0,168,0.7073194558327697,60,0.6,2022_10_02-fish1_cytoGCaMP
123,0.4838262916320939,1.2034338127781203,0.1,engert_20221002_fish1_magneto_1,27.417236328125,27.138381958007812,38.0,76.0,,20221002,20221002_fish1,zebrafish,WB,mag,2520.0,169,0.9638619251706665,36,0.6,2022_10_02-fish1_cytoGCaMP
124,0.8360962892945488,0.5962253194515923,0.1,engert_20221002_fish1_magneto_1,33.09639358520508,35.99972915649414,38.0,76.0,,20221002,20221002_fish1,zebrafish,WB,mag,2520.0,170,0.9581255755940759,21,0.6,2022_10_02-fish1_cytoGCaMP
125,0.11377472088364837,2.092513576686936,0.1,engert_20221002_fish1_magneto_1,36.047306060791016,38.16396713256836,38.0,76.0,,20221002,20221002_fish1,zebrafish,WB,mag,2520.0,171,0.9826719452166979,42,0.6,2022_10_02-fish1_cytoGCaMP
126,0.22268648181071982,1.7355728275761375,0.1,engert_20221002_fish1_magneto_1,28.63587188720703,31.01837158203125,38.0,76.0,,20221002,20221002_fish1,zebrafish,WB,mag,2520.0,172,0.9406347189716386,58,0.6,2022_10_02-fish1_cytoGCaMP
127,0.7821298028118671,0.6988032830538081,0.1,engert_20221002_fish1_magneto_1,21.06803321838379,21.636585235595703,38.0,76.0,,20221002,20221002_fish1,zebrafish,WB,mag,2520.0,173,0.9699305955268728,47,0.6,2022_10_02-fish1_cytoGCaMP
128,0.32675078440765704,1.4957925623909112,0.1,engert_20221002_fish1_magneto_1,28.281532287597656,31.7270565032959,38.0,76.0,,20221002,20221002_fish1,zebrafish,WB,mag,2520.0,174,0.978925969905976,32,0.6,2022_10_02-fish1_cytoGCaMP
129,0.34144124367894413,1.465870837389554,0.1,engert_20221002_fish1_magneto_1,23.100791931152344,27.69017219543457,38.0,76.0,,20221002,20221002_fish1,zebrafish,WB,mag,2520.0,176,0.8733367378295477,49,0.6,2022_10_02-fish1_cytoGCaMP
130,0.40522169616444037,1.3431946766931941,0.1,engert_20221002_fish1_magneto_1,41.13833236694336,44.439605712890625,38.0,76.0,,20221002,20221002_fish1,zebrafish,WB,mag,2520.0,177,0.9491215933595258,47,0.6,2022_10_02-fish1_cytoGCaMP
131,0.9375002625535231,0.3576466489312332,0.1,engert_20221002_fish1_magneto_1,11.014861106872559,12.003995895385742,38.0,76.0,,20221002,20221002_fish1,zebrafish,WB,mag,2520.0,179,0.9760117519332591,45,0.6,2022_10_02-fish1_cytoGCaMP
132,0.10866895377150843,2.114821618024874,0.1,engert_20221002_fish1_magneto_1,23.135334014892578,24.59098243713379,38.0,76.0,,20221002,20221002_fish1,zebrafish,WB,mag,2520.0,180,0.9331717475383484,32,0.6,2022_10_02-fish1_cytoGCaMP
133,0.5083808314136747,1.1614735505194365,0.1,engert_20221002_fish1_magneto_1,9.107048034667969,9.411443710327148,38.0,76.0,,20221002,20221002_fish1,zebrafish,WB,mag,2520.0,182,0.9790876775891934,45,0.6,2022_10_02-fish1_cytoGCaMP
134,0.663295280691097,0.9038714305403426,0.1,engert_20221002_fish1_magneto_1,28.172536849975586,27.74418830871582,38.0,76.0,,20221002,20221002_fish1,zebrafish,WB,mag,2520.0,184,0.7963310278170384,35,0.6,2022_10_02-fish1_cytoGCaMP
135,0.2585989333841143,1.6460926432403622,0.1,engert_20221002_fish1_magneto_1,14.628094673156738,14.719120979309082,38.0,76.0,,20221002,20221002_fish1,zebrafish,WB,mag,2520.0,190,0.9469795207885175,49,0.6,2022_10_02-fish1_cytoGCaMP
136,0.5940862086998819,1.0184133167657898,0.1,engert_20221002_fish1_magneto_1,20.323564529418945,17.86154556274414,38.0,76.0,,20221002,20221002_fish1,zebrafish,WB,mag,2520.0,191,0.9574546671716119,27,0.6,2022_10_02-fish1_cytoGCaMP
137,0.5695497919096085,1.0590230026022494,0.1,engert_20221002_fish1_magneto_1,17.462303161621094,15.507887840270996,38.0,76.0,,20221002,20221002_fish1,zebrafish,WB,mag,2520.0,192,0.9745900041562946,31,0.6,2022_10_02-fish1_cytoGCaMP
138,0.8685766405692825,0.5288358679449408,0.1,engert_20221002_fish1_magneto_1,6.003426551818848,6.110053062438965,38.0,76.0,,20221002,20221002_fish1,zebrafish,WB,mag,2520.0,193,0.9142847043715411,24,0.6,2022_10_02-fish1_cytoGCaMP
139,0.7511117753140464,0.7542913954066709,0.1,engert_20221002_fish1_magneto_1,11.521635055541992,11.380807876586914,38.0,76.0,,20221002,20221002_fish1,zebrafish,WB,mag,2520.0,196,0.9380785532882983,43,0.6,2022_10_02-fish1_cytoGCaMP
140,0.9843493740048029,0.17650083671560102,0.1,engert_20221002_fish1_magneto_1,32.30696487426758,34.1112060546875,38.0,76.0,,20221002,20221002_fish1,zebrafish,WB,mag,2520.0,199,0.9300717529327237,100,0.6,2022_10_02-fish1_cytoGCaMP
141,0.1385989701009308,1.993939625248472,0.1,engert_20221002_fish1_magneto_1,48.425296783447266,43.79957962036133,38.0,76.0,,20221002,20221002_fish1,zebrafish,WB,mag,2520.0,200,0.9645767737448179,36,0.6,2022_10_02-fish1_cytoGCaMP
142,0.2928310648798014,1.5679519903660941,0.1,engert_20221002_fish1_magneto_1,46.30302810668945,44.76155471801758,38.0,76.0,,20221002,20221002_fish1,zebrafish,WB,mag,2520.0,202,0.6891169903704544,56,0.6,2022_10_02-fish1_cytoGCaMP
143,0.5682119066180044,1.061242272189605,0.1,engert_20221002_fish1_magneto_1,42.3270378112793,37.72227478027344,38.0,76.0,,20221002,20221002_fish1,zebrafish,WB,mag,2520.0,204,0.9108193578040571,28,0.6,2022_10_02-fish1_cytoGCaMP
144,0.636832893022231,0.9477833524097482,0.1,engert_20221002_fish1_magneto_1,11.053908348083496,12.473779678344727,38.0,76.0,,20221002,20221002_fish1,zebrafish,WB,mag,2520.0,205,0.7712410183033551,31,0.6,2022_10_02-fish1_cytoGCaMP
145,0.39714682996441497,1.3581727654204465,0.1,engert_20221002_fish1_magneto_1,36.214820861816406,35.09150695800781,38.0,76.0,,20221002,20221002_fish1,zebrafish,WB,mag,2520.0,206,0.6328516163412777,21,0.6,2022_10_02-fish1_cytoGCaMP
146,0.5854850890814428,1.0326326986708323,0.1,engert_20221002_fish1_magneto_1,21.06911277770996,21.532384872436523,38.0,76.0,,20221002,20221002_fish1,zebrafish,WB,mag,2520.0,208,0.9182654910130339,34,0.6,2022_10_02-fish1_cytoGCaMP
147,0.48452214347904243,1.2022358923137106,0.1,engert_20221002_fish1_magneto_1,35.20603942871094,33.97773361206055,38.0,76.0,,20221002,20221002_fish1,zebrafish,WB,mag,2520.0,209,0.9775564138871835,19,0.6,2022_10_02-fish1_cytoGCaMP
148,0.4865875035602353,1.198683610696435,0.1,engert_20221002_fish1_magneto_1,19.78395652770996,22.317270278930664,38.0,76.0,,20221002,20221002_fish1,zebrafish,WB,mag,2520.0,210,0.9053876615630847,32,0.6,2022_10_02-fish1_cytoGCaMP
149,0.01974720462817059,2.828045463494237,0.1,engert_20221002_fish1_magneto_1,15.394585609436035,16.69098472595215,38.0,76.0,,20221002,20221002_fish1,zebrafish,WB,mag,2520.0,215,0.6205140735257582,19,0.6,2022_10_02-fish1_cytoGCaMP
150,0.5910563414133705,1.023420841973849,0.1,engert_20221002_fish1_magneto_1,34.8499641418457,30.765769958496094,38.0,76.0,,20221002,20221002_fish1,zebrafish,WB,mag,2520.0,216,0.9856119475198452,32,0.6,2022_10_02-fish1_cytoGCaMP
151,0.9275680579921108,0.38608864655676106,0.1,engert_20221002_fish1_magneto_1,9.243364334106445,9.501192092895508,38.0,76.0,,20221002,20221002_fish1,zebrafish,WB,mag,2520.0,217,0.6674757911180764,33,0.6,2022_10_02-fish1_cytoGCaMP
152,0.9566094349830896,0.2963979944134605,0.1,engert_20221002_fish1_magneto_1,40.226505279541016,40.414283752441406,38.0,76.0,,20221002,20221002_fish1,zebrafish,WB,mag,2520.0,218,0.9174715072691559,31,0.6,2022_10_02-fish1_cytoGCaMP
153,0.1582377155492355,1.9250752509606055,0.1,engert_20221002_fish1_magneto_1,22.892677307128906,24.692575454711914,38.0,76.0,,20221002,20221002_fish1,zebrafish,WB,mag,2520.0,219,0.9422915322484592,41,0.6,2022_10_02-fish1_cytoGCaMP
154,0.12014022810014335,2.0657687113994134,0.1,engert_20221002_fish1_magneto_1,30.10142707824707,27.286510467529297,38.0,76.0,,20221002,20221002_fish1,zebrafish,WB,mag,2520.0,220,0.8084128093386361,20,0.6,2022_10_02-fish1_cytoGCaMP
155,0.36356321160319216,1.4220991406435841,0.1,engert_20221002_fish1_magneto_1,20.83603286743164,28.144617080688477,38.0,76.0,,20221002,20221002_fish1,zebrafish,WB,mag,2520.0,221,0.7626949841756347,24,0.6,2022_10_02-fish1_cytoGCaMP
156,0.2651582303324539,1.6306395072931514,0.1,engert_20221002_fish1_magneto_1,3.157923460006714,3.4131550788879395,38.0,76.0,,20221002,20221002_fish1,zebrafish,WB,mag,2520.0,222,0.6198043061824795,25,0.6,2022_10_02-fish1_cytoGCaMP
157,0.9520350935585273,0.3120351714922679,0.1,engert_20221002_fish1_magneto_1,16.54671287536621,20.65529441833496,38.0,76.0,,20221002,20221002_fish1,zebrafish,WB,mag,2520.0,224,0.7339567720964242,33,0.6,2022_10_02-fish1_cytoGCaMP
158,0.4222900055121803,1.3119717556096728,0.1,engert_20221002_fish1_magneto_1,16.158109664916992,15.846149444580078,38.0,76.0,,20221002,20221002_fish1,zebrafish,WB,mag,2520.0,228,0.9735866893540999,19,0.6,2022_10_02-fish1_cytoGCaMP
159,0.5847063843573593,1.033920745965425,0.1,engert_20221002_fish1_magneto_1,9.839303970336914,11.339025497436523,38.0,76.0,,20221002,20221002_fish1,zebrafish,WB,mag,2520.0,229,0.912807764936678,30,0.6,2022_10_02-fish1_cytoGCaMP
160,0.9314442185334798,0.3752088081019461,0.1,engert_20221002_fish1_magneto_1,13.29247760772705,13.814946174621582,38.0,76.0,,20221002,20221002_fish1,zebrafish,WB,mag,2520.0,236,0.6598195466833366,20,0.6,2022_10_02-fish1_cytoGCaMP
161,0.6822387376171359,0.8722224201835845,0.1,engert_20221002_fish1_magneto_1,39.94609832763672,38.84868240356445,38.0,76.0,,20221002,20221002_fish1,zebrafish,WB,mag,2520.0,237,0.9861939102361277,30,0.6,2022_10_02-fish1_cytoGCaMP
162,0.027208965497298454,2.7072759807550715,0.1,engert_20221002_fish1_magneto_1,8.96233081817627,8.07324504852295,38.0,76.0,,20221002,20221002_fish1,zebrafish,WB,mag,2520.0,239,0.9707908997335687,31,0.6,2022_10_02-fish1_cytoGCaMP
163,0.7734524124429862,0.7145284198944558,0.1,engert_20221002_fish1_magneto_1,31.36174774169922,35.57608413696289,38.0,76.0,,20221002,20221002_fish1,zebrafish,WB,mag,2520.0,240,0.9742356575181543,34,0.6,2022_10_02-fish1_cytoGCaMP
164,0.30313078450609066,1.545545568820055,0.1,engert_20221002_fish1_magneto_1,21.37270736694336,30.803268432617188,38.0,76.0,,20221002,20221002_fish1,zebrafish,WB,mag,2520.0,244,0.9644411875903912,35,0.6,2022_10_02-fish1_cytoGCaMP
165,0.4547324172162197,1.2540565720573018,0.1,engert_20221002_fish1_magneto_1,8.890568733215332,8.235957145690918,38.0,76.0,,20221002,20221002_fish1,zebrafish,WB,mag,2520.0,246,0.8615339178488293,48,0.6,2022_10_02-fish1_cytoGCaMP
166,0.3007580081552237,1.550666708853273,0.1,engert_20221002_fish1_magneto_1,28.030073165893555,29.639604568481445,38.0,76.0,,20221002,20221002_fish1,zebrafish,WB,mag,2520.0,248,0.9379839973388787,21,0.6,2022_10_02-fish1_cytoGCaMP
167,0.6059583466915752,0.9988018785761188,0.1,engert_20221002_fish1_magneto_1,35.587276458740234,39.15711975097656,38.0,76.0,,20221002,20221002_fish1,zebrafish,WB,mag,2520.0,249,0.9726477843955253,38,0.6,2022_10_02-fish1_cytoGCaMP
168,0.0012443539906520362,3.7249906905733794,0.1,engert_20221002_fish1_magneto_1,9.925522804260254,10.38723087310791,38.0,76.0,,20221002,20221002_fish1,zebrafish,WB,mag,2520.0,250,0.8314664329523332,36,0.6,2022_10_02-fish1_cytoGCaMP
169,0.2853919585688609,1.584432010443086,0.1,engert_20221002_fish1_magneto_1,24.677032470703125,24.743560791015625,38.0,76.0,,20221002,20221002_fish1,zebrafish,WB,mag,2520.0,251,0.9080760602537788,22,0.6,2022_10_02-fish1_cytoGCaMP
170,0.8028180441566672,0.6605543209655853,0.1,engert_20221002_fish1_magneto_1,30.45195770263672,29.648977279663086,38.0,76.0,,20221002,20221002_fish1,zebrafish,WB,mag,2520.0,252,0.9119086315930337,39,0.6,2022_10_02-fish1_cytoGCaMP
171,0.6814066745216574,0.873617500766779,0.1,engert_20221002_fish1_magneto_1,22.015974044799805,21.78361701965332,38.0,76.0,,20221002,20221002_fish1,zebrafish,WB,mag,2520.0,254,0.910258771757691,36,0.6,2022_10_02-fish1_cytoGCaMP
172,0.7075562056727691,0.8294989551610671,0.1,engert_20221002_fish1_magneto_1,15.12539291381836,16.204092025756836,38.0,76.0,,20221002,20221002_fish1,zebrafish,WB,mag,2520.0,259,0.76760685917047,30,0.6,2022_10_02-fish1_cytoGCaMP
173,0.04921581531603947,2.469903867384875,0.1,engert_20221002_fish1_magneto_1,44.81764602661133,43.94761657714844,38.0,76.0,,20221002,20221002_fish1,zebrafish,WB,mag,2520.0,260,0.963000453023777,51,0.6,2022_10_02-fish1_cytoGCaMP
174,0.8825281521851762,0.4979777480304263,0.1,engert_20221002_fish1_magneto_1,33.532596588134766,31.81089973449707,38.0,76.0,,20221002,20221002_fish1,zebrafish,WB,mag,2520.0,262,0.9125866783894938,30,0.6,2022_10_02-fish1_cytoGCaMP
175,0.892645897024178,0.47467899588710377,0.1,engert_20221002_fish1_magneto_1,34.772396087646484,32.12827682495117,38.0,76.0,,20221002,20221002_fish1,zebrafish,WB,mag,2520.0,263,0.9193638970461782,35,0.6,2022_10_02-fish1_cytoGCaMP
176,0.7157137267567535,0.8156002332046975,0.1,engert_20221002_fish1_magneto_1,20.222896575927734,22.45319938659668,38.0,76.0,,20221002,20221002_fish1,zebrafish,WB,mag,2520.0,264,0.947362998070993,47,0.6,2022_10_02-fish1_cytoGCaMP
177,0.23181598201600495,1.7119691562012729,0.1,engert_20221002_fish1_magneto_1,17.323322296142578,18.08349609375,38.0,76.0,,20221002,20221002_fish1,zebrafish,WB,mag,2520.0,265,0.9590760241110382,41,0.6,2022_10_02-fish1_cytoGCaMP
178,0.5291110889662098,1.126478725542544,0.1,engert_20221002_fish1_magneto_1,5.577712059020996,6.801921844482422,38.0,76.0,,20221002,20221002_fish1,zebrafish,WB,mag,2520.0,266,0.9268102650220635,16,0.6,2022_10_02-fish1_cytoGCaMP
179,0.32552311974397763,1.4983267573353576,0.1,engert_20221002_fish1_magneto_1,7.817667484283447,7.676252841949463,38.0,76.0,,20221002,20221002_fish1,zebrafish,WB,mag,2520.0,267,0.8084128093386361,16,0.6,2022_10_02-fish1_cytoGCaMP
180,0.8020410843400754,0.6620121689079977,0.1,engert_20221002_fish1_magneto_1,5.3488664627075195,5.949554443359375,38.0,76.0,,20221002,20221002_fish1,zebrafish,WB,mag,2520.0,269,0.9833461452976563,35,0.6,2022_10_02-fish1_cytoGCaMP
181,0.8269299600648424,0.614347622246102,0.1,engert_20221002_fish1_magneto_1,57.3544921875,58.58700942993164,38.0,76.0,,20221002,20221002_fish1,zebrafish,WB,mag,2520.0,271,0.93914047514682,76,0.6,2022_10_02-fish1_cytoGCaMP
182,0.4260799155255799,1.3051142062934615,0.1,engert_20221002_fish1_magneto_1,20.53121566772461,24.062049865722656,38.0,76.0,,20221002,20221002_fish1,zebrafish,WB,mag,2520.0,272,0.9300057490574303,34,0.6,2022_10_02-fish1_cytoGCaMP
183,0.9533072926422753,0.30775817761392943,0.1,engert_20221002_fish1_magneto_1,42.296142578125,42.81062698364258,38.0,76.0,,20221002,20221002_fish1,zebrafish,WB,mag,2520.0,273,0.9661579470216033,29,0.6,2022_10_02-fish1_cytoGCaMP
184,0.757345986272643,0.7432914061673691,0.1,engert_20221002_fish1_magneto_1,37.63065719604492,34.896305084228516,38.0,76.0,,20221002,20221002_fish1,zebrafish,WB,mag,2520.0,276,0.91186575574668,46,0.6,2022_10_02-fish1_cytoGCaMP
185,0.39671708222849267,1.358973815341962,0.1,engert_20221002_fish1_magneto_1,12.997976303100586,15.332236289978027,38.0,76.0,,20221002,20221002_fish1,zebrafish,WB,mag,2520.0,282,0.7124712193985792,48,0.6,2022_10_02-fish1_cytoGCaMP
186,0.14014093798977822,1.9882768349019706,0.1,engert_20221002_fish1_magneto_1,34.298404693603516,29.70058250427246,38.0,76.0,,20221002,20221002_fish1,zebrafish,WB,mag,2520.0,283,0.8529091814568218,23,0.6,2022_10_02-fish1_cytoGCaMP
187,0.7437305878268599,0.7672287580780212,0.1,engert_20221002_fish1_magneto_1,36.162391662597656,34.286720275878906,38.0,76.0,,20221002,20221002_fish1,zebrafish,WB,mag,2520.0,284,0.9517811707616995,45,0.6,2022_10_02-fish1_cytoGCaMP
188,0.1353043326981731,2.006201038947214,0.1,engert_20221002_fish1_magneto_1,9.481934547424316,10.155171394348145,38.0,76.0,,20221002,20221002_fish1,zebrafish,WB,mag,2520.0,286,0.8151038985888128,20,0.6,2022_10_02-fish1_cytoGCaMP
189,0.7911165299846844,0.682327648484419,0.1,engert_20221002_fish1_magneto_1,33.10380554199219,29.943771362304688,38.0,76.0,,20221002,20221002_fish1,zebrafish,WB,mag,2520.0,287,0.8316359283950736,46,0.6,2022_10_02-fish1_cytoGCaMP
190,0.4343374784677506,1.2902611611960721,0.1,engert_20221002_fish1_magneto_1,42.08209228515625,39.24064636230469,38.0,76.0,,20221002,20221002_fish1,zebrafish,WB,mag,2520.0,290,0.7655481134138725,56,0.6,2022_10_02-fish1_cytoGCaMP
191,0.4405199632045165,1.2792165032666047,0.1,engert_20221002_fish1_magneto_1,29.08905029296875,25.022403717041016,38.0,76.0,,20221002,20221002_fish1,zebrafish,WB,mag,2520.0,291,0.7755265625497256,18,0.6,2022_10_02-fish1_cytoGCaMP
192,0.7600870025543932,0.7384325789381819,0.1,engert_20221002_fish1_magneto_1,57.300987243652344,52.87925338745117,38.0,76.0,,20221002,20221002_fish1,zebrafish,WB,mag,2520.0,296,0.9933838281816296,37,0.6,2022_10_02-fish1_cytoGCaMP
193,0.11475673873967718,2.088312924428074,0.1,engert_20221002_fish1_magneto_1,8.11952018737793,7.938687324523926,38.0,76.0,,20221002,20221002_fish1,zebrafish,WB,mag,2520.0,297,0.7021367276048522,34,0.6,2022_10_02-fish1_cytoGCaMP
194,0.3520594914406795,1.4446790373294534,0.1,engert_20221002_fish1_magneto_1,30.02024269104004,28.51144790649414,38.0,76.0,,20221002,20221002_fish1,zebrafish,WB,mag,2520.0,300,0.9365979560790098,41,0.6,2022_10_02-fish1_cytoGCaMP
195,0.034146778471374595,2.6186454724800607,0.1,engert_20221002_fish1_magneto_1,6.190113067626953,6.8490424156188965,38.0,76.0,,20221002,20221002_fish1,zebrafish,WB,mag,2520.0,303,0.7178720357233283,24,0.6,2022_10_02-fish1_cytoGCaMP
196,0.41972699679238223,1.3166243729154825,0.1,engert_20221002_fish1_magneto_1,13.708709716796875,17.119361877441406,38.0,76.0,,20221002,20221002_fish1,zebrafish,WB,mag,2520.0,305,0.9789043935147513,22,0.6,2022_10_02-fish1_cytoGCaMP
197,0.5450011217006583,1.0998663300044331,0.1,engert_20221002_fish1_magneto_1,20.019302368164062,20.394184112548828,38.0,76.0,,20221002,20221002_fish1,zebrafish,WB,mag,2520.0,308,0.7691636501997642,18,0.6,2022_10_02-fish1_cytoGCaMP
198,0.49515013486679726,1.184006151773381,0.1,engert_20221002_fish1_magneto_1,28.790624618530273,32.08000564575195,38.0,76.0,,20221002,20221002_fish1,zebrafish,WB,mag,2520.0,310,0.7437944064281229,33,0.6,2022_10_02-fish1_cytoGCaMP
199,0.9348259523789404,0.36549159047227986,0.1,engert_20221002_fish1_magneto_1,15.246784210205078,17.304542541503906,38.0,76.0,,20221002,20221002_fish1,zebrafish,WB,mag,2520.0,313,0.8803616591177441,20,0.6,2022_10_02-fish1_cytoGCaMP
200,0.4597456186849542,1.2452535553545363,0.1,engert_20221002_fish1_magneto_1,21.53764533996582,21.248350143432617,38.0,76.0,,20221002,20221002_fish1,zebrafish,WB,mag,2520.0,315,0.9678030898899911,32,0.6,2022_10_02-fish1_cytoGCaMP
201,0.2938640946483496,1.5656837011912643,0.1,engert_20221002_fish1_magneto_1,12.796401023864746,11.822505950927734,38.0,76.0,,20221002,20221002_fish1,zebrafish,WB,mag,2520.0,317,0.8439159460641161,20,0.6,2022_10_02-fish1_cytoGCaMP
202,0.32016754302717254,1.5094456207683031,0.1,engert_20221002_fish1_magneto_1,19.42961311340332,17.00912094116211,38.0,76.0,,20221002,20221002_fish1,zebrafish,WB,mag,2520.0,320,0.916711622979144,32,0.6,2022_10_02-fish1_cytoGCaMP
203,0.7347186157568795,0.782907343999559,0.1,engert_20221002_fish1_magneto_1,12.120499610900879,12.210294723510742,38.0,76.0,,20221002,20221002_fish1,zebrafish,WB,mag,2520.0,321,0.7967365153247106,40,0.6,2022_10_02-fish1_cytoGCaMP
204,0.0345021994623157,2.614539281249083,0.1,engert_20221002_fish1_magneto_1,9.276168823242188,8.98937702178955,38.0,76.0,,20221002,20221002_fish1,zebrafish,WB,mag,2520.0,326,0.8853603144375543,36,0.6,2022_10_02-fish1_cytoGCaMP
205,0.36050082922086957,1.4280731885291877,0.1,engert_20221002_fish1_magneto_1,41.312660217285156,37.41750717163086,38.0,76.0,,20221002,20221002_fish1,zebrafish,WB,mag,2520.0,327,0.867011506934795,34,0.6,2022_10_02-fish1_cytoGCaMP
206,0.1922934067577715,1.8192780989203203,0.1,engert_20221002_fish1_magneto_1,18.682443618774414,20.329164505004883,38.0,76.0,,20221002,20221002_fish1,zebrafish,WB,mag,2520.0,328,0.8610325514479867,18,0.6,2022_10_02-fish1_cytoGCaMP
207,0.02966225139987333,2.673903640931355,0.1,engert_20221002_fish1_magneto_1,27.760066986083984,29.463695526123047,38.0,76.0,,20221002,20221002_fish1,zebrafish,WB,mag,2520.0,329,0.9913350495317376,44,0.6,2022_10_02-fish1_cytoGCaMP
208,0.32789342789440734,1.4934387376802347,0.1,engert_20221002_fish1_magneto_1,34.06801986694336,29.48375129699707,38.0,76.0,,20221002,20221002_fish1,zebrafish,WB,mag,2520.0,332,0.6939886205341642,41,0.6,2022_10_02-fish1_cytoGCaMP
209,0.25735467492484687,1.6490521436410666,0.1,engert_20221002_fish1_magneto_1,28.319326400756836,34.55477523803711,38.0,76.0,,20221002,20221002_fish1,zebrafish,WB,mag,2520.0,333,0.972626412378188,41,0.6,2022_10_02-fish1_cytoGCaMP
210,0.9646047538905181,0.26708631735497573,0.1,engert_20221002_fish1_magneto_1,33.006011962890625,32.5863037109375,38.0,76.0,,20221002,20221002_fish1,zebrafish,WB,mag,2520.0,335,0.9062720764589148,35,0.6,2022_10_02-fish1_cytoGCaMP
211,0.5875840672443993,1.029161415248598,0.1,engert_20221002_fish1_magneto_1,40.312198638916016,42.017093658447266,38.0,76.0,,20221002,20221002_fish1,zebrafish,WB,mag,2520.0,338,0.6156044692490064,35,0.6,2022_10_02-fish1_cytoGCaMP
212,0.21647643371178615,1.75200454137196,0.1,engert_20221002_fish1_magneto_1,30.297386169433594,30.021602630615234,38.0,76.0,,20221002,20221002_fish1,zebrafish,WB,mag,2520.0,344,0.8479681988757813,22,0.6,2022_10_02-fish1_cytoGCaMP
213,0.9714262430289214,0.23948926890633668,0.1,engert_20221002_fish1_magneto_1,27.03913688659668,26.4392147064209,38.0,76.0,,20221002,20221002_fish1,zebrafish,WB,mag,2520.0,346,0.6080631465537499,49,0.6,2022_10_02-fish1_cytoGCaMP
214,0.5641347100187613,1.068009563769637,0.1,engert_20221002_fish1_magneto_1,14.272263526916504,19.120567321777344,38.0,76.0,,20221002,20221002_fish1,zebrafish,WB,mag,2520.0,350,0.746929736102927,31,0.6,2022_10_02-fish1_cytoGCaMP
215,0.15371996189700743,1.9403268039094317,0.1,engert_20221002_fish1_magneto_1,43.19684600830078,39.73977279663086,38.0,76.0,,20221002,20221002_fish1,zebrafish,WB,mag,2520.0,353,0.7980160755789977,24,0.6,2022_10_02-fish1_cytoGCaMP
216,0.26793870935779085,1.624162049249777,0.1,engert_20221002_fish1_magneto_1,32.28377914428711,30.80010986328125,38.0,76.0,,20221002,20221002_fish1,zebrafish,WB,mag,2520.0,355,0.8226957298873194,23,0.6,2022_10_02-fish1_cytoGCaMP
217,0.680828382569975,0.874586805360659,0.1,engert_20221002_fish1_magneto_1,11.105865478515625,10.878989219665527,38.0,76.0,,20221002,20221002_fish1,zebrafish,WB,mag,2520.0,356,0.9250682903926951,43,0.6,2022_10_02-fish1_cytoGCaMP
218,0.7860515780182082,0.6916381612667623,0.1,engert_20221002_fish1_magneto_1,33.946372985839844,33.491127014160156,38.0,76.0,,20221002,20221002_fish1,zebrafish,WB,mag,2520.0,362,0.8876481305752191,22,0.6,2022_10_02-fish1_cytoGCaMP
219,0.10021893261910941,2.153620733453699,0.1,engert_20221002_fish1_magneto_1,54.22130584716797,47.35438919067383,38.0,76.0,,20221002,20221002_fish1,zebrafish,WB,mag,2520.0,363,0.9877230026968649,33,0.6,2022_10_02-fish1_cytoGCaMP
220,0.2977060856647553,1.557289053412366,0.1,engert_20221002_fish1_magneto_1,26.285085678100586,24.066686630249023,38.0,76.0,,20221002,20221002_fish1,zebrafish,WB,mag,2520.0,364,0.9694191796285008,19,0.6,2022_10_02-fish1_cytoGCaMP
221,0.6525189003292771,0.9217871855550813,0.1,engert_20221002_fish1_magneto_1,47.468772888183594,50.76708984375,38.0,76.0,,20221002,20221002_fish1,zebrafish,WB,mag,2520.0,365,0.92855000763041,30,0.6,2022_10_02-fish1_cytoGCaMP
222,0.835308517438482,0.5977963288498396,0.1,engert_20221002_fish1_magneto_1,36.00679016113281,36.059810638427734,38.0,76.0,,20221002,20221002_fish1,zebrafish,WB,mag,2520.0,368,0.7676103390406896,32,0.6,2022_10_02-fish1_cytoGCaMP
223,0.40423408746869804,1.3450191232090503,0.1,engert_20221002_fish1_magneto_1,14.167522430419922,15.382551193237305,38.0,76.0,,20221002,20221002_fish1,zebrafish,WB,mag,2520.0,389,0.64663187253985,23,0.6,2022_10_02-fish1_cytoGCaMP
224,0.2274349750960295,1.7232164386043798,0.1,engert_20221002_fish1_magneto_1,43.20337677001953,38.56559371948242,38.0,76.0,,20221002,20221002_fish1,zebrafish,WB,mag,2520.0,395,0.8710262129755167,19,0.6,2022_10_02-fish1_cytoGCaMP
225,0.4087063325058936,1.3367733407788447,0.1,engert_20221002_fish1_magneto_1,37.74319076538086,33.96649169921875,38.0,76.0,,20221002,20221002_fish1,zebrafish,WB,mag,2520.0,402,0.6079204928132537,11,0.6,2022_10_02-fish1_cytoGCaMP
226,0.3304522480421114,1.4881841297428207,0.1,engert_20221002_fish1_magneto_1,31.805435180664062,30.382823944091797,38.0,76.0,,20221002,20221002_fish1,zebrafish,WB,mag,2520.0,404,0.7542899981788243,29,0.6,2022_10_02-fish1_cytoGCaMP
227,0.47478250413055934,1.2190542217162825,0.1,engert_20221002_fish1_magneto_1,45.94905471801758,48.47845458984375,38.0,76.0,,20221002,20221002_fish1,zebrafish,WB,mag,2520.0,407,0.9302178321995936,37,0.6,2022_10_02-fish1_cytoGCaMP
228,0.3204496587950245,1.5088572331962669,0.1,engert_20221002_fish1_magneto_1,12.544631004333496,12.314200401306152,38.0,76.0,,20221002,20221002_fish1,zebrafish,WB,mag,2520.0,412,0.7288220178826897,19,0.6,2022_10_02-fish1_cytoGCaMP
229,0.8771130069174029,0.510116998329494,0.1,engert_20221002_fish1_magneto_1,55.5223503112793,54.48066711425781,38.0,76.0,,20221002,20221002_fish1,zebrafish,WB,mag,2520.0,415,0.8296231783532739,26,0.6,2022_10_02-fish1_cytoGCaMP
230,0.286887659323652,1.581097712358869,0.1,engert_20221002_fish1_magneto_1,34.67643356323242,37.419979095458984,38.0,76.0,,20221002,20221002_fish1,zebrafish,WB,mag,2520.0,416,0.6720067216256979,32,0.6,2022_10_02-fish1_cytoGCaMP
231,0.0875940282471932,2.2167387559086174,0.1,engert_20221002_fish1_magneto_1,13.824996948242188,11.787602424621582,38.0,76.0,,20221002,20221002_fish1,zebrafish,WB,mag,2520.0,422,0.890010290434754,20,0.6,2022_10_02-fish1_cytoGCaMP
232,0.7723505982886966,0.7165130548080935,0.1,engert_20221002_fish1_magneto_1,38.76969909667969,32.10400390625,38.0,76.0,,20221002,20221002_fish1,zebrafish,WB,mag,2520.0,423,0.6657082826873463,35,0.6,2022_10_02-fish1_cytoGCaMP
233,0.64673395069754,0.9313841875350365,0.1,engert_20221002_fish1_magneto_1,23.70677947998047,24.041954040527344,38.0,76.0,,20221002,20221002_fish1,zebrafish,WB,mag,2520.0,427,0.6326242932806001,21,0.6,2022_10_02-fish1_cytoGCaMP
234,0.09950563859974892,2.1570125295749603,0.1,engert_20221002_fish1_magneto_1,22.119735717773438,18.95656967163086,38.0,76.0,,20221002,20221002_fish1,zebrafish,WB,mag,2520.0,433,0.9033792393638829,43,0.6,2022_10_02-fish1_cytoGCaMP
235,0.39498583876869653,1.3622051828375394,0.1,engert_20221002_fish1_magneto_1,20.423446655273438,20.17277717590332,38.0,76.0,,20221002,20221002_fish1,zebrafish,WB,mag,2520.0,436,0.7804099283927955,17,0.6,2022_10_02-fish1_cytoGCaMP
236,0.39900540907925086,1.354712889830967,0.1,engert_20221002_fish1_magneto_1,13.67526912689209,12.635371208190918,38.0,76.0,,20221002,20221002_fish1,zebrafish,WB,mag,2520.0,440,0.9180142340069997,18,0.6,2022_10_02-fish1_cytoGCaMP
237,0.3728467199196246,1.40414502377858,0.1,engert_20221002_fish1_magneto_1,9.654513359069824,9.03394889831543,38.0,76.0,,20221002,20221002_fish1,zebrafish,WB,mag,2520.0,447,0.9649005681327065,30,0.6,2022_10_02-fish1_cytoGCaMP
238,0.9877142164895779,0.15617757847539926,0.1,engert_20221002_fish1_magneto_1,31.298967361450195,35.902427673339844,38.0,76.0,,20221002,20221002_fish1,zebrafish,WB,mag,2520.0,454,0.7980160755789977,23,0.6,2022_10_02-fish1_cytoGCaMP
239,0.23721007685160622,1.6983143663299698,0.1,engert_20221002_fish1_magneto_1,27.37430763244629,25.95346450805664,38.0,76.0,,20221002,20221002_fish1,zebrafish,WB,mag,2520.0,457,0.9412477394420014,41,0.6,2022_10_02-fish1_cytoGCaMP
240,0.07055350755840906,2.314769194365952,0.1,engert_20221002_fish1_magneto_1,14.02100658416748,12.23880386352539,38.0,76.0,,20221002,20221002_fish1,zebrafish,WB,mag,2520.0,466,0.8685349496247926,25,0.6,2022_10_02-fish1_cytoGCaMP
241,0.8719877492569746,0.5214141331004001,0.1,engert_20221002_fish1_magneto_1,20.10291862487793,21.647842407226562,38.0,76.0,,20221002,20221002_fish1,zebrafish,WB,mag,2520.0,472,0.9481468347478734,22,0.6,2022_10_02-fish1_cytoGCaMP
242,0.05485826116441439,2.424123037795427,0.1,engert_20221002_fish1_magneto_1,13.168745040893555,14.084638595581055,38.0,76.0,,20221002,20221002_fish1,zebrafish,WB,mag,2520.0,475,0.9776444486715865,41,0.6,2022_10_02-fish1_cytoGCaMP
243,0.09681702694807737,2.1699739334674897,0.1,engert_20221002_fish1_magneto_1,13.750266075134277,12.752365112304688,38.0,76.0,,20221002,20221002_fish1,zebrafish,WB,mag,2520.0,477,0.797251613525754,23,0.6,2022_10_02-fish1_cytoGCaMP
244,0.4686320230230754,1.2297346492684222,0.1,engert_20221002_fish1_magneto_1,20.017196655273438,20.384214401245117,38.0,76.0,,20221002,20221002_fish1,zebrafish,WB,mag,2520.0,482,0.6349188146523131,29,0.6,2022_10_02-fish1_cytoGCaMP
245,0.5080863549488752,1.1619732230252935,0.1,engert_20221002_fish1_magneto_1,25.534130096435547,26.353296279907227,38.0,76.0,,20221002,20221002_fish1,zebrafish,WB,mag,2520.0,492,0.8198391051884668,31,0.6,2022_10_02-fish1_cytoGCaMP
246,0.2062056364936341,1.7799041140571372,0.1,engert_20221002_fish1_magneto_1,109.98060607910156,108.60213470458984,38.0,76.0,,20221002,20221002_fish1,zebrafish,WB,mag,2520.0,498,0.9203915974730801,17,0.6,2022_10_02-fish1_cytoGCaMP
247,0.8054982687254312,0.6555118044425426,0.1,engert_20221002_fish1_magneto_1,31.387075424194336,38.91659927368164,38.0,76.0,,20221002,20221002_fish1,zebrafish,WB,mag,2520.0,505,0.8941509089507212,36,0.6,2022_10_02-fish1_cytoGCaMP
248,0.6548969601809258,0.9178382064251049,0.1,engert_20221002_fish1_magneto_1,33.97801208496094,33.318538665771484,38.0,76.0,,20221002,20221002_fish1,zebrafish,WB,mag,2520.0,507,0.6764389938830968,35,0.6,2022_10_02-fish1_cytoGCaMP
249,0.6046871318128475,1.000901301686697,0.1,engert_20221002_fish1_magneto_1,26.13298225402832,27.101259231567383,38.0,76.0,,20221002,20221002_fish1,zebrafish,WB,mag,2520.0,508,0.8796053945814981,47,0.6,2022_10_02-fish1_cytoGCaMP
250,0.6236969509484949,0.9695033812579286,0.1,engert_20221002_fish1_magneto_1,38.13460922241211,34.813045501708984,38.0,76.0,,20221002,20221002_fish1,zebrafish,WB,mag,2520.0,516,0.9606233315279313,19,0.6,2022_10_02-fish1_cytoGCaMP
251,0.8534138710030893,0.5609778300772413,0.1,engert_20221002_fish1_magneto_1,38.82792663574219,37.55776596069336,38.0,76.0,,20221002,20221002_fish1,zebrafish,WB,mag,2520.0,518,0.9295042967442287,36,0.6,2022_10_02-fish1_cytoGCaMP
252,0.12158006616794947,2.059872096004077,0.1,engert_20221002_fish1_magneto_1,21.868011474609375,23.0162353515625,38.0,76.0,,20221002,20221002_fish1,zebrafish,WB,mag,2520.0,521,0.7962415764911435,14,0.6,2022_10_02-fish1_cytoGCaMP
253,0.5842127356830252,1.0347373631082304,0.1,engert_20221002_fish1_magneto_1,34.78852462768555,30.610477447509766,38.0,76.0,,20221002,20221002_fish1,zebrafish,WB,mag,2520.0,525,0.628884401946516,11,0.6,2022_10_02-fish1_cytoGCaMP
254,0.3256113429258236,1.4981444252401874,0.1,engert_20221002_fish1_magneto_1,20.19403648376465,20.207542419433594,38.0,76.0,,20221002,20221002_fish1,zebrafish,WB,mag,2520.0,527,0.855334060412867,28,0.6,2022_10_02-fish1_cytoGCaMP
255,0.10757299025745382,2.1197167914967983,0.1,engert_20221002_fish1_magneto_1,14.51901912689209,16.639284133911133,38.0,76.0,,20221002,20221002_fish1,zebrafish,WB,mag,2520.0,530,0.6828826648022567,17,0.6,2022_10_02-fish1_cytoGCaMP
256,0.2861641304261293,1.5827093348270562,0.1,engert_20221002_fish1_magneto_1,17.47780418395996,13.425126075744629,38.0,76.0,,20221002,20221002_fish1,zebrafish,WB,mag,2520.0,533,0.7128352307040858,16,0.6,2022_10_02-fish1_cytoGCaMP
257,0.8154282572674298,0.6366339258445072,0.1,engert_20221002_fish1_magneto_1,17.88003158569336,15.570907592773438,38.0,76.0,,20221002,20221002_fish1,zebrafish,WB,mag,2520.0,548,0.8558225959258531,20,0.6,2022_10_02-fish1_cytoGCaMP
258,0.2846548665043024,1.5860789825769064,0.1,engert_20221002_fish1_magneto_1,19.399261474609375,17.524436950683594,38.0,76.0,,20221002,20221002_fish1,zebrafish,WB,mag,2520.0,549,0.8682539942502441,16,0.6,2022_10_02-fish1_cytoGCaMP
259,0.9421438213866823,0.34365686860248085,0.1,engert_20221002_fish1_magneto_1,24.05099105834961,22.074113845825195,38.0,76.0,,20221002,20221002_fish1,zebrafish,WB,mag,2520.0,556,0.7022156163728128,17,0.6,2022_10_02-fish1_cytoGCaMP
260,0.09266100190706084,2.190585107673213,0.1,engert_20221002_fish1_magneto_1,20.01279067993164,20.288795471191406,38.0,76.0,,20221002,20221002_fish1,zebrafish,WB,mag,2520.0,567,0.6816864678234802,22,0.6,2022_10_02-fish1_cytoGCaMP
261,0.3486278318344901,1.4514899353335635,0.1,engert_20221002_fish1_magneto_1,28.086471557617188,36.70750045776367,38.0,76.0,,20221002,20221002_fish1,zebrafish,WB,mag,2520.0,572,0.766799546821135,26,0.6,2022_10_02-fish1_cytoGCaMP
262,0.6020060122209117,1.005329450319053,0.1,engert_20221002_fish1_magneto_1,36.096038818359375,33.73793029785156,38.0,76.0,,20221002,20221002_fish1,zebrafish,WB,mag,2520.0,587,0.8939646742522902,24,0.6,2022_10_02-fish1_cytoGCaMP
263,0.07662155112010227,2.2778486148355364,0.1,engert_20221002_fish1_magneto_1,38.878055572509766,42.98040771484375,38.0,76.0,,20221002,20221002_fish1,zebrafish,WB,mag,2520.0,594,0.8772012676838745,24,0.6,2022_10_02-fish1_cytoGCaMP
264,0.15981649157690136,1.9198214631811044,0.1,engert_20221002_fish1_magneto_1,23.70440101623535,31.76494789123535,38.0,76.0,,20221002,20221002_fish1,zebrafish,WB,mag,2520.0,596,0.8934745114313604,17,0.6,2022_10_02-fish1_cytoGCaMP
265,0.1308914536927216,2.0229845713538808,0.1,engert_20221002_fish1_magneto_1,21.002197265625,20.816194534301758,38.0,76.0,,20221002,20221002_fish1,zebrafish,WB,mag,2520.0,597,0.9280454776319876,33,0.6,2022_10_02-fish1_cytoGCaMP
266,0.2871139313366612,1.580594302517837,0.1,engert_20221002_fish1_magneto_1,32.55686950683594,31.847883224487305,38.0,76.0,,20221002,20221002_fish1,zebrafish,WB,mag,2520.0,603,0.9195564921328168,36,0.6,2022_10_02-fish1_cytoGCaMP
267,0.6665764351427632,0.898405047117266,0.1,engert_20221002_fish1_magneto_1,22.200382232666016,26.112743377685547,38.0,76.0,,20221002,20221002_fish1,zebrafish,WB,mag,2520.0,605,0.7412081247486106,18,0.6,2022_10_02-fish1_cytoGCaMP
268,0.9108730315583462,0.4302877245431907,0.1,engert_20221002_fish1_magneto_1,19.325239181518555,20.14102554321289,38.0,76.0,,20221002,20221002_fish1,zebrafish,WB,mag,2520.0,606,0.8536887878932126,18,0.6,2022_10_02-fish1_cytoGCaMP
269,0.18066134682673496,1.8537730292266446,0.1,engert_20221002_fish1_magneto_1,6.575704574584961,5.911059856414795,38.0,76.0,,20221002,20221002_fish1,zebrafish,WB,mag,2520.0,607,0.8932617469341286,17,0.6,2022_10_02-fish1_cytoGCaMP
270,0.5812751252364468,1.0395980433363425,0.1,engert_20221002_fish1_magneto_1,38.01747131347656,36.60251235961914,38.0,76.0,,20221002,20221002_fish1,zebrafish,WB,mag,2520.0,611,0.6689322529453784,34,0.6,2022_10_02-fish1_cytoGCaMP
271,0.2544211490348792,1.6560662036467022,0.1,engert_20221002_fish1_magneto_1,61.53696060180664,59.14414596557617,38.0,76.0,,20221002,20221002_fish1,zebrafish,WB,mag,2520.0,633,0.6612704927592309,28,0.6,2022_10_02-fish1_cytoGCaMP
272,0.1369236644204167,2.0001465503813174,0.1,engert_20221002_fish1_magneto_1,27.001935958862305,28.329448699951172,38.0,76.0,,20221002,20221002_fish1,zebrafish,WB,mag,2520.0,639,0.629636548799488,18,0.6,2022_10_02-fish1_cytoGCaMP
273,0.9337325799670624,0.36865739205427717,0.1,engert_20221002_fish1_magneto_1,12.98862361907959,11.944068908691406,38.0,76.0,,20221002,20221002_fish1,zebrafish,WB,mag,2520.0,645,0.9067191337727112,35,0.6,2022_10_02-fish1_cytoGCaMP
274,0.5047807141814775,1.167588167221161,0.1,engert_20221002_fish1_magneto_1,35.207359313964844,38.5640869140625,38.0,76.0,,20221002,20221002_fish1,zebrafish,WB,mag,2520.0,654,0.7561414855713742,21,0.6,2022_10_02-fish1_cytoGCaMP
275,0.15405475430695614,1.9391852184102938,0.1,engert_20221002_fish1_magneto_1,13.47657585144043,14.686883926391602,38.0,76.0,,20221002,20221002_fish1,zebrafish,WB,mag,2520.0,684,0.8670480272049529,22,0.6,2022_10_02-fish1_cytoGCaMP
276,0.30750031012217494,1.5361763293350446,0.1,engert_20221002_fish1_magneto_1,23.450992584228516,22.36654281616211,38.0,76.0,,20221002,20221002_fish1,zebrafish,WB,mag,2520.0,703,0.8635114352838248,18,0.6,2022_10_02-fish1_cytoGCaMP
277,0.2067494247853714,1.7784033318435615,0.1,engert_20221002_fish1_magneto_1,46.62595748901367,48.00889205932617,38.0,76.0,,20221002,20221002_fish1,zebrafish,WB,mag,2520.0,707,0.8917742205524375,28,0.6,2022_10_02-fish1_cytoGCaMP
278,0.8086074924480382,0.6496347173300054,0.1,engert_20221002_fish1_magneto_1,31.441753387451172,25.348926544189453,38.0,76.0,,20221002,20221002_fish1,zebrafish,WB,mag,2520.0,734,0.6600337473072393,16,0.6,2022_10_02-fish1_cytoGCaMP
279,0.33736544276587366,1.4740999839574762,0.1,engert_20221002_fish1_magneto_1,20.374174118041992,18.821334838867188,38.0,76.0,,20221002,20221002_fish1,zebrafish,WB,mag,2520.0,741,0.9563690871254094,37,0.6,2022_10_02-fish1_cytoGCaMP
280,0.7580470197570999,0.7420501131200884,0.1,engert_20221002_fish1_magneto_1,12.04061222076416,13.092290878295898,38.0,76.0,,20221002,20221002_fish1,zebrafish,WB,mag,2520.0,745,0.6807142014996688,23,0.6,2022_10_02-fish1_cytoGCaMP
281,0.3663263299750146,1.4167311574960348,0.1,engert_20221002_fish1_magneto_1,30.4625301361084,26.904253005981445,38.0,76.0,,20221002,20221002_fish1,zebrafish,WB,mag,2520.0,779,0.8240041654456944,41,0.6,2022_10_02-fish1_cytoGCaMP
282,0.7745249680238806,0.7125939446369218,0.1,engert_20221002_fish1_magneto_1,43.691795349121094,50.206634521484375,38.0,76.0,,20221002,20221002_fish1,zebrafish,WB,mag,2520.0,798,0.6859940097036458,14,0.6,2022_10_02-fish1_cytoGCaMP
283,0.35403637134504673,1.4407714767737854,0.1,engert_20221002_fish1_magneto_1,13.977584838867188,13.622123718261719,38.0,76.0,,20221002,20221002_fish1,zebrafish,WB,mag,2520.0,835,0.7756109051560306,20,0.6,2022_10_02-fish1_cytoGCaMP
284,0.6431561478091715,0.9373136009189098,0.1,engert_20221002_fish1_magneto_1,144.1083221435547,137.629150390625,38.0,76.0,,20221002,20221002_fish1,zebrafish,WB,mag,2520.0,846,0.6545240875651622,11,0.6,2022_10_02-fish1_cytoGCaMP
285,0.4630749331372491,1.2394268609355377,0.1,engert_20221002_fish1_magneto_1,124.86135864257812,122.08824157714844,38.0,76.0,,20221002,20221002_fish1,zebrafish,WB,mag,2520.0,867,0.6079204928132537,13,0.6,2022_10_02-fish1_cytoGCaMP
286,0.19132645091122258,1.8220881160934046,0.1,engert_20221002_fish1_magneto_1,20.28461456298828,20.07618522644043,38.0,76.0,,20221002,20221002_fish1,zebrafish,WB,mag,2520.0,875,0.8744617608678831,33,0.6,2022_10_02-fish1_cytoGCaMP
287,0.760146123174201,0.738327631712163,0.1,engert_20221002_fish1_magneto_1,104.41107177734375,108.7289810180664,38.0,76.0,,20221002,20221002_fish1,zebrafish,WB,mag,2520.0,933,0.6079204928132537,13,0.6,2022_10_02-fish1_cytoGCaMP
288,0.1595267454962952,1.920782817674465,0.1,engert_20221002_fish1_magneto_1,28.559680938720703,28.33974266052246,38.0,76.0,,20221002,20221002_fish1,zebrafish,WB,mag,2520.0,947,0.8489347717069056,20,0.6,2022_10_02-fish1_cytoGCaMP
289,0.10992098445077403,2.109276614993629,0.1,engert_20221002_fish1_magneto_1,18.964200973510742,18.391376495361328,38.0,76.0,,20221002,20221002_fish1,zebrafish,WB,mag,2520.0,958,0.668731242520166,15,0.6,2022_10_02-fish1_cytoGCaMP
290,0.8314688212729722,0.6054164913783195,0.1,engert_20221002_fish1_magneto_1,30.324432373046875,34.49179458618164,38.0,76.0,,20221002,20221002_fish1,zebrafish,WB,mag,2520.0,984,0.6931464993872192,18,0.6,2022_10_02-fish1_cytoGCaMP
291,0.553660071033686,1.0854273487509938,0.1,engert_20221002_fish1_magneto_1,117.33089447021484,125.92759704589844,38.0,76.0,,20221002,20221002_fish1,zebrafish,WB,mag,2520.0,985,0.6079204928132537,12,0.6,2022_10_02-fish1_cytoGCaMP
292,0.4138218196723509,1.3273912301605393,0.1,engert_20221002_fish1_magneto_1,12.645601272583008,13.796900749206543,38.0,76.0,,20221002,20221002_fish1,zebrafish,WB,mag,2520.0,1023,0.6079204928132537,12,0.6,2022_10_02-fish1_cytoGCaMP
293,0.7622802604613547,0.7345344834833244,0.1,engert_20221002_fish1_magneto_1,15.304459571838379,16.836267471313477,38.0,76.0,,20221002,20221002_fish1,zebrafish,WB,mag,2520.0,1051,0.6694196813982124,16,0.6,2022_10_02-fish1_cytoGCaMP
294,0.978570746053385,0.20693859734357314,0.1,engert_20221002_fish1_magneto_1,17.3388671875,18.711450576782227,38.0,76.0,,20221002,20221002_fish1,zebrafish,WB,mag,2520.0,1055,0.6580787254894227,16,0.6,2022_10_02-fish1_cytoGCaMP
295,0.39803713553352205,1.3565144821093662,0.1,engert_20221002_fish1_magneto_1,52.999046325683594,49.059261322021484,38.0,76.0,,20221002,20221002_fish1,zebrafish,WB,mag,2520.0,1097,0.6545240875651622,11,0.6,2022_10_02-fish1_cytoGCaMP
296,0.5158594996533936,1.1488083298901028,0.1,engert_20221002_fish1_magneto_1,14.281397819519043,13.96539306640625,38.0,76.0,,20221002,20221002_fish1,zebrafish,WB,mag,2520.0,1139,0.8850518400178784,32,0.6,2022_10_02-fish1_cytoGCaMP
297,0.9048275639845411,0.44539897692439023,0.1,engert_20221002_fish1_magneto_1,48.857418060302734,45.18056869506836,38.0,76.0,,20221002,20221002_fish1,zebrafish,WB,mag,2520.0,1143,0.7822475817773138,20,0.6,2022_10_02-fish1_cytoGCaMP
298,0.15462760422855693,1.9372362652676638,0.1,engert_20221002_fish1_magneto_1,27.272655487060547,23.948617935180664,38.0,76.0,,20221002,20221002_fish1,zebrafish,WB,mag,2520.0,1145,0.8034983794809679,26,0.6,2022_10_02-fish1_cytoGCaMP
299,0.9762893884968394,0.2178335998966001,0.1,engert_20221002_fish1_magneto_1,12.691868782043457,11.870344161987305,38.0,76.0,,20221002,20221002_fish1,zebrafish,WB,mag,2520.0,1157,0.8819268377043542,33,0.6,2022_10_02-fish1_cytoGCaMP
300,0.7433452318981332,0.7679017649183745,0.1,engert_20221002_fish1_magneto_1,29.46286964416504,28.843294143676758,38.0,76.0,,20221002,20221002_fish1,zebrafish,WB,mag,2520.0,1178,0.9520740098547895,40,0.6,2022_10_02-fish1_cytoGCaMP
301,0.42194217054815275,1.3126025146174678,0.1,engert_20221002_fish1_magneto_1,30.262218475341797,32.79349136352539,38.0,76.0,,20221002,20221002_fish1,zebrafish,WB,mag,2520.0,1191,0.6079204928132537,12,0.6,2022_10_02-fish1_cytoGCaMP
302,0.11726509883493641,2.077708874601967,0.1,engert_20221002_fish1_magneto_1,109.91029357910156,110.42091369628906,38.0,76.0,,20221002,20221002_fish1,zebrafish,WB,mag,2520.0,1209,0.628884401946516,11,0.6,2022_10_02-fish1_cytoGCaMP
303,0.744898896655652,0.7651869834905762,0.1,engert_20221002_fish1_magneto_1,23.353933334350586,21.75629997253418,38.0,76.0,,20221002,20221002_fish1,zebrafish,WB,mag,2520.0,1278,0.9503285206203985,16,0.6,2022_10_02-fish1_cytoGCaMP
304,0.07503497900524614,2.2872645074899145,0.1,engert_20221002_fish1_magneto_1,14.154332160949707,13.292235374450684,38.0,76.0,,20221002,20221002_fish1,zebrafish,WB,mag,2520.0,1284,0.8012251778952757,18,0.6,2022_10_02-fish1_cytoGCaMP
305,0.9312710192599187,0.375700622025458,0.1,engert_20221002_fish1_magneto_1,14.429723739624023,14.692136764526367,38.0,76.0,,20221002,20221002_fish1,zebrafish,WB,mag,2520.0,1292,0.6517670773315672,40,0.6,2022_10_02-fish1_cytoGCaMP
306,0.8184417342941989,0.6308405732653649,0.1,engert_20221002_fish1_magneto_1,19.1243953704834,20.302297592163086,38.0,76.0,,20221002,20221002_fish1,zebrafish,WB,mag,2520.0,1293,0.6767979836572511,25,0.6,2022_10_02-fish1_cytoGCaMP
307,0.15400343842683073,1.9393601260361575,0.1,engert_20221002_fish1_magneto_1,49.15312194824219,52.58575439453125,38.0,76.0,,20221002,20221002_fish1,zebrafish,WB,mag,2520.0,1295,0.6498347895615494,12,0.6,2022_10_02-fish1_cytoGCaMP
308,0.3073359409147528,1.536527397264325,0.1,engert_20221002_fish1_magneto_1,36.95231628417969,40.049049377441406,38.0,76.0,,20221002,20221002_fish1,zebrafish,WB,mag,2520.0,1300,0.897923774394591,21,0.6,2022_10_02-fish1_cytoGCaMP
309,0.21793357580401662,1.7481204728806992,0.1,engert_20221002_fish1_magneto_1,10.854795455932617,10.805344581604004,38.0,76.0,,20221002,20221002_fish1,zebrafish,WB,mag,2520.0,1367,0.9871051441840264,34,0.6,2022_10_02-fish1_cytoGCaMP
310,0.19881422844906627,1.8005831771103449,0.1,engert_20221002_fish1_magneto_1,24.79090118408203,29.755605697631836,38.0,76.0,,20221002,20221002_fish1,zebrafish,WB,mag,2520.0,1440,0.7983433731606576,41,0.6,2022_10_02-fish1_cytoGCaMP
311,0.0009812293813938888,3.793422813264818,0.1,engert_20221002_fish1_magneto_1,19.68044090270996,17.567163467407227,38.0,76.0,,20221002,20221002_fish1,zebrafish,WB,mag,2520.0,1459,0.7902512615248277,27,0.6,2022_10_02-fish1_cytoGCaMP
312,0.8620833804302854,0.5427625928066133,0.1,engert_20221002_fish1_magneto_1,21.876794815063477,20.227022171020508,38.0,76.0,,20221002,20221002_fish1,zebrafish,WB,mag,2520.0,1485,0.626875222280903,45,0.6,2022_10_02-fish1_cytoGCaMP
313,0.6094446770795449,0.9930443800045027,0.1,engert_20221002_fish1_magneto_1,31.676795959472656,33.944236755371094,38.0,76.0,,20221002,20221002_fish1,zebrafish,WB,mag,2520.0,1490,0.7109371558722338,15,0.6,2022_10_02-fish1_cytoGCaMP
314,0.008754163317245989,3.115538860592545,0.1,engert_20221002_fish1_magneto_1,40.23834991455078,37.40729522705078,38.0,76.0,,20221002,20221002_fish1,zebrafish,WB,mag,2520.0,1499,0.7973592979878577,31,0.6,2022_10_02-fish1_cytoGCaMP
315,0.5935646766151591,1.0192751654636543,0.1,engert_20221002_fish1_magneto_1,32.80767059326172,31.811853408813477,38.0,76.0,,20221002,20221002_fish1,zebrafish,WB,mag,2520.0,1534,0.6496461048220581,19,0.6,2022_10_02-fish1_cytoGCaMP
316,0.23623309389782965,1.7007721182876527,0.1,engert_20221002_fish1_magneto_1,27.705028533935547,26.01212501525879,38.0,76.0,,20221002,20221002_fish1,zebrafish,WB,mag,2520.0,1558,0.6657082826873463,33,0.6,2022_10_02-fish1_cytoGCaMP
317,0.7875948450533827,0.6888082337647694,0.1,engert_20221002_fish1_magneto_1,49.396602630615234,46.550540924072266,38.0,76.0,,20221002,20221002_fish1,zebrafish,WB,mag,2520.0,1585,0.8703003463405116,20,0.6,2022_10_02-fish1_cytoGCaMP
318,0.448448369314857,1.265142933934737,0.1,engert_20221002_fish1_magneto_1,27.50883674621582,28.221071243286133,38.0,76.0,,20221002,20221002_fish1,zebrafish,WB,mag,2520.0,1632,0.9019707193775105,16,0.6,2022_10_02-fish1_cytoGCaMP
319,0.6619044835933316,0.9061867621814913,0.1,engert_20221002_fish1_magneto_1,14.696276664733887,15.49977970123291,38.0,76.0,,20221002,20221002_fish1,zebrafish,WB,mag,2520.0,1673,0.6378906254855321,19,0.6,2022_10_02-fish1_cytoGCaMP
320,0.2646395421077239,1.631852537469476,0.1,engert_20221002_fish1_magneto_1,42.61232376098633,43.46003341674805,38.0,76.0,,20221002,20221002_fish1,zebrafish,WB,mag,2520.0,1681,0.6226509387233325,22,0.6,2022_10_02-fish1_cytoGCaMP
321,0.13907611957439636,1.9921822890966259,0.1,engert_20221002_fish1_magneto_1,11.690211296081543,13.08555793762207,38.0,76.0,,20221002,20221002_fish1,zebrafish,WB,mag,2520.0,1691,0.7209360856340914,18,0.6,2022_10_02-fish1_cytoGCaMP
322,0.8924906440478142,0.475043197189082,0.1,engert_20221002_fish1_magneto_1,32.71583557128906,28.936498641967773,38.0,76.0,,20221002,20221002_fish1,zebrafish,WB,mag,2520.0,1701,0.7556843514866199,35,0.6,2022_10_02-fish1_cytoGCaMP
323,0.24517212010011225,1.6785291810425864,0.1,engert_20221002_fish1_magneto_1,16.465200424194336,15.892607688903809,38.0,76.0,,20221002,20221002_fish1,zebrafish,WB,mag,2520.0,1786,0.6393363234436095,15,0.6,2022_10_02-fish1_cytoGCaMP
324,0.336359723310795,1.4761389453639857,0.1,engert_20221002_fish1_magneto_1,12.693218231201172,11.530760765075684,38.0,76.0,,20221002,20221002_fish1,zebrafish,WB,mag,2520.0,1831,0.6864653955568597,22,0.6,2022_10_02-fish1_cytoGCaMP
325,0.23725171323500482,1.6982097440778823,0.1,engert_20221002_fish1_magneto_1,29.071605682373047,27.40290641784668,38.0,76.0,,20221002,20221002_fish1,zebrafish,WB,mag,2520.0,1852,0.6689393768867076,26,0.6,2022_10_02-fish1_cytoGCaMP
326,0.041251073637166846,2.5427374644830967,0.1,engert_20221002_fish1_magneto_1,71.34662628173828,83.4356689453125,38.0,76.0,,20221002,20221002_fish1,zebrafish,WB,mag,2520.0,1874,0.8922509220045928,15,0.6,2022_10_02-fish1_cytoGCaMP
327,0.10870655729781986,2.114654414833733,0.1,engert_20221002_fish1_magneto_1,13.481947898864746,15.502291679382324,38.0,76.0,,20221002,20221002_fish1,zebrafish,WB,mag,2520.0,1895,0.8420499554083581,48,0.6,2022_10_02-fish1_cytoGCaMP
328,0.2732562828079034,1.611891007153659,0.1,engert_20221002_fish1_magneto_1,12.818267822265625,13.341940879821777,38.0,76.0,,20221002,20221002_fish1,zebrafish,WB,mag,2520.0,1910,0.6789616579318306,24,0.6,2022_10_02-fish1_cytoGCaMP
329,0.835006895087345,0.5983970996267318,0.1,engert_20221002_fish1_magneto_1,20.147926330566406,19.4532470703125,38.0,76.0,,20221002,20221002_fish1,zebrafish,WB,mag,2520.0,1940,0.9566944157927965,21,0.6,2022_10_02-fish1_cytoGCaMP
330,0.7153309754586101,0.8162540358376901,0.1,engert_20221002_fish1_magneto_1,32.165550231933594,34.36865997314453,38.0,76.0,,20221002,20221002_fish1,zebrafish,WB,mag,2520.0,1944,0.6483719992664488,19,0.6,2022_10_02-fish1_cytoGCaMP
331,0.9310036003626031,0.3764589364295276,0.1,engert_20221002_fish1_magneto_1,20.971538543701172,19.53949737548828,38.0,76.0,,20221002,20221002_fish1,zebrafish,WB,mag,2520.0,1961,0.9125286986041776,19,0.6,2022_10_02-fish1_cytoGCaMP
332,0.3379208657393925,1.4729753506796284,0.1,engert_20221002_fish1_magneto_1,77.1323471069336,75.3402099609375,38.0,76.0,,20221002,20221002_fish1,zebrafish,WB,mag,2520.0,1963,0.8754427483654339,16,0.6,2022_10_02-fish1_cytoGCaMP
333,0.9240126887209097,0.3958444166941442,0.1,engert_20221002_fish1_magneto_1,29.204233169555664,31.052213668823242,38.0,76.0,,20221002,20221002_fish1,zebrafish,WB,mag,2520.0,1983,0.8205687380587452,25,0.6,2022_10_02-fish1_cytoGCaMP
334,0.3748778871639201,1.4002470915714476,0.1,engert_20221002_fish1_magneto_1,18.670028686523438,19.185026168823242,38.0,76.0,,20221002,20221002_fish1,zebrafish,WB,mag,2520.0,1994,0.9268102650220635,16,0.6,2022_10_02-fish1_cytoGCaMP
335,0.09578686045958884,2.1750160878834883,0.1,engert_20221002_fish1_magneto_1,4.50649881362915,4.30754280090332,38.0,76.0,,20221002,20221002_fish1,zebrafish,WB,mag,2520.0,2018,0.8702354089596804,33,0.6,2022_10_02-fish1_cytoGCaMP
336,0.335691557605701,1.477495463425478,0.1,engert_20221002_fish1_magneto_1,23.325664520263672,23.09918975830078,38.0,76.0,,20221002,20221002_fish1,zebrafish,WB,mag,2520.0,2072,0.8703119970211868,23,0.6,2022_10_02-fish1_cytoGCaMP
337,0.22981469026646462,1.7170892055632405,0.1,engert_20221002_fish1_magneto_1,37.853973388671875,39.01079559326172,38.0,76.0,,20221002,20221002_fish1,zebrafish,WB,mag,2520.0,2101,0.7412081247486106,19,0.6,2022_10_02-fish1_cytoGCaMP
338,0.6674514844387298,0.896946244923406,0.1,engert_20221002_fish1_magneto_1,23.114513397216797,19.481595993041992,38.0,76.0,,20221002,20221002_fish1,zebrafish,WB,mag,2520.0,2166,0.8772012676838745,23,0.6,2022_10_02-fish1_cytoGCaMP
339,0.08512466184491863,2.2299276117069984,0.1,engert_20221002_fish1_magneto_1,51.334720611572266,53.13853454589844,38.0,76.0,,20221002,20221002_fish1,zebrafish,WB,mag,2520.0,2210,0.7748765225287099,11,0.6,2022_10_02-fish1_cytoGCaMP
340,0.8534975113695196,0.5608039585928372,0.1,engert_20221002_fish1_magneto_1,24.454938888549805,26.42779541015625,38.0,76.0,,20221002,20221002_fish1,zebrafish,WB,mag,2520.0,2229,0.9652232747055507,24,0.6,2022_10_02-fish1_cytoGCaMP
341,0.297059811366555,1.558696589997081,0.1,engert_20221002_fish1_magneto_1,23.393150329589844,24.668519973754883,38.0,76.0,,20221002,20221002_fish1,zebrafish,WB,mag,2520.0,2249,0.8156003479103794,17,0.6,2022_10_02-fish1_cytoGCaMP
342,0.9888262564683507,0.14887144007105177,0.1,engert_20221002_fish1_magneto_1,8.895134925842285,9.196955680847168,38.0,76.0,,20221002,20221002_fish1,zebrafish,WB,mag,2520.0,2287,0.8312465699898658,18,0.6,2022_10_02-fish1_cytoGCaMP
343,0.8010637125056266,0.6638433684476261,0.1,engert_20221002_fish1_magneto_1,42.47654342651367,44.48617172241211,38.0,76.0,,20221002,20221002_fish1,zebrafish,WB,mag,2520.0,2307,0.9103930192630351,18,0.6,2022_10_02-fish1_cytoGCaMP
344,0.5755453730170887,1.0490851338675287,0.1,engert_20221002_fish1_magneto_1,23.19379234313965,23.600650787353516,38.0,76.0,,20221002,20221002_fish1,zebrafish,WB,mag,2520.0,2308,0.9110074004901788,18,0.6,2022_10_02-fish1_cytoGCaMP
345,0.20570633347407663,1.7812846974207264,0.1,engert_20221002_fish1_magneto_1,6.9097442626953125,6.641989707946777,38.0,76.0,,20221002,20221002_fish1,zebrafish,WB,mag,2520.0,2388,0.7748484586245247,30,0.6,2022_10_02-fish1_cytoGCaMP
346,0.7261020035544742,0.7977881791351287,0.1,engert_20221002_fish1_magneto_1,37.097015380859375,32.74860382080078,38.0,76.0,,20221002,20221002_fish1,zebrafish,WB,mag,2520.0,2393,0.7356787637341738,16,0.6,2022_10_02-fish1_cytoGCaMP
347,0.6089551696453737,0.9938527676306291,0.1,engert_20221002_fish1_magneto_1,31.642696380615234,30.22610855102539,38.0,76.0,,20221002,20221002_fish1,zebrafish,WB,mag,2520.0,2573,0.6393363234436095,16,0.6,2022_10_02-fish1_cytoGCaMP
348,0.9576611498674059,0.29269610798399076,0.1,engert_20221002_fish1_magneto_1,13.570466041564941,14.989965438842773,38.0,76.0,,20221002,20221002_fish1,zebrafish,WB,mag,2520.0,2779,0.8703946772401698,32,0.6,2022_10_02-fish1_cytoGCaMP
349,0.035518468545102544,2.602995625046821,0.1,engert_20221002_fish1_magneto_1,28.340789794921875,28.49123191833496,38.0,76.0,,20221002,20221002_fish1,zebrafish,WB,mag,2520.0,2795,0.6280857752515088,16,0.6,2022_10_02-fish1_cytoGCaMP
350,0.5990746820256617,1.010171406470012,0.1,engert_20221002_fish1_magneto_1,43.50128173828125,41.29967498779297,38.0,76.0,,20221002,20221002_fish1,zebrafish,WB,mag,2520.0,2969,0.6514538211030197,11,0.6,2022_10_02-fish1_cytoGCaMP
351,0.3215474190339439,1.5065707823836747,0.1,engert_20221002_fish1_magneto_1,76.52816009521484,79.44664001464844,38.0,76.0,,20221002,20221002_fish1,zebrafish,WB,mag,2520.0,3060,0.8036220017459127,19,0.6,2022_10_02-fish1_cytoGCaMP
352,0.452335999429728,1.2582774601331366,0.1,engert_20221002_fish1_magneto_1,24.526628494262695,25.992145538330078,38.0,76.0,,20221002,20221002_fish1,zebrafish,WB,mag,2520.0,3062,0.6004439049293046,32,0.6,2022_10_02-fish1_cytoGCaMP
353,0.8555717014978081,0.5564823264110327,0.1,engert_20221002_fish1_magneto_1,18.755117416381836,20.638198852539062,38.0,76.0,,20221002,20221002_fish1,zebrafish,WB,mag,2520.0,3065,0.8303691947660026,18,0.6,2022_10_02-fish1_cytoGCaMP
354,0.4375174085161311,1.2845725168407232,0.1,engert_20221002_fish1_magneto_1,22.913681030273438,22.848464965820312,38.0,76.0,,20221002,20221002_fish1,zebrafish,WB,mag,2520.0,3126,0.8352178213151397,34,0.6,2022_10_02-fish1_cytoGCaMP
355,0.14246969004651955,1.9798129412358287,0.1,engert_20221002_fish1_magneto_1,26.43526840209961,26.419275283813477,38.0,76.0,,20221002,20221002_fish1,zebrafish,WB,mag,2520.0,3207,0.8469214865793424,17,0.6,2022_10_02-fish1_cytoGCaMP
356,0.5143517810281486,1.1513578004255711,0.1,engert_20221002_fish1_magneto_1,45.496665954589844,42.77888107299805,38.0,76.0,,20221002,20221002_fish1,zebrafish,WB,mag,2520.0,3233,0.6839323526177125,14,0.6,2022_10_02-fish1_cytoGCaMP
357,0.7158731712684386,0.8153278336792543,0.1,engert_20221002_fish1_magneto_1,11.915655136108398,10.576709747314453,38.0,76.0,,20221002,20221002_fish1,zebrafish,WB,mag,2520.0,3331,0.6792550323048201,14,0.6,2022_10_02-fish1_cytoGCaMP
358,0.7116942874119052,0.8224576830792878,0.1,engert_20221002_fish1_magneto_1,63.05034255981445,60.27888488769531,38.0,76.0,,20221002,20221002_fish1,zebrafish,WB,mag,2520.0,3359,0.7002340687651956,11,0.6,2022_10_02-fish1_cytoGCaMP
359,0.32581629619819685,1.4977210793561289,0.1,engert_20221002_fish1_magneto_1,23.88641929626465,27.63493537902832,38.0,76.0,,20221002,20221002_fish1,zebrafish,WB,mag,2520.0,3466,0.8854308198191653,37,0.6,2022_10_02-fish1_cytoGCaMP
360,0.8718968367065416,0.5216129222449943,0.1,engert_20221002_fish1_magneto_1,34.98648452758789,32.40925979614258,38.0,76.0,,20221002,20221002_fish1,zebrafish,WB,mag,2520.0,3471,0.6531384534836613,22,0.6,2022_10_02-fish1_cytoGCaMP
361,0.337598702415015,1.4736276195013809,0.1,engert_20221002_fish1_magneto_1,27.838909149169922,20.384307861328125,38.0,76.0,,20221002,20221002_fish1,zebrafish,WB,mag,2520.0,3486,0.668731242520166,12,0.6,2022_10_02-fish1_cytoGCaMP
362,0.6677935037273156,0.8963759178098563,0.1,engert_20221002_fish1_magneto_1,115.46607208251953,116.4900894165039,38.0,76.0,,20221002,20221002_fish1,zebrafish,WB,mag,2520.0,3678,0.890067515108126,15,0.6,2022_10_02-fish1_cytoGCaMP
363,0.13098470259410044,2.022625651683132,0.1,engert_20221002_fish1_magneto_1,22.104875564575195,27.701068878173828,38.0,76.0,,20221002,20221002_fish1,zebrafish,WB,mag,2520.0,3683,0.6238516632594386,13,0.6,2022_10_02-fish1_cytoGCaMP
364,0.16900576349981655,1.8899755296859158,0.1,engert_20221002_fish1_magneto_1,19.498838424682617,18.313194274902344,38.0,76.0,,20221002,20221002_fish1,zebrafish,WB,mag,2520.0,3727,0.6533104510146042,15,0.6,2022_10_02-fish1_cytoGCaMP
365,0.7780193155180903,0.7062737420289793,0.1,engert_20221002_fish1_magneto_1,47.490203857421875,42.00651550292969,38.0,76.0,,20221002,20221002_fish1,zebrafish,WB,mag,2520.0,3748,0.6257265519768036,19,0.6,2022_10_02-fish1_cytoGCaMP
366,0.959017905340139,0.28785663482317764,0.1,engert_20221002_fish1_magneto_1,46.614681243896484,41.72873306274414,38.0,76.0,,20221002,20221002_fish1,zebrafish,WB,mag,2520.0,3770,0.7564304440209108,14,0.6,2022_10_02-fish1_cytoGCaMP
367,0.8830626622465156,0.4967674870873731,0.1,engert_20221002_fish1_magneto_1,13.5838623046875,14.914949417114258,38.0,76.0,,20221002,20221002_fish1,zebrafish,WB,mag,2520.0,3836,0.9302750409659538,53,0.6,2022_10_02-fish1_cytoGCaMP
368,0.6056531806731849,0.9993058581961883,0.1,engert_20221002_fish1_magneto_1,12.920309066772461,15.15272331237793,38.0,76.0,,20221002,20221002_fish1,zebrafish,WB,mag,2520.0,3843,0.8079105727204051,21,0.6,2022_10_02-fish1_cytoGCaMP
369,0.0033097324555722007,3.4311184096139877,0.1,engert_20221002_fish1_magneto_1,12.158199310302734,13.631889343261719,38.0,76.0,,20221002,20221002_fish1,zebrafish,WB,mag,2520.0,3871,0.7642021135456382,17,0.6,2022_10_02-fish1_cytoGCaMP
370,0.1928823212633033,1.8175715569815414,0.1,engert_20221002_fish1_magneto_1,9.66260051727295,10.201325416564941,38.0,76.0,,20221002,20221002_fish1,zebrafish,WB,mag,2520.0,3876,0.721960780031137,38,0.6,2022_10_02-fish1_cytoGCaMP
371,0.7829605710231262,0.6972885668244911,0.1,engert_20221002_fish1_magneto_1,11.487579345703125,12.686847686767578,38.0,76.0,,20221002,20221002_fish1,zebrafish,WB,mag,2520.0,3893,0.6347702970744866,22,0.6,2022_10_02-fish1_cytoGCaMP
372,0.8749981205240656,0.5148005210881358,0.1,engert_20221002_fish1_magneto_1,44.90217208862305,47.135414123535156,38.0,76.0,,20221002,20221002_fish1,zebrafish,WB,mag,2520.0,3900,0.6377068788635827,14,0.6,2022_10_02-fish1_cytoGCaMP
373,0.31073992080120527,1.5292802111424386,0.1,engert_20221002_fish1_magneto_1,7.975917339324951,7.326912879943848,38.0,76.0,,20221002,20221002_fish1,zebrafish,WB,mag,2520.0,3928,0.7101460083749472,20,0.6,2022_10_02-fish1_cytoGCaMP
374,0.8218809522456717,0.6241897848159981,0.1,engert_20221002_fish1_magneto_1,43.797271728515625,40.445045471191406,38.0,76.0,,20221002,20221002_fish1,zebrafish,WB,mag,2520.0,3956,0.6455989972092583,15,0.6,2022_10_02-fish1_cytoGCaMP
375,0.6789735462396544,0.8776941933754919,0.1,engert_20221002_fish1_magneto_1,65.80518341064453,59.46270751953125,38.0,76.0,,20221002,20221002_fish1,zebrafish,WB,mag,2520.0,3979,0.6697411175727175,14,0.6,2022_10_02-fish1_cytoGCaMP
376,0.940590376088841,0.34839156536268073,0.1,engert_20221002_fish1_magneto_1,43.42667770385742,46.4468879699707,38.0,76.0,,20221002,20221002_fish1,zebrafish,WB,mag,2520.0,4036,0.6079204928132537,11,0.6,2022_10_02-fish1_cytoGCaMP
377,0.413202143933614,1.3285249935001386,0.1,engert_20221002_fish1_magneto_1,15.663581848144531,15.840405464172363,38.0,76.0,,20221002,20221002_fish1,zebrafish,WB,mag,2520.0,4130,0.8151038985888128,18,0.6,2022_10_02-fish1_cytoGCaMP
378,0.708214224353187,0.828380509300723,0.1,engert_20221002_fish1_magneto_1,26.862590789794922,24.97284698486328,38.0,76.0,,20221002,20221002_fish1,zebrafish,WB,mag,2520.0,4409,0.6008860948117294,22,0.6,2022_10_02-fish1_cytoGCaMP
379,0.09187319027702745,2.194575004779763,0.1,engert_20221002_fish1_magneto_1,50.598968505859375,51.55443572998047,38.0,76.0,,20221002,20221002_fish1,zebrafish,WB,mag,2520.0,4423,0.7002340687651956,12,0.6,2022_10_02-fish1_cytoGCaMP
380,0.8722239652492354,0.5208974817747141,0.1,engert_20221002_fish1_magneto_1,27.401329040527344,27.670936584472656,38.0,76.0,,20221002,20221002_fish1,zebrafish,WB,mag,2520.0,4474,0.906686751043103,14,0.6,2022_10_02-fish1_cytoGCaMP
381,0.6488116659864505,0.9279388083575769,0.1,engert_20221002_fish1_magneto_1,40.29728317260742,38.98439025878906,38.0,76.0,,20221002,20221002_fish1,zebrafish,WB,mag,2520.0,4619,0.6169444624891406,12,0.6,2022_10_02-fish1_cytoGCaMP
0,0.5618621733704406,1.071510585708715,0.1,engert_20221002_fish2_magneto_0,58.05303192138672,54.953556060791016,32.0,65.0,,20221002,20221002_fish2,zebrafish,WB,mag,2160.0,0,0.9950443888213246,41,0.6,2022_10_02-fish2_cytoGCaMP
1,0.2836014240227178,1.5887004781473542,0.1,engert_20221002_fish2_magneto_0,30.635013580322266,33.282203674316406,32.0,65.0,,20221002,20221002_fish2,zebrafish,WB,mag,2160.0,1,0.9940331538500616,52,0.6,2022_10_02-fish2_cytoGCaMP
2,0.9239485713663459,0.3958000089143137,0.1,engert_20221002_fish2_magneto_0,14.573441505432129,19.90536117553711,32.0,65.0,,20221002,20221002_fish2,zebrafish,WB,mag,2160.0,4,0.9871437318653873,40,0.6,2022_10_02-fish2_cytoGCaMP
3,0.8104687114963485,0.6457922434381631,0.1,engert_20221002_fish2_magneto_0,42.020145416259766,43.508277893066406,32.0,65.0,,20221002,20221002_fish2,zebrafish,WB,mag,2160.0,5,0.9472017390050664,47,0.6,2022_10_02-fish2_cytoGCaMP
4,0.011770240129646337,3.0200192269984742,0.1,engert_20221002_fish2_magneto_0,7.933129787445068,6.966611862182617,32.0,65.0,,20221002,20221002_fish2,zebrafish,WB,mag,2160.0,9,0.8401687865526882,44,0.6,2022_10_02-fish2_cytoGCaMP
5,0.6373751992772682,0.9465703802688933,0.1,engert_20221002_fish2_magneto_0,55.78251647949219,51.50006866455078,32.0,65.0,,20221002,20221002_fish2,zebrafish,WB,mag,2160.0,12,0.7138665555536406,42,0.6,2022_10_02-fish2_cytoGCaMP
6,0.270172607552436,1.6193048063248703,0.1,engert_20221002_fish2_magneto_0,24.918474197387695,30.898157119750977,32.0,65.0,,20221002,20221002_fish2,zebrafish,WB,mag,2160.0,13,0.9209852865423429,66,0.6,2022_10_02-fish2_cytoGCaMP
7,0.27014778498060954,1.6193622568030817,0.1,engert_20221002_fish2_magneto_0,14.020174980163574,12.016484260559082,32.0,65.0,,20221002,20221002_fish2,zebrafish,WB,mag,2160.0,14,0.9697687051705332,26,0.6,2022_10_02-fish2_cytoGCaMP
8,0.011431165496735618,3.0302781607507088,0.1,engert_20221002_fish2_magneto_0,44.813751220703125,44.00642013549805,32.0,65.0,,20221002,20221002_fish2,zebrafish,WB,mag,2160.0,18,0.9525587625839317,77,0.6,2022_10_02-fish2_cytoGCaMP
9,0.9231241301599993,0.39803171885227295,0.1,engert_20221002_fish2_magneto_0,27.036479949951172,28.61998748779297,32.0,65.0,,20221002,20221002_fish2,zebrafish,WB,mag,2160.0,19,0.927772753237038,31,0.6,2022_10_02-fish2_cytoGCaMP
10,0.7707874641243192,0.7190009142792797,0.1,engert_20221002_fish2_magneto_0,12.977191925048828,12.274066925048828,32.0,65.0,,20221002,20221002_fish2,zebrafish,WB,mag,2160.0,20,0.9897315497092029,36,0.6,2022_10_02-fish2_cytoGCaMP
11,0.3618118323313939,1.4255351573300334,0.1,engert_20221002_fish2_magneto_0,9.886141777038574,12.193943977355957,32.0,65.0,,20221002,20221002_fish2,zebrafish,WB,mag,2160.0,21,0.8722091555467242,72,0.6,2022_10_02-fish2_cytoGCaMP
12,0.12251663031866267,2.0574594947067233,0.1,engert_20221002_fish2_magneto_0,4.640380859375,5.4862961769104,32.0,65.0,,20221002,20221002_fish2,zebrafish,WB,mag,2160.0,24,0.9495817914713613,41,0.6,2022_10_02-fish2_cytoGCaMP
13,0.26619723180770405,1.628546848166301,0.1,engert_20221002_fish2_magneto_0,6.013333797454834,5.486018180847168,32.0,65.0,,20221002,20221002_fish2,zebrafish,WB,mag,2160.0,28,0.9016623404572994,51,0.6,2022_10_02-fish2_cytoGCaMP
14,0.34802648915404566,1.4527448363384399,0.1,engert_20221002_fish2_magneto_0,85.57620239257812,94.46894836425781,32.0,65.0,,20221002,20221002_fish2,zebrafish,WB,mag,2160.0,30,0.9920440528678875,29,0.6,2022_10_02-fish2_cytoGCaMP
15,0.21534404721014977,1.7556220793926578,0.1,engert_20221002_fish2_magneto_0,113.47989654541016,87.49900817871094,32.0,65.0,,20221002,20221002_fish2,zebrafish,WB,mag,2160.0,31,0.9983699956911194,34,0.6,2022_10_02-fish2_cytoGCaMP
16,0.48347299690084233,1.2038462188518662,0.1,engert_20221002_fish2_magneto_0,144.2821502685547,144.04901123046875,32.0,65.0,,20221002,20221002_fish2,zebrafish,WB,mag,2160.0,32,0.982646618605751,24,0.6,2022_10_02-fish2_cytoGCaMP
17,0.1473198705843881,1.9636242625089415,0.1,engert_20221002_fish2_magneto_0,115.25367736816406,115.28136444091797,32.0,65.0,,20221002,20221002_fish2,zebrafish,WB,mag,2160.0,33,0.9877998547534118,31,0.6,2022_10_02-fish2_cytoGCaMP
18,0.8875363576835652,0.4862919055820888,0.1,engert_20221002_fish2_magneto_0,64.31135559082031,71.91974639892578,32.0,65.0,,20221002,20221002_fish2,zebrafish,WB,mag,2160.0,34,0.9881318250967988,24,0.6,2022_10_02-fish2_cytoGCaMP
19,0.2680893398290515,1.6241371824897852,0.1,engert_20221002_fish2_magneto_0,45.267765045166016,51.29560089111328,32.0,65.0,,20221002,20221002_fish2,zebrafish,WB,mag,2160.0,36,0.9954931401869273,33,0.6,2022_10_02-fish2_cytoGCaMP
20,0.5350094320098757,1.1163296911819314,0.1,engert_20221002_fish2_magneto_0,35.97865295410156,44.379486083984375,32.0,65.0,,20221002,20221002_fish2,zebrafish,WB,mag,2160.0,37,0.6173875181534437,63,0.6,2022_10_02-fish2_cytoGCaMP
21,0.8845111285549427,0.49321544473448203,0.1,engert_20221002_fish2_magneto_0,13.94437026977539,13.730423927307129,32.0,65.0,,20221002,20221002_fish2,zebrafish,WB,mag,2160.0,38,0.9181493910571387,30,0.6,2022_10_02-fish2_cytoGCaMP
22,0.8678893936351182,0.5300466683822123,0.1,engert_20221002_fish2_magneto_0,75.82207489013672,78.58578491210938,32.0,65.0,,20221002,20221002_fish2,zebrafish,WB,mag,2160.0,40,0.9960001916061285,28,0.6,2022_10_02-fish2_cytoGCaMP
23,0.26434009577830664,1.63289422503398,0.1,engert_20221002_fish2_magneto_0,26.020021438598633,29.43987464904785,32.0,65.0,,20221002,20221002_fish2,zebrafish,WB,mag,2160.0,43,0.9772035912929872,45,0.6,2022_10_02-fish2_cytoGCaMP
24,0.38793166309772076,1.3754043956901814,0.1,engert_20221002_fish2_magneto_0,40.03318786621094,42.31903076171875,32.0,65.0,,20221002,20221002_fish2,zebrafish,WB,mag,2160.0,44,0.9874957530993348,37,0.6,2022_10_02-fish2_cytoGCaMP
25,0.5890080849776931,1.0265146993826053,0.1,engert_20221002_fish2_magneto_0,20.1579532623291,19.219236373901367,32.0,65.0,,20221002,20221002_fish2,zebrafish,WB,mag,2160.0,45,0.8214296222876736,26,0.6,2022_10_02-fish2_cytoGCaMP
26,0.5770182567428035,1.0463609646571628,0.1,engert_20221002_fish2_magneto_0,42.01006317138672,46.94826126098633,32.0,65.0,,20221002,20221002_fish2,zebrafish,WB,mag,2160.0,48,0.9265260135963459,61,0.6,2022_10_02-fish2_cytoGCaMP
27,0.523317899747402,1.1359834321231204,0.1,engert_20221002_fish2_magneto_0,10.984464645385742,13.879251480102539,32.0,65.0,,20221002,20221002_fish2,zebrafish,WB,mag,2160.0,50,0.7836524335048921,132,0.6,2022_10_02-fish2_cytoGCaMP
28,0.36546072184641687,1.4184243053661325,0.1,engert_20221002_fish2_magneto_0,20.20585060119629,22.65294075012207,32.0,65.0,,20221002,20221002_fish2,zebrafish,WB,mag,2160.0,52,0.979324776008777,30,0.6,2022_10_02-fish2_cytoGCaMP
29,0.21376833682529872,1.7598668858950575,0.1,engert_20221002_fish2_magneto_0,52.87985610961914,53.066123962402344,32.0,65.0,,20221002,20221002_fish2,zebrafish,WB,mag,2160.0,53,0.9872959372500665,29,0.6,2022_10_02-fish2_cytoGCaMP
30,0.821361275337122,0.6248926538034297,0.1,engert_20221002_fish2_magneto_0,146.1461944580078,145.2767791748047,32.0,65.0,,20221002,20221002_fish2,zebrafish,WB,mag,2160.0,55,0.9872263992681265,18,0.6,2022_10_02-fish2_cytoGCaMP
31,0.09430022045112674,2.184195095604521,0.1,engert_20221002_fish2_magneto_0,98.8099136352539,97.2800064086914,32.0,65.0,,20221002,20221002_fish2,zebrafish,WB,mag,2160.0,59,0.9687156290781351,22,0.6,2022_10_02-fish2_cytoGCaMP
32,0.3018376934495377,1.5485305487725807,0.1,engert_20221002_fish2_magneto_0,28.665311813354492,28.03899574279785,32.0,65.0,,20221002,20221002_fish2,zebrafish,WB,mag,2160.0,63,0.9776937193506283,36,0.6,2022_10_02-fish2_cytoGCaMP
33,0.7518386868168969,0.7526852391251198,0.1,engert_20221002_fish2_magneto_0,4.857808589935303,4.819825172424316,32.0,65.0,,20221002,20221002_fish2,zebrafish,WB,mag,2160.0,66,0.8589715598705767,33,0.6,2022_10_02-fish2_cytoGCaMP
34,0.8178324484436588,0.631707877789027,0.1,engert_20221002_fish2_magneto_0,22.15642547607422,22.3314151763916,32.0,65.0,,20221002,20221002_fish2,zebrafish,WB,mag,2160.0,67,0.7212640071338334,31,0.6,2022_10_02-fish2_cytoGCaMP
35,0.5036409107464002,1.1693067289142656,0.1,engert_20221002_fish2_magneto_0,11.325491905212402,16.7365779876709,32.0,65.0,,20221002,20221002_fish2,zebrafish,WB,mag,2160.0,68,0.9944766647681964,37,0.6,2022_10_02-fish2_cytoGCaMP
36,0.6461643081950518,0.9320100615630974,0.1,engert_20221002_fish2_magneto_0,11.693814277648926,11.586714744567871,32.0,65.0,,20221002,20221002_fish2,zebrafish,WB,mag,2160.0,69,0.9848021089056922,22,0.6,2022_10_02-fish2_cytoGCaMP
37,0.22196546022243446,1.738012952738717,0.1,engert_20221002_fish2_magneto_0,44.40432357788086,41.18581008911133,32.0,65.0,,20221002,20221002_fish2,zebrafish,WB,mag,2160.0,70,0.9950942573147924,24,0.6,2022_10_02-fish2_cytoGCaMP
38,0.16308540580814368,1.9100255082104387,0.1,engert_20221002_fish2_magneto_0,8.804244995117188,12.194993019104004,32.0,65.0,,20221002,20221002_fish2,zebrafish,WB,mag,2160.0,73,0.9825857652412181,33,0.6,2022_10_02-fish2_cytoGCaMP
39,0.40368386664907097,1.3459670521445344,0.1,engert_20221002_fish2_magneto_0,141.70831298828125,144.49240112304688,32.0,65.0,,20221002,20221002_fish2,zebrafish,WB,mag,2160.0,74,0.9827164046232308,28,0.6,2022_10_02-fish2_cytoGCaMP
40,0.6739182389463392,0.8858257529582202,0.1,engert_20221002_fish2_magneto_0,49.62549591064453,38.283851623535156,32.0,65.0,,20221002,20221002_fish2,zebrafish,WB,mag,2160.0,76,0.9181108998470943,19,0.6,2022_10_02-fish2_cytoGCaMP
41,0.4978533681819274,1.179175191010702,0.1,engert_20221002_fish2_magneto_0,43.660221099853516,46.84221267700195,32.0,65.0,,20221002,20221002_fish2,zebrafish,WB,mag,2160.0,78,0.9362762971460346,36,0.6,2022_10_02-fish2_cytoGCaMP
42,0.5800712267721733,1.041304100054842,0.1,engert_20221002_fish2_magneto_0,83.9693832397461,84.83021545410156,32.0,65.0,,20221002,20221002_fish2,zebrafish,WB,mag,2160.0,80,0.9506424353816987,28,0.6,2022_10_02-fish2_cytoGCaMP
43,0.419426625036747,1.3170713990945766,0.1,engert_20221002_fish2_magneto_0,8.762748718261719,10.093141555786133,32.0,65.0,,20221002,20221002_fish2,zebrafish,WB,mag,2160.0,83,0.9984290648738139,40,0.6,2022_10_02-fish2_cytoGCaMP
44,0.593261755866601,1.0194810665708045,0.1,engert_20221002_fish2_magneto_0,135.0530548095703,135.62924194335938,32.0,65.0,,20221002,20221002_fish2,zebrafish,WB,mag,2160.0,84,0.9943130009411966,27,0.6,2022_10_02-fish2_cytoGCaMP
45,0.93946247951317,0.3515980388826786,0.1,engert_20221002_fish2_magneto_0,76.11771392822266,85.09422302246094,32.0,65.0,,20221002,20221002_fish2,zebrafish,WB,mag,2160.0,85,0.9140498188915942,32,0.6,2022_10_02-fish2_cytoGCaMP
46,0.47636906261923473,1.2161199621414742,0.1,engert_20221002_fish2_magneto_0,17.957061767578125,27.212539672851562,32.0,65.0,,20221002,20221002_fish2,zebrafish,WB,mag,2160.0,86,0.9915262742095167,23,0.6,2022_10_02-fish2_cytoGCaMP
47,0.763391144396766,0.7322315816696728,0.1,engert_20221002_fish2_magneto_0,66.37958526611328,71.78585052490234,32.0,65.0,,20221002,20221002_fish2,zebrafish,WB,mag,2160.0,88,0.9784819831787033,37,0.6,2022_10_02-fish2_cytoGCaMP
48,0.7539170185013853,0.7490235350881546,0.1,engert_20221002_fish2_magneto_0,83.9546127319336,85.0120849609375,32.0,65.0,,20221002,20221002_fish2,zebrafish,WB,mag,2160.0,89,0.9957805273626676,47,0.6,2022_10_02-fish2_cytoGCaMP
49,0.10517040262797128,2.13222835538187,0.1,engert_20221002_fish2_magneto_0,35.638145446777344,34.56285095214844,32.0,65.0,,20221002,20221002_fish2,zebrafish,WB,mag,2160.0,90,0.9875823881047043,29,0.6,2022_10_02-fish2_cytoGCaMP
50,0.9775717263775788,0.21165907260991043,0.1,engert_20221002_fish2_magneto_0,130.12242126464844,135.26596069335938,32.0,65.0,,20221002,20221002_fish2,zebrafish,WB,mag,2160.0,92,0.9160868473537881,32,0.6,2022_10_02-fish2_cytoGCaMP
51,0.06273127151650615,2.3689866803819775,0.1,engert_20221002_fish2_magneto_0,83.64990234375,89.21741485595703,32.0,65.0,,20221002,20221002_fish2,zebrafish,WB,mag,2160.0,94,0.9956329365957279,44,0.6,2022_10_02-fish2_cytoGCaMP
52,0.8485098013445456,0.5708155468255897,0.1,engert_20221002_fish2_magneto_0,18.911531448364258,17.000659942626953,32.0,65.0,,20221002,20221002_fish2,zebrafish,WB,mag,2160.0,95,0.9319808636698564,45,0.6,2022_10_02-fish2_cytoGCaMP
53,0.0789020039733217,2.266727938023126,0.1,engert_20221002_fish2_magneto_0,54.854644775390625,46.90493392944336,32.0,65.0,,20221002,20221002_fish2,zebrafish,WB,mag,2160.0,96,0.9896912306303789,25,0.6,2022_10_02-fish2_cytoGCaMP
54,0.19835038294818974,1.8025914551289342,0.1,engert_20221002_fish2_magneto_0,56.30485153198242,61.06818771362305,32.0,65.0,,20221002,20221002_fish2,zebrafish,WB,mag,2160.0,100,0.9139886802536452,44,0.6,2022_10_02-fish2_cytoGCaMP
55,0.2975280474162719,1.5578885841844343,0.1,engert_20221002_fish2_magneto_0,24.855907440185547,20.004676818847656,32.0,65.0,,20221002,20221002_fish2,zebrafish,WB,mag,2160.0,101,0.7916736042562121,33,0.6,2022_10_02-fish2_cytoGCaMP
56,0.3873320131045497,1.3765361513698968,0.1,engert_20221002_fish2_magneto_0,73.87234497070312,75.37683868408203,32.0,65.0,,20221002,20221002_fish2,zebrafish,WB,mag,2160.0,102,0.9932886255499629,38,0.6,2022_10_02-fish2_cytoGCaMP
57,0.37873306038268295,1.3928605008125376,0.1,engert_20221002_fish2_magneto_0,25.74197006225586,26.522899627685547,32.0,65.0,,20221002,20221002_fish2,zebrafish,WB,mag,2160.0,104,0.9950578799386627,30,0.6,2022_10_02-fish2_cytoGCaMP
58,0.14085562379568384,1.9868458877478474,0.1,engert_20221002_fish2_magneto_0,156.96612548828125,156.05186462402344,32.0,65.0,,20221002,20221002_fish2,zebrafish,WB,mag,2160.0,105,0.9834978698901626,17,0.6,2022_10_02-fish2_cytoGCaMP
59,0.7240123635054546,0.8010523026814368,0.1,engert_20221002_fish2_magneto_0,65.70901489257812,66.91255950927734,32.0,65.0,,20221002,20221002_fish2,zebrafish,WB,mag,2160.0,106,0.9789072425935789,42,0.6,2022_10_02-fish2_cytoGCaMP
60,0.15928255135122293,1.922590079124176,0.1,engert_20221002_fish2_magneto_0,51.46800231933594,53.155242919921875,32.0,65.0,,20221002,20221002_fish2,zebrafish,WB,mag,2160.0,107,0.980750971869334,25,0.6,2022_10_02-fish2_cytoGCaMP
61,0.1066170249447711,2.1256378085540315,0.1,engert_20221002_fish2_magneto_0,43.13139343261719,43.06348419189453,32.0,65.0,,20221002,20221002_fish2,zebrafish,WB,mag,2160.0,109,0.9584255919956366,50,0.6,2022_10_02-fish2_cytoGCaMP
62,0.4501926775495555,1.2619097814272193,0.1,engert_20221002_fish2_magneto_0,16.578420639038086,23.86903190612793,32.0,65.0,,20221002,20221002_fish2,zebrafish,WB,mag,2160.0,112,0.9980571322731838,65,0.6,2022_10_02-fish2_cytoGCaMP
63,0.5697935715318204,1.0583391223180403,0.1,engert_20221002_fish2_magneto_0,20.043384552001953,20.016586303710938,32.0,65.0,,20221002,20221002_fish2,zebrafish,WB,mag,2160.0,113,0.9650595499723434,28,0.6,2022_10_02-fish2_cytoGCaMP
64,0.2939655248244122,1.5656858830552722,0.1,engert_20221002_fish2_magneto_0,31.23090362548828,31.013261795043945,32.0,65.0,,20221002,20221002_fish2,zebrafish,WB,mag,2160.0,114,0.9917392289257194,31,0.6,2022_10_02-fish2_cytoGCaMP
65,0.9946368049551755,0.10275361575058539,0.1,engert_20221002_fish2_magneto_0,111.36309814453125,111.59530639648438,32.0,65.0,,20221002,20221002_fish2,zebrafish,WB,mag,2160.0,115,0.8786201000031868,34,0.6,2022_10_02-fish2_cytoGCaMP
66,0.4252180731621106,1.3065621564874335,0.1,engert_20221002_fish2_magneto_0,92.64289093017578,88.84630584716797,32.0,65.0,,20221002,20221002_fish2,zebrafish,WB,mag,2160.0,118,0.8021723593031924,30,0.6,2022_10_02-fish2_cytoGCaMP
67,0.7586930677806868,0.7405793524690097,0.1,engert_20221002_fish2_magneto_0,66.12767791748047,68.91909790039062,32.0,65.0,,20221002,20221002_fish2,zebrafish,WB,mag,2160.0,119,0.8132012704485004,26,0.6,2022_10_02-fish2_cytoGCaMP
68,0.8123708398446309,0.6421713448429351,0.1,engert_20221002_fish2_magneto_0,105.41803741455078,105.31558990478516,32.0,65.0,,20221002,20221002_fish2,zebrafish,WB,mag,2160.0,122,0.9825496739356971,27,0.6,2022_10_02-fish2_cytoGCaMP
69,0.503277299334774,1.1699257457963512,0.1,engert_20221002_fish2_magneto_0,18.398889541625977,19.700592041015625,32.0,65.0,,20221002,20221002_fish2,zebrafish,WB,mag,2160.0,124,0.8541324706143125,48,0.6,2022_10_02-fish2_cytoGCaMP
70,0.701533723525424,0.8393856867959784,0.1,engert_20221002_fish2_magneto_0,176.6459503173828,184.86708068847656,32.0,65.0,,20221002,20221002_fish2,zebrafish,WB,mag,2160.0,126,0.7928404529348604,57,0.6,2022_10_02-fish2_cytoGCaMP
71,0.39403424672184784,1.3639340912952462,0.1,engert_20221002_fish2_magneto_0,22.05543327331543,22.53882598876953,32.0,65.0,,20221002,20221002_fish2,zebrafish,WB,mag,2160.0,129,0.6281709065867762,53,0.6,2022_10_02-fish2_cytoGCaMP
72,0.278565342612208,1.6000698764818848,0.1,engert_20221002_fish2_magneto_0,14.668463706970215,16.88764762878418,32.0,65.0,,20221002,20221002_fish2,zebrafish,WB,mag,2160.0,130,0.9851384915444881,35,0.6,2022_10_02-fish2_cytoGCaMP
73,0.9159969841751862,0.41690680574710026,0.1,engert_20221002_fish2_magneto_0,45.38780975341797,46.64339828491211,32.0,65.0,,20221002,20221002_fish2,zebrafish,WB,mag,2160.0,131,0.9909482255925837,26,0.6,2022_10_02-fish2_cytoGCaMP
74,0.3180117664294837,1.5140952354770574,0.1,engert_20221002_fish2_magneto_0,11.432388305664062,11.547476768493652,32.0,65.0,,20221002,20221002_fish2,zebrafish,WB,mag,2160.0,133,0.9972219013916545,36,0.6,2022_10_02-fish2_cytoGCaMP
75,0.10582317242727679,2.129245647563988,0.1,engert_20221002_fish2_magneto_0,16.769926071166992,17.772993087768555,32.0,65.0,,20221002,20221002_fish2,zebrafish,WB,mag,2160.0,138,0.949180661204586,30,0.6,2022_10_02-fish2_cytoGCaMP
76,0.432544994877778,1.2933535484485712,0.1,engert_20221002_fish2_magneto_0,12.772093772888184,13.467694282531738,32.0,65.0,,20221002,20221002_fish2,zebrafish,WB,mag,2160.0,141,0.9901921868159811,31,0.6,2022_10_02-fish2_cytoGCaMP
77,0.5343899564605593,1.1173686381739527,0.1,engert_20221002_fish2_magneto_0,98.55116271972656,94.09744262695312,32.0,65.0,,20221002,20221002_fish2,zebrafish,WB,mag,2160.0,142,0.9952624849917686,27,0.6,2022_10_02-fish2_cytoGCaMP
78,0.49314093109489665,1.187235416852583,0.1,engert_20221002_fish2_magneto_0,136.20565795898438,127.94837951660156,32.0,65.0,,20221002,20221002_fish2,zebrafish,WB,mag,2160.0,144,0.9924224542716498,117,0.6,2022_10_02-fish2_cytoGCaMP
79,0.42945015557121213,1.2989211518921655,0.1,engert_20221002_fish2_magneto_0,58.0541877746582,66.86508178710938,32.0,65.0,,20221002,20221002_fish2,zebrafish,WB,mag,2160.0,145,0.9925924048112611,39,0.6,2022_10_02-fish2_cytoGCaMP
80,0.3464930013417613,1.4558068636043602,0.1,engert_20221002_fish2_magneto_0,93.13822174072266,84.95074462890625,32.0,65.0,,20221002,20221002_fish2,zebrafish,WB,mag,2160.0,146,0.7780913680276785,23,0.6,2022_10_02-fish2_cytoGCaMP
81,0.11920428283091744,2.071068513217649,0.1,engert_20221002_fish2_magneto_0,113.6402816772461,124.89032745361328,32.0,65.0,,20221002,20221002_fish2,zebrafish,WB,mag,2160.0,148,0.9880116598012485,34,0.6,2022_10_02-fish2_cytoGCaMP
82,0.5724704419190874,1.0538990007289533,0.1,engert_20221002_fish2_magneto_0,36.34089660644531,36.99672317504883,32.0,65.0,,20221002,20221002_fish2,zebrafish,WB,mag,2160.0,156,0.8417746129825215,66,0.6,2022_10_02-fish2_cytoGCaMP
83,0.2467579891786732,1.6750589545611776,0.1,engert_20221002_fish2_magneto_0,18.397579193115234,23.604480743408203,32.0,65.0,,20221002,20221002_fish2,zebrafish,WB,mag,2160.0,157,0.9955919121200759,29,0.6,2022_10_02-fish2_cytoGCaMP
84,0.08573470106219672,2.2286322143135955,0.1,engert_20221002_fish2_magneto_0,52.01840591430664,67.27070617675781,32.0,65.0,,20221002,20221002_fish2,zebrafish,WB,mag,2160.0,159,0.9525162394559314,29,0.6,2022_10_02-fish2_cytoGCaMP
85,0.9767995907113717,0.21532417513261784,0.1,engert_20221002_fish2_magneto_0,151.74346923828125,153.1569366455078,32.0,65.0,,20221002,20221002_fish2,zebrafish,WB,mag,2160.0,160,0.9715373485530407,24,0.6,2022_10_02-fish2_cytoGCaMP
86,0.07503862734168432,2.289472033234617,0.1,engert_20221002_fish2_magneto_0,14.425212860107422,15.293274879455566,32.0,65.0,,20221002,20221002_fish2,zebrafish,WB,mag,2160.0,162,0.7656858319207541,24,0.6,2022_10_02-fish2_cytoGCaMP
87,0.643735889969707,0.9360354137552223,0.1,engert_20221002_fish2_magneto_0,18.04899787902832,23.271621704101562,32.0,65.0,,20221002,20221002_fish2,zebrafish,WB,mag,2160.0,164,0.926684096929238,25,0.6,2022_10_02-fish2_cytoGCaMP
88,0.3473133582684108,1.45416787737609,0.1,engert_20221002_fish2_magneto_0,80.60062408447266,84.31134796142578,32.0,65.0,,20221002,20221002_fish2,zebrafish,WB,mag,2160.0,171,0.9816127062691283,27,0.6,2022_10_02-fish2_cytoGCaMP
89,0.5299418179212635,1.1248364568834872,0.1,engert_20221002_fish2_magneto_0,60.7308235168457,68.97293853759766,32.0,65.0,,20221002,20221002_fish2,zebrafish,WB,mag,2160.0,172,0.9680164099247813,37,0.6,2022_10_02-fish2_cytoGCaMP
90,0.34149425291771807,1.4658395220238625,0.1,engert_20221002_fish2_magneto_0,60.12562561035156,59.32162857055664,32.0,65.0,,20221002,20221002_fish2,zebrafish,WB,mag,2160.0,173,0.9684721925130594,26,0.6,2022_10_02-fish2_cytoGCaMP
91,0.36071796761898467,1.427674077679732,0.1,engert_20221002_fish2_magneto_0,45.51220703125,41.09822463989258,32.0,65.0,,20221002,20221002_fish2,zebrafish,WB,mag,2160.0,177,0.9892720181290935,23,0.6,2022_10_02-fish2_cytoGCaMP
92,0.5673823118428667,1.0623408565381536,0.1,engert_20221002_fish2_magneto_0,8.951876640319824,9.614957809448242,32.0,65.0,,20221002,20221002_fish2,zebrafish,WB,mag,2160.0,178,0.9368641852642382,22,0.6,2022_10_02-fish2_cytoGCaMP
93,0.7055096428600464,0.8326451799018201,0.1,engert_20221002_fish2_magneto_0,80.86783599853516,84.2552261352539,32.0,65.0,,20221002,20221002_fish2,zebrafish,WB,mag,2160.0,187,0.9371238759632508,18,0.6,2022_10_02-fish2_cytoGCaMP
94,0.39173704097152573,1.3682418429809604,0.1,engert_20221002_fish2_magneto_0,144.41134643554688,141.582275390625,32.0,65.0,,20221002,20221002_fish2,zebrafish,WB,mag,2160.0,191,0.8225243287619431,37,0.6,2022_10_02-fish2_cytoGCaMP
95,0.4534179607150616,1.256215964024926,0.1,engert_20221002_fish2_magneto_0,83.10006713867188,75.26460266113281,32.0,65.0,,20221002,20221002_fish2,zebrafish,WB,mag,2160.0,192,0.8130769027048902,49,0.6,2022_10_02-fish2_cytoGCaMP
96,0.24587445315631073,1.677228598399349,0.1,engert_20221002_fish2_magneto_0,176.88504028320312,169.00169372558594,32.0,65.0,,20221002,20221002_fish2,zebrafish,WB,mag,2160.0,195,0.8916660342380572,27,0.6,2022_10_02-fish2_cytoGCaMP
97,0.696293781553976,0.8482460282271619,0.1,engert_20221002_fish2_magneto_0,44.83975601196289,47.143375396728516,32.0,65.0,,20221002,20221002_fish2,zebrafish,WB,mag,2160.0,196,0.9338386657392835,26,0.6,2022_10_02-fish2_cytoGCaMP
98,0.5216025762651606,1.1388754694631922,0.1,engert_20221002_fish2_magneto_0,51.979732513427734,51.751312255859375,32.0,65.0,,20221002,20221002_fish2,zebrafish,WB,mag,2160.0,198,0.9530118194027901,20,0.6,2022_10_02-fish2_cytoGCaMP
99,0.3277314644838438,1.4938866153973154,0.1,engert_20221002_fish2_magneto_0,39.02743911743164,38.988853454589844,32.0,65.0,,20221002,20221002_fish2,zebrafish,WB,mag,2160.0,201,0.9756622424739081,19,0.6,2022_10_02-fish2_cytoGCaMP
100,0.46973272778329056,1.2276417083559548,0.1,engert_20221002_fish2_magneto_0,170.3040313720703,170.3060760498047,32.0,65.0,,20221002,20221002_fish2,zebrafish,WB,mag,2160.0,203,0.9872263992681265,20,0.6,2022_10_02-fish2_cytoGCaMP
101,0.3094908542867788,1.5321054647340628,0.1,engert_20221002_fish2_magneto_0,136.38711547851562,124.52249908447266,32.0,65.0,,20221002,20221002_fish2,zebrafish,WB,mag,2160.0,207,0.9974120745332403,39,0.6,2022_10_02-fish2_cytoGCaMP
102,0.9028833467982514,0.44992893956902064,0.1,engert_20221002_fish2_magneto_0,35.08052062988281,37.268619537353516,32.0,65.0,,20221002,20221002_fish2,zebrafish,WB,mag,2160.0,208,0.9891592633535633,25,0.6,2022_10_02-fish2_cytoGCaMP
103,0.8329142915063699,0.602256239442856,0.1,engert_20221002_fish2_magneto_0,42.38920974731445,42.8388671875,32.0,65.0,,20221002,20221002_fish2,zebrafish,WB,mag,2160.0,211,0.7371092232189208,54,0.6,2022_10_02-fish2_cytoGCaMP
104,0.7099460087979765,0.8251051183824359,0.1,engert_20221002_fish2_magneto_0,160.6224822998047,138.63491821289062,32.0,65.0,,20221002,20221002_fish2,zebrafish,WB,mag,2160.0,212,0.967819823891021,37,0.6,2022_10_02-fish2_cytoGCaMP
105,0.8313440125733859,0.605363556287789,0.1,engert_20221002_fish2_magneto_0,22.440122604370117,22.4289608001709,32.0,65.0,,20221002,20221002_fish2,zebrafish,WB,mag,2160.0,213,0.9799145540632624,36,0.6,2022_10_02-fish2_cytoGCaMP
106,0.5174208578552986,1.1459356130253027,0.1,engert_20221002_fish2_magneto_0,116.56476593017578,132.12234497070312,32.0,65.0,,20221002,20221002_fish2,zebrafish,WB,mag,2160.0,216,0.9291611551395437,43,0.6,2022_10_02-fish2_cytoGCaMP
107,0.5031670358800837,1.1701134973123206,0.1,engert_20221002_fish2_magneto_0,146.6240234375,147.01927185058594,32.0,65.0,,20221002,20221002_fish2,zebrafish,WB,mag,2160.0,222,0.910495718804024,40,0.6,2022_10_02-fish2_cytoGCaMP
108,0.5960159795639011,1.0149283280676116,0.1,engert_20221002_fish2_magneto_0,14.071840286254883,13.624005317687988,32.0,65.0,,20221002,20221002_fish2,zebrafish,WB,mag,2160.0,225,0.9204154325805134,15,0.6,2022_10_02-fish2_cytoGCaMP
109,0.3976794348372853,1.3571230229576752,0.1,engert_20221002_fish2_magneto_0,87.3267822265625,81.04244995117188,32.0,65.0,,20221002,20221002_fish2,zebrafish,WB,mag,2160.0,228,0.9567526504513476,71,0.6,2022_10_02-fish2_cytoGCaMP
110,0.5033915465268368,1.1697312498637251,0.1,engert_20221002_fish2_magneto_0,13.387862205505371,13.811179161071777,32.0,65.0,,20221002,20221002_fish2,zebrafish,WB,mag,2160.0,229,0.6806427165972095,25,0.6,2022_10_02-fish2_cytoGCaMP
111,0.5231032206541573,1.136345283080672,0.1,engert_20221002_fish2_magneto_0,72.95918273925781,70.44947814941406,32.0,65.0,,20221002,20221002_fish2,zebrafish,WB,mag,2160.0,231,0.9924027802460084,22,0.6,2022_10_02-fish2_cytoGCaMP
112,0.0017756194792613034,3.6320566098640508,0.1,engert_20221002_fish2_magneto_0,10.67346477508545,11.694655418395996,32.0,65.0,,20221002,20221002_fish2,zebrafish,WB,mag,2160.0,237,0.9571939504052975,29,0.6,2022_10_02-fish2_cytoGCaMP
113,0.9969059274743698,0.07785186455240824,0.1,engert_20221002_fish2_magneto_0,140.9712371826172,130.2130126953125,32.0,65.0,,20221002,20221002_fish2,zebrafish,WB,mag,2160.0,238,0.9629322309938276,59,0.6,2022_10_02-fish2_cytoGCaMP
114,0.3677139879091146,1.414051402445512,0.1,engert_20221002_fish2_magneto_0,144.85589599609375,139.65501403808594,32.0,65.0,,20221002,20221002_fish2,zebrafish,WB,mag,2160.0,239,0.9972106310050716,49,0.6,2022_10_02-fish2_cytoGCaMP
115,0.623353435081309,0.9697610685153852,0.1,engert_20221002_fish2_magneto_0,215.9349365234375,206.60723876953125,32.0,65.0,,20221002,20221002_fish2,zebrafish,WB,mag,2160.0,241,0.9216376631335804,38,0.6,2022_10_02-fish2_cytoGCaMP
116,0.2560564457556538,1.6525269636794402,0.1,engert_20221002_fish2_magneto_0,39.18014144897461,38.592926025390625,32.0,65.0,,20221002,20221002_fish2,zebrafish,WB,mag,2160.0,243,0.9518337202590406,19,0.6,2022_10_02-fish2_cytoGCaMP
117,0.46555560147322983,1.2349229065294938,0.1,engert_20221002_fish2_magneto_0,43.214962005615234,51.722747802734375,32.0,65.0,,20221002,20221002_fish2,zebrafish,WB,mag,2160.0,245,0.9915572655673232,33,0.6,2022_10_02-fish2_cytoGCaMP
118,0.36661693530060113,1.4161787247739972,0.1,engert_20221002_fish2_magneto_0,50.868072509765625,50.86090087890625,32.0,65.0,,20221002,20221002_fish2,zebrafish,WB,mag,2160.0,247,0.9126288720030427,44,0.6,2022_10_02-fish2_cytoGCaMP
119,0.46656276083983006,1.2331652102753023,0.1,engert_20221002_fish2_magneto_0,37.39151382446289,40.80421829223633,32.0,65.0,,20221002,20221002_fish2,zebrafish,WB,mag,2160.0,250,0.9556115117538726,16,0.6,2022_10_02-fish2_cytoGCaMP
120,0.6306073246919974,0.957768461377308,0.1,engert_20221002_fish2_magneto_0,179.90785217285156,181.57789611816406,32.0,65.0,,20221002,20221002_fish2,zebrafish,WB,mag,2160.0,255,0.9828826797330615,40,0.6,2022_10_02-fish2_cytoGCaMP
121,0.2849952472408891,1.5855758066832584,0.1,engert_20221002_fish2_magneto_0,108.6504898071289,106.95790100097656,32.0,65.0,,20221002,20221002_fish2,zebrafish,WB,mag,2160.0,257,0.6671429145137411,23,0.6,2022_10_02-fish2_cytoGCaMP
122,0.4912841443023761,1.1904176944135574,0.1,engert_20221002_fish2_magneto_0,89.1964340209961,83.42805480957031,32.0,65.0,,20221002,20221002_fish2,zebrafish,WB,mag,2160.0,258,0.9788951896399142,43,0.6,2022_10_02-fish2_cytoGCaMP
123,0.4835334244351147,1.2037420826480711,0.1,engert_20221002_fish2_magneto_0,4.985876560211182,6.053043365478516,32.0,65.0,,20221002,20221002_fish2,zebrafish,WB,mag,2160.0,260,0.9548307395787556,26,0.6,2022_10_02-fish2_cytoGCaMP
124,0.5140303627563348,1.151670504934852,0.1,engert_20221002_fish2_magneto_0,9.262584686279297,11.240316390991211,32.0,65.0,,20221002,20221002_fish2,zebrafish,WB,mag,2160.0,261,0.8776833054535933,21,0.6,2022_10_02-fish2_cytoGCaMP
125,0.24321128004997838,1.6837992690477566,0.1,engert_20221002_fish2_magneto_0,101.30868530273438,92.56658935546875,32.0,65.0,,20221002,20221002_fish2,zebrafish,WB,mag,2160.0,263,0.9943130009411966,22,0.6,2022_10_02-fish2_cytoGCaMP
126,0.35014134427891497,1.4485338301682311,0.1,engert_20221002_fish2_magneto_0,29.872968673706055,28.26932144165039,32.0,65.0,,20221002,20221002_fish2,zebrafish,WB,mag,2160.0,266,0.9889114403153079,36,0.6,2022_10_02-fish2_cytoGCaMP
127,0.422976011017412,1.310623283342545,0.1,engert_20221002_fish2_magneto_0,20.2506160736084,20.05913543701172,32.0,65.0,,20221002,20221002_fish2,zebrafish,WB,mag,2160.0,276,0.9927292034793747,32,0.6,2022_10_02-fish2_cytoGCaMP
128,0.7051384291341201,0.8332751820601234,0.1,engert_20221002_fish2_magneto_0,16.66945457458496,17.23040008544922,32.0,65.0,,20221002,20221002_fish2,zebrafish,WB,mag,2160.0,277,0.9671076238700254,26,0.6,2022_10_02-fish2_cytoGCaMP
129,0.9144210511487781,0.4209858745113895,0.1,engert_20221002_fish2_magneto_0,145.96170043945312,134.27915954589844,32.0,65.0,,20221002,20221002_fish2,zebrafish,WB,mag,2160.0,278,0.9557443243642766,27,0.6,2022_10_02-fish2_cytoGCaMP
130,0.2324026508538929,1.710965749339088,0.1,engert_20221002_fish2_magneto_0,8.443881034851074,8.303114891052246,32.0,65.0,,20221002,20221002_fish2,zebrafish,WB,mag,2160.0,281,0.9450672820382109,46,0.6,2022_10_02-fish2_cytoGCaMP
131,0.28278093152958894,1.5905443005730238,0.1,engert_20221002_fish2_magneto_0,47.989837646484375,51.860321044921875,32.0,65.0,,20221002,20221002_fish2,zebrafish,WB,mag,2160.0,283,0.9078478082104475,38,0.6,2022_10_02-fish2_cytoGCaMP
132,0.9439299758534094,0.3379522493878725,0.1,engert_20221002_fish2_magneto_0,39.741371154785156,36.473548889160156,32.0,65.0,,20221002,20221002_fish2,zebrafish,WB,mag,2160.0,284,0.9587863937115572,22,0.6,2022_10_02-fish2_cytoGCaMP
133,0.6359532067411368,0.9489240788099188,0.1,engert_20221002_fish2_magneto_0,37.15913772583008,36.24024200439453,32.0,65.0,,20221002,20221002_fish2,zebrafish,WB,mag,2160.0,285,0.9440207862942251,33,0.6,2022_10_02-fish2_cytoGCaMP
134,0.20245847898585034,1.790987701692944,0.1,engert_20221002_fish2_magneto_0,183.0260467529297,177.7029571533203,32.0,65.0,,20221002,20221002_fish2,zebrafish,WB,mag,2160.0,286,0.9726165720671203,27,0.6,2022_10_02-fish2_cytoGCaMP
135,0.48606263518694026,1.19938669395018,0.1,engert_20221002_fish2_magneto_0,38.80830383300781,51.05353546142578,32.0,65.0,,20221002,20221002_fish2,zebrafish,WB,mag,2160.0,287,0.6086367252359006,25,0.6,2022_10_02-fish2_cytoGCaMP
136,0.404051308562552,1.3452869201751199,0.1,engert_20221002_fish2_magneto_0,67.63697052001953,96.6080322265625,32.0,65.0,,20221002,20221002_fish2,zebrafish,WB,mag,2160.0,288,0.937679180110997,24,0.6,2022_10_02-fish2_cytoGCaMP
137,0.5043958981554537,1.1680217504282961,0.1,engert_20221002_fish2_magneto_0,197.4221649169922,198.36465454101562,32.0,65.0,,20221002,20221002_fish2,zebrafish,WB,mag,2160.0,289,0.6709150494512152,28,0.6,2022_10_02-fish2_cytoGCaMP
138,0.5972735130967346,1.0128499549963184,0.1,engert_20221002_fish2_magneto_0,72.55878448486328,73.07979583740234,32.0,65.0,,20221002,20221002_fish2,zebrafish,WB,mag,2160.0,294,0.9545188455347183,23,0.6,2022_10_02-fish2_cytoGCaMP
139,0.43086516975818845,1.2963734994363332,0.1,engert_20221002_fish2_magneto_0,62.91215896606445,64.96658325195312,32.0,65.0,,20221002,20221002_fish2,zebrafish,WB,mag,2160.0,296,0.6681529741079498,21,0.6,2022_10_02-fish2_cytoGCaMP
140,0.11976409992190729,2.068748126504368,0.1,engert_20221002_fish2_magneto_0,37.99720764160156,48.2569694519043,32.0,65.0,,20221002,20221002_fish2,zebrafish,WB,mag,2160.0,299,0.9266020873325932,20,0.6,2022_10_02-fish2_cytoGCaMP
141,0.335594254829775,1.4777848917170122,0.1,engert_20221002_fish2_magneto_0,15.75046157836914,17.72286033630371,32.0,65.0,,20221002,20221002_fish2,zebrafish,WB,mag,2160.0,300,0.967229339001201,34,0.6,2022_10_02-fish2_cytoGCaMP
142,0.20913193183290135,1.7724834678449912,0.1,engert_20221002_fish2_magneto_0,170.4907684326172,185.57611083984375,32.0,65.0,,20221002,20221002_fish2,zebrafish,WB,mag,2160.0,303,0.914858347505808,20,0.6,2022_10_02-fish2_cytoGCaMP
143,0.3733365411126919,1.403199220509278,0.1,engert_20221002_fish2_magneto_0,7.75386381149292,8.936279296875,32.0,65.0,,20221002,20221002_fish2,zebrafish,WB,mag,2160.0,305,0.9344633637927029,19,0.6,2022_10_02-fish2_cytoGCaMP
144,0.7598174379914897,0.7385853392544285,0.1,engert_20221002_fish2_magneto_0,12.526782035827637,13.838357925415039,32.0,65.0,,20221002,20221002_fish2,zebrafish,WB,mag,2160.0,317,0.9845981211974066,39,0.6,2022_10_02-fish2_cytoGCaMP
145,0.4577623971372001,1.2485706091520083,0.1,engert_20221002_fish2_magneto_0,131.5519256591797,131.79434204101562,32.0,65.0,,20221002,20221002_fish2,zebrafish,WB,mag,2160.0,318,0.8892165306094278,18,0.6,2022_10_02-fish2_cytoGCaMP
146,0.35982766383051623,1.4294174731144,0.1,engert_20221002_fish2_magneto_0,196.02989196777344,199.9490966796875,32.0,65.0,,20221002,20221002_fish2,zebrafish,WB,mag,2160.0,319,0.886490350111545,22,0.6,2022_10_02-fish2_cytoGCaMP
147,0.1140852897027651,2.0926902374049927,0.1,engert_20221002_fish2_magneto_0,28.550809860229492,34.86476135253906,32.0,65.0,,20221002,20221002_fish2,zebrafish,WB,mag,2160.0,320,0.9899365076665528,25,0.6,2022_10_02-fish2_cytoGCaMP
148,0.3574482567364108,1.4340878544842388,0.1,engert_20221002_fish2_magneto_0,51.03227615356445,51.60417175292969,32.0,65.0,,20221002,20221002_fish2,zebrafish,WB,mag,2160.0,323,0.9837282520083446,19,0.6,2022_10_02-fish2_cytoGCaMP
149,0.9321998234709234,0.37284942899581625,0.1,engert_20221002_fish2_magneto_0,67.53429412841797,68.61880493164062,32.0,65.0,,20221002,20221002_fish2,zebrafish,WB,mag,2160.0,325,0.8591287372574216,15,0.6,2022_10_02-fish2_cytoGCaMP
150,0.23804991733770287,1.69666981446079,0.1,engert_20221002_fish2_magneto_0,11.71908187866211,11.75172233581543,32.0,65.0,,20221002,20221002_fish2,zebrafish,WB,mag,2160.0,326,0.9620220910902109,17,0.6,2022_10_02-fish2_cytoGCaMP
151,0.0650922395371637,2.3527906761823076,0.1,engert_20221002_fish2_magneto_0,10.186321258544922,9.122139930725098,32.0,65.0,,20221002,20221002_fish2,zebrafish,WB,mag,2160.0,327,0.9472047253892849,29,0.6,2022_10_02-fish2_cytoGCaMP
152,0.3307807771564377,1.4876167997865062,0.1,engert_20221002_fish2_magneto_0,19.034927368164062,23.400724411010742,32.0,65.0,,20221002,20221002_fish2,zebrafish,WB,mag,2160.0,332,0.7154680251772604,33,0.6,2022_10_02-fish2_cytoGCaMP
153,0.7077090380653581,0.8289096625832244,0.1,engert_20221002_fish2_magneto_0,64.5098876953125,57.567100524902344,32.0,65.0,,20221002,20221002_fish2,zebrafish,WB,mag,2160.0,334,0.7480012153891376,46,0.6,2022_10_02-fish2_cytoGCaMP
154,0.976025016913511,0.2189425835868425,0.1,engert_20221002_fish2_magneto_0,7.8998870849609375,6.904473781585693,32.0,65.0,,20221002,20221002_fish2,zebrafish,WB,mag,2160.0,335,0.792165934477553,25,0.6,2022_10_02-fish2_cytoGCaMP
155,0.5055214390828182,1.1661071562149898,0.1,engert_20221002_fish2_magneto_0,99.53264617919922,76.6272964477539,32.0,65.0,,20221002,20221002_fish2,zebrafish,WB,mag,2160.0,337,0.8117337642068232,25,0.6,2022_10_02-fish2_cytoGCaMP
156,0.3156771440838757,1.5190016733465042,0.1,engert_20221002_fish2_magneto_0,37.34882736206055,22.4429988861084,32.0,65.0,,20221002,20221002_fish2,zebrafish,WB,mag,2160.0,341,0.6164051037768749,13,0.6,2022_10_02-fish2_cytoGCaMP
157,0.20325348442459434,1.7887613183971955,0.1,engert_20221002_fish2_magneto_0,74.50198364257812,82.23494720458984,32.0,65.0,,20221002,20221002_fish2,zebrafish,WB,mag,2160.0,346,0.9875018802442961,76,0.6,2022_10_02-fish2_cytoGCaMP
158,0.06320656319084972,2.3656862094355127,0.1,engert_20221002_fish2_magneto_0,17.130617141723633,18.65302848815918,32.0,65.0,,20221002,20221002_fish2,zebrafish,WB,mag,2160.0,347,0.9661001444185648,23,0.6,2022_10_02-fish2_cytoGCaMP
159,0.27722429854655084,1.6031188576629953,0.1,engert_20221002_fish2_magneto_0,64.99064636230469,69.69605255126953,32.0,65.0,,20221002,20221002_fish2,zebrafish,WB,mag,2160.0,352,0.9898029445275082,38,0.6,2022_10_02-fish2_cytoGCaMP
160,0.7661706180487449,0.7272726182816067,0.1,engert_20221002_fish2_magneto_0,138.77513122558594,132.17784118652344,32.0,65.0,,20221002,20221002_fish2,zebrafish,WB,mag,2160.0,355,0.9137856552960847,22,0.6,2022_10_02-fish2_cytoGCaMP
161,0.6685881180106472,0.8947261378216541,0.1,engert_20221002_fish2_magneto_0,24.854162216186523,35.072242736816406,32.0,65.0,,20221002,20221002_fish2,zebrafish,WB,mag,2160.0,364,0.9957557947226431,32,0.6,2022_10_02-fish2_cytoGCaMP
162,0.7636107760611562,0.7318402995313402,0.1,engert_20221002_fish2_magneto_0,128.63922119140625,135.63352966308594,32.0,65.0,,20221002,20221002_fish2,zebrafish,WB,mag,2160.0,369,0.824387529320919,19,0.6,2022_10_02-fish2_cytoGCaMP
163,0.5652846298312594,1.0658239567276837,0.1,engert_20221002_fish2_magneto_0,67.73543548583984,54.578529357910156,32.0,65.0,,20221002,20221002_fish2,zebrafish,WB,mag,2160.0,372,0.9693119006437423,23,0.6,2022_10_02-fish2_cytoGCaMP
164,0.9975962701944721,0.06852981885328814,0.1,engert_20221002_fish2_magneto_0,109.57180786132812,73.6357421875,32.0,65.0,,20221002,20221002_fish2,zebrafish,WB,mag,2160.0,373,0.6319004951467657,19,0.6,2022_10_02-fish2_cytoGCaMP
165,0.9999936167721842,1.2945703617286893e-07,0.1,engert_20221002_fish2_magneto_0,52.67792510986328,53.84392166137695,32.0,65.0,,20221002,20221002_fish2,zebrafish,WB,mag,2160.0,374,0.817553284753304,21,0.6,2022_10_02-fish2_cytoGCaMP
166,0.6854707816048302,0.8664709398203846,0.1,engert_20221002_fish2_magneto_0,9.287252426147461,10.492714881896973,32.0,65.0,,20221002,20221002_fish2,zebrafish,WB,mag,2160.0,377,0.9419451714397397,37,0.6,2022_10_02-fish2_cytoGCaMP
167,0.4257182101387036,1.3056574849554916,0.1,engert_20221002_fish2_magneto_0,47.74808883666992,61.3880729675293,32.0,65.0,,20221002,20221002_fish2,zebrafish,WB,mag,2160.0,379,0.9174236803137679,53,0.6,2022_10_02-fish2_cytoGCaMP
168,0.24165001926265428,1.6876733216905844,0.1,engert_20221002_fish2_magneto_0,97.78182983398438,97.64012908935547,32.0,65.0,,20221002,20221002_fish2,zebrafish,WB,mag,2160.0,388,0.9104997857585677,20,0.6,2022_10_02-fish2_cytoGCaMP
169,0.6466685968332264,0.9311738946362024,0.1,engert_20221002_fish2_magneto_0,99.26937103271484,99.84559631347656,32.0,65.0,,20221002,20221002_fish2,zebrafish,WB,mag,2160.0,389,0.6255749862302301,34,0.6,2022_10_02-fish2_cytoGCaMP
170,0.15753833512587445,1.9284270957669931,0.1,engert_20221002_fish2_magneto_0,133.68637084960938,132.81361389160156,32.0,65.0,,20221002,20221002_fish2,zebrafish,WB,mag,2160.0,393,0.8970813995594006,27,0.6,2022_10_02-fish2_cytoGCaMP
171,0.9621635105526675,0.2761839273521949,0.1,engert_20221002_fish2_magneto_0,85.6940689086914,87.77787780761719,32.0,65.0,,20221002,20221002_fish2,zebrafish,WB,mag,2160.0,395,0.8885023639075535,17,0.6,2022_10_02-fish2_cytoGCaMP
172,0.7489845607371793,0.7577016709923603,0.1,engert_20221002_fish2_magneto_0,18.9500732421875,30.832075119018555,32.0,65.0,,20221002,20221002_fish2,zebrafish,WB,mag,2160.0,396,0.8653575954576139,19,0.6,2022_10_02-fish2_cytoGCaMP
173,0.46263583090990257,1.2400262558007649,0.1,engert_20221002_fish2_magneto_0,195.62887573242188,194.5826873779297,32.0,65.0,,20221002,20221002_fish2,zebrafish,WB,mag,2160.0,399,0.9756622424739081,17,0.6,2022_10_02-fish2_cytoGCaMP
174,0.7207219622422892,0.8066997912660693,0.1,engert_20221002_fish2_magneto_0,9.0527925491333,7.877938270568848,32.0,65.0,,20221002,20221002_fish2,zebrafish,WB,mag,2160.0,411,0.9060923271219496,24,0.6,2022_10_02-fish2_cytoGCaMP
175,0.8768349748429342,0.510466157005987,0.1,engert_20221002_fish2_magneto_0,94.81873321533203,94.09227752685547,32.0,65.0,,20221002,20221002_fish2,zebrafish,WB,mag,2160.0,414,0.7505734042223576,26,0.6,2022_10_02-fish2_cytoGCaMP
176,0.7891917567372192,0.6855554854497518,0.1,engert_20221002_fish2_magneto_0,207.7350616455078,209.1062469482422,32.0,65.0,,20221002,20221002_fish2,zebrafish,WB,mag,2160.0,415,0.6164051037768749,12,0.6,2022_10_02-fish2_cytoGCaMP
177,0.5990592922946446,1.0098988357530163,0.1,engert_20221002_fish2_magneto_0,12.512680053710938,13.061911582946777,32.0,65.0,,20221002,20221002_fish2,zebrafish,WB,mag,2160.0,417,0.9567205960150389,25,0.6,2022_10_02-fish2_cytoGCaMP
178,0.2505641155114722,1.6657704068105421,0.1,engert_20221002_fish2_magneto_0,32.00322341918945,34.78083038330078,32.0,65.0,,20221002,20221002_fish2,zebrafish,WB,mag,2160.0,426,0.824527797379165,13,0.6,2022_10_02-fish2_cytoGCaMP
179,0.10201679322823365,2.146847709279341,0.1,engert_20221002_fish2_magneto_0,72.6795425415039,68.1746826171875,32.0,65.0,,20221002,20221002_fish2,zebrafish,WB,mag,2160.0,432,0.8414035104793542,23,0.6,2022_10_02-fish2_cytoGCaMP
180,0.13031856468383696,2.026492174655309,0.1,engert_20221002_fish2_magneto_0,30.243934631347656,31.792285919189453,32.0,65.0,,20221002,20221002_fish2,zebrafish,WB,mag,2160.0,433,0.9890485500929802,27,0.6,2022_10_02-fish2_cytoGCaMP
181,0.15390197065495936,1.9407519583133541,0.1,engert_20221002_fish2_magneto_0,47.68525695800781,49.09223556518555,32.0,65.0,,20221002,20221002_fish2,zebrafish,WB,mag,2160.0,437,0.953520231533769,24,0.6,2022_10_02-fish2_cytoGCaMP
182,0.4051320339288089,1.3432879956191643,0.1,engert_20221002_fish2_magneto_0,71.7560043334961,60.74376678466797,32.0,65.0,,20221002,20221002_fish2,zebrafish,WB,mag,2160.0,450,0.9395636315804654,21,0.6,2022_10_02-fish2_cytoGCaMP
183,0.0650825385017807,2.3528561812636255,0.1,engert_20221002_fish2_magneto_0,79.40846252441406,78.00454711914062,32.0,65.0,,20221002,20221002_fish2,zebrafish,WB,mag,2160.0,462,0.966355581639669,27,0.6,2022_10_02-fish2_cytoGCaMP
184,0.511534480766181,1.1558984336069245,0.1,engert_20221002_fish2_magneto_0,53.251068115234375,57.48204803466797,32.0,65.0,,20221002,20221002_fish2,zebrafish,WB,mag,2160.0,481,0.9723654571443735,17,0.6,2022_10_02-fish2_cytoGCaMP
185,0.45522017314838525,1.2530410592279906,0.1,engert_20221002_fish2_magneto_0,38.45381164550781,38.40076446533203,32.0,65.0,,20221002,20221002_fish2,zebrafish,WB,mag,2160.0,502,0.7056713071500116,13,0.6,2022_10_02-fish2_cytoGCaMP
186,0.41292119127327964,1.328952137726772,0.1,engert_20221002_fish2_magneto_0,62.65081024169922,67.75543212890625,32.0,65.0,,20221002,20221002_fish2,zebrafish,WB,mag,2160.0,507,0.9885302148046131,25,0.6,2022_10_02-fish2_cytoGCaMP
187,0.29658840660638885,1.5599396727569421,0.1,engert_20221002_fish2_magneto_0,27.43437385559082,30.569339752197266,32.0,65.0,,20221002,20221002_fish2,zebrafish,WB,mag,2160.0,511,0.8315435168367059,21,0.6,2022_10_02-fish2_cytoGCaMP
188,0.7788784589378718,0.7043943554692551,0.1,engert_20221002_fish2_magneto_0,86.29763793945312,55.9316291809082,32.0,65.0,,20221002,20221002_fish2,zebrafish,WB,mag,2160.0,528,0.6011917076484289,16,0.6,2022_10_02-fish2_cytoGCaMP
189,0.7167304798289824,0.8135328620988401,0.1,engert_20221002_fish2_magneto_0,71.32882690429688,68.48749542236328,32.0,65.0,,20221002,20221002_fish2,zebrafish,WB,mag,2160.0,533,0.9614358333698282,23,0.6,2022_10_02-fish2_cytoGCaMP
190,0.06824309465153966,2.331917194482164,0.1,engert_20221002_fish2_magneto_0,29.76213836669922,38.6558837890625,32.0,65.0,,20221002,20221002_fish2,zebrafish,WB,mag,2160.0,546,0.9783269710353305,19,0.6,2022_10_02-fish2_cytoGCaMP
191,0.21804790228191462,1.7483873896694004,0.1,engert_20221002_fish2_magneto_0,29.20771026611328,31.820215225219727,32.0,65.0,,20221002,20221002_fish2,zebrafish,WB,mag,2160.0,547,0.9212988137393688,20,0.6,2022_10_02-fish2_cytoGCaMP
192,0.3346579817767956,1.4796911431656805,0.1,engert_20221002_fish2_magneto_0,47.977149963378906,44.226802825927734,32.0,65.0,,20221002,20221002_fish2,zebrafish,WB,mag,2160.0,553,0.6455509395536863,28,0.6,2022_10_02-fish2_cytoGCaMP
193,0.30024245426320695,1.5519850484184534,0.1,engert_20221002_fish2_magneto_0,153.984375,153.74893188476562,32.0,65.0,,20221002,20221002_fish2,zebrafish,WB,mag,2160.0,563,0.8592007397143092,20,0.6,2022_10_02-fish2_cytoGCaMP
194,0.27222542879190903,1.6145659147742843,0.1,engert_20221002_fish2_magneto_0,5.567296981811523,6.409298419952393,32.0,65.0,,20221002,20221002_fish2,zebrafish,WB,mag,2160.0,574,0.9171572075305857,32,0.6,2022_10_02-fish2_cytoGCaMP
195,0.1432078261345584,1.9783048643876724,0.1,engert_20221002_fish2_magneto_0,53.42695617675781,51.41041564941406,32.0,65.0,,20221002,20221002_fish2,zebrafish,WB,mag,2160.0,575,0.9715430940159777,35,0.6,2022_10_02-fish2_cytoGCaMP
196,0.15510447511554648,1.9366525685364229,0.1,engert_20221002_fish2_magneto_0,39.48215103149414,38.47720718383789,32.0,65.0,,20221002,20221002_fish2,zebrafish,WB,mag,2160.0,576,0.9895128768300228,25,0.6,2022_10_02-fish2_cytoGCaMP
197,0.71665267934661,0.813665867390531,0.1,engert_20221002_fish2_magneto_0,21.72635269165039,26.194860458374023,32.0,65.0,,20221002,20221002_fish2,zebrafish,WB,mag,2160.0,577,0.9917554415198333,30,0.6,2022_10_02-fish2_cytoGCaMP
198,0.3891826687364186,1.3730459562171702,0.1,engert_20221002_fish2_magneto_0,9.954533576965332,9.297982215881348,32.0,65.0,,20221002,20221002_fish2,zebrafish,WB,mag,2160.0,590,0.9566694218291293,26,0.6,2022_10_02-fish2_cytoGCaMP
199,0.8195834723401932,0.6283315989258084,0.1,engert_20221002_fish2_magneto_0,13.714441299438477,15.098808288574219,32.0,65.0,,20221002,20221002_fish2,zebrafish,WB,mag,2160.0,593,0.690599791601225,30,0.6,2022_10_02-fish2_cytoGCaMP
200,0.4374158994110696,1.2846240410121275,0.1,engert_20221002_fish2_magneto_0,21.49045753479004,21.795738220214844,32.0,65.0,,20221002,20221002_fish2,zebrafish,WB,mag,2160.0,603,0.8639463450688636,18,0.6,2022_10_02-fish2_cytoGCaMP
201,0.7078943752164684,0.828594620965693,0.1,engert_20221002_fish2_magneto_0,29.685544967651367,34.780006408691406,32.0,65.0,,20221002,20221002_fish2,zebrafish,WB,mag,2160.0,608,0.9896523663268578,46,0.6,2022_10_02-fish2_cytoGCaMP
202,0.34986064250411353,1.449091904164388,0.1,engert_20221002_fish2_magneto_0,36.71553039550781,42.6876335144043,32.0,65.0,,20221002,20221002_fish2,zebrafish,WB,mag,2160.0,613,0.9626013327503261,35,0.6,2022_10_02-fish2_cytoGCaMP
203,0.7308862078983447,0.7892091467382546,0.1,engert_20221002_fish2_magneto_0,166.933837890625,106.44296264648438,32.0,65.0,,20221002,20221002_fish2,zebrafish,WB,mag,2160.0,626,0.9238325230106802,18,0.6,2022_10_02-fish2_cytoGCaMP
204,0.06462107507568193,2.355983344780228,0.1,engert_20221002_fish2_magneto_0,62.44491195678711,63.543907165527344,32.0,65.0,,20221002,20221002_fish2,zebrafish,WB,mag,2160.0,627,0.8146080445680076,15,0.6,2022_10_02-fish2_cytoGCaMP
205,0.6011652951591105,1.0064189303750253,0.1,engert_20221002_fish2_magneto_0,35.10280227661133,36.39875793457031,32.0,65.0,,20221002,20221002_fish2,zebrafish,WB,mag,2160.0,635,0.8844658180211479,26,0.6,2022_10_02-fish2_cytoGCaMP
206,0.5047489163422298,1.1674211549738427,0.1,engert_20221002_fish2_magneto_0,102.25379943847656,102.8733901977539,32.0,65.0,,20221002,20221002_fish2,zebrafish,WB,mag,2160.0,636,0.9034245463349169,23,0.6,2022_10_02-fish2_cytoGCaMP
207,0.8115114874509884,0.6438086621529537,0.1,engert_20221002_fish2_magneto_0,138.94398498535156,138.9159698486328,32.0,65.0,,20221002,20221002_fish2,zebrafish,WB,mag,2160.0,655,0.8285589278893978,16,0.6,2022_10_02-fish2_cytoGCaMP
208,0.2788017780471791,1.5995333587810714,0.1,engert_20221002_fish2_magneto_0,16.162635803222656,14.51962661743164,32.0,65.0,,20221002,20221002_fish2,zebrafish,WB,mag,2160.0,675,0.8963321116106668,40,0.6,2022_10_02-fish2_cytoGCaMP
209,0.07778221274326003,2.2732249489322256,0.1,engert_20221002_fish2_magneto_0,37.02931213378906,34.5270881652832,32.0,65.0,,20221002,20221002_fish2,zebrafish,WB,mag,2160.0,684,0.8392675683499192,21,0.6,2022_10_02-fish2_cytoGCaMP
210,0.2883296950723958,1.5781383325600162,0.1,engert_20221002_fish2_magneto_0,114.49423217773438,113.60012817382812,32.0,65.0,,20221002,20221002_fish2,zebrafish,WB,mag,2160.0,685,0.7385479981274109,15,0.6,2022_10_02-fish2_cytoGCaMP
211,0.33939796661721455,1.4700706268608599,0.1,engert_20221002_fish2_magneto_0,24.20100212097168,25.30193328857422,32.0,65.0,,20221002,20221002_fish2,zebrafish,WB,mag,2160.0,696,0.8264684855734593,26,0.6,2022_10_02-fish2_cytoGCaMP
212,0.42710005151017383,1.3031602845982948,0.1,engert_20221002_fish2_magneto_0,146.7012939453125,146.40272521972656,32.0,65.0,,20221002,20221002_fish2,zebrafish,WB,mag,2160.0,715,0.9341601212810209,21,0.6,2022_10_02-fish2_cytoGCaMP
213,0.42401811110413923,1.3087345327189357,0.1,engert_20221002_fish2_magneto_0,173.26889038085938,171.03109741210938,32.0,65.0,,20221002,20221002_fish2,zebrafish,WB,mag,2160.0,734,0.9830731549233687,34,0.6,2022_10_02-fish2_cytoGCaMP
214,0.5691920932125547,1.0593371382341448,0.1,engert_20221002_fish2_magneto_0,13.838751792907715,13.609825134277344,32.0,65.0,,20221002,20221002_fish2,zebrafish,WB,mag,2160.0,735,0.9698645011183459,44,0.6,2022_10_02-fish2_cytoGCaMP
215,0.1756231409692921,1.8700658044455205,0.1,engert_20221002_fish2_magneto_0,83.77035522460938,82.57894134521484,32.0,65.0,,20221002,20221002_fish2,zebrafish,WB,mag,2160.0,737,0.8508283192248024,33,0.6,2022_10_02-fish2_cytoGCaMP
216,0.3108685995627397,1.5291740488756977,0.1,engert_20221002_fish2_magneto_0,19.627655029296875,14.083353042602539,32.0,65.0,,20221002,20221002_fish2,zebrafish,WB,mag,2160.0,738,0.7675614183159706,15,0.6,2022_10_02-fish2_cytoGCaMP
217,0.8470950219760732,0.5737138777453664,0.1,engert_20221002_fish2_magneto_0,126.232177734375,115.19674682617188,32.0,65.0,,20221002,20221002_fish2,zebrafish,WB,mag,2160.0,750,0.9918527681210911,63,0.6,2022_10_02-fish2_cytoGCaMP
218,0.598364278945496,1.0110473502153972,0.1,engert_20221002_fish2_magneto_0,103.10359191894531,106.63676452636719,32.0,65.0,,20221002,20221002_fish2,zebrafish,WB,mag,2160.0,754,0.9141115345381801,43,0.6,2022_10_02-fish2_cytoGCaMP
219,0.08326436816530525,2.2421115017812836,0.1,engert_20221002_fish2_magneto_0,148.73902893066406,152.9681854248047,32.0,65.0,,20221002,20221002_fish2,zebrafish,WB,mag,2160.0,759,0.9912600553764466,23,0.6,2022_10_02-fish2_cytoGCaMP
220,0.28957428454976897,1.5753758150007973,0.1,engert_20221002_fish2_magneto_0,9.462078094482422,9.386043548583984,32.0,65.0,,20221002,20221002_fish2,zebrafish,WB,mag,2160.0,768,0.7117098046643053,26,0.6,2022_10_02-fish2_cytoGCaMP
221,0.5585740757197198,1.0769786508079868,0.1,engert_20221002_fish2_magneto_0,9.435931205749512,10.892863273620605,32.0,65.0,,20221002,20221002_fish2,zebrafish,WB,mag,2160.0,774,0.680181082160264,26,0.6,2022_10_02-fish2_cytoGCaMP
222,0.743992861912998,0.7664423947823875,0.1,engert_20221002_fish2_magneto_0,47.09073257446289,47.09086227416992,32.0,65.0,,20221002,20221002_fish2,zebrafish,WB,mag,2160.0,778,0.9764695641478677,33,0.6,2022_10_02-fish2_cytoGCaMP
223,0.07641879169228827,2.281239326162246,0.1,engert_20221002_fish2_magneto_0,34.701393127441406,34.22373580932617,32.0,65.0,,20221002,20221002_fish2,zebrafish,WB,mag,2160.0,789,0.8939080856644469,18,0.6,2022_10_02-fish2_cytoGCaMP
224,0.4447781244581134,1.271504118585199,0.1,engert_20221002_fish2_magneto_0,33.54313659667969,33.46415710449219,32.0,65.0,,20221002,20221002_fish2,zebrafish,WB,mag,2160.0,794,0.6429730286313806,11,0.6,2022_10_02-fish2_cytoGCaMP
225,0.3411093778696218,1.466615324703626,0.1,engert_20221002_fish2_magneto_0,29.43344497680664,32.762794494628906,32.0,65.0,,20221002,20221002_fish2,zebrafish,WB,mag,2160.0,807,0.6380213768986209,12,0.6,2022_10_02-fish2_cytoGCaMP
226,0.09250875297876238,2.1932127527987415,0.1,engert_20221002_fish2_magneto_0,81.44631958007812,80.78575134277344,32.0,65.0,,20221002,20221002_fish2,zebrafish,WB,mag,2160.0,814,0.9708435510395202,22,0.6,2022_10_02-fish2_cytoGCaMP
227,0.15960754717277048,1.9215077184865694,0.1,engert_20221002_fish2_magneto_0,11.072772026062012,13.388435363769531,32.0,65.0,,20221002,20221002_fish2,zebrafish,WB,mag,2160.0,836,0.8413576052922009,13,0.6,2022_10_02-fish2_cytoGCaMP
228,0.41694783541482894,1.3215887677685936,0.1,engert_20221002_fish2_magneto_0,45.581905364990234,45.573585510253906,32.0,65.0,,20221002,20221002_fish2,zebrafish,WB,mag,2160.0,841,0.6681529741079498,11,0.6,2022_10_02-fish2_cytoGCaMP
229,0.44102420789748376,1.2781828298442444,0.1,engert_20221002_fish2_magneto_0,15.804596900939941,18.450878143310547,32.0,65.0,,20221002,20221002_fish2,zebrafish,WB,mag,2160.0,851,0.9223017925274384,23,0.6,2022_10_02-fish2_cytoGCaMP
230,0.5056229203179955,1.1659345840512902,0.1,engert_20221002_fish2_magneto_0,138.50755310058594,139.1139373779297,32.0,65.0,,20221002,20221002_fish2,zebrafish,WB,mag,2160.0,860,0.8949545189913913,41,0.6,2022_10_02-fish2_cytoGCaMP
231,0.9027767936386806,0.4501891867332215,0.1,engert_20221002_fish2_magneto_0,81.45248413085938,81.71503448486328,32.0,65.0,,20221002,20221002_fish2,zebrafish,WB,mag,2160.0,871,0.9901867499646849,24,0.6,2022_10_02-fish2_cytoGCaMP
232,0.10529268257472724,2.1316685463707232,0.1,engert_20221002_fish2_magneto_0,65.3717041015625,61.07909393310547,32.0,65.0,,20221002,20221002_fish2,zebrafish,WB,mag,2160.0,878,0.9107746187090474,24,0.6,2022_10_02-fish2_cytoGCaMP
233,0.7726129002463318,0.7157179708354623,0.1,engert_20221002_fish2_magneto_0,113.25900268554688,113.6193618774414,32.0,65.0,,20221002,20221002_fish2,zebrafish,WB,mag,2160.0,892,0.6365203368761477,13,0.6,2022_10_02-fish2_cytoGCaMP
234,0.23803217264059906,1.696714370468113,0.1,engert_20221002_fish2_magneto_0,85.99136352539062,117.16932678222656,32.0,65.0,,20221002,20221002_fish2,zebrafish,WB,mag,2160.0,912,0.9714873355276147,31,0.6,2022_10_02-fish2_cytoGCaMP
235,0.818007869742896,0.6313701064693139,0.1,engert_20221002_fish2_magneto_0,84.11972045898438,84.86035919189453,32.0,65.0,,20221002,20221002_fish2,zebrafish,WB,mag,2160.0,927,0.7460232585728273,13,0.6,2022_10_02-fish2_cytoGCaMP
236,0.23682694817131222,1.6997464369353597,0.1,engert_20221002_fish2_magneto_0,43.307987213134766,46.3786735534668,32.0,65.0,,20221002,20221002_fish2,zebrafish,WB,mag,2160.0,928,0.9336776625654533,19,0.6,2022_10_02-fish2_cytoGCaMP
237,0.5027752446212972,1.170780708686329,0.1,engert_20221002_fish2_magneto_0,149.24874877929688,143.45660400390625,32.0,65.0,,20221002,20221002_fish2,zebrafish,WB,mag,2160.0,931,0.9565932307996161,35,0.6,2022_10_02-fish2_cytoGCaMP
238,0.10965967236729812,2.112002390588312,0.1,engert_20221002_fish2_magneto_0,216.7598876953125,211.13058471679688,32.0,65.0,,20221002,20221002_fish2,zebrafish,WB,mag,2160.0,932,0.746000054578716,19,0.6,2022_10_02-fish2_cytoGCaMP
239,0.14223379804548741,1.9818286599291284,0.1,engert_20221002_fish2_magneto_0,88.8136215209961,87.65592956542969,32.0,65.0,,20221002,20221002_fish2,zebrafish,WB,mag,2160.0,938,0.9623401081133349,39,0.6,2022_10_02-fish2_cytoGCaMP
240,0.08321048556687405,2.2424092261402313,0.1,engert_20221002_fish2_magneto_0,62.38750076293945,61.88869857788086,32.0,65.0,,20221002,20221002_fish2,zebrafish,WB,mag,2160.0,954,0.6190327650903882,11,0.6,2022_10_02-fish2_cytoGCaMP
241,0.27147455350094674,1.6162966685284301,0.1,engert_20221002_fish2_magneto_0,113.5008544921875,114.39012908935547,32.0,65.0,,20221002,20221002_fish2,zebrafish,WB,mag,2160.0,965,0.6164051037768749,12,0.6,2022_10_02-fish2_cytoGCaMP
242,0.6401340741650339,0.9420023866739798,0.1,engert_20221002_fish2_magneto_0,4.176300048828125,4.330482482910156,32.0,65.0,,20221002,20221002_fish2,zebrafish,WB,mag,2160.0,979,0.7776877306337304,23,0.6,2022_10_02-fish2_cytoGCaMP
243,0.46842968224870907,1.2299105771237477,0.1,engert_20221002_fish2_magneto_0,68.58980560302734,134.37989807128906,32.0,65.0,,20221002,20221002_fish2,zebrafish,WB,mag,2160.0,991,0.9694335319343427,62,0.6,2022_10_02-fish2_cytoGCaMP
244,0.1346477767014832,2.0099179792974464,0.1,engert_20221002_fish2_magneto_0,161.1807098388672,145.94166564941406,32.0,65.0,,20221002,20221002_fish2,zebrafish,WB,mag,2160.0,1002,0.9820259902540839,22,0.6,2022_10_02-fish2_cytoGCaMP
245,0.9304331143227722,0.3778629234682927,0.1,engert_20221002_fish2_magneto_0,20.07467269897461,17.23124122619629,32.0,65.0,,20221002,20221002_fish2,zebrafish,WB,mag,2160.0,1010,0.8081454538236112,26,0.6,2022_10_02-fish2_cytoGCaMP
246,0.4557061081620609,1.252185848019414,0.1,engert_20221002_fish2_magneto_0,89.37364196777344,87.00447082519531,32.0,65.0,,20221002,20221002_fish2,zebrafish,WB,mag,2160.0,1018,0.78552896651559,26,0.6,2022_10_02-fish2_cytoGCaMP
247,0.20572378546028325,1.7818814694755851,0.1,engert_20221002_fish2_magneto_0,35.006290435791016,35.241966247558594,32.0,65.0,,20221002,20221002_fish2,zebrafish,WB,mag,2160.0,1019,0.6452917601758164,19,0.6,2022_10_02-fish2_cytoGCaMP
248,0.6619081072660938,0.9058577640061863,0.1,engert_20221002_fish2_magneto_0,16.9437313079834,16.328153610229492,32.0,65.0,,20221002,20221002_fish2,zebrafish,WB,mag,2160.0,1037,0.8140505746848749,25,0.6,2022_10_02-fish2_cytoGCaMP
249,0.41010693357794925,1.3341175352007806,0.1,engert_20221002_fish2_magneto_0,52.27885437011719,50.50060272216797,32.0,65.0,,20221002,20221002_fish2,zebrafish,WB,mag,2160.0,1071,0.6164051037768749,15,0.6,2022_10_02-fish2_cytoGCaMP
250,0.6556740948517785,0.9162258435195558,0.1,engert_20221002_fish2_magneto_0,54.821197509765625,54.54914474487305,32.0,65.0,,20221002,20221002_fish2,zebrafish,WB,mag,2160.0,1077,0.6429730286313806,11,0.6,2022_10_02-fish2_cytoGCaMP
251,0.5302596439441428,1.1243024215204926,0.1,engert_20221002_fish2_magneto_0,60.9691047668457,62.77985382080078,32.0,65.0,,20221002,20221002_fish2,zebrafish,WB,mag,2160.0,1081,0.8235746611929794,33,0.6,2022_10_02-fish2_cytoGCaMP
252,0.14232895032874626,1.9814836948412227,0.1,engert_20221002_fish2_magneto_0,141.57870483398438,144.3458251953125,32.0,65.0,,20221002,20221002_fish2,zebrafish,WB,mag,2160.0,1086,0.9980842814365544,41,0.6,2022_10_02-fish2_cytoGCaMP
253,0.3197608343346635,1.5104330026862605,0.1,engert_20221002_fish2_magneto_0,63.61870193481445,61.397640228271484,32.0,65.0,,20221002,20221002_fish2,zebrafish,WB,mag,2160.0,1092,0.9638490149257558,34,0.6,2022_10_02-fish2_cytoGCaMP
254,0.2824254296772555,1.5913441930596135,0.1,engert_20221002_fish2_magneto_0,26.326499938964844,43.34630584716797,32.0,65.0,,20221002,20221002_fish2,zebrafish,WB,mag,2160.0,1138,0.839315305515561,23,0.6,2022_10_02-fish2_cytoGCaMP
255,0.45296737301778167,1.2570104519489025,0.1,engert_20221002_fish2_magneto_0,31.608600616455078,34.940025329589844,32.0,65.0,,20221002,20221002_fish2,zebrafish,WB,mag,2160.0,1159,0.94923033208806,18,0.6,2022_10_02-fish2_cytoGCaMP
256,0.7753767370348161,0.7107337330944669,0.1,engert_20221002_fish2_magneto_0,27.770280838012695,25.702327728271484,32.0,65.0,,20221002,20221002_fish2,zebrafish,WB,mag,2160.0,1175,0.8423697277926147,17,0.6,2022_10_02-fish2_cytoGCaMP
257,0.10316718238733313,2.1414739891995125,0.1,engert_20221002_fish2_magneto_0,85.89276885986328,96.36376190185547,32.0,65.0,,20221002,20221002_fish2,zebrafish,WB,mag,2160.0,1178,0.9599766781615527,23,0.6,2022_10_02-fish2_cytoGCaMP
258,0.7692425270789913,0.7217737624533147,0.1,engert_20221002_fish2_magneto_0,69.63729858398438,69.74681854248047,32.0,65.0,,20221002,20221002_fish2,zebrafish,WB,mag,2160.0,1185,0.6380213768986209,11,0.6,2022_10_02-fish2_cytoGCaMP
259,0.8485311673615681,0.570771685710164,0.1,engert_20221002_fish2_magneto_0,29.463869094848633,30.745887756347656,32.0,65.0,,20221002,20221002_fish2,zebrafish,WB,mag,2160.0,1187,0.9336776625654533,19,0.6,2022_10_02-fish2_cytoGCaMP
260,0.29594896022726325,1.561337805342083,0.1,engert_20221002_fish2_magneto_0,48.500431060791016,49.65249252319336,32.0,65.0,,20221002,20221002_fish2,zebrafish,WB,mag,2160.0,1218,0.6164051037768749,13,0.6,2022_10_02-fish2_cytoGCaMP
261,0.16369960635503766,1.9080165195072085,0.1,engert_20221002_fish2_magneto_0,109.31919860839844,109.43028259277344,32.0,65.0,,20221002,20221002_fish2,zebrafish,WB,mag,2160.0,1240,0.8733640088573658,24,0.6,2022_10_02-fish2_cytoGCaMP
262,0.4792344312152117,1.2111621164802449,0.1,engert_20221002_fish2_magneto_0,139.2528076171875,144.7261962890625,32.0,65.0,,20221002,20221002_fish2,zebrafish,WB,mag,2160.0,1265,0.9894944310177566,23,0.6,2022_10_02-fish2_cytoGCaMP
263,0.2423460736062547,1.685944051632977,0.1,engert_20221002_fish2_magneto_0,8.858312606811523,9.386578559875488,32.0,65.0,,20221002,20221002_fish2,zebrafish,WB,mag,2160.0,1289,0.9638021906149146,29,0.6,2022_10_02-fish2_cytoGCaMP
264,0.24869087720499938,1.6703303637885574,0.1,engert_20221002_fish2_magneto_0,109.72688293457031,108.73460388183594,32.0,65.0,,20221002,20221002_fish2,zebrafish,WB,mag,2160.0,1312,0.6656386746293718,14,0.6,2022_10_02-fish2_cytoGCaMP
265,0.9281549672308069,0.3842452045026806,0.1,engert_20221002_fish2_magneto_0,18.051563262939453,16.930768966674805,32.0,65.0,,20221002,20221002_fish2,zebrafish,WB,mag,2160.0,1323,0.6730013532521559,22,0.6,2022_10_02-fish2_cytoGCaMP
266,0.21575952320666192,1.7545063714744318,0.1,engert_20221002_fish2_magneto_0,58.333763122558594,55.49333572387695,32.0,65.0,,20221002,20221002_fish2,zebrafish,WB,mag,2160.0,1331,0.6527620303767511,27,0.6,2022_10_02-fish2_cytoGCaMP
267,0.9536750438648206,0.3063399391124108,0.1,engert_20221002_fish2_magneto_0,125.12854766845703,133.7854766845703,32.0,65.0,,20221002,20221002_fish2,zebrafish,WB,mag,2160.0,1380,0.9645468255206084,19,0.6,2022_10_02-fish2_cytoGCaMP
268,0.5581071537710496,1.0777555447913436,0.1,engert_20221002_fish2_magneto_0,164.1726531982422,156.48883056640625,32.0,65.0,,20221002,20221002_fish2,zebrafish,WB,mag,2160.0,1398,0.6149031499929563,21,0.6,2022_10_02-fish2_cytoGCaMP
269,0.22765191837026966,1.7231732531289694,0.1,engert_20221002_fish2_magneto_0,43.23332595825195,39.88753890991211,32.0,65.0,,20221002,20221002_fish2,zebrafish,WB,mag,2160.0,1415,0.9275924781058473,21,0.6,2022_10_02-fish2_cytoGCaMP
270,0.3849864795486724,1.3809711234921087,0.1,engert_20221002_fish2_magneto_0,51.67139434814453,51.74546432495117,32.0,65.0,,20221002,20221002_fish2,zebrafish,WB,mag,2160.0,1444,0.8608476904464359,16,0.6,2022_10_02-fish2_cytoGCaMP
271,0.8701943846111493,0.525051841027556,0.1,engert_20221002_fish2_magneto_0,27.72076988220215,27.445707321166992,32.0,65.0,,20221002,20221002_fish2,zebrafish,WB,mag,2160.0,1447,0.8252946553926475,19,0.6,2022_10_02-fish2_cytoGCaMP
272,0.6176879039526182,0.9791230325555538,0.1,engert_20221002_fish2_magneto_0,41.12377166748047,32.25506591796875,32.0,65.0,,20221002,20221002_fish2,zebrafish,WB,mag,2160.0,1490,0.8308816869479635,20,0.6,2022_10_02-fish2_cytoGCaMP
273,0.18890592703649245,1.829924594388324,0.1,engert_20221002_fish2_magneto_0,35.65677261352539,42.73844909667969,32.0,65.0,,20221002,20221002_fish2,zebrafish,WB,mag,2160.0,1495,0.9635879167140755,25,0.6,2022_10_02-fish2_cytoGCaMP
274,0.8312907058017572,0.6054688576530577,0.1,engert_20221002_fish2_magneto_0,41.653663635253906,44.5853157043457,32.0,65.0,,20221002,20221002_fish2,zebrafish,WB,mag,2160.0,1496,0.8770731246552421,46,0.6,2022_10_02-fish2_cytoGCaMP
275,0.9913284710401344,0.1309295950804538,0.1,engert_20221002_fish2_magneto_0,8.546216011047363,8.695693016052246,32.0,65.0,,20221002,20221002_fish2,zebrafish,WB,mag,2160.0,1497,0.8601473333371565,17,0.6,2022_10_02-fish2_cytoGCaMP
276,0.19651347327007407,1.8078344766984742,0.1,engert_20221002_fish2_magneto_0,120.39082336425781,113.6092300415039,32.0,65.0,,20221002,20221002_fish2,zebrafish,WB,mag,2160.0,1536,0.8296404806264424,12,0.6,2022_10_02-fish2_cytoGCaMP
277,0.15974515271518064,1.921049786785384,0.1,engert_20221002_fish2_magneto_0,83.93569946289062,82.19921112060547,32.0,65.0,,20221002,20221002_fish2,zebrafish,WB,mag,2160.0,1540,0.8982156343204738,16,0.6,2022_10_02-fish2_cytoGCaMP
278,0.9507365797424588,0.31616927609640755,0.1,engert_20221002_fish2_magneto_0,201.70631408691406,204.1852264404297,32.0,65.0,,20221002,20221002_fish2,zebrafish,WB,mag,2160.0,1545,0.908785099097529,22,0.6,2022_10_02-fish2_cytoGCaMP
279,0.9656236717794797,0.2629887357668415,0.1,engert_20221002_fish2_magneto_0,70.69461059570312,93.35725402832031,32.0,65.0,,20221002,20221002_fish2,zebrafish,WB,mag,2160.0,1555,0.6615378161766752,41,0.6,2022_10_02-fish2_cytoGCaMP
280,0.24875960149151766,1.670162631186532,0.1,engert_20221002_fish2_magneto_0,25.665096282958984,23.971107482910156,32.0,65.0,,20221002,20221002_fish2,zebrafish,WB,mag,2160.0,1569,0.7241896601481981,17,0.6,2022_10_02-fish2_cytoGCaMP
281,0.2510468257240085,1.6645989995887855,0.1,engert_20221002_fish2_magneto_0,52.25318145751953,56.01498031616211,32.0,65.0,,20221002,20221002_fish2,zebrafish,WB,mag,2160.0,1602,0.8665937167510234,27,0.6,2022_10_02-fish2_cytoGCaMP
282,0.0044949617416417675,3.3434382728671235,0.1,engert_20221002_fish2_magneto_0,115.94303131103516,114.05026245117188,32.0,65.0,,20221002,20221002_fish2,zebrafish,WB,mag,2160.0,1609,0.9667810989767869,32,0.6,2022_10_02-fish2_cytoGCaMP
283,0.6969608578204722,0.8471194717353132,0.1,engert_20221002_fish2_magneto_0,97.12767028808594,93.08489227294922,32.0,65.0,,20221002,20221002_fish2,zebrafish,WB,mag,2160.0,1653,0.8566614407112397,17,0.6,2022_10_02-fish2_cytoGCaMP
284,0.7004996406794728,0.8411362952358497,0.1,engert_20221002_fish2_magneto_0,107.51416015625,113.29444885253906,32.0,65.0,,20221002,20221002_fish2,zebrafish,WB,mag,2160.0,1657,0.8165559983255744,15,0.6,2022_10_02-fish2_cytoGCaMP
285,0.9856042987548946,0.1691102337723258,0.1,engert_20221002_fish2_magneto_0,23.035572052001953,23.898534774780273,32.0,65.0,,20221002,20221002_fish2,zebrafish,WB,mag,2160.0,1663,0.9319377640348204,20,0.6,2022_10_02-fish2_cytoGCaMP
286,0.8502653999409958,0.5672052686270003,0.1,engert_20221002_fish2_magneto_0,31.08609390258789,30.504478454589844,32.0,65.0,,20221002,20221002_fish2,zebrafish,WB,mag,2160.0,1675,0.6601789638356429,11,0.6,2022_10_02-fish2_cytoGCaMP
287,0.2567253759419641,1.6509264818462634,0.1,engert_20221002_fish2_magneto_0,52.00838851928711,48.974918365478516,32.0,65.0,,20221002,20221002_fish2,zebrafish,WB,mag,2160.0,1701,0.926512855385059,17,0.6,2022_10_02-fish2_cytoGCaMP
288,0.5290019535803662,1.1264161507529153,0.1,engert_20221002_fish2_magneto_0,79.22547149658203,72.1053695678711,32.0,65.0,,20221002,20221002_fish2,zebrafish,WB,mag,2160.0,1720,0.9149045009048639,37,0.6,2022_10_02-fish2_cytoGCaMP
289,0.5831106253583747,1.0362721891610622,0.1,engert_20221002_fish2_magneto_0,94.98218536376953,95.97770690917969,32.0,65.0,,20221002,20221002_fish2,zebrafish,WB,mag,2160.0,1738,0.6164051037768749,15,0.6,2022_10_02-fish2_cytoGCaMP
290,0.9934206223654964,0.11390967896038104,0.1,engert_20221002_fish2_magneto_0,49.014400482177734,68.00760650634766,32.0,65.0,,20221002,20221002_fish2,zebrafish,WB,mag,2160.0,1778,0.9452301591763429,17,0.6,2022_10_02-fish2_cytoGCaMP
291,0.28432753407477707,1.5870714340450112,0.1,engert_20221002_fish2_magneto_0,206.75341796875,204.4093475341797,32.0,65.0,,20221002,20221002_fish2,zebrafish,WB,mag,2160.0,1799,0.6319004951467657,14,0.6,2022_10_02-fish2_cytoGCaMP
292,0.6815881016599195,0.8729864069589437,0.1,engert_20221002_fish2_magneto_0,45.64043426513672,47.03968048095703,32.0,65.0,,20221002,20221002_fish2,zebrafish,WB,mag,2160.0,1800,0.9638994327986367,16,0.6,2022_10_02-fish2_cytoGCaMP
293,0.12334049693874505,2.054118728217372,0.1,engert_20221002_fish2_magneto_0,65.37361145019531,53.58403396606445,32.0,65.0,,20221002,20221002_fish2,zebrafish,WB,mag,2160.0,1810,0.9461982646023456,27,0.6,2022_10_02-fish2_cytoGCaMP
294,0.9989396526883668,0.04526695482394224,0.1,engert_20221002_fish2_magneto_0,95.55089569091797,101.48528289794922,32.0,65.0,,20221002,20221002_fish2,zebrafish,WB,mag,2160.0,1845,0.9591752917554653,24,0.6,2022_10_02-fish2_cytoGCaMP
295,0.9627251733557113,0.27408202885089517,0.1,engert_20221002_fish2_magneto_0,13.556184768676758,13.414931297302246,32.0,65.0,,20221002,20221002_fish2,zebrafish,WB,mag,2160.0,1851,0.6577408184181495,16,0.6,2022_10_02-fish2_cytoGCaMP
296,0.7962375481464451,0.6725300623100482,0.1,engert_20221002_fish2_magneto_0,37.41283416748047,41.78425979614258,32.0,65.0,,20221002,20221002_fish2,zebrafish,WB,mag,2160.0,1978,0.61355932827735,13,0.6,2022_10_02-fish2_cytoGCaMP
297,0.3793719108159388,1.3916415004764926,0.1,engert_20221002_fish2_magneto_0,77.82293701171875,83.11981964111328,32.0,65.0,,20221002,20221002_fish2,zebrafish,WB,mag,2160.0,1999,0.7203517327453973,25,0.6,2022_10_02-fish2_cytoGCaMP
298,0.5855490153296239,1.032236902022455,0.1,engert_20221002_fish2_magneto_0,44.13526153564453,45.770790100097656,32.0,65.0,,20221002,20221002_fish2,zebrafish,WB,mag,2160.0,2030,0.8341247295619045,17,0.6,2022_10_02-fish2_cytoGCaMP
299,0.6083031708772251,0.9946266229387696,0.1,engert_20221002_fish2_magneto_0,53.44699478149414,50.01616668701172,32.0,65.0,,20221002,20221002_fish2,zebrafish,WB,mag,2160.0,2095,0.9787634217528338,28,0.6,2022_10_02-fish2_cytoGCaMP
300,0.8802480324231519,0.5028501881165339,0.1,engert_20221002_fish2_magneto_0,95.43924713134766,85.93965148925781,32.0,65.0,,20221002,20221002_fish2,zebrafish,WB,mag,2160.0,2111,0.9761867470933911,23,0.6,2022_10_02-fish2_cytoGCaMP
301,0.03745644490504707,2.585342059071584,0.1,engert_20221002_fish2_magneto_0,46.37498474121094,45.363773345947266,32.0,65.0,,20221002,20221002_fish2,zebrafish,WB,mag,2160.0,2208,0.9770850549054976,33,0.6,2022_10_02-fish2_cytoGCaMP
302,0.2573499392085751,1.6494347559177316,0.1,engert_20221002_fish2_magneto_0,50.59483337402344,50.30375289916992,32.0,65.0,,20221002,20221002_fish2,zebrafish,WB,mag,2160.0,2233,0.8888137122793848,32,0.6,2022_10_02-fish2_cytoGCaMP
303,0.47188739239659927,1.2238947331006171,0.1,engert_20221002_fish2_magneto_0,23.204242706298828,22.49233627319336,32.0,65.0,,20221002,20221002_fish2,zebrafish,WB,mag,2160.0,2355,0.9559081934092977,30,0.6,2022_10_02-fish2_cytoGCaMP
304,0.984405868388489,0.17608606017649528,0.1,engert_20221002_fish2_magneto_0,91.45052337646484,86.95409393310547,32.0,65.0,,20221002,20221002_fish2,zebrafish,WB,mag,2160.0,2357,0.8255755883640193,24,0.6,2022_10_02-fish2_cytoGCaMP
305,0.2224348347302475,1.7367784494582659,0.1,engert_20221002_fish2_magneto_0,32.08224105834961,34.32438278198242,32.0,65.0,,20221002,20221002_fish2,zebrafish,WB,mag,2160.0,2407,0.9048781565463697,26,0.6,2022_10_02-fish2_cytoGCaMP
306,0.16336851677219866,1.9090988373391669,0.1,engert_20221002_fish2_magneto_0,58.446868896484375,63.15496826171875,32.0,65.0,,20221002,20221002_fish2,zebrafish,WB,mag,2160.0,2426,0.7493001527714069,18,0.6,2022_10_02-fish2_cytoGCaMP
307,0.9167167246697867,0.4150330214196956,0.1,engert_20221002_fish2_magneto_0,83.21595764160156,83.96543884277344,32.0,65.0,,20221002,20221002_fish2,zebrafish,WB,mag,2160.0,2438,0.7775918790092013,15,0.6,2022_10_02-fish2_cytoGCaMP
308,0.47054040221351723,1.226236458212403,0.1,engert_20221002_fish2_magneto_0,16.4417724609375,16.731172561645508,32.0,65.0,,20221002,20221002_fish2,zebrafish,WB,mag,2160.0,2488,0.6824231579053558,14,0.6,2022_10_02-fish2_cytoGCaMP
309,0.601881051727992,1.0052363158049278,0.1,engert_20221002_fish2_magneto_0,24.022491455078125,25.802310943603516,32.0,65.0,,20221002,20221002_fish2,zebrafish,WB,mag,2160.0,2518,0.7972883834737844,50,0.6,2022_10_02-fish2_cytoGCaMP
310,0.668810663967101,0.8943548590615228,0.1,engert_20221002_fish2_magneto_0,31.82019805908203,35.05891036987305,32.0,65.0,,20221002,20221002_fish2,zebrafish,WB,mag,2160.0,2594,0.6297631574831358,13,0.6,2022_10_02-fish2_cytoGCaMP
311,0.653745621917522,0.9194296083873744,0.1,engert_20221002_fish2_magneto_0,22.85637092590332,24.647098541259766,32.0,65.0,,20221002,20221002_fish2,zebrafish,WB,mag,2160.0,2610,0.6601789638356429,11,0.6,2022_10_02-fish2_cytoGCaMP
312,0.5631352699387746,1.0693946912697796,0.1,engert_20221002_fish2_magneto_0,84.95193481445312,84.8106918334961,32.0,65.0,,20221002,20221002_fish2,zebrafish,WB,mag,2160.0,2623,0.8816503584137517,18,0.6,2022_10_02-fish2_cytoGCaMP
313,0.44983121957227856,1.2625489041178162,0.1,engert_20221002_fish2_magneto_0,64.51664733886719,58.63654708862305,32.0,65.0,,20221002,20221002_fish2,zebrafish,WB,mag,2160.0,2655,0.6982367148998112,15,0.6,2022_10_02-fish2_cytoGCaMP
314,0.5675454708212613,1.062069998396859,0.1,engert_20221002_fish2_magneto_0,29.217899322509766,26.697111129760742,32.0,65.0,,20221002,20221002_fish2,zebrafish,WB,mag,2160.0,2673,0.9062172942483595,16,0.6,2022_10_02-fish2_cytoGCaMP
315,0.447378341973383,1.266890985882545,0.1,engert_20221002_fish2_magneto_0,148.13455200195312,146.17601013183594,32.0,65.0,,20221002,20221002_fish2,zebrafish,WB,mag,2160.0,2681,0.9797384282260849,16,0.6,2022_10_02-fish2_cytoGCaMP
316,0.5802020981732786,1.0410873789651192,0.1,engert_20221002_fish2_magneto_0,112.17254638671875,115.76952362060547,32.0,65.0,,20221002,20221002_fish2,zebrafish,WB,mag,2160.0,2684,0.9481896571812246,18,0.6,2022_10_02-fish2_cytoGCaMP
317,0.41497901901801404,1.325185112252089,0.1,engert_20221002_fish2_magneto_0,74.83885192871094,70.30148315429688,32.0,65.0,,20221002,20221002_fish2,zebrafish,WB,mag,2160.0,2694,0.9873666949648445,29,0.6,2022_10_02-fish2_cytoGCaMP
318,0.9209261279711838,0.4039307348637299,0.1,engert_20221002_fish2_magneto_0,115.83142852783203,119.31678771972656,32.0,65.0,,20221002,20221002_fish2,zebrafish,WB,mag,2160.0,2767,0.8978993903543917,20,0.6,2022_10_02-fish2_cytoGCaMP
319,0.7764443479698568,0.7088039233352467,0.1,engert_20221002_fish2_magneto_0,156.3437957763672,159.8821258544922,32.0,65.0,,20221002,20221002_fish2,zebrafish,WB,mag,2160.0,2771,0.950149961607954,18,0.6,2022_10_02-fish2_cytoGCaMP
320,0.14022914261936503,1.9891388590736276,0.1,engert_20221002_fish2_magneto_0,101.13080596923828,94.15243530273438,32.0,65.0,,20221002,20221002_fish2,zebrafish,WB,mag,2160.0,2801,0.9422269853798295,19,0.6,2022_10_02-fish2_cytoGCaMP
321,0.8502095309866031,0.5673203637199368,0.1,engert_20221002_fish2_magneto_0,77.65983581542969,65.94672393798828,32.0,65.0,,20221002,20221002_fish2,zebrafish,WB,mag,2160.0,2897,0.9148371402845672,17,0.6,2022_10_02-fish2_cytoGCaMP
322,0.04966640985278625,2.469105930157491,0.1,engert_20221002_fish2_magneto_0,42.0835075378418,46.247764587402344,32.0,65.0,,20221002,20221002_fish2,zebrafish,WB,mag,2160.0,2935,0.9481120799305552,15,0.6,2022_10_02-fish2_cytoGCaMP
323,0.9253847260063073,0.39188730968869645,0.1,engert_20221002_fish2_magneto_0,42.61824035644531,48.83915328979492,32.0,65.0,,20221002,20221002_fish2,zebrafish,WB,mag,2160.0,2942,0.6164051037768749,12,0.6,2022_10_02-fish2_cytoGCaMP
324,0.4502135296239632,1.2618729265353081,0.1,engert_20221002_fish2_magneto_0,43.763450622558594,43.32208251953125,32.0,65.0,,20221002,20221002_fish2,zebrafish,WB,mag,2160.0,2944,0.9869013380813865,17,0.6,2022_10_02-fish2_cytoGCaMP
325,0.03149751175174509,2.6544344848798502,0.1,engert_20221002_fish2_magneto_0,86.3871078491211,79.07815551757812,32.0,65.0,,20221002,20221002_fish2,zebrafish,WB,mag,2160.0,2983,0.9721441102188038,26,0.6,2022_10_02-fish2_cytoGCaMP
326,0.7077504069626432,0.828839342497704,0.1,engert_20221002_fish2_magneto_0,68.77583312988281,71.58204650878906,32.0,65.0,,20221002,20221002_fish2,zebrafish,WB,mag,2160.0,3078,0.8829716594552656,17,0.6,2022_10_02-fish2_cytoGCaMP
327,0.16963410574224258,1.8888846708452482,0.1,engert_20221002_fish2_magneto_0,9.359360694885254,9.406871795654297,32.0,65.0,,20221002,20221002_fish2,zebrafish,WB,mag,2160.0,3117,0.9331409630188453,20,0.6,2022_10_02-fish2_cytoGCaMP
328,0.30333036135623026,1.545307862284351,0.1,engert_20221002_fish2_magneto_0,31.263887405395508,34.1023063659668,32.0,65.0,,20221002,20221002_fish2,zebrafish,WB,mag,2160.0,3165,0.8885023639075535,17,0.6,2022_10_02-fish2_cytoGCaMP
329,0.6769058313095895,0.8808292256327498,0.1,engert_20221002_fish2_magneto_0,134.08154296875,92.27045440673828,32.0,65.0,,20221002,20221002_fish2,zebrafish,WB,mag,2160.0,3197,0.620447002605834,16,0.6,2022_10_02-fish2_cytoGCaMP
330,0.8959360080640606,0.4666618708732522,0.1,engert_20221002_fish2_magneto_0,52.316619873046875,47.264766693115234,32.0,65.0,,20221002,20221002_fish2,zebrafish,WB,mag,2160.0,3249,0.9391093976046901,14,0.6,2022_10_02-fish2_cytoGCaMP
331,0.8517513639699472,0.5641374343022727,0.1,engert_20221002_fish2_magneto_0,152.4827880859375,165.5063018798828,32.0,65.0,,20221002,20221002_fish2,zebrafish,WB,mag,2160.0,3255,0.6096337918819655,32,0.6,2022_10_02-fish2_cytoGCaMP
332,0.22594799567464818,1.7275934286041135,0.1,engert_20221002_fish2_magneto_0,11.03300666809082,10.339138984680176,32.0,65.0,,20221002,20221002_fish2,zebrafish,WB,mag,2160.0,3345,0.9700488698035742,24,0.6,2022_10_02-fish2_cytoGCaMP
333,0.9475300505190374,0.3265917734554119,0.1,engert_20221002_fish2_magneto_0,113.38685607910156,111.71100616455078,32.0,65.0,,20221002,20221002_fish2,zebrafish,WB,mag,2160.0,3433,0.6508374045708296,34,0.6,2022_10_02-fish2_cytoGCaMP
334,0.8506096714940561,0.5664954417603187,0.1,engert_20221002_fish2_magneto_0,42.63907241821289,40.295501708984375,32.0,65.0,,20221002,20221002_fish2,zebrafish,WB,mag,2160.0,3473,0.930938990738816,16,0.6,2022_10_02-fish2_cytoGCaMP
335,0.5449373347274988,1.0997126113222733,0.1,engert_20221002_fish2_magneto_0,101.48170471191406,97.53245544433594,32.0,65.0,,20221002,20221002_fish2,zebrafish,WB,mag,2160.0,3482,0.9203353509747646,38,0.6,2022_10_02-fish2_cytoGCaMP
336,0.17587389717178348,1.8692881955027179,0.1,engert_20221002_fish2_magneto_0,197.94847106933594,197.34291076660156,32.0,65.0,,20221002,20221002_fish2,zebrafish,WB,mag,2160.0,3749,0.6681529741079498,11,0.6,2022_10_02-fish2_cytoGCaMP
337,0.9006094840137714,0.45545858667831335,0.1,engert_20221002_fish2_magneto_0,176.57382202148438,176.90211486816406,32.0,65.0,,20221002,20221002_fish2,zebrafish,WB,mag,2160.0,4117,0.6164051037768749,11,0.6,2022_10_02-fish2_cytoGCaMP
338,0.7359711203019017,0.7804065577434057,0.1,engert_20221002_fish2_magneto_0,124.38267517089844,124.97981262207031,32.0,65.0,,20221002,20221002_fish2,zebrafish,WB,mag,2160.0,4131,0.6164051037768749,12,0.6,2022_10_02-fish2_cytoGCaMP
339,0.3171922130113978,1.515815275885338,0.1,engert_20221002_fish2_magneto_0,42.89191436767578,42.59906005859375,32.0,65.0,,20221002,20221002_fish2,zebrafish,WB,mag,2160.0,4327,0.9238572011263446,24,0.6,2022_10_02-fish2_cytoGCaMP
340,0.3960942058990995,1.3600813979217743,0.1,engert_20221002_fish2_magneto_0,4.903525352478027,5.215522289276123,32.0,65.0,,20221002,20221002_fish2,zebrafish,WB,mag,2160.0,4366,0.8690936308653998,18,0.6,2022_10_02-fish2_cytoGCaMP
341,0.7526870604917211,0.751191443475232,0.1,engert_20221002_fish2_magneto_0,96.52899932861328,99.6417236328125,32.0,65.0,,20221002,20221002_fish2,zebrafish,WB,mag,2160.0,4388,0.855681006958732,16,0.6,2022_10_02-fish2_cytoGCaMP
342,0.9659353953622023,0.2617695066621849,0.1,engert_20221002_fish2_magneto_0,98.92724609375,104.09310150146484,32.0,65.0,,20221002,20221002_fish2,zebrafish,WB,mag,2160.0,4473,0.8303964530351927,14,0.6,2022_10_02-fish2_cytoGCaMP
343,0.8207148467386163,0.6261444077618522,0.1,engert_20221002_fish2_magneto_0,34.37332534790039,34.89229965209961,32.0,65.0,,20221002,20221002_fish2,zebrafish,WB,mag,2160.0,4605,0.8691158707652215,17,0.6,2022_10_02-fish2_cytoGCaMP
344,0.38090146276011305,1.3887269627166725,0.1,engert_20221002_fish2_magneto_0,110.60363006591797,110.03131866455078,32.0,65.0,,20221002,20221002_fish2,zebrafish,WB,mag,2160.0,4659,0.8146080445680076,12,0.6,2022_10_02-fish2_cytoGCaMP
4,0.899914763518173,0.4571376641043243,0.1,engert_20221002_fish2_magneto_1,32.43360900878906,27.805622100830078,32.0,65.0,,20221002,20221002_fish2,zebrafish,WB,mag,2160.0,11,0.9360474242837641,39,0.6,2022_10_02-fish2_cytoGCaMP
8,0.6661791276757456,0.8987432857811328,0.1,engert_20221002_fish2_magneto_1,179.34671020507812,191.21658325195312,32.0,65.0,,20221002,20221002_fish2,zebrafish,WB,mag,2160.0,17,0.9953298657237818,37,0.6,2022_10_02-fish2_cytoGCaMP
14,0.6838394889039034,0.869209751635117,0.1,engert_20221002_fish2_magneto_1,46.98353958129883,40.085662841796875,32.0,65.0,,20221002,20221002_fish2,zebrafish,WB,mag,2160.0,27,0.9978028385628729,35,0.6,2022_10_02-fish2_cytoGCaMP
21,0.8234664253542795,0.6208056345589339,0.1,engert_20221002_fish2_magneto_1,64.8485107421875,67.04914093017578,32.0,65.0,,20221002,20221002_fish2,zebrafish,WB,mag,2160.0,35,0.9507446204385074,63,0.6,2022_10_02-fish2_cytoGCaMP
26,0.6755321717112615,0.8831272942161704,0.1,engert_20221002_fish2_magneto_1,116.59416198730469,116.09298706054688,32.0,65.0,,20221002,20221002_fish2,zebrafish,WB,mag,2160.0,42,0.9048537671914962,28,0.6,2022_10_02-fish2_cytoGCaMP
36,0.15075618362774057,1.9515902133924252,0.1,engert_20221002_fish2_magneto_1,47.486724853515625,47.598636627197266,32.0,65.0,,20221002,20221002_fish2,zebrafish,WB,mag,2160.0,61,0.9907385529469209,25,0.6,2022_10_02-fish2_cytoGCaMP
38,0.4648995194216222,1.2360686410935113,0.1,engert_20221002_fish2_magneto_1,55.40678405761719,68.18830108642578,32.0,65.0,,20221002,20221002_fish2,zebrafish,WB,mag,2160.0,64,0.972480522916215,39,0.6,2022_10_02-fish2_cytoGCaMP
44,0.39131204066759584,1.3690400750088552,0.1,engert_20221002_fish2_magneto_1,57.093570709228516,56.773223876953125,32.0,65.0,,20221002,20221002_fish2,zebrafish,WB,mag,2160.0,72,0.9879173104914074,27,0.6,2022_10_02-fish2_cytoGCaMP
50,0.5284064695329731,1.1274173412748165,0.1,engert_20221002_fish2_magneto_1,32.45039367675781,26.46445083618164,32.0,65.0,,20221002,20221002_fish2,zebrafish,WB,mag,2160.0,82,0.9961263839985968,28,0.6,2022_10_02-fish2_cytoGCaMP
70,0.37811415662787506,1.39404242398558,0.1,engert_20221002_fish2_magneto_1,121.77375793457031,121.80260467529297,32.0,65.0,,20221002,20221002_fish2,zebrafish,WB,mag,2160.0,110,0.9848021089056922,19,0.6,2022_10_02-fish2_cytoGCaMP
79,0.929192971568233,0.3813483909429407,0.1,engert_20221002_fish2_magneto_1,189.15487670898438,193.39816284179688,32.0,65.0,,20221002,20221002_fish2,zebrafish,WB,mag,2160.0,125,0.6693203368434459,26,0.6,2022_10_02-fish2_cytoGCaMP
92,0.21737112629314537,1.7501924015469483,0.1,engert_20221002_fish2_magneto_1,52.88987350463867,52.912654876708984,32.0,65.0,,20221002,20221002_fish2,zebrafish,WB,mag,2160.0,154,0.9813573465625228,28,0.6,2022_10_02-fish2_cytoGCaMP
93,0.10521807346835255,2.132009901958754,0.1,engert_20221002_fish2_magneto_1,112.62207794189453,109.63202667236328,32.0,65.0,,20221002,20221002_fish2,zebrafish,WB,mag,2160.0,155,0.9891592633535633,22,0.6,2022_10_02-fish2_cytoGCaMP
96,0.024422648536019942,2.7530455804701437,0.1,engert_20221002_fish2_magneto_1,7.6157379150390625,10.153152465820312,32.0,65.0,,20221002,20221002_fish2,zebrafish,WB,mag,2160.0,158,0.9820917926400305,40,0.6,2022_10_02-fish2_cytoGCaMP
101,0.521266700910404,1.139442042078406,0.1,engert_20221002_fish2_magneto_1,18.465044021606445,21.95737648010254,32.0,65.0,,20221002,20221002_fish2,zebrafish,WB,mag,2160.0,165,0.998055541858975,34,0.6,2022_10_02-fish2_cytoGCaMP
102,0.8410193069804858,0.5860528917871838,0.1,engert_20221002_fish2_magneto_1,90.05845642089844,82.36260986328125,32.0,65.0,,20221002,20221002_fish2,zebrafish,WB,mag,2160.0,167,0.9749150599160558,24,0.6,2022_10_02-fish2_cytoGCaMP
106,0.05009613284043879,2.4654787591560137,0.1,engert_20221002_fish2_magneto_1,8.141547203063965,9.075315475463867,32.0,65.0,,20221002,20221002_fish2,zebrafish,WB,mag,2160.0,174,0.9891639391032537,34,0.6,2022_10_02-fish2_cytoGCaMP
109,0.3251801233927827,1.4991578821579608,0.1,engert_20221002_fish2_magneto_1,21.359758377075195,21.495647430419922,32.0,65.0,,20221002,20221002_fish2,zebrafish,WB,mag,2160.0,179,0.7852682061888259,33,0.6,2022_10_02-fish2_cytoGCaMP
123,0.47549457177405907,1.2176350851431996,0.1,engert_20221002_fish2_magneto_1,198.22129821777344,192.88133239746094,32.0,65.0,,20221002,20221002_fish2,zebrafish,WB,mag,2160.0,221,0.9658394598177286,19,0.6,2022_10_02-fish2_cytoGCaMP
125,0.47963013612600724,1.2104782420067564,0.1,engert_20221002_fish2_magneto_1,167.52488708496094,167.76805114746094,32.0,65.0,,20221002,20221002_fish2,zebrafish,WB,mag,2160.0,224,0.9548961068784161,22,0.6,2022_10_02-fish2_cytoGCaMP
127,0.017651319945408472,2.8745094008394227,0.1,engert_20221002_fish2_magneto_1,128.9176483154297,149.8792266845703,32.0,65.0,,20221002,20221002_fish2,zebrafish,WB,mag,2160.0,227,0.8986020690863107,24,0.6,2022_10_02-fish2_cytoGCaMP
131,0.6339217974468074,0.9522856323196145,0.1,engert_20221002_fish2_magneto_1,65.48136138916016,60.40739822387695,32.0,65.0,,20221002,20221002_fish2,zebrafish,WB,mag,2160.0,234,0.8890961515323763,15,0.6,2022_10_02-fish2_cytoGCaMP
140,0.48234723753117803,1.2057872683475064,0.1,engert_20221002_fish2_magneto_1,40.736114501953125,40.886383056640625,32.0,65.0,,20221002,20221002_fish2,zebrafish,WB,mag,2160.0,253,0.9518826759039348,16,0.6,2022_10_02-fish2_cytoGCaMP
146,0.7016054530271725,0.8392642257736241,0.1,engert_20221002_fish2_magneto_1,7.497269153594971,7.121128559112549,32.0,65.0,,20221002,20221002_fish2,zebrafish,WB,mag,2160.0,262,0.7289340187700368,23,0.6,2022_10_02-fish2_cytoGCaMP
159,0.3337737025147588,1.4814942518012375,0.1,engert_20221002_fish2_magneto_1,10.706676483154297,9.96706771850586,32.0,65.0,,20221002,20221002_fish2,zebrafish,WB,mag,2160.0,292,0.6164051037768749,12,0.6,2022_10_02-fish2_cytoGCaMP
160,0.4485073714022567,1.2648912179616862,0.1,engert_20221002_fish2_magneto_1,23.97276496887207,21.89080238342285,32.0,65.0,,20221002,20221002_fish2,zebrafish,WB,mag,2160.0,293,0.9427639871981208,28,0.6,2022_10_02-fish2_cytoGCaMP
163,0.09835431061850763,2.1642827097984263,0.1,engert_20221002_fish2_magneto_1,161.7581024169922,161.91175842285156,32.0,65.0,,20221002,20221002_fish2,zebrafish,WB,mag,2160.0,297,0.9285993849213278,16,0.6,2022_10_02-fish2_cytoGCaMP
168,0.20755619977971806,1.77681524063204,0.1,engert_20221002_fish2_magneto_1,174.1241912841797,124.63113403320312,32.0,65.0,,20221002,20221002_fish2,zebrafish,WB,mag,2160.0,315,0.8023798317404962,16,0.6,2022_10_02-fish2_cytoGCaMP
169,0.9086423948434903,0.43567530954761585,0.1,engert_20221002_fish2_magneto_1,19.22103500366211,16.346412658691406,32.0,65.0,,20221002,20221002_fish2,zebrafish,WB,mag,2160.0,316,0.9848021089056922,21,0.6,2022_10_02-fish2_cytoGCaMP
174,0.43320613425867704,1.2921662809592134,0.1,engert_20221002_fish2_magneto_1,152.10682678222656,152.9302978515625,32.0,65.0,,20221002,20221002_fish2,zebrafish,WB,mag,2160.0,324,0.9799814410382003,23,0.6,2022_10_02-fish2_cytoGCaMP
178,0.48273962529947356,1.2051105302053207,0.1,engert_20221002_fish2_magneto_1,54.4959602355957,148.1099853515625,32.0,65.0,,20221002,20221002_fish2,zebrafish,WB,mag,2160.0,328,0.8296404806264424,11,0.6,2022_10_02-fish2_cytoGCaMP
183,0.35505182275332015,1.4388082910853008,0.1,engert_20221002_fish2_magneto_1,79.75848388671875,79.931640625,32.0,65.0,,20221002,20221002_fish2,zebrafish,WB,mag,2160.0,338,0.9756622424739081,17,0.6,2022_10_02-fish2_cytoGCaMP
185,0.6533442429726728,0.9200962327286871,0.1,engert_20221002_fish2_magneto_1,36.4456672668457,39.919578552246094,32.0,65.0,,20221002,20221002_fish2,zebrafish,WB,mag,2160.0,342,0.8970813995594006,22,0.6,2022_10_02-fish2_cytoGCaMP
189,0.42680066775610415,1.3037010407756275,0.1,engert_20221002_fish2_magneto_1,53.06013488769531,62.32211685180664,32.0,65.0,,20221002,20221002_fish2,zebrafish,WB,mag,2160.0,353,0.9984654547688869,32,0.6,2022_10_02-fish2_cytoGCaMP
201,0.01003950717265123,3.075476615832056,0.1,engert_20221002_fish2_magneto_1,10.213727951049805,7.742647647857666,32.0,65.0,,20221002,20221002_fish2,zebrafish,WB,mag,2160.0,394,0.9756678157624036,32,0.6,2022_10_02-fish2_cytoGCaMP
212,0.17304392204163854,1.8781122044649705,0.1,engert_20221002_fish2_magneto_1,62.971168518066406,67.11972045898438,32.0,65.0,,20221002,20221002_fish2,zebrafish,WB,mag,2160.0,458,0.9628308869836352,30,0.6,2022_10_02-fish2_cytoGCaMP
215,0.9894064890027665,0.14484582447578284,0.1,engert_20221002_fish2_magneto_1,97.22005462646484,96.79955291748047,32.0,65.0,,20221002,20221002_fish2,zebrafish,WB,mag,2160.0,485,0.6124082171899663,12,0.6,2022_10_02-fish2_cytoGCaMP
216,0.18565950828545963,1.8395439386113634,0.1,engert_20221002_fish2_magneto_1,124.13402557373047,118.29106140136719,32.0,65.0,,20221002,20221002_fish2,zebrafish,WB,mag,2160.0,495,0.7641260764743848,20,0.6,2022_10_02-fish2_cytoGCaMP
220,0.48192970971019444,1.2065075636424742,0.1,engert_20221002_fish2_magneto_1,15.755842208862305,15.26784610748291,32.0,65.0,,20221002,20221002_fish2,zebrafish,WB,mag,2160.0,521,0.8296404806264424,15,0.6,2022_10_02-fish2_cytoGCaMP
225,0.3474040691483802,1.4539867263613693,0.1,engert_20221002_fish2_magneto_1,100.77586364746094,107.75752258300781,32.0,65.0,,20221002,20221002_fish2,zebrafish,WB,mag,2160.0,552,0.602648099752816,39,0.6,2022_10_02-fish2_cytoGCaMP
227,0.9769014798804095,0.214844137308452,0.1,engert_20221002_fish2_magneto_1,43.742637634277344,45.16526412963867,32.0,65.0,,20221002,20221002_fish2,zebrafish,WB,mag,2160.0,557,0.75304401665297,13,0.6,2022_10_02-fish2_cytoGCaMP
228,0.42708798548423077,1.3031820786267811,0.1,engert_20221002_fish2_magneto_1,12.987030982971191,15.774445533752441,32.0,65.0,,20221002,20221002_fish2,zebrafish,WB,mag,2160.0,559,0.9726928767941129,28,0.6,2022_10_02-fish2_cytoGCaMP
230,0.4066623504761697,1.3404616867840695,0.1,engert_20221002_fish2_magneto_1,13.59232234954834,15.236652374267578,32.0,65.0,,20221002,20221002_fish2,zebrafish,WB,mag,2160.0,568,0.759299178032534,16,0.6,2022_10_02-fish2_cytoGCaMP
239,0.384138277830005,1.382578254525877,0.1,engert_20221002_fish2_magneto_1,51.56686019897461,41.27427291870117,32.0,65.0,,20221002,20221002_fish2,zebrafish,WB,mag,2160.0,622,0.9467943601211454,21,0.6,2022_10_02-fish2_cytoGCaMP
244,0.4974146866304924,1.1799245415204207,0.1,engert_20221002_fish2_magneto_1,81.94864654541016,100.62004852294922,32.0,65.0,,20221002,20221002_fish2,zebrafish,WB,mag,2160.0,638,0.8596437272699171,15,0.6,2022_10_02-fish2_cytoGCaMP
245,0.40064036140787607,1.3516120885925944,0.1,engert_20221002_fish2_magneto_1,57.727867126464844,63.656436920166016,32.0,65.0,,20221002,20221002_fish2,zebrafish,WB,mag,2160.0,643,0.8296404806264424,11,0.6,2022_10_02-fish2_cytoGCaMP
246,0.6380639465349321,0.9454301774654306,0.1,engert_20221002_fish2_magneto_1,15.11485481262207,14.441558837890625,32.0,65.0,,20221002,20221002_fish2,zebrafish,WB,mag,2160.0,647,0.6255749862302301,16,0.6,2022_10_02-fish2_cytoGCaMP
247,0.3061471207355744,1.539251941745111,0.1,engert_20221002_fish2_magneto_1,113.7162857055664,112.87285614013672,32.0,65.0,,20221002,20221002_fish2,zebrafish,WB,mag,2160.0,654,0.6164051037768749,14,0.6,2022_10_02-fish2_cytoGCaMP
249,0.15617418289655272,1.9330255253280777,0.1,engert_20221002_fish2_magneto_1,28.179954528808594,32.70988845825195,32.0,65.0,,20221002,20221002_fish2,zebrafish,WB,mag,2160.0,659,0.9841525165555431,44,0.6,2022_10_02-fish2_cytoGCaMP
253,0.7171220189219996,0.8128634442785817,0.1,engert_20221002_fish2_magneto_1,157.52210998535156,157.57598876953125,32.0,65.0,,20221002,20221002_fish2,zebrafish,WB,mag,2160.0,693,0.6681529741079498,11,0.6,2022_10_02-fish2_cytoGCaMP
256,0.5934548944157179,1.0191617702023097,0.1,engert_20221002_fish2_magneto_1,209.65383911132812,210.1565399169922,32.0,65.0,,20221002,20221002_fish2,zebrafish,WB,mag,2160.0,731,0.6164051037768749,11,0.6,2022_10_02-fish2_cytoGCaMP
263,0.45011772181946297,1.2620422820102213,0.1,engert_20221002_fish2_magneto_1,49.042205810546875,48.921630859375,32.0,65.0,,20221002,20221002_fish2,zebrafish,WB,mag,2160.0,756,0.8891949667297754,23,0.6,2022_10_02-fish2_cytoGCaMP
267,0.2259755404978807,1.7275218011965445,0.1,engert_20221002_fish2_magneto_1,143.09262084960938,144.5485076904297,32.0,65.0,,20221002,20221002_fish2,zebrafish,WB,mag,2160.0,781,0.9057343367647149,20,0.6,2022_10_02-fish2_cytoGCaMP
269,0.25460528474866784,1.6560079676942006,0.1,engert_20221002_fish2_magneto_1,30.577028274536133,31.96419906616211,32.0,65.0,,20221002,20221002_fish2,zebrafish,WB,mag,2160.0,791,0.9287422697283554,14,0.6,2022_10_02-fish2_cytoGCaMP
271,0.5265328130025696,1.1305692162483674,0.1,engert_20221002_fish2_magneto_1,21.670076370239258,25.094789505004883,32.0,65.0,,20221002,20221002_fish2,zebrafish,WB,mag,2160.0,817,0.959202644913551,20,0.6,2022_10_02-fish2_cytoGCaMP
272,0.5843229171110882,1.0342657992694864,0.1,engert_20221002_fish2_magneto_1,38.341705322265625,45.8218879699707,32.0,65.0,,20221002,20221002_fish2,zebrafish,WB,mag,2160.0,826,0.9820254647122666,53,0.6,2022_10_02-fish2_cytoGCaMP
277,0.21555361533297857,1.7550590157773496,0.1,engert_20221002_fish2_magneto_1,43.876953125,43.91157913208008,32.0,65.0,,20221002,20221002_fish2,zebrafish,WB,mag,2160.0,869,0.6164051037768749,11,0.6,2022_10_02-fish2_cytoGCaMP
285,0.8312773015437837,0.6054953362151974,0.1,engert_20221002_fish2_magneto_1,46.35318374633789,47.62328338623047,32.0,65.0,,20221002,20221002_fish2,zebrafish,WB,mag,2160.0,935,0.9664778119188697,13,0.6,2022_10_02-fish2_cytoGCaMP
287,0.5581477339173866,1.0776880246963725,0.1,engert_20221002_fish2_magneto_1,9.382723808288574,12.752519607543945,32.0,65.0,,20221002,20221002_fish2,zebrafish,WB,mag,2160.0,951,0.7361656738052705,21,0.6,2022_10_02-fish2_cytoGCaMP
289,0.14563716892815293,1.9695940392254971,0.1,engert_20221002_fish2_magneto_1,69.69509887695312,68.46434783935547,32.0,65.0,,20221002,20221002_fish2,zebrafish,WB,mag,2160.0,976,0.8062618144296994,16,0.6,2022_10_02-fish2_cytoGCaMP
296,0.6773944172543123,0.8800115593150892,0.1,engert_20221002_fish2_magneto_1,74.0360107421875,72.96199798583984,32.0,65.0,,20221002,20221002_fish2,zebrafish,WB,mag,2160.0,1025,0.9287422697283554,15,0.6,2022_10_02-fish2_cytoGCaMP
299,0.5713034595413782,1.0558343679825293,0.1,engert_20221002_fish2_magneto_1,21.779613494873047,21.606979370117188,32.0,65.0,,20221002,20221002_fish2,zebrafish,WB,mag,2160.0,1075,0.9445494960110298,47,0.6,2022_10_02-fish2_cytoGCaMP
304,0.7316203186664072,0.7879405920162275,0.1,engert_20221002_fish2_magneto_1,28.183826446533203,26.523012161254883,32.0,65.0,,20221002,20221002_fish2,zebrafish,WB,mag,2160.0,1096,0.7737568966270317,15,0.6,2022_10_02-fish2_cytoGCaMP
305,0.8343428232195506,0.5994205904640522,0.1,engert_20221002_fish2_magneto_1,22.51311683654785,22.41832160949707,32.0,65.0,,20221002,20221002_fish2,zebrafish,WB,mag,2160.0,1098,0.9556115117538726,16,0.6,2022_10_02-fish2_cytoGCaMP
314,0.30387650490595486,1.544131042956828,0.1,engert_20221002_fish2_magneto_1,18.80354118347168,18.821819305419922,32.0,65.0,,20221002,20221002_fish2,zebrafish,WB,mag,2160.0,1246,0.9525578015822992,21,0.6,2022_10_02-fish2_cytoGCaMP
322,0.3726467766539532,1.4045261022777724,0.1,engert_20221002_fish2_magneto_1,94.97230529785156,93.90596771240234,32.0,65.0,,20221002,20221002_fish2,zebrafish,WB,mag,2160.0,1424,0.6380213768986209,11,0.6,2022_10_02-fish2_cytoGCaMP
329,0.7577534920665184,0.7422438491684664,0.1,engert_20221002_fish2_magneto_1,37.68124771118164,48.90715026855469,32.0,65.0,,20221002,20221002_fish2,zebrafish,WB,mag,2160.0,1520,0.7056713071500116,12,0.6,2022_10_02-fish2_cytoGCaMP
336,0.23218304535873002,1.71152646022124,0.1,engert_20221002_fish2_magneto_1,39.94915771484375,35.49092483520508,32.0,65.0,,20221002,20221002_fish2,zebrafish,WB,mag,2160.0,1605,0.6164051037768749,11,0.6,2022_10_02-fish2_cytoGCaMP
365,0.24893786475593993,1.6697278437356882,0.1,engert_20221002_fish2_magneto_1,54.63984680175781,63.50754165649414,32.0,65.0,,20221002,20221002_fish2,zebrafish,WB,mag,2160.0,2592,0.855681006958732,16,0.6,2022_10_02-fish2_cytoGCaMP
393,0.7755757720184924,0.7103741354710782,0.1,engert_20221002_fish2_magneto_1,19.11954116821289,18.745134353637695,32.0,65.0,,20221002,20221002_fish2,zebrafish,WB,mag,2160.0,3910,0.6164051037768749,15,0.6,2022_10_02-fish2_cytoGCaMP
394,0.5113306859558976,1.1562439104550246,0.1,engert_20221002_fish2_magneto_1,101.42020416259766,101.86872863769531,32.0,65.0,,20221002,20221002_fish2,zebrafish,WB,mag,2160.0,3926,0.7989777953148401,13,0.6,2022_10_02-fish2_cytoGCaMP
400,0.46434593660526813,1.2370358244667028,0.1,engert_20221002_fish2_magneto_1,119.7713851928711,111.80974578857422,32.0,65.0,,20221002,20221002_fish2,zebrafish,WB,mag,2160.0,4427,0.6429730286313806,11,0.6,2022_10_02-fish2_cytoGCaMP
4,0.17798369799115366,1.8627763108380455,0.1,engert_20221002_fish2_magneto_2,157.7211456298828,204.75807189941406,32.0,65.0,,20221002,20221002_fish2,zebrafish,WB,mag,2160.0,7,0.987453414569208,24,0.6,2022_10_02-fish2_cytoGCaMP
154,0.4311377164707234,1.295883153235641,0.1,engert_20221002_fish2_magneto_2,47.14486312866211,65.54927062988281,32.0,65.0,,20221002,20221002_fish2,zebrafish,WB,mag,2160.0,290,0.9692271213193628,35,0.6,2022_10_02-fish2_cytoGCaMP
