batch,kind,n,dev_at_half,p_below_01,c0,c1,c2,c3,c4,c5,c6,c7,c8,c9,c10,c11,c12,c13,c14,c15,c16,c17,c18,c19,c20,c21,c22,c23,c24,c25,c26,c27,c28,c29,c30,c31,c32,c33,c34,c35,c36,c37,c38,c39,c40,c41,c42,c43,c44,c45,c46,c47,c48,c49,c50,c51,c52,c53,c54,c55,c56,c57,c58,c59,c60,c61,c62,c63,c64,c65,c66,c67,c68,c69,c70,c71,c72,c73,c74,c75,c76,c77,c78,c79,c80,c81,c82,c83,c84,c85,c86,c87,c88,c89,c90,c91,c92,c93,c94,c95,c96,c97,c98,c99,c100,c101,c102,c103,c104,c105,c106,c107,c108,c109,c110,c111,c112,c113,c114,c115,c116,c117,c118,c119,c120,c121,c122,c123,c124,c125,c126,c127,c128,c129,c130,c131,c132,c133,c134,c135,c136,c137,c138,c139,c140,c141,c142,c143,c144,c145,c146,c147,c148,c149,c150,c151,c152,c153,c154,c155,c156,c157,c158,c159,c160,c161,c162,c163,c164,c165,c166,c167,c168,c169,c170,c171,c172,c173,c174,c175,c176,c177,c178,c179,c180,c181,c182,c183,c184,c185,c186,c187,c188,c189,c190,c191,c192,c193,c194,c195,c196,c197,c198,c199,c200
zebrafish 0.4 Hz (2022 Q1),real,5602,0.022491967154587678,0.013031060335594431,0.0,0.0026758300606926095,0.003031060335594431,0.003921813637986434,0.0037415208853980725,0.00606033559443056,0.007129596572652629,0.00944841128168511,0.009982149232416991,0.01158693323812924,0.01229917886469118,0.014082470546233482,0.015330239200285617,0.01604248482684756,0.016219207425919313,0.016217422349161015,0.017822206354873263,0.017284898250624764,0.020139235987147452,0.020851481613709394,0.02174223491610139,0.023347018921813636,0.024059264548375578,0.023878971795787227,0.02369867904319886,0.023875401642270616,0.023159585862192078,0.021194216351303086,0.021906461977865027,0.021012138521956464,0.021724384148518405,0.021544091395930026,0.021363798643341647,0.02064798286326311,0.020110674759014624,0.020108889682256326,0.019393073902177788,0.018855765797929303,0.019568011424491244,0.020101749375223132,0.020099964298464834,0.01956265619421635,0.018489825062477705,0.018845055337379513,0.018664762584791134,0.016520885398072116,0.015626561942163497,0.01633880756872544,0.01722956087111749,0.01829882184933951,0.018832559800071424,0.01829525169582291,0.018293466619064613,0.02096929667975722,0.02132452695465903,0.02078721885041057,0.020606926097822165,0.02167618707604424,0.022566940378436318,0.022029632274187805,0.02077829346661908,0.020419493038200676,0.019882184933952163,0.02023741520885397,0.020414137807925725,0.021126383434487694,0.02201713673687966,0.02183684398429131,0.02183505890753301,0.02379685826490535,0.024687611567297374,0.02432881113887897,0.024505533737950724,0.024860764012852588,0.024858978936094234,0.02307211710103535,0.02217779364512673,0.020926454837558006,0.02253123884327024,0.022529453766511942,0.022527668689753644,0.022525883612995345,0.02323812923955726,0.02466440556943944,0.02430560514102109,0.024482327740092846,0.025016065690824707,0.025371295965726515,0.025726526240628322,0.025724741163870024,0.025722956087111726,0.024114601927882895,0.023755801499464435,0.022861478043555872,0.022145662263477306,0.02142984648339874,0.021963584434130712,0.021426276329882143,0.021960014280614115,0.021779721528025764,0.022491967154587678,0.02249018207782938,0.022666904676901134,0.023379150303463048,0.02337736522670475,0.022483041770796075,0.02265976436986783,0.021586933238129213,0.021585148161370915,0.02122634773295251,0.021224562656194212,0.021222777579435914,0.0208639771510174,0.020683684398429047,0.020503391645840696,0.020323098893252345,0.01996429846483405,0.019069975008925377,0.018889682256337026,0.01853088182791862,0.017279543020349952,0.016385219564441278,0.01584791146019282,0.016024634059264575,0.01566583363084617,0.014593002499107444,0.014055694394858986,0.013161370938950312,0.012267047483041749,0.012443770082113503,0.011192431274544834,0.010833630846126319,0.012081399500178502,0.011901106747590151,0.010471260264191318,0.009755444484112807,0.01100321313816488,0.010822920385576529,0.01135665833630839,0.011533380935380144,0.01117458050696174,0.011529810781863659,0.011171010353445254,0.011347732952517009,0.009739378793288123,0.010451624419850036,0.011163870046412061,0.009198500535523069,0.0086611924312745,0.006874330596215672,0.007586576222777586,0.006692252766869022,0.005976436986790401,0.007224205640842585,0.006865405212424069,0.006863620135665771,0.007040342734737526,0.008645126740449816,0.008107818636201358,0.007927525883613007,0.007390217779364439,0.006852909675115981,0.006137093895037471,0.006849339521599385,0.009525169582291992,0.008452338450553265,0.008272045697964914,0.007377722242056461,0.006126383434487681,0.005589075330239224,0.0061228132809710845,0.004692966797572362,0.005762227775794382,0.0070099964298464545,0.008614780435558744,0.008434487682970393,0.008432702606212095,0.009501963584434114,0.011106747590146404,0.009319885755087465,0.011460192788289914,0.010922884684041345,0.009850053552302729,0.008777222420564001,0.008418421992145597,0.008059621563727193,0.0071652981078186295,0.006627990003570061,0.005912174223491551,0.0048393430917529345,0.004480542663334419,0.002336665476615374,0.0026918957515174036,0.0019760799714387822,0.001438771867190325,0.00036594073545159755,7.140307033193238e-06,-0.0003516601213852111,0.0008961085326668616,1.7850767582983096e-06,0.0
zebrafish 0.4 Hz (2022 Q1),detrended,5602,0.02195644412709752,0.013031060335594431,0.0,0.0026758300606926095,0.003031060335594431,0.004100321313816494,0.003920028561228132,0.005524812566940377,0.0076651196001428085,0.00944841128168511,0.009625133880756871,0.01122991788646912,0.013370224919671547,0.013725455194573362,0.014616208496965377,0.014792931096037132,0.015683684398429126,0.01746697607997144,0.018357729382363436,0.01782042127811495,0.020496251338807572,0.021029989289539447,0.02174223491610139,0.02299000357015353,0.023166726169225285,0.023700464119957146,0.0244127097465191,0.022982863263120323,0.022802570510531944,0.02155123170296322,0.022084969653695108,0.02065512317029633,0.020653338093538032,0.020651553016779733,0.02100678329168154,0.021719028918243483,0.01993216708318457,0.020644412709746512,0.019214566226347735,0.019569796501249542,0.020282042127811484,0.02045876472688324,0.0197429489468047,0.01938414851838627,0.019203855765797945,0.018309532309889326,0.018307747233131028,0.01669939307390217,0.017233131024634057,0.017766868975365918,0.01883612995358802,0.019905390931810096,0.01972509817922169,0.01972331310246339,0.019186004998214934,0.020433773652267007,0.021146019278828976,0.020608711174580463,0.02042841842199211,0.021854694751874293,0.021674401999285997,0.022565155301677964,0.022384862549089612,0.022026062120671208,0.022738307747233122,0.022379507318814718,0.021842199214566205,0.021661906461977853,0.02273116744019993,0.023978936094252057,0.023084612638343438,0.024689396644055672,0.02504462691895748,0.023971795787218864,0.024505533737950724,0.024503748661192426,0.0255730096394145,0.024321670831845776,0.022891824348447,0.0228900392716887,0.022709746519100293,0.023421992145662263,0.023420207068903964,0.024846483398786146,0.02484469832202779,0.02412888254194928,0.023591574437700824,0.023054266333452367,0.02305248125669407,0.024657265262406303,0.025369510888968216,0.02393966440556944,0.02393787932881114,0.022686540521242415,0.022327740092823956,0.021611924312745445,0.020539093181006773,0.021251338807568687,0.02124955373081039,0.020890753302391984,0.02160299892895401,0.021779721528025764,0.02195644412709752,0.02249018207782938,0.02427347375937161,0.0235576579792931,0.02409139593002496,0.022840057122456292,0.02141021063905746,0.021229917886469107,0.020871117458050703,0.020512317029632188,0.020332024277043836,0.019973223848625432,0.02032845412352724,0.02014816137093889,0.019789360942520484,0.019252052838272027,0.018893252409853623,0.018534451981435218,0.017461620849696602,0.01781685112459841,0.01763655837201006,0.014957158157800854,0.015669403784362768,0.01566761870760447,0.014594787575865742,0.013878971795787232,0.014055694394858986,0.012268832559800047,0.012267047483041749,0.012979293109603662,0.012977508032845364,0.011547661549446642,0.01190289182434845,0.01243662977508031,0.01118529096751153,0.009041413780792484,0.008325598000713974,0.009037843627275888,0.009750089253837912,0.01064084255622988,0.011710103534451899,0.010815780078543447,0.00974294894680472,0.010990717600856903,0.009917886469118176,0.009023563013209612,0.008307747233130991,0.007413423777222428,0.006519100321313864,0.006695822920385619,0.00722956087111748,0.005799714387718646,0.004905390931810083,0.00579614423420205,0.0074009282399143395,0.007399143163156041,0.008289896465548008,0.0077525883612995505,0.007393787932881035,0.008463048911103166,0.00863977151017492,0.007566940378436193,0.007029632274187736,0.006492324169939279,0.008632631203141727,0.009166369153873588,0.007915030346304808,0.007199214566226408,0.005947875758657628,0.004696536951088959,0.0057657979293109785,0.006121028204212786,0.0068332738307747,0.0061174580506961895,0.008436272759728691,0.01004105676544087,0.008611210282042148,0.010037486611924273,0.010749732238486187,0.009319885755087465,0.009853623705819325,0.009673330953230974,0.009136022848982517,0.0077061763655836835,0.007704391288825385,0.00788111388789714,0.0077008211353087885,0.006985005355230167,0.005733666547661498,0.0059103891467332526,0.005373081042484795,0.003586219207425856,0.0037629418064977216,0.0012620492681185702,0.0003677258122100069,0.0009014637629418676,-0.00034987504462691277,-0.0007086754730453171,0.0016101392359871847,0.0001802927525883513,0.0
zebrafish 0.4 Hz (2022 Q1),detrended + envelope-normalised,5602,0.020528382720456984,0.013566583363084613,0.0,0.0017832916815423063,0.0035665833630846126,0.0057068903962870406,0.006597643698679042,0.008559443056051406,0.008914673330953235,0.00909139593002499,0.008732595501606571,0.0117654409139593,0.013727240271331667,0.01711710103534452,0.017650838986076403,0.018898607640128517,0.02068189932167082,0.021751160299892894,0.023534451981435195,0.022818636201356657,0.0235308818279186,0.025492681185290966,0.025847911460192774,0.026203141735094623,0.025487325955016057,0.02405747947161728,0.02369867904319886,0.02351838629061051,0.023873616565512318,0.024228846840414126,0.02440556943948588,0.024760799714387716,0.022259907176008564,0.02315066047840056,0.022970367725812207,0.02279007497322383,0.020467690110674758,0.019394858978936086,0.018322027847197442,0.017427704391288823,0.017604426990360578,0.017067118886112093,0.017957872188504087,0.01884862549089608,0.019382363441627998,0.02080863977151018,0.02080685469475188,0.02116208496965369,0.01955373081042483,0.019194930382006398,0.01972866833273834,0.020262406283470202,0.019546590503391637,0.01900928239914318,0.01900749732238488,0.0177561585148161,0.018111388789717964,0.018645126740449824,0.01810781863620131,0.019712602641913546,0.018639771510174985,0.019173509460906846,0.018993216708318494,0.01827740092823993,0.02023920028561227,0.02112995358800429,0.022734737593716525,0.02201892181363796,0.022552659764369876,0.021122813280971042,0.01951445912174221,0.0212977508032845,0.021474473402356253,0.020223134594787584,0.021113887897179606,0.023075687254551946,0.022716886826133542,0.023786147804355562,0.023962870403427317,0.027352731167440192,0.027529453766511947,0.025921099607283116,0.025919314530524817,0.026096037129596572,0.025915744377008165,0.025735451624419814,0.024484112816851145,0.0223402356301321,0.0223384505533738,0.02269368082827561,0.022513388075687257,0.022333095323098906,0.021795787218850393,0.02143698679043199,0.021613709389503744,0.02196893966440555,0.022502677615137412,0.022500892538379114,0.022677615137450924,0.01999821492324172,0.019460906818993262,0.018923598714744694,0.020528382720456984,0.020526597643698685,0.019096751160299852,0.01945198143520166,0.01945019635844336,0.020876472688325598,0.02158871831488751,0.021229917886469107,0.02247768654052118,0.02301142449125304,0.021224562656194212,0.01979471617279538,0.02032845412352724,0.01907711531595857,0.019967868618350537,0.017466976079971386,0.016751160299892986,0.01639235987147447,0.01621206711888612,0.016567297393787928,0.017101035344519788,0.016206711888611225,0.016204926811852927,0.01459657265262404,0.014059264548375583,0.013878971795787232,0.014412709746519092,0.014410924669760794,0.013873616565512337,0.013693323812923985,0.011906461977865046,0.011547661549446642,0.010474830417707914,0.010651553016779669,0.011899321670831853,0.01171902891824339,0.010646197786504774,0.0120724741163869,0.012427704391288819,0.012604426990360573,0.012245626561942058,0.011886826133523765,0.011706533380935413,0.012061763655837221,0.013488039985719458,0.01295073188147089,0.012948946804712591,0.011340592645483816,0.0133023920028561,0.013300606926097802,0.013477329525169557,0.01240449839343094,0.01115315958586216,0.01043734380578365,0.009543020349874975,0.009184219921456571,0.009717957872188432,0.009894680471260187,0.008464833987861464,0.008641556586933219,0.008996786861835027,0.00970903248839694,0.009707247411638642,0.010419493038200556,0.011488754016422686,0.01273652267047476,0.01273473759371646,0.012732952516958274,0.01183862906104971,0.012729382363441677,0.011299535880042844,0.012011781506604757,0.011831488754016406,0.011115672973937896,0.010399857193859385,0.008791503034630499,0.008075687254551989,0.007716886826133473,0.007536594073545122,0.006642270617636559,0.006461977865048207,0.005924669760799639,0.006101392359871394,0.006099607283113095,0.005026776151374479,0.004667975722956075,0.0037736522670474004,0.003771867190289102,0.002877543734380539,0.0007336665476614934,0.0003748661192430891,-0.0005194573366655852,-0.0024848268475543556,-0.00337915030346303,-0.003916458407711487,-0.0023116744019993085,-0.0015994287754372838,-0.002493752231345958,0.0005390931810067556,0.0007158157800785103,0.0
zebrafish 0.4 Hz (2022 Q1),"Gaussian, smooth spectrum",5602,0.004046173985481405,0.009877424729263359,0.0,0.0002957277162918004,-0.00012257527073664178,-0.00030286802332500293,-0.00024515054147328355,5.057717481851571e-05,0.00010829465667023738,0.00016601213852195326,0.0003427347375937149,0.001233488039985721,0.00010115434963703374,0.0004563846245388553,0.000335594430560517,-0.00014221111507794573,-0.00026300130905629787,-0.0006218017374747068,-0.00038557657979293447,-0.0006848744496013396,-0.0005676544091395888,-0.00015292157562774947,-0.0006902296798762438,-0.0011680352255146974,-0.0007533023920028581,-0.0009335951445912233,-0.0008758776627394946,-0.0009371652981078199,-0.0007009401404260429,-0.0004052124241342529,-0.00028799238367251584,-0.0005872902534808933,0.0007199809591812434,0.00024217541354278524,0.0007759133642746552,0.0008336308461263745,0.0008318457693680762,0.0017225990717600614,0.0017803165536118086,0.0023140545043436878,0.001895751517315238,0.0021319766749970104,0.0022491967154587658,0.0018308937284303068,0.0010555753897417697,0.0006967749613233376,0.0004569796501249594,-2.0825895513508035e-05,0.0006319171724383973,0.00021361418540995677,0.001163870046412006,0.001043079852433663,0.0019933357134356753,0.001813042960847333,0.0012757348565988202,0.0010954421040104505,0.0026407235511126856,0.0029959538260144933,0.0030536713078662125,0.0032303939069379672,0.0034071165060097774,0.0031078186362013724,0.0037010591455432693,0.0034017612757348457,0.00375699155063669,0.0026841604188980184,0.0019683446388194525,0.0010740211829108521,0.0011912412233725893,0.0011299535880042548,0.0016041889801261349,0.0007098655242175159,0.001719623943829555,0.0018963465429013653,0.0008830179697726925,0.0001672021896941637,-0.0002511007973342953,0.000639652505057727,0.00016184695941925029,-0.00019695346899917254,0.00039628704034270584,0.0006325121980244967,0.0008687373557062691,0.0011049625133880414,0.001995715815780045,0.002469951207901907,0.002468166131143664,0.0025258836129953646,0.0037141497084374753,0.004069379983339301,0.003591574437700825,0.002578245864572152,0.0018029275258836057,0.001979650124955379,0.002394382958467204,0.0016190646197786391,0.0025693204807806422,0.003162560990122539,0.0032797810305843314,0.003516006188266122,0.002978698084017628,0.003274425800309418,0.004046173985481405,0.0051154349637034064,0.0058871831488753745,0.005944900630727094,0.006062120671188831,0.006179340711650568,0.007248601689872662,0.00688980126145422,0.007066523860525975,0.007362251576817765,0.007479471617279502,0.007537189099131185,0.008665952635963295,0.008664167559204997,0.008840890158276752,0.008601094847078383,0.00788527906699991,0.007704986314411559,0.008298226823753438,0.007344400809234856,0.00716410805664643,0.007459835772938257,0.0077555634892300844,0.008051291205521874,0.007692490777103396,0.00828573128644535,0.009354992264667406,0.009174699512079054,0.007804355587290239,0.0078025705105319405,0.008514816137093891,0.008870046411995661,0.009463286921337577,0.010651553016779669,0.010411757705581262,0.010231464952992911,0.010884208020944844,0.011060930620016637,0.010702130191598195,0.010521837439009807,0.011829108651671971,0.012838867071284121,0.012182553849815592,0.011466738069737007,0.010274901820778318,0.009083065571819593,0.009021777936451278,0.009555515887183138,0.008899202665714645,0.008361894561466151,0.007765083898607639,0.007287278352969162,0.006333452338450544,0.005855646792812068,0.005794359157443751,0.005733071522075399,0.0051362608592169234,0.00406342972747827,0.005251695822920362,0.0056664286564321875,0.00590265381411396,0.005186838034035375,0.005244555515887169,0.005123765321908798,0.005240985362370536,0.005120195168392201,0.00571343567773408,0.006009163394025944,0.005352850172557451,0.005886588123289349,0.0052302749018208194,0.0043954540045221995,0.004453171486373919,0.004332381292395586,0.0045091038914673405,0.0031387599666785615,0.0031964774485302807,0.0032541949303820004,0.0025978817089134707,0.002298583839105047,0.0025943115553968368,0.0037230750922289855,0.003364274663810507,0.0031839819112221557,0.0035392121861239265,0.004251457812685914,0.004606688087587722,0.003474354397239051,0.002877543734380539,0.002042722837081956,0.0015054147328334249,0.00037308104248475377,1.4280614066423484e-05,-0.0005825300487920885,-0.00040580744972033383,-0.0006456027609186658,-0.001004403189337107,-0.0003516601213852111,-0.0003534451981435094,-0.0008907533023920037,0.0
zebrafish 0.4 Hz (2022 Q1),"Gaussian, smooth spectrum x envelope",5602,0.002856122813280959,0.010888968225633702,0.0,0.00023622515768178046,0.0008889682256337019,0.00047066523860526027,-0.0006021658931334046,-0.0003659407354516253,-0.0009627513983101257,-0.0004885160061882688,-0.0013233369034868516,-0.0018606450077353297,-0.0013269070570034551,-0.0014476972509817933,-0.0013304772105200517,-0.0016297750803284591,-0.0015125550398667198,-0.0015143401166250136,-0.0015756277519933387,-0.0016964179459716816,-0.002233726050220153,-0.0019975008925383806,-0.0014637629418065058,-0.001465548018564795,-0.0006937998333928358,-0.001528620730691423,-0.0006973699869094324,-0.00016363203617756247,-0.000462929905985963,-0.00040521242413424363,-0.0005855051767226135,0.00024574556705940037,0.0012555039866714395,0.0021462572890634246,0.0020849696536950992,0.0029757229560871123,0.0032119481137688755,0.002734142568130408,0.00267285493276212,0.003861121028204212,0.0040973461858859845,0.004155063667737703,0.003498750446269183,0.003556467928120884,0.003019159823872436,0.0029578721885041106,0.0028370819945257586,0.0030733071522075404,0.0030715220754492325,0.0025342139712007474,0.0017588956325122012,0.0018761156729739474,0.0016958229203855684,0.001753540402237297,0.002584791146019283,0.0017499702487206819,0.0017481851719623835,0.0013893847435439421,0.0013875996667856254,0.0015048197072473808,0.001681542306319191,0.001441746995120785,0.0008449363322622916,0.0012001666071640993,0.0006628585029156234,0.0010180887778174497,6.426276329881316e-05,2.9751279304971825e-06,0.0003582054028323049,-6.009758419613561e-05,-0.0005974056884446299,-0.00024217541354280372,0.0007080804474591992,0.0004682851362608857,0.0005855051767226042,0.0001672021896941822,0.0008199452576460967,0.00040164227061761926,0.00010234440080923261,-1.8445793169101037e-05,-0.00037724622158752386,0.0008110198738545682,0.0008687373557062875,0.0006289420445078816,0.0014601927882898675,0.0009823872426514095,0.0010996072831131836,0.0013358324407949744,0.001453052481256693,0.0013917648458883585,0.0012709746519100247,0.0010906818993216734,0.00043436867785314376,-0.0002219445436154044,-0.0005807449720338272,-0.0009990479590622676,0.00018921813637984286,6.842794240149071e-05,0.0008401761275734961,0.0017904319885755176,0.002383672497917414,0.00279840533142924,0.002856122813280959,0.0029138402951326783,0.0030310603355944155,0.0031482803760561526,0.003205997857907872,0.004037248601689858,0.0044519814352016835,0.005461739854813723,0.004924431750565228,0.004744138997976839,0.004980364155658612,0.00432405093419012,0.004679281209091964,0.004379983339283504,0.005151731524455509,0.0046144234202070145,0.004493633226228755,0.004134832797810313,0.003657027252171874,0.003714744734023593,0.0034154468642152067,0.0026401285255266047,0.0029953588004284493,0.0019820302272997767,0.0017422349161013706,0.0023949779840533036,0.0030477210520052367,0.0033434487682969896,0.003401166250148709,0.002625847911460181,0.00345709865524213,0.0045263596334642235,0.004584077115315906,0.005534332976317928,0.006187076044269897,0.006482803760561651,0.006183505890753227,0.005467690110674717,0.005703915268356452,0.006118648101868278,0.006592883493990158,0.007007616327502131,0.007541354278234029,0.00718255384981555,0.007894799476377501,0.006940973461858883,0.006403665357610426,0.00640188028085209,0.006162084969653721,0.006695822920385582,0.006694037843627247,0.006513745091038932,0.007225990717600809,0.00698619540640244,0.007222420564084249,0.0076371533975960375,0.007456860645007686,0.0065030346304890685,0.005668213733190486,0.0056664286564321875,0.004891110317743623,0.0048298226823753065,0.004292514578126849,0.004885755087468691,0.005062477686540483,0.004346661906461935,0.0034523384505533348,0.003510055932405128,0.004103296441747044,0.0034469832202784767,0.003683208377960286,0.0029673925978817386,0.0021920742591931366,0.0020117815066048226,0.0019504938712364694,0.0011751755325479045,0.0003403546352493218,0.000993097703201255,0.0006342972747827765,-0.0003195287397358045,-0.00020230869927410447,-0.0007396168035225988,-0.0015149351422111639,-0.00032666904676907177,-0.0011019873854575997,-0.0007467571105557921,-0.00021301915982393135,-0.000512317029632318,-3.808163751047496e-05,-0.00027787694870888097,7.735332619292674e-05,1.6065690824647778e-05,0.0003712959657265665,0.0006075211234083389,-4.87920980601908e-05,0.0003659407354516346,-0.00017136736879682277,0.0010764012852552869,0.000658098298226828,0.000418302987028422,0.0
zebrafish 0.4 Hz (2022 Q1),white x envelope,5602,0.0027371176960609236,0.010472450315363561,0.0,-0.00018029275258836159,0.0004724503153635603,0.001541711293585625,0.0014804236582173027,0.0011811257884089,0.0008223253599904806,0.0008800428418421977,0.0011757705581340015,0.001173985481375701,0.0001606569082470514,0.00027787694870879304,0.000454599547780557,0.0012263477329525114,0.0013435677734142532,0.0011632750208258973,0.0003284541235273053,0.0007431869570391492,0.00109841723194098,0.0009776270379626324,0.000737831726764245,0.00031952873973581375,0.0004962513388075684,0.00019695346899915867,0.0009687016541711316,0.00043139354992264195,-0.00040342734737593605,-0.0007027252171843504,-4.9982149232435935e-05,0.000305248125669418,5.950255861012869e-06,-0.0007098655242175437,-0.000533142925145789,-0.0007729382363441673,-0.00047721052005237724,-2.975127930524938e-06,-0.000718790908009026,-0.0010180887778174497,-0.0006628585029156328,-0.0016761870760442776,-0.0006664286564322294,-0.001144234202070706,-0.0017410448649291903,-0.0001957634178269644,0.0002784719742948971,0.00027668689753658954,0.00039390693799831733,-8.389860764014083e-05,9.282399143164162e-05,0.0010430798524336538,0.0006842794240152402,0.0003254789955967989,-0.0002713316672616761,-0.0003921218612400468,-0.0005129120552183989,-0.0008122099250267856,-0.0013495180292752984,-4.2246816613171014e-05,-4.403189337139531e-05,-0.000878852790669978,-0.0011781506604783831,-0.0015964536475068236,-0.0017172438414851758,-0.0016000238010234387,-0.0014828037605617201,-0.0012465786028799293,-0.0007128406521480501,-0.0006551231702963493,-0.0002998928953945231,0.00035285017255739143,-0.00024396049030112055,-7.735332619274171e-06,-9.520409377590985e-06,-0.00042782339640603145,0.00040342734737593605,0.0002826371533976024,0.00022134951802926794,0.0009335951445912186,0.0016458407711531509,0.00200107104605494,0.002534808996786856,0.0018784957753183267,0.0015196953468998853,0.001041889801261427,0.000921099607283149,0.0018713554682851334,0.0022265857431869596,0.0025818160180887673,0.0022230155896703443,0.002459240747352154,0.0027549684636439253,0.002515173152445538,0.0022753778412471504,0.0023330953230988514,0.0028073307152207314,0.003103058431512521,0.003220278471974314,0.00309948827799598,0.003216708318457717,0.003393430917529435,0.0027371176960609236,0.0026163275020825902,0.002971557776984398,0.0029697727002260996,0.0029084850648577834,0.0022521718433892537,0.0027859097941211144,0.0016535761037724435,0.0011162679995239861,0.001471498274425757,0.0011722004046173333,0.0008133999761988919,0.0003950969891704699,3.629656075202862e-05,0.00015351660121376565,-0.0008003094133048153,-0.00026657146257284364,-0.000625371890991285,0.00014637629418064643,0.0005611091276925088,0.0013923598714745318,0.0017475901463763395,0.0019243127454480573,0.0009109841723194215,-0.00010234440080925111,-0.0002826371533975654,-0.00010591455432584773,0.0001898131619659423,-0.00010948470784244435,-0.000230274901820815,0.000779483517791224,0.0008967035582529611,2.3801023443607385e-06,6.009758419604309e-05,-6.069260978229055e-05,-2.9751279305711975e-06,0.0005902653814113442,0.0003504700702129382,0.00046769011067474925,0.0007634178269665023,-0.0005474235392122587,0.000878852790670052,0.000996072831131789,0.0013513031060335967,0.0008139950017851024,0.0014667380697370354,0.0014054504343687195,0.0009871474473402604,0.0023539212186124057,0.0013405926454837698,0.0015768178031655422,0.0022890634297274928,0.002346780911579175,0.0027615137450910376,0.002462215875282614,0.002281923122694226,0.0021016303701058745,0.0029328811138878605,0.0034071165060097406,0.0034053314292514423,0.002868023325002911,0.002628228013804542,0.0020909199095560846,0.0016726169225276255,0.0013733190527192018,0.0020855646792811524,0.0017267642508627112,0.0016059740568844887,0.001842199214566298,0.001423896227537802,0.001005593240509343,0.0008848030465310094,0.0004069975008925697,0.0003457098655242537,0.0007604426990360421,0.0005206473878376731,0.00016184695941923177,0.00010055932405091579,-2.023086992741785e-05,0.0007515173152445506,0.0009282399143162682,0.00015292157562774022,0.0005676544091395656,0.0012203974770914987,0.0022301558967035007,0.00306140664048545,0.003178626680947224,0.0027603236939187648,0.002461025824110378,0.001864215161251866,0.0012079019397833735,0.0012061168630250012,0.0010853266690468155,0.00042901344757828586,-0.00016779721528026315,8.925383791528555e-06,0.0008996786861834952,0.0009573961680352147,0.0013126264429370593,0.0008348208972986196,0.0
zebrafish 0.4 Hz (2022 Q1),white,5602,0.003094133047721085,0.009877424729263359,0.0,-0.0002992978698084017,-0.00012257527073664178,0.0002326550041651798,0.00029037248601689855,0.0009431155539688189,0.0006438176841604195,0.0007015351660121354,0.0021278114958943237,0.0008169701297155788,0.0005771748185171935,0.0004563846245388553,0.0006331072236106169,0.0002743067951921918,0.00015351660121384428,0.000746757110555755,0.0017565155301677987,0.0008621920742591891,0.0016934428180411798,0.003119719147923361,0.002582411043674876,0.0023426157324765023,0.0016863025110079772,0.0016250148756396475,0.0014447221230512962,0.001204926811852904,0.0020956801142449077,0.0016178745686064404,0.0023301201951683817,0.0022688325598000845,0.0028025705105319634,0.002562775199333567,0.0027990003570153485,0.0026782101630370056,0.002200404617398529,0.0023771272164702837,0.00267285493276212,0.0023140545043436878,0.002431274544805434,0.002072474116387002,0.00171367368796857,0.002187909080090422,0.0020076163275020895,0.0014108056646435867,0.0012900154706652345,0.001942758538617149,0.002059978579078886,0.0022367011781506407,0.0019374033083422726,0.0015786028799238405,0.0014578126859454976,0.0012180173747471195,0.0016327502082589447,0.00252350351065093,0.0024622158752826326,0.0024604307985243157,0.00358919433535639,0.003408901582768039,0.002752588361299546,0.002096275139831035,0.0019754849458526826,0.00161668451743426,0.0011388789717957832,0.001494109246697591,0.001194811376889186,0.001014518624300816,0.0018457693680828207,0.0019034868499345214,0.0013661787456860457,0.0010668808758776405,0.0008270855646792344,0.001955849101511383,0.0014780435558729248,0.0029043198857550876,0.0035570629537070206,0.003912293228608828,0.0033749851243603524,0.00373021539926216,0.003371414970843737,0.0029531119838152966,0.0025943115553968554,0.0024140188028084855,0.0018767106985599913,0.002410448649291889,0.0018731405450434686,0.0016928477924550804,0.0027621087706771372,0.003176841604188981,0.003532071879090807,0.003589789360942508,0.0037665119600142813,0.003943234559086017,0.004357967392597861,0.004475187433059598,0.005306438176841584,0.006018683803403517,0.005540878257765096,0.004884565036296566,0.005120790193978357,0.004226466738069738,0.003094133047721085,0.0024973223848625548,0.0024360347494942016,0.0029102701416160817,0.003027490182077819,0.003085207663929538,0.0030834225871712397,0.002843627275972834,0.0023063191717243394,0.0016500059502558468,0.001053195287397335,0.0016464357967392502,0.001644650719980952,0.0015238605260025444,0.00116506009758414,0.001639295489705983,0.0020540283232179193,0.0030637867428299583,0.0030620016660716973,0.0038337498512436285,0.003355944305605152,0.0035326669046769434,0.0029358562418183944,0.0034100916339402376,0.004181839819112243,0.003585029156253731,0.003523741520885378,0.003462453885517099,0.0036986790431988346,0.0031018683803403224,0.002743067951921918,0.002027252171843371,0.002620492681185249,0.0030352255146971117,0.003211948113768829,0.0029126502439604427,0.002613352374152019,0.0026115672973937576,0.0027287873378554575,0.0032030227299773375,0.002903724860168914,0.0025449244317506206,0.002483636796382268,0.002362846602403934,0.0021825538498155828,0.003192312269427585,0.0033095323098893217,0.0036052600261811487,0.00318695703915269,0.0034826847554444798,0.0035404022372962363,0.002824586457217652,0.0030608116148994244,0.0038325598000713557,0.004068784957753128,0.0046025229084850254,0.004600737831726764,0.004777460430798482,0.005013685588480292,0.004595382601451832,0.004534094966083517,0.004175294537665038,0.003459478757586528,0.004528739735808585,0.003872426514340055,0.0035136260859216506,0.00339283589194328,0.0037480661668451987,0.004222301558967079,0.0043395215994288154,0.0038617160537903392,0.0044549565631322174,0.004215161251933848,0.004629894085445674,0.003914078305367126,0.00438831369748897,0.0031964774485302807,0.003908723075092231,0.0033119124122337196,0.003548137569915492,0.003308342258717123,0.003961085326669019,0.00354278233964056,0.002588956325121942,0.002349161013923573,0.0016928477924550434,0.0019290729501368158,0.0015702725217183744,0.002104010472450272,0.0018047126026418485,0.0019219326431035855,0.0020391526835653226,0.0020373676068071354,0.002511602998928978,0.0025693204807806604,0.0016154944662620796,0.0010186838034035677,0.0006598833749851633,0.00018207782934664962,0.00029929786980842366,0.0
zebrafish 0.3 Hz,real,857,0.05775962660443412,0.008168028004667444,0.0,-0.0003325554259043179,-0.001831971995332556,-0.003331388564760793,-0.003663943990665112,-0.003996499416569429,-0.001995332555425902,-0.0058284714119019865,-0.008494749124854144,-0.00882730455075846,-0.009159859976662778,-0.012992998833138855,-0.009824970828471412,-0.011324387397899649,-0.013990665110851813,-0.014323220536756123,-0.014655775962660447,-0.01615519253208869,-0.019988331388564762,-0.021487747957993006,-0.021820303383897316,-0.025653442240373386,-0.02131855309218203,-0.023984830805134194,-0.023150525087514584,-0.021149358226371068,-0.020315052508751458,-0.02064760793465578,-0.015145857642940505,-0.013144690781796947,-0.014644107351225205,-0.013809801633605595,-0.010641773628938173,-0.003973162193698948,0.00036172695449240844,-0.0034714119019836898,-0.00030338389731621174,0.0005309218203033983,-0.0009684947491248597,-0.00013418903150524963,-0.0016336056009335076,-0.004299883313885672,-0.004632438739789968,-0.006131855309218198,-0.007631271878646428,-0.006796966161026846,-0.003628938156359396,-0.0016277712952158796,-0.00546091015169195,-0.005793465577596274,-0.00612602100350057,-0.007625437572928828,-0.005624270711785284,-0.00478996499416573,-0.005122520420070054,0.003879813302217039,0.005880980163360527,0.003214702450408391,0.0028821470245041225,0.009550758459743292,0.011551925320886836,0.018220536756126005,0.02022170361726955,0.02105600933488916,0.02422403733955658,0.027392065344224004,0.03056009334889148,0.03256126021003497,0.029894982497082834,0.028395565927654576,0.029229871645274186,0.03123103850641773,0.0414002333722287,0.038733955659276564,0.04190198366394399,0.0427362893815636,0.04590431738623102,0.04673862310385063,0.04290548424737456,0.04607351225204198,0.04574095682613766,0.0477421236872812,0.04974329054842469,0.04591015169194862,0.05024504084014003,0.048745624270711774,0.04841306884480745,0.043413068844807445,0.05008168028004667,0.049749124854142346,0.04824970828471409,0.0525845974329055,0.053418903150525054,0.05658693115519248,0.05625437572928821,0.060589264877479565,0.06025670945157524,0.05992415402567097,0.06075845974329053,0.059259043173862325,0.05775962660443412,0.055093348891481875,0.05942823803967323,0.05909568261376896,0.05992998833138852,0.05726371061843638,0.05576429404900818,0.05659859976662773,0.05509918319719953,0.055933488914819085,0.05676779463243875,0.05876896149358224,0.06543757292882146,0.06510501750291708,0.06243873978996495,0.060939323220536634,0.06410735122520428,0.06027421236872821,0.0622753792298717,0.06077596266044338,0.060443407234539115,0.0624445740956826,0.062112018669778335,0.06411318553092182,0.06728121353558925,0.06811551925320891,0.0666161026837806,0.0651166861143524,0.06478413068844802,0.06445157526254375,0.06645274212368724,0.06495332555425903,0.06345390898483072,0.060787631271878584,0.060455075845974315,0.05778879813302218,0.056289381563593865,0.05362310385064173,0.05562427071178522,0.05179113185530915,0.053792298716452636,0.05345974329054848,0.04962660443407241,0.04696032672112027,0.05129521586931163,0.04862893815635938,0.0517969661610268,0.05263127187864647,0.04996499416569433,0.047298716452742084,0.046966161026837816,0.045466744457409614,0.042800466744457366,0.04363477246207703,0.04213535589264872,0.040635939323220516,0.04380396732788794,0.042304550758459736,0.038471411901983665,0.03930571761960322,0.03897316219369895,0.03747374562427064,0.038308051341890303,0.037975495915985924,0.041143523920653347,0.04431155192532077,0.0439789964994165,0.0459801633605601,0.043313885647607964,0.042981330221703695,0.042648774795799316,0.038815635939323245,0.040816802800466734,0.03931738623103853,0.036651108518086395,0.036318553092182015,0.03715285880980168,0.034486581096849434,0.03648774795799303,0.03498833138856472,0.03465577596266045,0.03315635939323214,0.031656942823803935,0.027823803967327865,0.02515752625437573,0.02482497082847135,0.02449241540256708,0.019492415402567076,0.017992998833138762,0.01649358226371056,0.013827304550758424,0.011161026837806176,0.007327887981330217,0.00466161026837808,0.003162193698949878,0.0004959159859977413,-0.0010035005834305721,-0.0025029171528587746,-0.00166861143523922,-0.0055017502917152905,0.0
zebrafish 0.3 Hz,detrended,857,0.055425904317386254,0.008168028004667444,0.0,-0.0003325554259043179,-0.001831971995332556,-0.002164527421236873,-0.003663943990665112,-0.005163360560093349,-0.001995332555425902,-0.004661610268378066,-0.007327887981330224,-0.00882730455075846,-0.009159859976662778,-0.012992998833138855,-0.012158693115519252,-0.012491248541423576,-0.012823803967327893,-0.013156359393232203,-0.013488914819136527,-0.014988331388564771,-0.01882147024504084,-0.020320886814469086,-0.020653442240373396,-0.020985997666277706,-0.02131855309218203,-0.022817969661610274,-0.023150525087514584,-0.021149358226371068,-0.019148191365227538,-0.014813302217036181,-0.013978996499416585,-0.013144690781796947,-0.013477246207701271,-0.016143523920653435,-0.012975495915986013,-0.008640606767794629,-0.003138856476079366,-0.004638273045507596,-0.0014702450408401457,-0.001802800466744442,-0.002135355892648766,-0.00013418903150524963,-0.0016336056009335076,-0.003133022170361738,-0.008133022170361714,-0.006131855309218198,-0.005297549591598588,-0.006796966161026846,-0.00712952158693117,-0.00629521586931156,-0.00546091015169195,-0.00462660443407234,-0.00379229871645273,-0.008792298716452734,-0.007957992998833152,-0.007123687281213542,-0.0027887981330221856,0.002712952158693105,0.002380396732788781,0.003214702450408391,0.005215869311551935,0.006050175029171545,0.016219369894982516,0.01938739789964994,0.023722287047841295,0.02338973162193697,0.02655775962660445,0.027392065344224004,0.028226371061843614,0.030227537922987158,0.027561260210034966,0.02489498249708283,0.028063010501750252,0.03006417736289385,0.03439906651108521,0.03289964994165695,0.039568261376896174,0.04040256709451573,0.04240373395565927,0.04207117852975495,0.04290548424737456,0.04490665110851805,0.05040840140023334,0.05124270711785295,0.05324387397899649,0.051744457409568234,0.051411901983663966,0.052246207701283576,0.049579929988331384,0.04574679113185531,0.04774795799299886,0.05091598599766628,0.051750291715285834,0.051417736289381566,0.04991831971995325,0.049585764294048984,0.055087514585764275,0.05708868144690776,0.05908984830805131,0.05992415402567097,0.05959159859976659,0.05809218203033839,0.055425904317386254,0.05742707117852974,0.057094515752625474,0.05792882147024503,0.05992998833138852,0.05609684947491245,0.05343057176196031,0.05659859976662773,0.05159859976662773,0.05243290548424728,0.05560093348891482,0.06110268378063011,0.06427071178529753,0.06277129521586922,0.061271878646441014,0.0632730455075845,0.06410735122520428,0.06027421236872821,0.05760793465577596,0.06077596266044338,0.06161026837806305,0.06361143523920654,0.0609451575262544,0.06528004667444576,0.06494749124854138,0.06344807467911318,0.06428238039673273,0.0651166861143524,0.06711785297549588,0.06561843640606768,0.06411901983663937,0.06495332555425903,0.0622870478413069,0.06195449241540252,0.05928821470245038,0.056621936989498245,0.0574562427071178,0.052456242707117795,0.05212368728121353,0.05062427071178521,0.05495915985997657,0.05345974329054848,0.05079346557759634,0.04929404900816803,0.05129521586931163,0.053296382730455116,0.05296382730455074,0.051464410735122534,0.0487981330221704,0.04846557759626602,0.04463243873978995,0.04780046674445737,0.045134189031505234,0.04596849474912479,0.044469078179696586,0.046470245040840075,0.04730455075845974,0.04347141190198367,0.04313885647607929,0.04280630105017502,0.040140023337222774,0.039807467911318506,0.03947491248541424,0.03914235705950986,0.03880980163360559,0.043144690781796946,0.04164527421236863,0.041312718786464475,0.04214702450408403,0.042981330221703695,0.044982497082847184,0.04348308051341887,0.04198366394399067,0.0381505250875146,0.036651108518086395,0.03515169194865808,0.03598599766627775,0.0368203033838973,0.034154025670945165,0.033821470245040786,0.03465577596266045,0.029655775962660447,0.028156359393232133,0.025490081680279997,0.02282380396732786,0.023658109684947415,0.019824970828471344,0.019492415402567076,0.019159859976662696,0.01649358226371056,0.014994165694282358,0.01232788798133011,0.010828471411902019,0.005828471411902014,0.004329054842473812,0.0016627771295215643,-0.0010035005834305721,-0.0013360560093348406,-0.00166861143523922,-0.0043348891481913565,0.0
zebrafish 0.3 Hz,detrended + envelope-normalised,857,0.053092182030338386,0.009334889148191364,0.0,0.0008343057176196031,-0.0006651108518086358,0.0013360560093348892,0.0021703617269544923,0.0030046674445740953,0.0003383897316219381,5.834305717614119e-06,0.0008401400233372242,0.0016744457409568272,-0.000991831971995337,0.008010501750291714,0.005344224037339557,0.0038448074679113126,0.0011785297549591484,-0.00032088681446908185,-0.0006534422403733919,-0.004486581096849476,-0.004819136522753786,-0.00631855309218203,-0.004317386231038514,-0.003483080513418904,-0.003815635939323214,0.0016861143523920624,0.0013535589264877523,-0.00014585764294049175,-0.00047841306884480184,-0.00197782963827306,-0.00347724620770129,-0.003809801633605586,-0.005309218203033844,-0.005641773628938168,0.0010268378063010564,0.0018611435239206386,0.0015285880980163147,0.0023628938156359247,0.0020303383897316285,0.0016977829638273045,0.0013652275379229806,0.004533255542590431,0.006534422403733947,0.010869311551925304,0.009369894982497101,0.007870478413068843,0.006371061843640613,0.002537922987164515,0.003372228704784125,0.004206534422403707,0.00037339556592766443,0.0023745624270711807,0.006709451575262537,0.011044340723453894,0.009544924154025636,0.01154609101516918,0.013547257876312724,0.009714119019836598,0.010548424737456208,0.012549591598599752,0.01571761960326723,0.015385064177362906,0.013885647607934648,0.012386231038506446,0.013220536756126,0.015221703617269544,0.013722287047841286,0.022724620770128323,0.024725787631271867,0.030227537922987158,0.031061843640606768,0.03189614935822632,0.029229871645274186,0.037065344224037344,0.03673278879813302,0.03756709451575263,0.03606767794632437,0.03456826137689617,0.03773628938156359,0.04207117852975495,0.041738623103850625,0.042572928821470235,0.044574095682613724,0.0477421236872812,0.04507584597432901,0.04824387397899649,0.0490781796966161,0.048745624270711774,0.04607934655775964,0.04457992998833138,0.04541423570595099,0.04391481913652273,0.045915985997666275,0.0490840140023337,0.04991831971995325,0.05075262543757292,0.052753792298716407,0.048920653442240336,0.04858809801633612,0.05292298716452748,0.053757292882147034,0.05225787631271883,0.053092182030338386,0.055093348891481875,0.05359393232205367,0.05442823803967323,0.05759626604434076,0.05726371061843638,0.054597432905484244,0.050764294049008174,0.050431738623103795,0.05126604434072346,0.05326721120186695,0.05293465577596257,0.057269544924153926,0.05460326721120179,0.06010501750291708,0.06210618436406057,0.06294049008168034,0.06144107351225203,0.06460910151691956,0.06310968494749125,0.060443407234539115,0.05777712952158698,0.05977829638273047,0.058278879813302265,0.05911318553092182,0.05644690781796968,0.053780630105017546,0.05228121353558923,0.0531155192532089,0.05044924154025665,0.05245040840140025,0.04861726954492418,0.052952158693115536,0.05145274212368722,0.051120186697782954,0.05195449241540251,0.05512252042006993,0.05128938156359386,0.04745624270711779,0.044789964994165654,0.04679113185530914,0.046458576429404985,0.046126021003500606,0.0446266044340724,0.044294049008168024,0.04162777129521589,0.040128354725787685,0.03862893815635937,0.03946324387397904,0.03563010501750297,0.03413068844807465,0.03146441073512252,0.033465577596266005,0.03313302217036174,0.03163360560093342,0.03013418903150522,0.025134189031505216,0.024801633605600948,0.02796966161026837,0.025303383897316234,0.02380396732788792,0.022304550758459718,0.024305717619603207,0.022806301050175004,0.022473745624270625,0.022141190198366356,0.02297549591598591,0.020309218203033885,0.01764294049008175,0.014976662777129501,0.021645274212368726,0.025980163360560082,0.025647607934655814,0.028815635939323236,0.027316219369895034,0.02815052508751459,0.024317386231038518,0.022817969661610205,0.024819136522753804,0.022152858809801668,0.020653442240373354,0.017987164527421218,0.015320886814469081,0.018488914819136504,0.01932322053675606,0.014323220536756054,0.010490081680279983,0.010157526254375715,0.01099183197199527,0.008325554259043133,0.00682613768961482,0.00882730455075842,0.007327887981330217,0.006995332555425948,0.003162193698949878,0.0004959159859977413,-0.0010035005834305721,-0.0025029171528587746,-0.0005017502917152861,0.0026662777129521364,0.0
zebrafish 0.3 Hz,"Gaussian, smooth spectrum",857,-0.011863088292493199,0.012057565149747181,0.0,0.00044535200311162943,0.0020575651497471794,0.0017250097238428626,0.0033372228704784124,0.005338389731621936,0.005005834305717621,0.005840140023337219,0.006285492026448851,0.00634189031505251,0.006787242318164135,0.006065733177751847,0.006122131466355503,0.005789576040451184,0.005845974329054838,0.005513418903150533,0.004402956048230262,0.0025145857642940445,0.004515752625437575,0.0037942434850252774,0.0026837806301050113,0.004295993776740577,0.00590820692337612,0.0028529754959159825,0.006409957215091415,0.007244262932711011,0.005355892648774794,0.0046343835083624925,0.0027460132244262747,0.003969272656553881,0.0028588098016336105,0.005637884091793073,0.004527421236872803,0.004972773239984435,0.005029171528588089,0.004696616102683765,0.0031971995332555534,0.004809412679891101,0.006421625826526639,0.009200700116686111,0.01081291326332165,0.010091404122909356,0.008203033838973176,0.007870478413068843,0.007537922987164529,0.0072053675612602135,0.005316997277323987,0.004595488136911695,0.005429793854531313,0.008597821859198745,0.00826526643329445,0.007543757292882157,0.005655387008945921,0.0053228315830416055,0.004601322442629304,0.004657720731232958,0.003547257876312678,0.00399260987942431,0.005215869311551953,0.005272267600155589,0.004161804745235346,0.0038292493193310038,0.006219369894982507,0.004330999611046289,0.003998444185141965,0.004832749902761557,0.004500194476857233,0.004556592765460887,0.005779852197588475,0.007003111629716045,0.007837417347335637,0.010227537922987176,0.010672889926098808,0.010340334500194504,0.009229871645274224,0.007341501361337988,0.005842084791909767,0.003953714507973531,0.002843251653053269,0.0005659276546090738,0.0010112796577207057,-9.918319719955566e-05,-0.0015985997666277951,0.0004025670945157304,-0.0018747569039284095,-0.00026254375729288054,-0.0033177751847530135,-0.005206145468689231,-0.003204978607545724,-0.0019817191754181174,-0.004647996888370291,-0.0034247374562427213,-0.004146246596655023,-0.004478802022559329,-0.004033450019447697,-0.006310774017891892,-0.006254375729288201,-0.007753792298716459,-0.009253208868144661,-0.011530532866588894,-0.011863088292493199,-0.010250875145857671,-0.012917152858809807,-0.013249708284714112,-0.013582263710618455,-0.011970050563982926,-0.013469467133411128,-0.013024115130299552,-0.01530143912874371,-0.016022948269155995,-0.01596654998055232,-0.014354336833916811,-0.014686892259821152,-0.01579735511474138,-0.014574095682613844,-0.01607351225204205,-0.017183975106962235,-0.01790548424737452,-0.0186269933877868,-0.01701478024115129,-0.01656942823803964,-0.01729093737845196,-0.014900816802800457,-0.0152333722287048,-0.015565927654609069,-0.01589848308051341,-0.016231038506417717,-0.014618825359782206,-0.011839751069622725,-0.013339167639050964,-0.012893815635939351,-0.012059509918319758,-0.01083625048619219,-0.010390898483080538,-0.009945546479968925,-0.009889148191365252,-0.010221703617269595,-0.008998444185142026,-0.008164138467522434,-0.006940879035394865,-0.007273434461299207,-0.008383897316219358,-0.00793854531310767,-0.0063263321664721595,-0.007436795021392384,-0.008158304161804741,-0.007712952158693091,-0.00726760015558144,-0.008378063010501776,-0.00754375729288211,-0.008265266433294468,-0.008208868144690795,-0.008930377285103116,-0.006929210423959553,-0.006483858420847939,-0.006427460132244267,-0.005593154414624675,-0.005147802411513099,-0.0039245429793854925,-0.0038681446907818198,-0.005756514974718037,-0.006478024115130358,-0.007588486970050619,-0.008309996110462903,-0.008253597821859268,-0.010141968105795448,-0.010085569817191812,-0.008473356670556154,-0.009583819525476414,-0.011083236094904692,-0.0102489303772851,-0.009414624659665471,-0.010136133800077793,-0.010468689225982097,-0.009245429793854528,-0.01035589264877479,-0.007187864644107367,-0.006353558926487775,-0.007852975495916015,-0.006240762349280467,-0.004239595488136942,-0.005739012057565181,-0.006071567483469524,-0.006015169194865851,-0.0063477246207701565,-0.006291326332166558,-0.0046791131855309365,-0.004233761182419323,-0.004566316608323666,-0.006843640606767861,-0.007565149747180144,-0.0075087514585765085,-0.007841306884480703,-0.007395954881369089,-0.007339556592765417,-0.005727343446129869,-0.003337222870478366,-0.0025029171528587746,-0.0008907040062232641,-0.0016122131466355845,0.0
zebrafish 0.3 Hz,"Gaussian, smooth spectrum x envelope",857,-0.001361338000777923,0.0066122131466355505,0.0,-0.0022773239984441858,-0.00338778685336445,-0.0037203422792687663,-0.0028860365616491645,-0.0028296382730455087,-0.003940101127965771,-0.0038837028393621186,-0.004216258265266434,-0.003381952547646829,-0.0029366005445352014,-0.0021022948269155983,-0.0016569428238039665,-0.003156359393232208,-0.0011551925320886873,0.00045702061454686954,-0.0006534422403733966,-0.002541812524309614,-0.002096460521197973,-0.0032069233761182433,-0.003150525087514594,-0.0023162193698949792,-0.002259821081291321,0.0016861143523920624,0.0013535589264877523,0.0010210035005834377,0.0022442629327109978,0.002300661221314652,0.0046907817969661465,0.005136133800077797,0.0036367172306495574,0.0036931155192532115,0.004138467522364834,0.0022500972384286166,0.001139634383508346,0.00352975495915984,0.0020303383897316285,0.0016977829638273045,0.0021431349669389366,0.0021995332555425815,-7.77907429016141e-05,0.00036756126021001795,-0.000742901594710225,0.0012582652664332912,0.0013146635550369545,0.0009821081291326306,0.0006495527032283066,0.002261765849863845,0.0019292104239595487,0.001207701283547256,9.72384286269945e-05,-0.002180085569817201,-0.0032905484247374626,-0.0009004278490859866,-0.00045507584597435463,0.001546091015169171,0.001602489303772825,0.0024367950213924163,0.004049008168028019,0.003716452742123714,0.002994943601711412,0.0014955270322831542,0.0015519253208868082,-0.0007253986775573688,-0.0014469078179696708,-0.0013905095293660168,-0.0021120186697783185,-0.0012777129521587272,-0.0023881758070789885,-0.0031096849474912904,-0.003831194087903574,-0.00455270322831582,-0.004496304939712166,-0.004050952936600534,-0.00399455464799688,-0.0027712952158693107,-0.0011590820692337633,-0.0007137300661221313,0.00012057565149744172,0.0009548813691170518,0.0017891870867366433,0.00028977051730842235,-0.0004317386231038796,1.3613380007733896e-05,0.0004589653831194214,-0.001040451186308818,-0.00176196032672112,-0.0017055620381174474,-0.000871256320497856,-0.0031485803189420514,-0.0011474134577985258,-0.0026468300272267653,-0.0037572928821470453,-0.004089848308051369,-0.005200311162971631,-0.005532866588875973,-0.005087514585764267,-0.00542007001166861,-0.00419681057954104,-0.001806690003889518,-0.001361338000777923,-0.0028607545702061254,-0.004360171139634365,-0.0035258654220148102,-0.0026915597043952,-0.0038020225593154433,-0.004523531699727783,-0.0033002722676001386,-0.00324387397899654,-0.004354336833916801,-0.004297938545313129,-0.0030746791131855597,-0.003407234539089902,-0.0025729288214703105,-0.003683391676390572,-0.0032380396732789585,-0.0027926876701671968,-0.0031252430960715394,-0.0011240762349280138,-0.0026234928043562533,-0.0021781408012446026,0.0009898872034228197,-0.00012057565149744172,0.0007137300661221498,0.0027148969272656385,0.0012154803578374358,0.0008829249319330934,0.004050952936600516,0.006052119797744078,0.006108518086347677,0.007720731232983262,0.007777129521586897,0.007444574095682592,0.006723064955270271,0.00483469467133409,0.003724231816413792,0.002224815246985553,0.002281213535589225,0.0015597043951769047,-0.0007176196032672907,-0.001439128743679537,-0.0029385453131077397,-0.003271100739012008,-0.0032147024504083723,-0.003936211590820693,-0.004268767016724999,-0.004212368728121326,-0.004544924154025669,-0.0048774795799299735,-0.0005425904317386173,0.00029171528588097423,0.0007370672889925878,1.5558148580341324e-05,-0.001483858420847935,-0.0022053675612602186,-0.002926876701672502,-0.0036483858420848225,-0.000869311551925378,0.0011318553092181844,-0.00036756126021009194,-0.0018669778296382944,-0.0002547646830027839,0.00019058732010886667,0.0014138467522363991,0.0018591987553480867,0.0019155970439517223,0.0035278101905872696,0.0016394399066511263,-0.0006378840917930321,-0.00019253208868141858,-0.00013613380007774603,-0.0016355503695060225,0.001921431349669378,0.0015888759237651096,0.002812135355892679,0.0020906262154803588,0.003313885647607928,0.002592376507195645,0.003426682224815236,0.004260987942434828,0.0023726176584986103,0.0016511085180863268,-0.0010151691948658836,-0.0005698171917541961,-0.00012446518864258257,0.000709840528977009,-1.1668611435311504e-05,0.00043368339167637604,0.0016569428238039086,0.0013243873978995662,-0.0013418903150525703,-0.0008965383119409198,-0.0008401400233371733,0.0015499805523142933,0.0016063788409179658,0.0016627771295216014,0.00016336056009339886,0.0013866199922209315,0.0006651108518086479,-0.00044535200311161355,0.0
zebrafish 0.3 Hz,white x envelope,857,0.020420070011668606,0.010112796577207312,0.0,-0.0003325554259043176,0.00011279657720731212,-0.0006087125632049783,-0.002108129132633217,-0.00399649941656943,-0.005106962271489691,-0.00505056398288604,-0.00577207312329833,-0.005715674834694669,-0.004881369117075071,-0.004824970828471412,-0.007491248541423567,-0.007045896538311944,-0.006600544535200319,-0.006544146246596651,-0.009599377674056789,-0.008765071956437187,-0.007152858809801631,-0.006707506806690008,-0.005873201089070408,-0.007372617658498633,-0.006927265655387006,-0.008037728510307277,-0.010315052508751454,-0.007924931933099955,-0.008257487359004287,-0.00781213535589266,-0.007366783352781028,-0.00769933877868532,-0.005698171917541808,-0.006419681057954101,-0.006363282769350447,-0.006306884480746798,-0.00469467133411125,-0.0026935044729677247,0.000474523531699735,-0.0002469856087125577,0.0005873201089070338,0.0025884869700505595,0.005367561260210031,0.003090237261765836,0.004313496693893433,0.006703617269544927,0.0044262932711007326,0.004871645274212365,0.0057059509918319555,0.007318164138467513,0.007374562427071185,0.007430960715674849,0.007098405289770525,0.005987942434850245,0.0060443407234539075,0.006100739012057543,0.006157137300661207,0.006602489303772829,0.007825748735900398,0.007882147024504052,0.009883313885647615,0.011106573317775204,0.01077401789187088,0.010830416180474534,0.012442629327110063,0.01211007390120574,0.01216647218980941,0.010667055620381172,0.009167639050952933,0.01077985219758846,0.012781019058731968,0.012837417347335622,0.0113380007779074,0.013339167639050964,0.015340334500194489,0.015007779074290165,0.013508362504861945,0.014342668222481517,0.013232205367561275,0.012899649941656932,0.013733955659276523,0.014957215091404094,0.013068844807467894,0.014292104239595463,0.01590431738623101,0.016738623103850603,0.018739789964994185,0.021129910540645686,0.02196421625826528,0.02318747569039285,0.020910151691948653,0.019799688837028373,0.020245040840140005,0.020690392843251637,0.01880202255931542,0.018080513418903117,0.017359004278490853,0.015470633994554617,0.0170828471411902,0.01791715285880983,0.01952936600544536,0.01802994943601714,0.020420070011668606,0.018531699727732425,0.01664332944379617,0.01514391287436793,0.014422403733955647,0.013311940879035348,0.01531310774017891,0.016147413457798503,0.01737067288992607,0.015482302605989854,0.01553870089459349,0.016761960326721097,0.015651497471800797,0.01648580318942039,0.0180980163360559,0.018932322053675565,0.01626604434072354,0.01593348891481916,0.0148230260598989,0.012545702061454703,0.01182419292104242,0.009935822637106165,0.008825359782185904,0.01082652664332943,0.010493971217425124,0.012884091793076627,0.014107351225204234,0.012996888370283899,0.013831194087903528,0.013887592376507163,0.013943990665110836,0.014000388953714507,0.012112018669778254,0.009834694671334096,0.01066900038895365,0.010725398677557322,0.008837028393621141,0.0073376118241928285,0.007782963827304479,0.010173084402955982,0.009840528977051677,0.009119019836639467,0.007619603267211265,0.010398677557370709,0.011232983274990302,0.013234150136133863,0.010956826137689632,0.011791131855309223,0.011069622714896976,0.010348113574484619,0.011960326721120166,0.012016725009723839,0.011684169583819496,0.009406845585375337,0.012185919875534782,0.01107545702061452,0.012687670167250068,0.011966161026837785,0.012411513029949398,0.01324581874756899,0.012913263321664684,0.012969661610268357,0.015359782185919824,0.015027226760015519,0.014694671334111176,0.015140023337222789,0.01753014391287429,0.01758654220147804,0.018420847919097632,0.015365616491637516,0.016588875923765123,0.014700505639828868,0.013201089070400629,0.012479579929988346,0.012924931933099959,0.012592376507195616,0.012259821081291311,0.01114935822637105,0.012372617658498656,0.013984830805134166,0.014041229093737803,0.013708673667833496,0.013765071956437133,0.01459937767405676,0.013488914819136463,0.010433683391676348,0.008545313107740168,0.008990665110851745,0.009047063399455416,0.008714507973551075,0.006437183975106879,0.006104628549202573,0.004994165694282422,0.0042726565538701395,0.0043290548424737745,0.00438545313107741,0.003663943990665127,0.0025534811357448652,0.0010540645663165888,0.0014994165694282025,0.0
zebrafish 0.3 Hz,white,857,-0.006028782574873585,0.012057565149747181,0.0,0.0020011668611435236,0.0020575651497471803,0.002113963438350837,0.0006145468689225988,-0.0012738234150136152,0.00033838973162193695,0.0007837417347335644,-0.0003267211201866983,-0.0002703228315830396,0.00017502917152858546,0.0017872423181641353,0.0022325943212757673,0.0015110851808634793,0.0015674834694671287,0.002401789187086741,0.0016802800466744437,0.0025145857642940397,0.0029599377674056813,0.0034052897705173085,0.003850641773628936,0.0035180863477246257,0.004352392065344222,0.0020750680669000356,0.0017425126409957258,0.0010210035005834284,0.0022442629327110025,0.0007448463632827584,0.00041229093737844374,-0.0014760793465577553,-0.0010307273434461233,-0.0009743290548424691,-0.0013068844807467932,-0.0008615324776351611,-0.0015830416180474631,-0.0015266433294438182,-0.0006923376118241897,0.00014196810579541105,0.0009762738234150118,0.0010326721120186566,-0.0012446518864255296,-0.00041034616880592883,0.00042395954881369974,0.0012582652664333005,0.0005367561260210078,-0.0013516141579152097,-0.0020731232983275116,-0.0004609101516919641,-0.0015713730066122071,-0.001126021003500575,-0.0006806690003889523,-0.0025690392843251697,-0.0013457798521976,-0.001289381563593946,-0.003177751847530145,-0.0035103072734344876,-0.004620770128354749,-0.003397510696227161,-0.0017852975495915764,-0.001339945546479963,-0.0016725009723842683,-0.0020050563982885925,-0.0027265655387008945,-0.0026701672500972404,-0.0030027226760015457,-0.0033352781019058884,0.0002217036172695123,-0.0012777129521587087,0.0007234539089847983,1.944768572496406e-06,5.834305717615044e-05,-0.0010521197977440555,-0.0017736289381563575,-0.002884091793076619,-0.0036056009334889025,-0.004716063788409182,-0.004659665499805528,-0.0038253597821859366,-0.0029910540645663266,-0.0037125632049786104,-0.00482302605989889,-0.002821859198755383,-0.003932322053675645,-0.004653831194087947,-0.0030416180474523435,-0.0041520809023726235,-0.004873590042784888,-0.0028724231816413814,-0.0032049786075457054,-0.001981719175418136,-0.0015363671723065224,-0.0018689225982108277,-0.00259043173862313,-0.002534033450019494,-0.002866588875923781,-0.004754959159859999,-0.005865422014780223,-0.004253208868144676,-0.006141579152080893,-0.006474134577985217,-0.006028782574873585,-0.0051944768572539934,-0.004360171139634402,-0.00391481913652277,-0.004247374562427075,-0.0049688837028393955,-0.005301439128743701,-0.0048560871256320874,-0.003632827693504518,-0.005521197977440735,-0.004686892259821144,-0.005408401400233427,-0.003018280824581887,-0.0052956048230261565,-0.006406067677946381,-0.008294437961882561,-0.007460132244262896,-0.008181641384675142,-0.007736289381563566,-0.006124076234928018,-0.008401400233372214,-0.009122909373784535,-0.01023337222870476,-0.008232205367561233,-0.008564760793465576,-0.00850836250486194,-0.011563593932322055,-0.010340334500194484,-0.011061843640606769,-0.011005445352003132,-0.009004278490859644,-0.010892648774795824,-0.011225204200700131,-0.009224037339556604,-0.010723453908984881,-0.009500194476857274,-0.009832749902761617,-0.010943212757681878,-0.009719953325554346,-0.010052508751458652,-0.009218203033839023,-0.009161804745235277,-0.010661221314663516,-0.012160637884091755,-0.012882147024504076,-0.013603656164916322,-0.011991443018280812,-0.011935044729677177,-0.010711785297549606,-0.01182224815246983,-0.013321664721898071,-0.0120984052897705,-0.012042007001166866,-0.013152469856087127,-0.013873978996499448,-0.013428626993387796,-0.013372228704784161,-0.012148969272656629,-0.010536756126021044,-0.008535589264877519,-0.008868144690781824,-0.008811746402178225,-0.008366394399066576,-0.007143134966938969,-0.006697782963827355,-0.007419292104239676,-0.003862310385064238,-0.0034169583819525138,-0.002193698949824944,-0.0017483469467133306,-0.0013029949436016801,0.0003092182030338675,0.000754570206145481,0.0008109684947491536,0.0004784130688448111,0.0009237650719564247,-0.0005756514974718149,-0.0020750680669000174,-0.002796577207312375,-0.003907040062232599,-0.003850641773629001,-0.004183197199533269,-0.0021820303383897435,-0.0013477246207701892,-0.0028471411901984287,-0.003179696616102734,-0.0023453908984831426,-0.001900038895371492,-0.0018436406067678564,-0.0006203811746402869,-0.0009529366005445924,0.0006592765460909552,-6.223259432125428e-05,-0.0015616491637494938,-0.0011162971606378802,-0.0010598988720341707,-0.0025593154414624473,-0.0009471022948268996,0.00027615713730066993,-5.639828860363553e-05,0.0
zebrafish 0.1 Hz,real,3528,0.04336734693877553,0.006519274376417234,0.0,-0.0013151927437641724,-0.0034807256235827666,-0.00536281179138322,-0.006961451247165533,-0.008560090702947849,-0.009308390022675736,-0.009773242630385492,-0.012222222222222225,-0.014104308390022673,-0.013435374149659868,-0.01531746031746032,-0.014931972789115643,-0.015396825396825402,-0.015578231292517015,-0.014909297052154193,-0.0136734693877551,-0.015839002267573704,-0.01630385487528345,-0.01563492063492064,-0.016099773242630386,-0.015430839002267563,-0.009943310657596377,-0.011258503401360545,-0.009455782312925168,-0.009070294784580504,-0.010952380952380963,-0.010566893424036286,-0.009614512471655345,-0.007528344671201809,-0.007993197278911568,-0.007040816326530613,-0.00665532879818595,-0.00683673469387755,-0.007018140589569177,-0.005782312925170091,-0.004546485260770977,-0.005294784580498868,-0.004058956916099782,-0.001972789115646273,-0.002437641723356032,-0.0034693877551020547,-0.0016666666666666496,0.00013605442176869986,0.0008049886621315228,0.0017573696145124773,0.0010090702947845587,0.0011111111111110905,0.002630385487528364,0.004433106575963713,0.004818594104308405,0.004637188208616749,0.0044557823129251495,0.003990929705215418,0.004943310657596345,0.007312925170067985,0.008265306122448968,0.010634920634920608,0.01158730158730159,0.011689342403628122,0.0134920634920635,0.015011337868480745,0.015113378684807277,0.014931972789115622,0.015884353741496604,0.01768707482993198,0.01920634920634917,0.019308390022675703,0.020544217687074817,0.021496598639455744,0.023582766439909253,0.023968253968253972,0.023786848072562372,0.023605442176870772,0.02540816326530615,0.025793650793650813,0.025328798185941026,0.02571428571428569,0.02581632653061222,0.026768707482993204,0.02772108843537413,0.026972789115646212,0.030192743764172303,0.03114512471655323,0.03011337868480729,0.03248299319727893,0.032868480725623594,0.03382086167800452,0.034206349206349185,0.0354421768707483,0.03469387755102038,0.03394557823129252,0.03461451247165531,0.03726757369614514,0.0376530612244898,0.03917233560090699,0.03955782312925171,0.04391156462585033,0.044297052154194994,0.04468253968253966,0.04336734693877553,0.04517006802721091,0.04498866213151931,0.04395691609977326,0.04377551020408166,0.044727891156462585,0.0442630385487528,0.0440816326530612,0.04531746031746031,0.043718820861678,0.042120181405895685,0.04052154195011337,0.040056689342403584,0.03817460317460308,0.03997732426303846,0.04092970521541939,0.04046485260770982,0.04198412698412701,0.04435374149659865,0.043888888888888866,0.04512471655328798,0.04607709750566891,0.045328798185941044,0.04401360544217692,0.042414965986394604,0.040249433106575916,0.04091836734693877,0.04102040816326524,0.039988662131519304,0.03924036281179133,0.04019274376417237,0.04142857142857137,0.0423809523809523,0.04078231292516998,0.04343537414965981,0.042970521541950024,0.04307256235827661,0.043458049886621275,0.043276643990929675,0.04196145124716544,0.041213151927437575,0.03876417233560092,0.04028344671201822,0.0403854875283447,0.040487528344671175,0.03973922902494331,0.03870748299319726,0.038242630385487586,0.0377777777777778,0.0358956916099773,0.03486394557823125,0.03354875283446712,0.0336507936507936,0.03233560090702947,0.03215419501133787,0.03027210884353737,0.03009070294784577,0.02820861678004527,0.02802721088435367,0.02784580498866207,0.02851473922902492,0.02748299319727887,0.025317460317460294,0.024285714285714244,0.02523809523809517,0.02335600907029467,0.02487528344671197,0.02327664399092977,0.023945578231292508,0.02263038548752838,0.021315192743764144,0.021984126984126995,0.020952380952380945,0.020770975056689345,0.01917233560090703,0.018424036281179168,0.019659863945578282,0.02032879818594102,0.019013605442176895,0.017981859410430845,0.01921768707482996,0.017335600907029458,0.016587301587301595,0.015555555555555545,0.013390022675736968,0.012641723356008994,0.01189342403628113,0.01086167800453508,0.010396825396825293,0.00964852607709743,0.009183673469387643,0.00928571428571423,0.009671201814059005,0.007789115646258504,0.006190476190476191,0.00515873015873014,0.005260770975056728,0.003378684807256227,0.0023469387755101767,0.000464852607709787,0.0
zebrafish 0.1 Hz,detrended,3528,0.04308390022675734,0.006519274376417234,0.0,-0.001031746031746032,-0.0034807256235827666,-0.0059297052154195,-0.006961451247165533,-0.008276643990929707,-0.009591836734693878,-0.009206349206349211,-0.011371882086167802,-0.013537414965986393,-0.012018140589569161,-0.013333333333333336,-0.013514739229024943,-0.013979591836734695,-0.01387755102040817,-0.014342403628117908,-0.013390022675736968,-0.014138321995464859,-0.015170068027210881,-0.01365079365079365,-0.014682539682539686,-0.014297052154195009,-0.0122108843537415,-0.0095578231292517,-0.008038548752834468,-0.008219954648526082,-0.007551020408163273,-0.006315192743764186,-0.0062131519274376545,-0.004126984126984118,-0.004308390022675718,-0.005907029478458059,-0.006088435374149659,-0.005419501133786864,-0.003333333333333355,-0.004365079365079377,-0.0036961451247165544,-0.003310657596371891,-0.0020748299319728047,-0.0008390022675736908,0.0003968253968253954,-0.0009183673469387865,0.00031746031746032743,0.003253968253968259,0.003922902494331054,0.0031746031746031633,0.002709750566893404,0.0030952380952380676,0.00404761904761905,0.0061337868480725866,0.005385487528344668,0.0049206349206349365,0.0044557823129251495,0.0056916099773242634,0.007777777777777772,0.008163265306122436,0.009399092970521494,0.013469387755102036,0.013287981859410436,0.012823129251700705,0.012358276643990918,0.014160997732426295,0.015963718820861672,0.016632653061224467,0.015600907029478472,0.017120181405895663,0.018072562358276645,0.020158730158730154,0.022811791383219926,0.022913832199546458,0.023582766439909253,0.024251700680272104,0.025204081632653086,0.025022675736961486,0.026825396825396808,0.02749433106575966,0.027879818594104322,0.027698412698412667,0.0278004535147392,0.02846938775510205,0.029705215419501108,0.03009070294784577,0.03274376417233554,0.032845804988662075,0.03209750566893427,0.03475056689342404,0.03371882086167799,0.03552154195011337,0.0356235827664399,0.03600907029478456,0.036394557823129225,0.03678004535147389,0.036031746031746026,0.036700680272108765,0.0376530612244898,0.03860544217687073,0.04069160997732424,0.040793650793650826,0.04174603174603175,0.04298185941043087,0.04308390022675734,0.043752834467120194,0.044421768707482934,0.044240362811791334,0.04264172335600902,0.04246031746031742,0.0442630385487528,0.0440816326530612,0.04276643990929707,0.043151927437641735,0.04070294784580497,0.0416553287981859,0.04034013605442166,0.04015873015873006,0.0411111111111111,0.04319727891156455,0.04443310657596378,0.04453514739229025,0.04435374149659865,0.045873015873015954,0.044841269841269904,0.046360544217687094,0.04731292517006802,0.046848072562358234,0.046666666666666634,0.045634920634920584,0.04346938775510201,0.04300453514739233,0.041689342403628094,0.04122448979591831,0.03990929705215418,0.03887755102040813,0.03784580498866208,0.04049886621315191,0.0420181405895691,0.04410430839002266,0.0447732426303854,0.044308390022675725,0.043276643990929675,0.04281179138321989,0.041213151927437575,0.03989795918367356,0.04141723356009075,0.04010204081632651,0.040487528344671175,0.039455782312925236,0.03870748299319726,0.03710884353741495,0.03664399092970527,0.03929705215419499,0.037698412698412676,0.035816326530612286,0.033934240362811785,0.03233560090702947,0.03158730158730161,0.029988662131519295,0.028956916099773244,0.027925170068027194,0.028310657596371858,0.026712018140589544,0.026247165532879757,0.025498866213151894,0.02645124716553282,0.025136054421768694,0.02523809523809517,0.02420634920634912,0.023741496598639333,0.022709750566893505,0.02111111111111119,0.02206349206349212,0.021315192743764144,0.022834467120181445,0.02293650793650792,0.019920634920634894,0.020306122448979558,0.02097505668934241,0.020226757369614545,0.021179138321995472,0.01844671201814052,0.017698412698412658,0.016666666666666607,0.015351473922902481,0.014603174603174618,0.01328798185941038,0.01225623582766433,0.01037414965986394,0.011609977324262943,0.011428571428571344,0.011814058956916007,0.011916099773242594,0.010600907029478357,0.009852607709750494,0.009671201814059005,0.008922902494331142,0.007324263038548828,0.004875283446712064,0.003843537414966014,0.003662131519274414,0.0006462585034013868,-0.0003854875283446635,0.0
zebrafish 0.1 Hz,detrended + envelope-normalised,3528,0.027210884353741527,0.006802721088435374,0.0,-0.0015986394557823132,-0.0031972789115646263,-0.004512471655328797,-0.0032766439909297056,-0.0054421768707483,-0.005340136054421768,-0.005238095238095243,-0.005136054421768711,-0.003900226757369611,-0.005215419501133786,-0.005113378684807254,-0.0030272108843537385,-0.002641723356009075,-0.003390022675736973,-0.004705215419501127,-0.0014852607709750637,-0.0010997732426303863,-0.0001473922902494318,-4.5351473922899954e-05,-0.00022675736961451365,-0.00040816326530611347,-0.0014399092970521499,0.0003628117913832135,0.0007482993197278909,0.0011337868480725544,0.0015192743764172179,0.0024716553287981724,0.0008730158730158588,0.0029591836734693955,0.003344671201814059,0.002029478458049877,0.0029818594104308316,0.004217687074829918,0.004886621315192741,0.004988662131519245,0.006507936507936518,0.005759637188208627,0.005578231292517,0.0053968253968254,0.004648526077097481,0.0039002267573695903,0.005136054421768704,0.006088435374149659,0.006190476190476191,0.0062925170068027225,0.008095238095238072,0.006213151927437627,0.007165532879818609,0.006417233560090718,0.007369614512471645,0.007188208616780045,0.007573696145124709,0.00682539682539679,0.00976190476190475,0.010430839002267545,0.010249433106575945,0.008934240362811763,0.007902494331065768,0.009421768707483014,0.01094104308390026,0.012743764172335581,0.014263038548752827,0.013798185941043095,0.016167800453514736,0.0165532879818594,0.017222222222222194,0.017324263038548726,0.019126984126984103,0.018378684807256185,0.01763038548752832,0.01801587301587304,0.0192517006802721,0.02247165532879819,0.020589569160997745,0.02125850340136054,0.019943310657596358,0.02004535147392289,0.020714285714285685,0.02109977324263035,0.020068027210884354,0.022721088435374126,0.022823129251700658,0.023775510204081585,0.023027210884353777,0.02284580498866212,0.023798185941043104,0.026167800453514745,0.02683673469387754,0.02665532879818594,0.025340136054421758,0.026575963718820872,0.026111111111111085,0.025362811791383222,0.024614512471655303,0.02556689342403623,0.025385487528344686,0.026054421768707536,0.025873015873015937,0.025975056689342413,0.027210884353741527,0.025612244897959213,0.025430839002267613,0.028367346938775517,0.02875283446712018,0.029138321995464844,0.02753968253968253,0.025941043083900217,0.026043083900226693,0.02529478458049883,0.02426303854875278,0.02493197278911563,0.02304988662131513,0.02116780045351463,0.022403628117913743,0.021088435374149617,0.021190476190476204,0.02129251700680279,0.020827664399093004,0.02007936507936514,0.020181405895691618,0.02141723356009073,0.021519274376417208,0.021621315192743795,0.02172335600907027,0.019557823129251695,0.018242630385487568,0.01947845804988657,0.019863945578231235,0.021666666666666612,0.019784580498866222,0.0198866213151927,0.02140589569161,0.020657596371882025,0.0193424036281179,0.017743764172335585,0.017562358276643986,0.016530612244897935,0.015498866213151885,0.014750566893424022,0.012868480725623521,0.012403628117913845,0.012789115646258509,0.011473922902494382,0.010442176870748332,0.009410430839002282,0.009795918367346945,0.010748299319727872,0.011133786848072535,0.011235827664399123,0.008503401360544172,0.009172335600907022,0.009274376417233499,0.009092970521541899,0.010045351473922937,0.00958049886621315,0.009115646258503363,0.006383219954648522,0.005351473922902472,0.006020408163265212,0.006405895691609986,0.00679138321995465,0.006326530612244863,0.006995464852607602,0.007380952380952266,0.00776643990929704,0.00843537414965978,0.008537414965986478,0.008356009070294768,0.008458049886621355,0.009410430839002282,0.010362811791383209,0.012165532879818586,0.012834467120181436,0.011802721088435386,0.010487528344671149,0.010022675736961473,0.007573696145124709,0.005691609977324208,0.004943310657596345,0.0039115646258502945,0.004297052154194958,0.0032653061224489077,0.0025170068027210446,0.0037528344671201586,0.0049886621315192725,0.004807256235827562,0.004909297052154149,0.005011337868480625,0.003696145124716499,0.0020975056689341853,0.001065759637188135,0.0014512471655329096,0.001836734693877573,0.0022222222222222365,0.002324263038548824,-0.00012471655328794018,-0.0017233560090702538,-0.0019047619047618536,-0.0009523809523809268,0.0
zebrafish 0.1 Hz,"Gaussian, smooth spectrum",3528,-0.011904761904761918,0.010676492819349962,0.0,0.0006689342403628116,0.0006764928193499619,0.0008730158730158732,0.0016364323507180648,0.002116402116402115,0.0020294784580498887,0.0006198034769463295,0.0007218442932728613,-0.0003099017384731659,-0.0008692365835223,-0.0007671957671957658,-9.826152683295453e-05,-0.0004686318972033319,-0.0007445200302343228,-0.0012093726379440635,-0.0012018140589569182,-0.000627362055933491,-0.0008087679516250909,-0.0003287981859410409,-0.0015495086923658409,-0.001636432350718059,-0.0017233560090702954,-0.0014323507180650137,-0.00189720332577475,-0.0018896447467876092,-0.0021655328798185908,-0.002535903250188968,-0.0027173091458805865,-0.0017649281934996135,-0.0016628873771730817,-0.0013718820861678045,-0.0011753590325018954,-0.00031746031746032743,-0.0004988662131519365,-0.0013416477702192138,-0.002373393801965218,-0.0025547996976568363,-0.003114134542705982,-0.003012093726379441,-0.0032879818594104457,-0.0030914588057445367,-0.003556311413454268,-0.004965986394557809,-0.0052418745275888134,-0.006462585034013618,-0.006077097505668945,-0.005786092214663659,-0.0052116402116402045,-0.005865457294028709,-0.004913076341647764,-0.0045275888133031,-0.004142101284958437,-0.0047014361300075636,-0.0044104308390022955,-0.005536659108087705,-0.00647392290249436,-0.006088435374149696,-0.00655328798185939,-0.006734693877551008,-0.006065759637188195,-0.007286470143613,-0.007184429327286468,-0.007932728647014367,-0.0074527588813303085,-0.0065003779289493635,-0.007815570672713526,-0.008563869992441445,-0.009501133786848082,-0.008926681783824664,-0.00787981859410434,-0.008439153439153432,-0.00890400604686318,-0.010030234315948608,-0.009833711262282682,-0.010393046107331846,-0.01114134542705971,-0.010661375661375668,-0.011504157218442945,-0.011874527588813336,-0.01167800453514741,-0.011859410430839046,-0.012796674225245682,-0.013167044595616073,-0.01259259259259258,-0.013340891912320482,-0.013333333333333327,-0.012853363567649267,-0.01227891156462585,-0.013216175359032523,-0.014247921390778554,-0.01395691609977325,-0.013760393046107358,-0.013563869992441432,-0.013556311413454295,-0.012698412698412728,-0.011557067271352972,-0.01145502645502644,-0.0115419501133787,-0.011817838246409676,-0.011904761904761918,-0.012180650037792895,-0.011322751322751309,-0.01103174603174604,-0.012346938775510205,-0.012433862433862464,-0.012331821617535951,-0.012418745275888154,-0.012883597883597905,-0.01287603930461075,-0.011734693877551031,-0.011727135298563915,-0.012097505668934305,-0.011712018140589642,-0.011704459561602487,-0.011413454270597182,-0.010555555555555504,-0.010736961451247104,-0.011012849584278136,-0.010627362055933435,-0.010430839002267564,-0.010895691609977312,-0.010132275132275104,-0.009274376417233535,-0.009833711262282682,-0.009920634920634922,-0.009535147392290258,-0.009527588813303104,-0.008102796674225235,-0.007906273620559364,-0.007520786092214664,-0.007985638699924413,-0.007127739984882882,-0.005419501133786864,-0.005317460317460387,-0.004554043839758178,-0.004924414210128532,-0.004066515495086964,-0.0033975812547241877,-0.0032955404383976372,-0.0029100529100529737,-0.0030914588057444625,-0.0035563114134542126,-0.003170823885109549,-0.0043915343915343534,-0.0046674225245653496,-0.004659863945578195,-0.004841269841269795,-0.004644746787603922,-0.004259259259259259,-0.004724111866969009,-0.004716553287981855,-0.003669690098261532,-0.0035676492819350183,-0.00422146636432356,-0.003930461073318255,-0.002127739984882878,-0.0024036281179138363,-0.002679516250944869,-0.003427815570672769,-0.004176114890400632,-0.003318216175359101,-0.0035941043083900595,-0.003869992441421055,-0.004334845049130842,-0.004232804232804292,-0.004414210128495928,-0.004028722600151117,-0.004399092970521508,-0.004013605442176845,-0.0036281179138321815,-0.002864701436129972,-0.0031405895691609675,-0.003794406651549509,-0.0024640967498110364,-0.0025510204081633145,-0.0022600151171580096,-0.0014965986394557633,-0.0015835222978080044,-0.0016704459561602825,-0.0027966742252456913,-0.0035449735449735917,-0.0031594860166289282,-0.0027739984882842275,-0.0025774754346183557,-0.0020030234315949005,-0.0014285714285714828,-0.0012320483749055737,-0.0013189720332578148,-0.0015003779289494146,-0.000831443688586638,-0.0006349206349206918,-0.0015721844293272724,-0.0024149659863945314,-0.0022184429327286224,-0.0006991685563113951,-0.0006916099773242405,-0.0008730158730158774,-0.0004875283446712138,-0.0007634164777022093,0.0
zebrafish 0.1 Hz,"Gaussian, smooth spectrum x envelope",3528,0.0011337868480725821,0.008219954648526076,0.0,-0.001504157218442933,-0.0017800453514739227,-0.0024338624338624327,-0.0033711262282690863,-0.003458049886621317,-0.005340136054421768,-0.005049130763416482,-0.0052305366591080885,-0.0060733182161753566,-0.005026455026455027,-0.005113378684807257,-0.005483749055177625,-0.004625850340136059,-0.0047127739984882955,-0.005272108843537414,-0.005453514739229022,-0.004784580498866218,-0.006383219954648522,-0.006281179138321995,-0.004667422524565391,-0.005415721844293268,-0.005597127739984886,-0.004361300075585796,-0.0038813303099017316,-0.004062736205593345,-0.004338624338624336,-0.0037641723356009182,-0.004417989417989432,-0.005355253212396059,-0.0035525321239606813,-0.0026001511715797454,-0.0019312169312169318,-0.0011678004535147408,0.0003514739229024862,0.000831443688586527,0.002067271352985641,0.0009410430839002226,-0.00018518518518518637,0.00010582010582009989,0.00011337868480724526,-6.802721088437307e-05,0.00031746031746031816,0.0008919123204837546,0.0018442932728647,0.002418745275888118,0.0015759637188208497,0.0014890400604686087,0.0015910808767951683,0.0018820861678004637,0.0011337868480725544,0.0007634164777021909,0.0017157974300831176,0.0017233560090702722,0.0017309145880574084,0.0013605442176870726,0.0025963718820861312,0.002603930461073267,0.002989417989418005,0.0029024943310657822,0.0042328042328042366,0.004334845049130768,0.0045313681027966774,0.004349962207105078,0.00511337868480725,0.005782312925170045,0.005506424792139068,0.004569160997732413,0.0028760393046107224,0.0029780801209372356,0.002891156462585013,0.002331821617535923,0.0030007558578987368,0.0026303854875283452,0.001787603930461068,0.001700680272108827,0.0017082388510959816,0.0008654572940287042,0.0011564625850339905,0.0008805744520030134,0.001077097505668904,0.0007067271352985497,0.0015646258503400994,0.0012887377173091037,0.0012962962962963138,0.001681783824640996,0.002445200302343168,0.0034920634920634908,0.003594104308390004,0.003318216175359027,0.0027588813303098814,0.0016326530612244723,0.0011678004535147224,0.0007974300831443312,0.0004270597127739584,0.000434618291761113,0.00044217687074830464,-2.2675736961445352e-05,0.0002683295540438409,-0.00019652305366589054,0.0011337868480725821,0.0013303099017384727,0.0012433862433862315,0.001628873771730932,0.0013529856386998995,0.0017384731670446,0.0015570672713529261,0.0019425547996976267,0.001383219954648481,0.001957671957671899,0.0030045351473922586,0.005090702947845749,0.0050982615268329035,0.003783068783068703,0.0034126984126983486,0.004365079365079276,0.00531746031746035,0.005986394557823201,0.005710506424792132,0.005529100529100568,0.005064247921390819,0.004882842025699182,0.005646258503401354,0.003953136810279682,0.004244142101284949,0.0037792894935751997,0.004164777021919863,0.003227513227513209,0.003896447467876022,0.00503779289493574,0.005895691609977272,0.006470143613000727,0.0054383975812546765,0.005729402872259981,0.006587301587301549,0.007728647014361267,0.0076417233560090265,0.007176870748299276,0.0075623582766439395,0.007664399092970453,0.0072940287226000615,0.006073318216175405,0.005230536659108147,0.005521541950113414,0.005529100529100568,0.0038359788359788594,0.003749055177626618,0.0032842025699168684,0.0037641723356009273,0.003960695389266837,0.005007558578987159,0.004826152683295522,0.004928193499622036,0.004746787603930436,0.004848828420256949,0.005139833711262254,0.004863945578231259,0.004871504157218413,0.004501133786848022,0.004981103552532081,0.004988662131519199,0.004712773998488203,0.005192743764172299,0.0053892668178381715,0.004168556311413403,0.004554043839758067,0.004089191232048317,0.004947089947089996,0.005899470899470886,0.005623582766439965,0.00440287226001516,0.004221466364323523,0.004417989417989432,0.0031027966742252313,0.003110355253212386,0.0034958427815570494,0.0035978835978836,0.002093726379440682,0.0022902494331065912,0.002486772486772426,0.002399848828420259,0.002879818594104281,0.0026984126984126813,0.0024225245653816487,0.002335600907029445,0.0015873015873015077,0.0013114134542705491,0.0009410430839001949,-0.00027966742252460985,-0.0006500377928950382,0.0005857898715040758,-0.00035147392290257873,-0.00015495086923655865,0.0004195011337868963,0.0006160241874528053,0.0013794406651549778,0.00214285714285715,0.0015835222978080414,0.0014021164021164416,0.0006538170823885044,0.0
zebrafish 0.1 Hz,white x envelope,3528,0.023148148148148178,0.005952380952380952,0.0,-0.002448979591836735,-0.004047619047619047,-0.004984882842025699,-0.006583522297808013,-0.007993197278911566,-0.008363567649281934,-0.008639455782312929,-0.008253968253968255,-0.007585034013605438,-0.007860922146636437,-0.008892668178382466,-0.00860166288737717,-0.007554799697656843,-0.0068858654572940365,-0.005839002267573691,-0.005831443688586545,-0.005256991685563123,-0.005249433106575964,-0.006092214663643236,-0.005612244897959191,-0.004187452758881327,-0.0037074829931972816,-0.004833711262282696,-0.004259259259259259,-0.004157218442932727,-0.0045275888133031045,-0.004520030234315954,-0.003189720332577491,-0.0032766439909297043,-0.002418745275888127,-0.002316704459561595,-0.0016477702191988002,-0.001829176114890409,-0.00021541950113380484,0.0002645502645502544,0.00017762660619804102,0.00018518518518518637,9.826152683295453e-05,0.0009561602418745226,0.0009637188208616679,0.0020105820105819905,0.0022071050642479364,0.002592592592592591,0.0026946334089191135,0.002702191987906268,0.0025207860922146588,0.003473167044595604,0.0035752078609221547,0.003299319727891159,0.0036848072562358134,0.004259259259259278,0.004550264550264545,0.006447467876039281,0.006549508692365795,0.007312925170068004,0.007226001511715763,0.007328042328042313,0.007713529856387014,0.008287981859410468,0.00848450491307634,0.008492063492063495,0.008310657596371876,0.007656840513983372,0.007853363567649282,0.008238851095993946,0.009758125472411172,0.009387755102040781,0.010529100529100518,0.011009070294784559,0.011678004535147354,0.011780045351473922,0.012260015117157982,0.012551020408163286,0.012653061224489818,0.014172335600907008,0.014463340891912294,0.015888133030990164,0.017123960695389257,0.016470143613000754,0.01798941798941796,0.020264550264550246,0.020461073318216134,0.020279667422524534,0.020854119425548028,0.020200302343159504,0.019452003023431603,0.01908163265306123,0.01861678004535146,0.017773998488284204,0.019198790627362055,0.018356009070294776,0.01930839002267572,0.01988284202569912,0.021496598639455744,0.021693121693121653,0.022173091458805787,0.022747543461829167,0.022660619803476962,0.02200680272108846,0.023148148148148178,0.02353363567649284,0.02316326530612241,0.0226984126984127,0.02374527588813302,0.02309145880574452,0.02413832199546484,0.0240513983371126,0.02490929705215413,0.02567271352985634,0.025869236583522248,0.026443688586545704,0.026640211640211575,0.02693121693121688,0.026655328798185846,0.027985638699924358,0.02846560846560849,0.02705593348450493,0.026685563114134614,0.025370370370370415,0.025850340136054435,0.025952380952380987,0.024731670445956182,0.023510959939531378,0.022762660619803476,0.023337112622826933,0.02296674225245654,0.022974300831443695,0.022226001511715793,0.022233560090702913,0.02139077853363569,0.02168178382464092,0.022067271352985623,0.022830687830687795,0.02397203325774751,0.02416855631141342,0.02436507936507933,0.024561602418745204,0.023624338624338586,0.02429327286470136,0.024300831443688515,0.023741496598639483,0.02327664399092973,0.022622826908541227,0.022819349962207136,0.02188208616780048,0.021417233560090693,0.021141345427059737,0.021243386243386248,0.021156462585034046,0.02031368102796675,0.01965986394557821,0.01947845804988661,0.01844671201814056,0.017509448223733903,0.016288737717309137,0.016674225245653762,0.015831443688586504,0.015650037792894905,0.014901738473167003,0.013208616780045332,0.012365835222978036,0.013790627362055904,0.013609221466364266,0.01465608465608459,0.013718820861677972,0.013159486016628827,0.012127739984882887,0.011095993953136837,0.011103552532123992,0.01101662887377175,0.010362811791383245,0.010937263794406663,0.011984126984126986,0.010668934240362823,0.00907029478458051,0.009739229024943322,0.00908541194255478,0.00824263038548756,0.008439153439153394,0.007312925170068023,0.006281179138321972,0.006005291005290976,0.0065797430083144315,0.006398337112622794,0.005839002267573649,0.004618291761148881,0.0033975812547240767,0.004822373393801908,0.004924414210128421,0.0026643990929704118,0.004372637944066467,0.004758125472411241,0.004293272864701454,0.004300831443688609,0.0033635676492819546,0.0029931972789116004,0.0022448979591836635,0.002630385487528364,0.0012207105064247676,0.0
zebrafish 0.1 Hz,white,3528,0.005857898715041536,0.010298563869992441,0.0,-0.0004648526077097508,0.0002985638699924409,0.0005895691609977318,0.0019198790627362045,0.0013605442176870739,0.0016515495086923658,0.001470143613000752,0.001666666666666668,0.0027135298563870022,0.0018707482993197248,0.0014058956916099773,0.0029251700680272136,0.002838246409674977,0.0031292517006802634,0.003703703703703709,0.003805744520030236,0.003057445200302336,0.0032539682539682543,0.002883597883597882,0.002607709750566891,0.002331821617535909,0.0023393801965230546,0.0032917611489040044,0.0031103552532124,0.002928949357520786,0.002464096749811027,0.0024716553287981724,0.0033295540438397406,0.004092970521541959,0.004289493575207859,0.003446712018140591,0.004115646258503404,0.005351473922902482,0.005075585789871495,0.0044217687074829815,0.0045238095238095315,0.003586545729402868,0.0035941043083900226,0.0029402872260015,0.004176114890400595,0.004278155706727117,0.005797430083144373,0.00665532879818594,0.005907029478458041,0.0059145880574451954,0.005638699924414199,0.005362811791383204,0.006882086167800468,0.005944822373393804,0.006424792139077845,0.006621315192743782,0.007290249433106559,0.006730914588057431,0.006832955404383963,0.007123960695389231,0.006848072562358236,0.0068556311413454085,0.008185941043083919,0.008854875283446714,0.008862433862433869,0.008869992441421023,0.008972033257747555,0.009357520786092218,0.00945956160241875,0.009750566893424018,0.009002267573696135,0.009954648526077062,0.010056689342403594,0.009213907785336317,0.009504913076341623,0.010362811791383245,0.010842781557067286,0.010472411186696931,0.011897203325774763,0.011715797430083144,0.011345427059712773,0.011164021164021173,0.012494331065759626,0.011840513983371123,0.011470143613000713,0.011005291005290982,0.0115797430083144,0.01017006802721084,0.009799697656840542,0.009051398337112623,0.008586545729402891,0.00755479969765684,0.0058616780045351495,0.005869236583522304,0.006349206349206327,0.00701814058956914,0.006458805744520013,0.005710506424792113,0.005151171579742968,0.004780801209372594,0.005071806500377955,0.005551776266061996,0.005937263794406659,0.006133786848072549,0.005857898715041536,0.006999244142101291,0.007006802721088408,0.007014361300075526,0.006927437641723322,0.007312925170068023,0.008454270597127741,0.007800453514739199,0.007996976568405109,0.007059712773998417,0.006878306878306854,0.006130007558578954,0.004720332577475357,0.005200302343159417,0.0048299319727890255,0.0048374905517762174,0.003994708994709069,0.0031519274376417736,0.004198790627362096,0.0039229024943311,0.004875283446712027,0.004977324263038578,0.005362811791383241,0.003197278911564627,0.004338624338624308,0.004251700680272104,0.0029365079365079407,0.0034164777021919632,0.0032350718065003634,0.0033371126228268766,0.0020219198790627133,0.0025018896447467722,0.0029818594104307947,0.002705971277399836,0.00157974300831439,0.002437641723355958,0.0018783068783068495,0.001885865457293967,0.0009486016628873495,0.0012396069538926173,0.0007747543461828302,0.002010582010582055,0.0018291761148904184,0.0013643235071806685,0.00108843537414971,0.0007180650037793187,0.001103552532123982,0.001394557823129287,0.0019690098261527047,0.0026379440665154816,0.0025510204081632772,0.002180650037792923,0.0026606198034769455,0.0031405895691609675,0.003526077097505631,0.0031557067271352768,0.003352229780801149,0.0029818594104307947,0.0031783824640967038,0.004319727891156422,0.004138321995464785,0.003295540438397526,0.0039644746787603396,0.0038775510204081356,0.005018896447467817,0.004931972789115576,0.00493953136810273,0.005419501133786864,0.0041043083900227,0.004395313681028005,0.004591836734693914,0.003843537414965977,0.0035676492819349814,0.003291761148904023,0.0026379440665155185,0.004157218442932746,0.003219954648526054,0.003133030990173813,0.0024792139077853084,0.002864701436130009,0.0035336356764927856,0.003635676492819299,0.003454270597127699,0.0035563114134542495,0.002713529856386917,0.002532123960695354,0.003012093726379376,0.001980347694633363,0.001137566137566104,0.00095616024187443,0.0016250944822373177,0.001443688586545644,0.0011678004535147963,0.00032501889644753756,0.0008994708994709185,0.0016628873771730908,0.0007256235827664733,0.001394557823129287,0.0014965986394558002,0.0012207105064247676,0.0
medaka 0.1 Hz,real,578,0.08823529411764708,0.01384083044982699,0.0,0.00019031141868512073,0.00384083044982699,0.002301038062283739,0.002491349480968859,0.0026816608996539787,0.00633217993079585,0.006522491349480963,0.0032525951557093383,-1.730103806227984e-05,0.0019031141868512055,0.005553633217993077,0.005743944636678197,0.007664359861591696,0.013044982698961927,0.013235294117647067,0.009965397923875435,0.006695501730103803,0.005155709342560558,0.005346020761245671,0.003806228373702411,0.003996539792387552,0.0007266435986159198,0.009567474048442895,0.009757785467128022,0.00648788927335639,0.011868512110726648,0.015519031141868506,0.01570934256055362,0.010709342560553642,0.012629757785467127,0.011089965397923868,0.01128027681660898,0.020121107266435984,0.018581314878892724,0.022231833910034582,0.02069204152249135,0.020882352941176463,0.02626297577854672,0.02991349480968858,0.02837370242214532,0.02683391003460206,0.025294117647058828,0.027214532871972313,0.027404844290657426,0.031055363321799284,0.03470588235294117,0.03143598615916951,0.03335640138408308,0.03181660899653982,0.02854671280276816,0.025276816608996555,0.03238754325259513,0.03084775086505187,0.032768166089965356,0.039878892733563986,0.04871972318339096,0.04544982698961936,0.05429065743944639,0.056211072664359873,0.056401384083045014,0.054861591695501755,0.04986159169550175,0.04659169550173009,0.048512110726643576,0.05043252595155706,0.05235294117647055,0.05427335640138409,0.05792387543252592,0.05811418685121106,0.05830449826989614,0.061955017301038084,0.06214532871972317,0.06579584775086506,0.06771626297577854,0.06790657439446368,0.06463667820069202,0.06482698961937716,0.06501730103806225,0.06520761245674739,0.061937716262975784,0.06558823529411761,0.06577854671280275,0.06769896193771624,0.06788927335640138,0.07153979238754327,0.07,0.07365051903114189,0.07384083044982698,0.07403114186851206,0.07249134948096886,0.07268166089965394,0.07460207612456743,0.07825259515570931,0.0801730103806228,0.0786332179930796,0.08747404844290663,0.08766435986159171,0.0878546712802768,0.08631487889273359,0.08823529411764708,0.08669550173010376,0.09034602076124565,0.09053633217993073,0.08899653979238753,0.09437716262975782,0.0928373702422145,0.09648788927335639,0.09667820069204147,0.09513840830449827,0.09878892733564004,0.09551903114186844,0.09397923875432523,0.09416955017301032,0.0943598615916954,0.0945501730103806,0.08955017301038071,0.09147058823529419,0.09166089965397928,0.09012110726643596,0.08512110726643596,0.08358131487889275,0.08031141868512115,0.08569204152249132,0.08415224913494812,0.08088235294117652,0.0776124567474048,0.0760726643598616,0.07453287197231828,0.07818339100346017,0.07664359861591696,0.07164359861591696,0.06664359861591695,0.06337370242214524,0.06702422145328712,0.06721453287197232,0.0639446366782006,0.0641349480968858,0.06086505190311409,0.05932525951557088,0.05432525951557088,0.052785467128027674,0.05816608996539796,0.058356401384083045,0.06546712802768173,0.0691176470588235,0.0675778546712803,0.06603806228373699,0.06276816608996538,0.06468858131487887,0.06487889273356406,0.06160899653979235,0.061799307958477545,0.06025951557093423,0.060449826989619315,0.05544982698961931,0.05391003460207611,0.0489100346020761,0.04910034602076119,0.04583044982698958,0.04602076124567467,0.042750865051903064,0.05159169550173004,0.050051903114186835,0.05197231833910032,0.048702422145328605,0.0471626297577854,0.0456228373702422,0.04062283737024219,0.04081314878892739,0.039273356401384074,0.03773356401384087,0.036193771626297555,0.03119377162629755,0.03138408304498275,0.026384083044982742,0.024844290657439427,0.023304498269896223,0.02522491349480971,0.025415224913494794,0.02387543252595159,0.020605536332179875,0.01733564013840827,0.015795847750865066,0.014256055363321751,0.012716262975778547,0.011176470588235232,0.013096885813148718,0.011557093425605514,0.013477508650518999,0.015397923875432484,0.01558823529411757,0.014048442906574476,0.012508650519031161,0.009238754325259557,0.009429065743944642,0.007889273356401438,0.006349480968858123,0.004809688581314919,0.0050000000000000044,0.0
medaka 0.1 Hz,detrended,578,0.08131487889273359,0.012110726643598616,0.0,0.00019031141868512073,0.0021107266435986156,0.002301038062283739,0.0007612456747404829,0.004411764705882351,0.004602076124567478,0.0030622837370242184,0.0032525951557093383,-1.730103806227984e-05,0.003633217993079585,0.005553633217993077,0.0074740484429065834,0.009394463667820069,0.013044982698961927,0.011505190311418681,0.009965397923875435,0.006695501730103803,0.005155709342560558,0.008806228373702416,0.003806228373702411,0.007456747404844297,0.004186851211072665,0.00610726643598615,0.009757785467128022,0.00648788927335639,0.015328719723183393,0.01205882352941176,0.013979238754325246,0.014169550173010387,0.0143598615916955,0.01282006920415224,0.009550173010380608,0.01839100346020761,0.01512110726643598,0.022231833910034582,0.018961937716262978,0.020882352941176463,0.022802768166089976,0.02472318339100346,0.024913494809688574,0.023373702422145315,0.025294117647058828,0.02548442906574394,0.025674740484429054,0.02759515570934254,0.031245674740484425,0.03316608996539791,0.03162629757785468,0.03008650519031142,0.03027681660899656,0.030467128027681645,0.03411764705882353,0.036038062283737016,0.034498269896193756,0.03641868512110724,0.04006920415224913,0.04025951557093421,0.04391003460207615,0.04756055363321798,0.05121107266435987,0.047941176470588265,0.044671280276816605,0.04659169550173009,0.043321799307958486,0.046972318339100316,0.04716262975778546,0.04908304498269894,0.04927335640138408,0.05465397923875431,0.060034602076124544,0.060224913494809684,0.060415224913494825,0.058875432525951565,0.059065743944636706,0.06271626297577854,0.06636678200692042,0.06309688581314876,0.06501730103806225,0.06693771626297579,0.06366782006920413,0.06385813148788927,0.06231833910034601,0.0625086505190311,0.06442906574394464,0.06807958477508652,0.07346020761245681,0.07884083044982698,0.08076124567474047,0.08441176470588235,0.08460207612456744,0.08133217993079583,0.07979238754325263,0.0834429065743944,0.08536332179930789,0.08209342560553629,0.08055363321799314,0.08074394463667822,0.07920415224913491,0.0793944636678201,0.08131487889273359,0.08323529411764707,0.08342560553633216,0.08534602076124564,0.08726643598615913,0.09091695501730102,0.08937716262975781,0.0912975778546713,0.09148788927335638,0.09167820069204147,0.09359861591695495,0.09378892733564004,0.09570934256055363,0.09243944636678192,0.09262975778546712,0.0893598615916954,0.0930103806228374,0.09320069204152248,0.09166089965397928,0.09012110726643596,0.09031141868512116,0.08704152249134944,0.08723183391003464,0.08742214532871972,0.08415224913494812,0.0826124567474048,0.08453287197231829,0.08299307958477509,0.08318339100346017,0.07991349480968857,0.07491349480968856,0.07164359861591696,0.06837370242214524,0.06510380622837364,0.06356401384083044,0.06375432525951552,0.0639446366782006,0.060674740484429,0.06086505190311409,0.05759515570934248,0.05778546712802757,0.059705882352941164,0.06508650519031145,0.06873702422145334,0.06719723183391002,0.06392733564013842,0.0658477508650519,0.06603806228373699,0.06622837370242218,0.06468858131487887,0.06487889273356406,0.06852941176470584,0.06698961937716263,0.06544982698961932,0.062179930795847715,0.05717993079584771,0.05564013840830451,0.0506401384083045,0.04910034602076119,0.04929065743944627,0.04948096885813147,0.049671280276816554,0.05159169550173004,0.051782006920415125,0.04851211072664352,0.045242214532871916,0.0437024221453286,0.04389273356401391,0.04062283737024219,0.03908304498269899,0.035813148788927385,0.03773356401384087,0.034463667820069266,0.03119377162629755,0.03138408304498275,0.026384083044982742,0.028304498269896228,0.025034602076124512,0.02349480968858131,0.021955017301037993,0.02041522491349479,0.020605536332179875,0.01733564013840827,0.012335640138408266,0.014256055363321751,0.009256055363321747,0.007716262975778543,0.009636678200692028,0.009826989619377113,0.008287197231833798,0.013667820069204084,0.01385813148788917,0.014048442906574476,0.010778546712802761,0.005778546712802757,0.007698961937716242,0.007889273356401438,0.004619377162629723,0.0065397923875432085,0.0032698961937716042,0.0
medaka 0.1 Hz,detrended + envelope-normalised,578,0.02768166089965396,0.01384083044982699,0.0,0.00019031141868512073,0.00384083044982699,0.002301038062283739,0.005951557093425604,0.009602076124567475,0.00633217993079585,0.006522491349480963,0.00671280276816609,0.00690311418685121,0.00709342560553633,0.010743944636678195,0.0126643598615917,0.014584775086505186,0.014775086505190299,0.013235294117647067,0.009965397923875435,0.006695501730103803,0.008615916955017303,0.013996539792387547,0.012456747404844287,0.01610726643598616,0.012837370242214527,0.01302768166089964,0.011487889273356394,0.009948096885813162,0.011868512110726648,0.013788927335640133,0.013979238754325246,0.01589965397923876,0.016089965397923872,0.018010380622837358,0.014740484429065753,0.013200692041522494,0.011660899653979234,0.010121107266435975,0.012041522491349488,0.015692041522491346,0.012422145328719714,0.014342560553633199,0.011072664359861567,0.016453287197231825,0.014913494809688593,0.009913494809688589,0.010103806228373702,0.00683391003460207,0.013944636678200673,0.01067474048442904,0.005674740484429064,0.002404844290657432,0.0008650519031142001,0.0027854671280276855,0.0064359861591695156,0.011816608996539801,0.010276816608996542,0.010467128027681627,0.008927335640138367,0.014307958477508598,0.01795847750865054,0.021608996539792424,0.02352941176470591,0.025449826989619395,0.022179930795847735,0.022370242214532876,0.027750865051903106,0.029671280276816592,0.03332179930795848,0.030051903114186818,0.03889273356401379,0.040813148788927334,0.04100346020761242,0.03773356401384087,0.03619377162629761,0.03465397923875435,0.03138408304498269,0.03157439446366783,0.03349480968858132,0.03195501730103806,0.03387543252595154,0.03579584775086503,0.03425605536332177,0.03271626297577851,0.034636678200691995,0.033096885813148735,0.03155709342560553,0.03174740484429067,0.03193771626297581,0.03558823529411764,0.03923875432525953,0.03769896193771627,0.03442906574394461,0.03461937716262975,0.034809688581314835,0.02980968858131483,0.02826989619377157,0.026730103806228367,0.0321107266435986,0.03749134948096888,0.03768166089965397,0.032681660899653964,0.02768166089965396,0.033062283737024245,0.03325259515570933,0.029982698961937726,0.03190311418685121,0.0338235294117647,0.030553633217993093,0.03420415224913487,0.030934256055363263,0.03631487889273355,0.039965397923875434,0.04015570934256052,0.038615916955017204,0.04226643598615909,0.042456747404844175,0.03918685121107257,0.03764705882352948,0.03610726643598616,0.03283737024221456,0.033027681660899644,0.03321799307958484,0.033408304498269925,0.03013840830449832,0.026868512110726606,0.023598615916955,0.018598615916954997,0.015328719723183393,0.017249134948096878,0.012249134948096874,0.01070934256055367,0.017820069204152245,0.01455017301038064,0.014740484429065726,0.011470588235294121,0.011660899653979206,0.013581314878892692,0.013771626297577777,0.010501730103806173,0.010692041522491258,0.016072664359861544,0.01626297577854663,0.016453287197231825,0.02010380622837371,0.020294117647058907,0.01702422145328719,0.017214532871972388,0.015674740484429073,0.015865051903114158,0.016055363321799354,0.01797577854671284,0.014705882352941124,0.01489619377162632,0.015086505190311406,0.013546712802768202,0.010276816608996486,0.007006920415224882,0.014117647058823457,0.014307958477508653,0.019688581314878828,0.018148788927335624,0.02179930795847751,0.025449826989619284,0.03083044982698957,0.027560553633217966,0.02256055363321796,0.021020761245674646,0.017750865051903042,0.01967128027681664,0.025051903114186924,0.02351211072664361,0.021972318339100405,0.01870242214532869,0.015432525951557086,0.01562283737024217,0.021003460207612457,0.016003460207612452,0.012733564013840848,0.014653979238754333,0.01657439446366782,0.016764705882352904,0.0134948096885813,0.011955017301037985,0.01214532871972318,0.012335640138408266,0.0073356401384082615,0.007525951557093347,0.007716262975778543,0.007906574394463628,0.011557093425605514,0.013477508650518999,0.010207612456747284,0.01212802768166088,0.012318339100346076,0.007318339100346072,0.010968858131487957,0.007698961937716242,0.007889273356401438,0.006349480968858123,0.0013494809688581189,0.001539792387543204,0.0
medaka 0.1 Hz,"Gaussian, smooth spectrum",578,-0.009803921568627472,0.011534025374855825,0.0,0.0013437139561707034,0.0015340253748558242,0.0034544405997693193,0.004798154555940022,0.006141868512110724,0.006908881199538641,0.008829296424452128,0.009596309111880046,0.009209919261822378,0.005940023068050746,0.005553633217993077,0.007474048442906579,0.011124567474048441,0.010161476355247973,0.006314878892733564,0.00996539792387543,0.01130911188004613,0.010922722029988466,0.009959630911188002,0.011880046136101496,0.012070357554786623,0.0145674740484429,0.015911188004613604,0.015524798154555949,0.01456170703575548,0.014175317185697802,0.014942329873125715,0.014555940023068037,0.01705305651672435,0.01551326412918109,0.01339677047289505,0.011280276816609,0.00974048442906574,0.007623990772779689,0.008391003460207594,0.005697808535178779,0.00415801614763552,0.0026182237600922698,0.004538638985005765,0.004152249134948087,0.0049192618223759905,0.003956170703575558,0.004723183391003462,0.0014532871972318302,0.0022202998846597433,0.00010380622837369291,-0.0020126874279123574,-0.0023990772779699985,-0.001055363321799313,-0.002595155709342554,-0.0029815455594002413,-0.002791234140715119,-0.0054844290657439605,-0.008177623990772792,-0.00971741637831606,-0.011833910034602102,-0.01164359861591698,-0.013183391003460184,-0.015876585928489024,-0.018569780853517886,-0.01780276816608996,-0.018765859284890423,-0.017422145328719718,-0.017231833910034616,-0.020501730103806237,-0.019734717416378333,-0.021274509803921593,-0.02108419838523647,-0.024930795847750892,-0.022433679354094627,-0.02051326412918107,-0.020322952710495928,-0.020709342560553623,-0.017635524798154556,-0.018021914648212234,-0.01610149942329875,-0.015911188004613625,-0.01802768166089967,-0.013223760092272219,-0.008996539792387551,-0.00995963091118803,-0.008039215686274545,-0.007848904267589404,-0.009965397923875427,-0.012658592848904249,-0.013044982698961927,-0.012854671280276805,-0.0126643598615917,-0.010167243367935416,-0.00767012687427913,-0.007479815455594026,-0.010749711649365667,-0.01286620530565171,-0.010945790080738205,-0.010755478662053083,-0.009988465974625124,-0.00922145328719722,-0.008454440599769316,-0.0076874279123413936,-0.009803921568627472,-0.009036908881199549,-0.008846597462514446,-0.009809688581314905,-0.011349480968858128,-0.012312572087658605,-0.013275663206459065,-0.013662053056516724,-0.015201845444060039,-0.015011534025374898,-0.017128027681660957,-0.015207612456747436,-0.015594002306805152,-0.015403690888119992,-0.015213379469434907,-0.015599769319492585,-0.01713956170703575,-0.01810265282583619,-0.019642445213379434,-0.02002883506343711,-0.02041522491349479,-0.01791810841983854,-0.020611303344867344,-0.01869088811995386,-0.017923875432525938,-0.01715686274509805,-0.014083044982698967,-0.008702422145328756,-0.006782006920415269,-0.00659169550173011,-0.004094579008073825,-0.004480968858131503,-0.0037139561707036175,-0.006407151095732422,-0.008523644752018463,-0.006603229527104977,-0.005259515570934292,-0.003915801614763607,-0.005455594002306848,-0.004688581314878963,-0.005074971164936641,-0.003731257208765807,-0.004694348327566322,-0.005080738177623926,-0.004313725490196041,-0.003546712802768156,-0.005086505190311397,-0.004896193771626274,-0.007012687427912352,-0.007399077277969994,-0.002018454440599745,-0.0006747404844290964,-0.0010611303344867373,-0.0031776239907728154,0.0022029988465974335,-0.001066897347174171,-0.004913494809688612,-0.007029988465974653,-0.007993079584775131,-0.007802768166090009,-0.0064590542099192865,-0.003385236447520238,-0.003194925028835116,-0.004734717416378357,-0.003967704728950509,-0.0020472895040369865,-0.0030103806228374275,-0.0033967704728949943,-0.002053056516724309,-0.002439446366781987,-0.002825836216839628,-0.0009054209919261424,-0.00013840830449829422,-0.002254901960784298,-0.001487889273356376,-0.00014417531718569077,0.0017762399077277946,-0.00034025374855824647,-0.00014994232987316133,4.0369088811997855e-05,0.001384083044982683,0.0015743944636678053,0.0011880046136101274,0.00195501730103805,0.00041522491349477164,-0.0005478662053057063,-0.0009342560553633842,-0.0030507497116494253,-0.00113033448673594,-0.0009400230680508178,-0.0013264129181084956,-0.0040196078431373366,-0.007289504036908867,-0.007099192618223708,-0.004602076124567422,-0.004411764705882337,-0.0007612456747404887,0.0005824682814302337,0.00019607843137255573,-0.00019031141868512216,0.0
medaka 0.1 Hz,"Gaussian, smooth spectrum x envelope",578,0.011534025374855853,0.006920415224913495,0.0,-0.002116493656286044,-0.003079584775086505,-0.0034659746251441744,-0.006159169550173011,-0.0053921568627451,-0.006355247981545558,-0.007318339100346024,-0.008281430219146483,-0.00809111880046136,-0.008477508650519034,-0.010017301038062284,-0.010980392156862742,-0.010213379469434838,-0.008292964244521346,-0.005219146482122257,-0.003298731257208772,-0.005415224913494813,-0.0034948096885813094,-0.0038811995386389873,-0.004267589388696665,-0.003500576701268738,-0.005040369088811993,-0.0036966551326412986,-4.6136101499412906e-05,0.0001441753171857,0.0020645905420991852,0.00398500576701268,0.0024452133794694206,0.0026355247981545704,0.0016724336793541017,0.0018627450980392146,0.0020530565167243275,0.000513264129181068,-0.001603229527104973,0.0008938869665513124,0.0028143021914648256,0.00012110726643598431,-0.00026528258362168433,-7.497116493657141e-05,-0.0010380622837370401,-0.000847750865051918,-0.001234140715109568,0.00010957324106113571,-0.000853517877739333,-0.00066320645905422,0.0006805074971164837,0.0020242214532871783,0.002214532871972328,0.0018281430219146504,0.0020184544405997726,0.002785467128027667,0.0035524798154555892,0.000859284890426748,0.0033564013840830333,0.004123414071510946,0.004313725490196041,0.003927335640138381,0.0035409457900807593,0.004307958477508663,0.004498269896193785,0.003535178777393307,0.0031487889273356475,0.003915801614763533,0.004106113033448673,0.0025663206459053955,0.0021799307958477363,0.004100346020761221,0.002560553633217962,-0.00013264129181087916,0.003517877739330988,0.001978085351787784,0.0027450980392157063,0.005242214532871992,0.005432525951557095,0.007352941176470599,0.011580161476355247,0.01119377162629757,0.013690888119953856,0.015611303344867341,0.015801614763552463,0.01772202998846593,0.015028835063437107,0.01406574394463663,0.01771626297577857,0.01502306805074973,0.016943483275663196,0.015980392156862738,0.015017301038062278,0.0152076124567474,0.014244521337946939,0.014434832756632062,0.013471741637831583,0.013085351787773905,0.011545559400230684,0.012312572087658569,0.013079584775086509,0.010963091118800486,0.010576701268742791,0.010190311418685113,0.011534025374855853,0.010570934256055375,0.01249134948096886,0.012104959630911183,0.011718569780853469,0.013062283737024227,0.013252595155709312,0.012289504036908871,0.016516724336793482,0.018437139561706967,0.01978085351787769,0.019394463667820012,0.019584775086505135,0.019775086505190293,0.01996539792387538,0.0195790080738177,0.016309111880046207,0.016499423298731292,0.016113033448673614,0.014573241061130374,0.013033448673587097,0.013223760092272219,0.013990772779700142,0.0118742791234141,0.014371395617070385,0.013408304498269871,0.010138408304498267,0.008598615916954988,0.009365628604382911,0.011286043829296396,0.010899653979238755,0.01166666666666664,0.011280276816608962,0.009163783160322922,0.008200692041522442,0.011274509803921529,0.011464821222606614,0.00819492502883501,0.006655132641291732,0.006268742791234054,0.007612456747404776,0.006649365628604446,0.007993079584775131,0.0064532871972318535,0.0054901960784314125,0.00914071510957326,0.00875432525951562,0.008367935409457941,0.007981545559400227,0.011055363321799313,0.011245674740484435,0.009705882352941156,0.008166089965397916,0.010086505190311401,0.010853517877739324,0.011620530565167209,0.012964244521337894,0.013731257208765816,0.013921568627450939,0.013535178777393261,0.014878892733563983,0.012762399077277942,0.011222606689734663,0.007952710495963059,0.006989619377162544,0.007179930795847667,0.003910034602076025,0.005253748558246822,0.0025605536332180177,0.0004440599769319764,-0.0005190311418685015,0.0002479815455594207,-0.0001384083044982202,-0.0005247981545559351,-0.001487889273356413,-0.0030276816608996913,-0.002260668973471769,-0.002070357554786647,0.0004267589388696387,0.0035005767012687614,0.0031141868512110462,0.0038811995386389317,0.0023414071510957277,0.0019550173010380125,0.00041522491349477164,2.8835063437093744e-05,-0.0026643598615917474,-0.0030507497116494253,-0.00113033448673594,0.0013667820069203456,-0.00017301038062289553,0.0011707035755478268,-0.0009457900807381773,-0.0013321799307958182,-0.002295271049596259,-0.002681660899653937,-0.0019146482122260518,-0.0005709342560553295,-0.00038062283737024433,0.001539792387543241,0.0
medaka 0.1 Hz,white x envelope,578,0.02191464821222607,0.0057670126874279125,0.0,-0.0038465974625144176,-0.004232987312572088,-0.005772779700115339,-0.0055824682814302196,-0.006545559400230681,-0.006355247981545559,-0.0061649365628604425,-0.005974625144175317,-0.006937716262975779,-0.008477508650519036,-0.009440599769319493,-0.00867358708189158,-0.010213379469434833,-0.009446366782006927,-0.010409457900807379,-0.011372549019607847,-0.012912341407151107,-0.009261822376009221,-0.0096482122260669,-0.01176470588235295,-0.012727797001153401,-0.01023068050749712,-0.007156862745098043,-0.010426758938869662,-0.011966551326412922,-0.011776239907727809,-0.012739331026528264,-0.007935409457900824,-0.010051903114186847,-0.008708189158016142,-0.00851787773933102,-0.008327566320645907,-0.006983852364475213,-0.0033333333333333457,-0.00141291810841986,-0.003529411764705883,-0.0044925028835063425,-0.00430219146482122,-0.006995386389850061,-0.005074971164936576,-0.0014244521337947087,-0.00238754325259515,-0.003927335640138409,-0.0037370242214532965,-0.0012399077277970016,-0.0010495963091118887,-0.0008592848904267758,-0.0029757785467127984,-0.0010553633217993037,-0.0002883506343713908,-0.004134948096885814,-0.002214532871972328,-0.003177623990772797,-0.0012572087658593116,8.650519031139225e-05,0.0025836216839676593,0.0033506343713955813,0.0035409457900807593,0.0031545559400230996,0.004498269896193767,0.00584198385236447,0.0037254901960784106,0.003915801614763552,0.0029527104959630734,0.0077566320645905225,0.009677047289504026,0.00986735870818913,0.008327566320645888,0.005634371395617029,0.005247981545559351,0.004284890426758947,0.004475201845444088,0.007549019607843137,0.006009227220299895,0.007929642445213362,0.009850057670126866,0.008886966551326389,0.010230680507497111,0.013304498269896178,0.014648212226066862,0.014838523644751985,0.015028835063437107,0.016949250288350592,0.01771626297577855,0.01617647058823531,0.014636678200692033,0.015403690888119955,0.01790080738177624,0.01693771626297576,0.019434832756632048,0.01962514417531717,0.01981545559400229,0.021735870818915776,0.02365628604382926,0.024423298731257165,0.02346020761245678,0.022497116493656304,0.019803921568627442,0.02230103806228371,0.02191464821222607,0.02325836216839679,0.024025374855824677,0.023638985005767,0.027289504036908847,0.02863321799307957,0.02536332179930793,0.02613033448673585,0.026320645905420936,0.025934256055363297,0.02727797001153398,0.02573817762399074,0.029965397923875352,0.030155709342560472,0.030922722029988397,0.03226643598615908,0.03245674740484431,0.03149365628604387,0.02937716262975783,0.027837370242214554,0.026297577854671312,0.025334486735870836,0.02552479815455592,0.02571510957324104,0.02186851211072664,0.02148212226066896,0.01878892733564012,0.022439446366782006,0.020899653979238764,0.018206459054209922,0.019550173010380607,0.022623990772779694,0.02281430219146478,0.024158016147635502,0.021464821222606623,0.02165513264129178,0.021845444059976866,0.019728950403690826,0.01991926182237595,0.021262975778546633,0.021453287197231757,0.020490196078431427,0.02183391003460211,0.02144752018454447,0.019907727797001156,0.019521337946943513,0.019134948096885835,0.018748558246828122,0.01893886966551328,0.0179757785467128,0.020472895040369126,0.019509803921568647,0.019700115340253732,0.01816032295271049,0.01719723183391005,0.017387543252595134,0.016424452133794693,0.016038062283737015,0.013921568627450975,0.01411188004613606,0.016032295271049546,0.01737600922722023,0.01583621683967699,0.016026528258362076,0.014486735870818834,0.01583044982698952,0.01602076124567468,0.01621107266435991,0.015247981545559433,0.016014994232987356,0.01735870818915804,0.016395617070357565,0.015432525951557122,0.011585928489042682,0.012352941176470603,0.012543252595155726,0.011003460207612448,0.009463667820069207,0.010230680507497092,0.010997693194925015,0.008304498269896174,0.007341407151095695,0.005801614763552454,0.003108419838523613,0.002722029988465935,0.001758938869665494,0.0007958477508649789,0.002139561707035701,2.306805074966019e-05,-0.0009400230680508178,0.00040369088811990456,0.0017474048442905898,0.001937716262975786,0.0038581314878893083,0.0028950403690888304,0.0013552479815455893,0.0009688581314879116,-0.0005709342560553295,0.00019607843137255573,-0.0013437139561706852,0.0
medaka 0.1 Hz,white,578,-0.011534025374855835,0.00865051903114187,0.0,-0.0003863898500576701,-0.0013494809688581317,-0.0011591695501730094,-0.0021222606689734725,-0.0019319492502883524,-0.001741637831603229,0.0019088811995386344,-0.00020761245674740664,0.0017128027681660902,-0.0009803921568627486,-0.00021337946943483557,0.0011303344867358751,0.0007439446366781973,0.00035755478662052403,0.001701268742791237,0.0007381776239907684,0.0015051903114186767,-3.460207612456893e-05,-0.00215109573241061,-0.00023068050749712002,-0.000617070357554784,-0.0010034602076124572,-0.0008131487889273398,-0.0011995386389850038,-0.003892733564013845,-0.003702422145328732,-0.0017820069204152467,-0.0038985005767012784,-0.006014994232987301,-0.006978085351787761,-0.006787773933102648,-0.006020761245674744,-0.00525374855824684,-0.002756632064590564,-0.0042964244521338235,-0.007566320645905418,-0.0033391003460207513,-0.001995386389850057,0.0005017301038062194,0.00011534025374854151,-0.000847750865051918,0.001649365628604386,0.002416378316032299,0.0020299884659746303,0.0010668973471741616,-0.0010495963091118887,-0.0008592848904267758,0.0016378316032295375,-0.00047866205305651294,0.0002883506343713908,0.002208765859284876,0.001245674740484426,0.0025893886966551296,0.00047289504036907015,-0.0010668973471741894,-0.0026066897347174303,-0.0018396770472895452,-0.0028027681660899493,-0.0037658592848904084,-0.0024221453287197234,-0.003961937716262964,-0.006078431372549005,-0.005888119953863902,-0.004544405997693198,-0.004354094579008076,-0.004740484429065772,-0.007433679354094595,-0.004936562860438309,-0.005899653979238788,-0.006862745098039247,-0.006672433679354069,-0.007058823529411747,-0.009175317185697788,-0.00783160322952712,-0.008217993079584781,-0.00918108419838524,-0.011297577854671281,-0.01341407151095734,-0.011493656286043838,-0.011880046136101515,-0.011113033448673612,-0.01380622837370247,-0.012462514417531767,-0.014002306805074952,-0.01381199538638983,-0.014775086505190308,-0.01689158016147635,-0.017854671280276808,-0.015357554786620523,-0.016320645905421,-0.015553633217993116,-0.015363321799307975,-0.01228950403690889,-0.013252595155709368,-0.0107554786620531,-0.012871972318339087,-0.013835063437139547,-0.012491349480968842,-0.01230103806228372,-0.011534025374855835,-0.013650519031141858,-0.010576701268742808,-0.011539792387543232,-0.010196078431372546,-0.010005767012687442,-0.006355247981545594,-0.004434832756632108,-0.005974625144175312,-0.0069377162629757905,-0.007900807381776306,-0.005980392156862783,-0.004059976931949298,-0.0038696655132642124,-0.0036793540945790904,-0.0034890426758939683,-0.006758938869665498,-0.004838523644751976,-0.005224913494809654,-0.008494809688581295,-0.010611303344867337,-0.010997693194925015,-0.011960784313725456,-0.01234717416378317,-0.012733564013840811,-0.011966551326412925,-0.01004613610149944,-0.010432525951557081,-0.009088811995386433,-0.006591695501730148,-0.006978085351787788,-0.007941176470588266,-0.007750865051903144,-0.008713956170703622,-0.0091003460207613,-0.010640138408304542,-0.010449826989619418,-0.008529411764705971,-0.007762399077278048,-0.009302191464821289,-0.010841983852364531,-0.009498269896193734,-0.011614763552479776,-0.011424452133794652,-0.013540945790080694,-0.01450403690888121,-0.012583621683967686,-0.012970011534025364,-0.013356401384083042,-0.014896193771626284,-0.014129181084198361,-0.013938869665513276,-0.014325259515570917,-0.017595155709342596,-0.015674740484429073,-0.015484429065743988,-0.015870818915801627,-0.014527104959630943,-0.013760092272203059,-0.011262975778546735,-0.012226066897347213,-0.009728950403690964,-0.009538638985005806,-0.005311418685121194,-0.008581314878892798,-0.008967704728950476,-0.009930795847750954,-0.009740484429065721,-0.007243367935409435,-0.008206459054209914,-0.008592848904267555,-0.007249134948096832,-0.004752018454440621,-0.0034083044982698616,0.0013956170703575872,0.0010092272202999093,-0.0005305651672433687,-0.0020703575547866095,-0.0007266435986159244,0.000617070357554724,0.0019607843137254832,0.0021510957324105684,0.0011880046136101274,0.0013783160322952497,0.002145328719723135,0.0017589388696654569,0.000795847750865016,-0.000167243367935499,-0.002283737024221503,-0.002670126874279181,-0.0019031141868512957,-0.0022895040369089736,0.00020761245674742282,-0.0013321799307958553,0.0023183391003460674,0.0019319492502883524,0.004429065743944638,0.002889273356401397,0.001349480968858156,0.000963091118800441,0.0
