sweep,n_units,n_spikes,p,dev,sem
spikes,4000,50,0.0,0.0,0.0
spikes,4000,50,0.005,-2.0833333333333495e-05,0.0002546133680145589
spikes,4000,50,0.01,-0.00014583333333333332,0.0005378287695480184
spikes,4000,50,0.015,-0.00018749999999999943,0.00048765537539487364
spikes,4000,50,0.02,8.333333333333283e-05,0.0004810158652542167
spikes,4000,50,0.025,0.00014583333333333202,0.0005818094272147538
spikes,4000,50,0.03,0.0012500000000000011,0.0006734972047814934
spikes,4000,50,0.035,0.0016249999999999969,0.0007872684844871326
spikes,4000,50,0.04,0.0019166666666666661,0.0007793094586383717
spikes,4000,50,0.045,0.0020625000000000014,0.0006629572464390603
spikes,4000,50,0.05,0.002499999999999997,0.0007256136379059806
spikes,4000,50,0.055,0.002520833333333333,0.0007677559373218348
spikes,4000,50,0.06,0.0025625000000000027,0.0006763909630150931
spikes,4000,50,0.065,0.002916666666666666,0.0008872696741957736
spikes,4000,50,0.07,0.003583333333333325,0.0007943534948292694
spikes,4000,50,0.075,0.0036458333333333364,0.0009310807164285233
spikes,4000,50,0.08,0.003541666666666664,0.0010130929489599273
spikes,4000,50,0.085,0.003833333333333326,0.001198694576140514
spikes,4000,50,0.09,0.0039375000000000035,0.0013343243239614404
spikes,4000,50,0.095,0.004479166666666666,0.0013461006864572975
spikes,4000,50,0.1,0.005229166666666661,0.0015313820547057312
spikes,4000,50,0.105,0.005208333333333338,0.0015410522936348309
spikes,4000,50,0.11,0.005833333333333332,0.0015698187182222054
spikes,4000,50,0.115,0.0058958333333333285,0.0015142812368055725
spikes,4000,50,0.12,0.005604166666666673,0.0015728696310446802
spikes,4000,50,0.125,0.005708333333333339,0.0016367099451168646
spikes,4000,50,0.13,0.0055000000000000005,0.0016433981793094379
spikes,4000,50,0.135,0.005562499999999991,0.0017117367243931986
spikes,4000,50,0.14,0.005833333333333315,0.0018960518522083258
spikes,4000,50,0.145,0.005916666666666677,0.0019407251586492456
spikes,4000,50,0.15,0.005645833333333339,0.0018416113902303786
spikes,4000,50,0.155,0.005625000000000005,0.0017552680447985474
spikes,4000,50,0.16,0.005770833333333336,0.0016669862383015856
spikes,4000,50,0.165,0.005499999999999988,0.0017421360104159127
spikes,4000,50,0.17,0.006124999999999985,0.001864617720184016
spikes,4000,50,0.17500000000000002,0.0059583333333333155,0.0017607444333565155
spikes,4000,50,0.18,0.005979166666666672,0.0017054553547870208
spikes,4000,50,0.185,0.005937500000000005,0.0017954395616942877
spikes,4000,50,0.19,0.00585416666666667,0.0018490523610321008
spikes,4000,50,0.195,0.005999999999999994,0.0018622038100871306
spikes,4000,50,0.2,0.005749999999999984,0.0018484227510682345
spikes,4000,50,0.20500000000000002,0.006020833333333318,0.0018374931285517076
spikes,4000,50,0.21,0.0062500000000000056,0.0018578763536507353
spikes,4000,50,0.215,0.005687500000000005,0.0020158286983047685
spikes,4000,50,0.22,0.005937500000000005,0.0019007387419504875
spikes,4000,50,0.225,0.0054374999999999936,0.0019711760545113124
spikes,4000,50,0.23,0.005437499999999987,0.0019193307407594543
spikes,4000,50,0.23500000000000001,0.0055416666666666505,0.001909117213623493
spikes,4000,50,0.24,0.006145833333333339,0.0019329328706199893
spikes,4000,50,0.245,0.005604166666666667,0.0018170223970590304
spikes,4000,50,0.25,0.005270833333333331,0.0018452073293762528
spikes,4000,50,0.255,0.00474999999999999,0.0017524333731336922
spikes,4000,50,0.26,0.0042083333333333235,0.0017464339568551035
spikes,4000,50,0.265,0.004458333333333324,0.0015998441369790583
spikes,4000,50,0.27,0.00412499999999999,0.0017043560500830048
spikes,4000,50,0.275,0.0041249999999999854,0.0017593096528313178
spikes,4000,50,0.28,0.00424999999999998,0.001957890020745122
spikes,4000,50,0.28500000000000003,0.004270833333333303,0.0020170810211688553
spikes,4000,50,0.29,0.003979166666666686,0.0021220921131912948
spikes,4000,50,0.295,0.004208333333333346,0.0020192804874184
spikes,4000,50,0.3,0.00466666666666668,0.00199486398614851
spikes,4000,50,0.305,0.004375000000000008,0.0020994452730532073
spikes,4000,50,0.31,0.0049374999999999974,0.00214465619375086
spikes,4000,50,0.315,0.004479166666666663,0.002156179090475096
spikes,4000,50,0.32,0.004270833333333325,0.002053142992825856
spikes,4000,50,0.325,0.004249999999999994,0.002099332505749619
spikes,4000,50,0.33,0.004562499999999983,0.0018558683032723281
spikes,4000,50,0.335,0.004458333333333324,0.0018919269611331782
spikes,4000,50,0.34,0.004354166666666641,0.0018878244085387631
spikes,4000,50,0.34500000000000003,0.0046041666666666314,0.0018144146974835816
spikes,4000,50,0.35000000000000003,0.004229166666666631,0.0018955835666308164
spikes,4000,50,0.355,0.004375000000000018,0.0018848227551103648
spikes,4000,50,0.36,0.004541666666666684,0.0018730629725105103
spikes,4000,50,0.365,0.004854166666666683,0.0018925837951639475
spikes,4000,50,0.37,0.004666666666666676,0.0017624914929230883
spikes,4000,50,0.375,0.005124999999999995,0.0018623309359916433
spikes,4000,50,0.38,0.005124999999999995,0.001986817349888558
spikes,4000,50,0.385,0.005125,0.001971746457055039
spikes,4000,50,0.39,0.005145833333333317,0.0019149675439663334
spikes,4000,50,0.395,0.005895833333333327,0.0020353082032761585
spikes,4000,50,0.4,0.005749999999999982,0.0019254574426967627
spikes,4000,50,0.405,0.005874999999999973,0.0020192023252519863
spikes,4000,50,0.41000000000000003,0.005895833333333295,0.0018878244085387683
spikes,4000,50,0.41500000000000004,0.005645833333333294,0.00196909318397371
spikes,4000,50,0.42,0.005250000000000014,0.0018934696387128238
spikes,4000,50,0.425,0.005000000000000014,0.0020209602428128814
spikes,4000,50,0.43,0.005020833333333345,0.0020696806437640837
spikes,4000,50,0.435,0.005020833333333331,0.0021710601579864037
spikes,4000,50,0.44,0.005062499999999993,0.0020162984105293116
spikes,4000,50,0.445,0.0049791666666666595,0.002112027769823366
spikes,4000,50,0.45,0.004979166666666655,0.00213721053625108
spikes,4000,50,0.455,0.004874999999999986,0.002139876624877464
spikes,4000,50,0.46,0.004833333333333324,0.002086285786712449
spikes,4000,50,0.465,0.00445833333333331,0.002019983810816213
spikes,4000,50,0.47000000000000003,0.004895833333333308,0.0018800332275969716
spikes,4000,50,0.47500000000000003,0.004541666666666629,0.0019150602622582961
spikes,4000,50,0.48,0.004687500000000025,0.0019993192496750535
spikes,4000,50,0.485,0.00541666666666669,0.001992726673670928
spikes,4000,50,0.49,0.005020833333333345,0.0019057971601554452
spikes,4000,50,0.495,0.0045625000000000015,0.0017808761569417506
spikes,4000,50,0.5,0.004270833333333317,0.0016923564610962238
spikes,4000,50,0.505,0.0043958333333333115,0.001543393279646041
spikes,4000,50,0.51,0.004729166666666655,0.0017239561876302718
spikes,4000,50,0.515,0.004708333333333314,0.0018740738453374196
spikes,4000,50,0.52,0.005208333333333315,0.0018901742878326925
spikes,4000,50,0.525,0.005749999999999968,0.001976423537605233
spikes,4000,50,0.53,0.005854166666666642,0.0021528826546626896
spikes,4000,50,0.535,0.00629166666666663,0.0020476874736880565
spikes,4000,50,0.54,0.00624999999999995,0.0018530278252665573
spikes,4000,50,0.545,0.006374999999999964,0.0018755049825031004
spikes,4000,50,0.55,0.006104166666666623,0.0019213854133321782
spikes,4000,50,0.555,0.0055624999999999425,0.001977411502444548
spikes,4000,50,0.56,0.005666666666666598,0.0021400610063993727
spikes,4000,50,0.5650000000000001,0.0050624999999999325,0.0021838172462803535
spikes,4000,50,0.5700000000000001,0.005312499999999924,0.00232475255281464
spikes,4000,50,0.5750000000000001,0.005270833333333271,0.002194271625658896
spikes,4000,50,0.58,0.004895833333333377,0.002094920428926925
spikes,4000,50,0.585,0.0047916666666666845,0.0021930575146644577
spikes,4000,50,0.59,0.004875000000000036,0.002188879435194683
spikes,4000,50,0.595,0.005500000000000033,0.00231104069434294
spikes,4000,50,0.6,0.005208333333333333,0.0023289664222482095
spikes,4000,50,0.605,0.00539583333333334,0.002224701702283124
spikes,4000,50,0.61,0.004979166666666692,0.0022452513722849557
spikes,4000,50,0.615,0.004937500000000011,0.00229832881479328
spikes,4000,50,0.62,0.004958333333333333,0.002271953782518247
spikes,4000,50,0.625,0.005208333333333324,0.002370876271113551
spikes,4000,50,0.63,0.004562500000000007,0.002379307298290193
spikes,4000,50,0.635,0.004958333333333333,0.0020959090142369215
spikes,4000,50,0.64,0.004812499999999988,0.002204962765094808
spikes,4000,50,0.645,0.0054166666666666625,0.0021099810904413856
spikes,4000,50,0.65,0.005291666666666639,0.002055534227298577
spikes,4000,50,0.655,0.005124999999999981,0.002214043503719756
spikes,4000,50,0.66,0.004729166666666636,0.0020213018825759434
spikes,4000,50,0.665,0.004562499999999942,0.0020627295556366514
spikes,4000,50,0.67,0.004291666666666638,0.0020850371820437816
spikes,4000,50,0.675,0.004270833333333279,0.0018785215246802133
spikes,4000,50,0.68,0.004270833333333289,0.0019238481238224982
spikes,4000,50,0.685,0.004187499999999927,0.001892750573860298
spikes,4000,50,0.6900000000000001,0.0033333333333332624,0.0017318685535769411
spikes,4000,50,0.6950000000000001,0.0037291666666666077,0.0016363121221549153
spikes,4000,50,0.7000000000000001,0.0036041666666665937,0.0016159299125652815
spikes,4000,50,0.705,0.0037291666666667187,0.0015985488013201233
spikes,4000,50,0.71,0.004250000000000059,0.001631542772403412
spikes,4000,50,0.715,0.004541666666666703,0.0016036869609393418
spikes,4000,50,0.72,0.004145833333333358,0.001544006721180475
spikes,4000,50,0.725,0.00441666666666668,0.00143361079062272
spikes,4000,50,0.73,0.004354166666666687,0.001321965626893108
spikes,4000,50,0.735,0.004937500000000039,0.0014325507685752211
spikes,4000,50,0.74,0.0043541666666666685,0.0015251857603371963
spikes,4000,50,0.745,0.004562500000000007,0.0014678128054415414
spikes,4000,50,0.75,0.004937500000000011,0.001551552558216796
spikes,4000,50,0.755,0.004208333333333342,0.0014334456439437872
spikes,4000,50,0.76,0.003562499999999987,0.0014119099062381245
spikes,4000,50,0.765,0.0030624999999999867,0.0015082239831448563
spikes,4000,50,0.77,0.002999999999999984,0.0015160130126570344
spikes,4000,50,0.775,0.0025208333333333055,0.0016144641940403553
spikes,4000,50,0.78,0.0024999999999999745,0.0015056710977319882
spikes,4000,50,0.785,0.0021458333333332913,0.0015433932796460389
spikes,4000,50,0.79,0.0023124999999999487,0.0016014094762446171
spikes,4000,50,0.795,0.002895833333333292,0.0018005308385320902
spikes,4000,50,0.8,0.0027916666666666368,0.0019125862362547482
spikes,4000,50,0.805,0.003020833333333306,0.0019013198997304744
spikes,4000,50,0.81,0.002895833333333292,0.0019698144268591945
spikes,4000,50,0.8150000000000001,0.002770833333333287,0.0019336676010664631
spikes,4000,50,0.8200000000000001,0.002749999999999919,0.0019123799229486217
spikes,4000,50,0.8250000000000001,0.002749999999999947,0.001820287606313068
spikes,4000,50,0.8300000000000001,0.0021458333333332635,0.001769495929907606
spikes,4000,50,0.835,0.0016666666666667145,0.0017936476011668821
spikes,4000,50,0.84,0.0017291666666666983,0.0018055203473645723
spikes,4000,50,0.845,0.0019375000000000364,0.0017009146937617201
spikes,4000,50,0.85,0.0013125000000000127,0.0016373727685940421
spikes,4000,50,0.855,0.0008125000000000123,0.001558555627476733
spikes,4000,50,0.86,0.0007916666666666813,0.0015621085368206934
spikes,4000,50,0.865,0.0009166666666666953,0.0013649194300415879
spikes,4000,50,0.87,0.0006875000000000168,0.001242067634058532
spikes,4000,50,0.875,0.0007083333333333294,0.0012604988390444178
spikes,4000,50,0.88,0.0006041666666666556,0.001349262682116988
spikes,4000,50,0.885,0.0005208333333333223,0.0012815925570645492
spikes,4000,50,0.89,0.00018749999999997935,0.0012115780624933562
spikes,4000,50,0.895,0.0007291666666666511,0.0010383089823984436
spikes,4000,50,0.9,0.0010416666666666445,0.0009956502621123776
spikes,4000,50,0.905,0.0011041666666666654,0.0008390664530454406
spikes,4000,50,0.91,0.000666666666666621,0.0007919656532701353
spikes,4000,50,0.915,0.0005833333333332968,0.0008389959126325544
spikes,4000,50,0.92,-0.00014583333333338203,0.0006849700926155698
spikes,4000,50,0.925,-2.0833333333368047e-05,0.0007738984922214495
spikes,4000,50,0.93,-0.0004375000000000351,0.0007411887718082007
spikes,4000,50,0.935,-0.0008750000000000424,0.0008825432429958123
spikes,4000,50,0.9400000000000001,-0.0012500000000000566,0.0009288107417226539
spikes,4000,50,0.9450000000000001,-0.0016666666666667422,0.0009259175083792471
spikes,4000,50,0.9500000000000001,-0.0011666666666667418,0.0008496508492649014
spikes,4000,50,0.9550000000000001,-0.0013333333333333992,0.0006931300692722083
spikes,4000,50,0.96,-0.0013541666666666285,0.0007745100683397184
spikes,4000,50,0.965,-0.0010416666666666352,0.0006845379256967217
spikes,4000,50,0.97,-0.0009583333333333111,0.0007486309052685627
spikes,4000,50,0.975,-0.00093749999999998,0.0007462818187724398
spikes,4000,50,0.98,-0.0007291666666666696,0.0006310002381180654
spikes,4000,50,0.985,-0.00010416666666666445,0.0004651269919998915
spikes,4000,50,0.99,-0.00014583333333332651,0.00046308657861454997
spikes,4000,50,0.995,-0.00033333333333333365,0.0003445096060879443
spikes,4000,50,1.0,0.0,0.0
spikes,4000,75,0.0,0.0,0.0
spikes,4000,75,0.005,-0.0005416666666666668,0.00031053676240999363
spikes,4000,75,0.01,-0.0007083333333333337,0.0003519875026477531
spikes,4000,75,0.015,-0.0013749999999999997,0.0004368230693763711
spikes,4000,75,0.02,-0.0007916666666666671,0.0004404213432566133
spikes,4000,75,0.025,-0.00022916666666666802,0.000595483580331519
spikes,4000,75,0.03,0.00027083333333333413,0.0005474271202819625
spikes,4000,75,0.035,0.0006041666666666638,0.0006766242616209835
spikes,4000,75,0.04,0.00045833333333333257,0.0006789818952972268
spikes,4000,75,0.045,0.00037500000000000207,0.0007646919562011804
spikes,4000,75,0.05,0.0007083333333333305,0.0008692088298556278
spikes,4000,75,0.055,0.0008749999999999996,0.0009326262202333084
spikes,4000,75,0.06,0.0012708333333333363,0.0009396860035956351
spikes,4000,75,0.065,0.0018333333333333337,0.0010382519789131981
spikes,4000,75,0.07,0.002020833333333326,0.0009674916477075329
spikes,4000,75,0.075,0.002125000000000002,0.0009336410477590452
spikes,4000,75,0.08,0.0018541666666666672,0.00097431907717206
spikes,4000,75,0.085,0.0024583333333333263,0.001041666666666666
spikes,4000,75,0.09,0.002541666666666669,0.0011591342336921874
spikes,4000,75,0.095,0.0024791666666666677,0.0012156096228026934
spikes,4000,75,0.1,0.0020416666666666604,0.0013310230932434917
spikes,4000,75,0.105,0.0025000000000000035,0.0012810536619706789
spikes,4000,75,0.11,0.002333333333333333,0.001363878345533113
spikes,4000,75,0.115,0.002770833333333328,0.001561994867844231
spikes,4000,75,0.12,0.0030833333333333372,0.0015857238731948903
spikes,4000,75,0.125,0.00360416666666667,0.0014759621711981934
spikes,4000,75,0.13,0.003104166666666667,0.00142736324947772
spikes,4000,75,0.135,0.00316666666666666,0.0015189252247506564
spikes,4000,75,0.14,0.003291666666666651,0.0015212613552940551
spikes,4000,75,0.145,0.003604166666666672,0.0016510035783294254
spikes,4000,75,0.15,0.00397916666666667,0.0016570151415400325
spikes,4000,75,0.155,0.004312500000000004,0.0016722798469047105
spikes,4000,75,0.16,0.004208333333333335,0.0016907819749656335
spikes,4000,75,0.165,0.0044999999999999945,0.0015981167894516556
spikes,4000,75,0.17,0.004937499999999986,0.0015497204659961315
spikes,4000,75,0.17500000000000002,0.0043333333333333115,0.0015372068990558987
spikes,4000,75,0.18,0.0050000000000000044,0.0015346379496036324
spikes,4000,75,0.185,0.005020833333333338,0.0015495167664778475
spikes,4000,75,0.19,0.005583333333333336,0.0016595491964246003
spikes,4000,75,0.195,0.005562499999999998,0.0018392101915735118
spikes,4000,75,0.2,0.005833333333333318,0.0018172503927359562
spikes,4000,75,0.20500000000000002,0.006208333333333313,0.001780000780274486
spikes,4000,75,0.21,0.006041666666666674,0.0019016622845406716
spikes,4000,75,0.215,0.006500000000000006,0.0017061608507068888
spikes,4000,75,0.22,0.006395833333333334,0.0016746376624527017
spikes,4000,75,0.225,0.00658333333333333,0.001673187999242188
spikes,4000,75,0.23,0.006895833333333319,0.001753367521126535
spikes,4000,75,0.23500000000000001,0.006770833333333312,0.0017668180859924138
spikes,4000,75,0.24,0.007020833333333335,0.0018078789926375609
spikes,4000,75,0.245,0.006916666666666668,0.0019915382867207823
spikes,4000,75,0.25,0.007145833333333326,0.0018630829201009057
spikes,4000,75,0.255,0.0067083333333333205,0.0017232350801368176
spikes,4000,75,0.26,0.006812499999999995,0.0018301776387536666
spikes,4000,75,0.265,0.006541666666666658,0.001966295868999486
spikes,4000,75,0.27,0.00620833333333332,0.001978777872497787
spikes,4000,75,0.275,0.006458333333333316,0.002088213979998847
spikes,4000,75,0.28,0.006374999999999974,0.002063045152930563
spikes,4000,75,0.28500000000000003,0.007145833333333305,0.0019690931839737085
spikes,4000,75,0.29,0.007666666666666692,0.002055419050886581
spikes,4000,75,0.295,0.007895833333333343,0.0019461155787772744
spikes,4000,75,0.3,0.007937500000000014,0.001933341088673053
spikes,4000,75,0.305,0.008479166666666671,0.0018825500348831044
spikes,4000,75,0.31,0.008458333333333332,0.0017717355099369982
spikes,4000,75,0.315,0.008729166666666663,0.0017547172172821099
spikes,4000,75,0.32,0.009479166666666658,0.001839038557414327
spikes,4000,75,0.325,0.00939583333333332,0.0019035598462837557
spikes,4000,75,0.33,0.009229166666666655,0.0020478319867507635
spikes,4000,75,0.335,0.009395833333333317,0.0019378258116411358
spikes,4000,75,0.34,0.009749999999999986,0.0019116370106811752
spikes,4000,75,0.34500000000000003,0.010229166666666636,0.002132775066040305
spikes,4000,75,0.35000000000000003,0.010145833333333304,0.0020792668646531297
spikes,4000,75,0.355,0.009979166666666683,0.0020885824024970156
spikes,4000,75,0.36,0.010458333333333347,0.0020857183317974535
spikes,4000,75,0.365,0.010541666666666677,0.0020529988536112927
spikes,4000,75,0.37,0.010187499999999997,0.001983627349610106
spikes,4000,75,0.375,0.010041666666666671,0.0019098611060609717
spikes,4000,75,0.38,0.009249999999999994,0.0018756312068854144
spikes,4000,75,0.385,0.009645833333333326,0.0017253288919372848
spikes,4000,75,0.39,0.009770833333333317,0.0017587600911098719
spikes,4000,75,0.395,0.00999999999999999,0.0018345381715925925
spikes,4000,75,0.4,0.010249999999999973,0.0018014619483950106
spikes,4000,75,0.405,0.010749999999999963,0.001569718175824933
spikes,4000,75,0.41000000000000003,0.0110208333333333,0.0016406467951895264
spikes,4000,75,0.41500000000000004,0.010895833333333308,0.0015773786551482093
spikes,4000,75,0.42,0.01129166666666668,0.0016986049683148329
spikes,4000,75,0.425,0.011583333333333343,0.0015946564811674274
spikes,4000,75,0.43,0.011770833333333341,0.0017043444746834
spikes,4000,75,0.435,0.012062499999999999,0.0015688507301959485
spikes,4000,75,0.44,0.012416666666666664,0.0016383002709447923
spikes,4000,75,0.445,0.012062499999999995,0.0015166765525818347
spikes,4000,75,0.45,0.012249999999999988,0.001576340218623024
spikes,4000,75,0.455,0.011770833333333314,0.001549516766477845
spikes,4000,75,0.46,0.011708333333333307,0.0016648190516532022
spikes,4000,75,0.465,0.011479166666666643,0.0017997417568679508
spikes,4000,75,0.47000000000000003,0.011583333333333298,0.001932902250790537
spikes,4000,75,0.47500000000000003,0.011520833333333294,0.0018963327680477698
spikes,4000,75,0.48,0.011666666666666681,0.0019741063698787737
spikes,4000,75,0.485,0.01175000000000001,0.002189852630990164
spikes,4000,75,0.49,0.011979166666666688,0.00235617707132001
spikes,4000,75,0.495,0.011562500000000009,0.002488063359382763
spikes,4000,75,0.5,0.011020833333333322,0.00237100108582639
spikes,4000,75,0.505,0.010625000000000004,0.0022814510600479548
spikes,4000,75,0.51,0.010874999999999987,0.0023309308519052266
spikes,4000,75,0.515,0.011687499999999998,0.0023001821815199375
spikes,4000,75,0.52,0.011520833333333305,0.002163413568923434
spikes,4000,75,0.525,0.0111458333333333,0.002229591435032825
spikes,4000,75,0.53,0.010874999999999968,0.0022425170179415765
spikes,4000,75,0.535,0.011062499999999956,0.0022557009006138914
spikes,4000,75,0.54,0.011312499999999967,0.00221909008277144
spikes,4000,75,0.545,0.01137499999999995,0.0023434911473218236
spikes,4000,75,0.55,0.011020833333333285,0.002488507359093528
spikes,4000,75,0.555,0.010937499999999952,0.002290486955305411
spikes,4000,75,0.56,0.01039583333333328,0.0021301093507046934
spikes,4000,75,0.5650000000000001,0.010687499999999924,0.0022148185933649643
spikes,4000,75,0.5700000000000001,0.010999999999999935,0.0022239655409364424
spikes,4000,75,0.5750000000000001,0.010687499999999942,0.00208646544859526
spikes,4000,75,0.58,0.010229166666666706,0.002037865586585608
spikes,4000,75,0.585,0.00958333333333336,0.0020728524240083215
spikes,4000,75,0.59,0.009520833333333348,0.0020294839836517546
spikes,4000,75,0.595,0.009229166666666686,0.0020135568778917217
spikes,4000,75,0.6,0.009250000000000027,0.002024705365770987
spikes,4000,75,0.605,0.009625000000000031,0.0021180814288865213
spikes,4000,75,0.61,0.009416666666666676,0.0021502143421463153
spikes,4000,75,0.615,0.009500000000000008,0.0020636188425367536
spikes,4000,75,0.62,0.009208333333333318,0.0021257425915798384
spikes,4000,75,0.625,0.009375000000000003,0.0019899130101285276
spikes,4000,75,0.63,0.009874999999999976,0.001961152065558005
spikes,4000,75,0.635,0.009458333333333319,0.0019890403630033657
spikes,4000,75,0.64,0.008979166666666668,0.002030183772221101
spikes,4000,75,0.645,0.008312499999999992,0.0019910131899932917
spikes,4000,75,0.65,0.00729166666666665,0.0018981732978542451
spikes,4000,75,0.655,0.0070208333333333,0.0020318156749244438
spikes,4000,75,0.66,0.007124999999999965,0.00188783485891787
spikes,4000,75,0.665,0.006999999999999969,0.001996208527396
spikes,4000,75,0.67,0.006666666666666636,0.0019341266658613576
spikes,4000,75,0.675,0.006937499999999958,0.0018145886607095706
spikes,4000,75,0.68,0.006854166666666624,0.0016088822858108549
spikes,4000,75,0.685,0.006520833333333281,0.0016681219971796857
spikes,4000,75,0.6900000000000001,0.006687499999999948,0.001669162430591153
spikes,4000,75,0.6950000000000001,0.006854166666666596,0.0017587600911098736
spikes,4000,75,0.7000000000000001,0.006895833333333268,0.0018325906725813956
spikes,4000,75,0.705,0.006979166666666721,0.0018115418923606978
spikes,4000,75,0.71,0.006479166666666712,0.0016535826386755803
spikes,4000,75,0.715,0.005750000000000033,0.0018685495103762325
spikes,4000,75,0.72,0.005375000000000028,0.0019407658204165154
spikes,4000,75,0.725,0.005312500000000016,0.0018407541788543382
spikes,4000,75,0.73,0.004875,0.0017051892723523262
spikes,4000,75,0.735,0.004583333333333346,0.0017498196155228947
spikes,4000,75,0.74,0.005354166666666669,0.0018452073293762474
spikes,4000,75,0.745,0.005000000000000023,0.0018061867583560136
spikes,4000,75,0.75,0.00489583333333334,0.001899825134829328
spikes,4000,75,0.755,0.004874999999999981,0.0019439348177749075
spikes,4000,75,0.76,0.0051249999999999725,0.0018465005805413095
spikes,4000,75,0.765,0.005499999999999977,0.0018453463171727502
spikes,4000,75,0.77,0.005479166666666664,0.0017004506792689536
spikes,4000,75,0.775,0.005833333333333292,0.0016423414241671381
spikes,4000,75,0.78,0.005666666666666644,0.0017329617900163137
spikes,4000,75,0.785,0.005729166666666637,0.0017436188674852375
spikes,4000,75,0.79,0.005708333333333297,0.0017815960810350934
spikes,4000,75,0.795,0.005499999999999959,0.0017701759029183346
spikes,4000,75,0.8,0.005312499999999952,0.0018184984336067779
spikes,4000,75,0.805,0.005062499999999952,0.0017031402035740616
spikes,4000,75,0.81,0.0048541666666666134,0.0017068429381921905
spikes,4000,75,0.8150000000000001,0.004562499999999942,0.001614659700051283
spikes,4000,75,0.8200000000000001,0.004208333333333258,0.0014583333333333358
spikes,4000,75,0.8250000000000001,0.004395833333333284,0.0014858736121939034
spikes,4000,75,0.8300000000000001,0.004395833333333256,0.0014454927116014605
spikes,4000,75,0.835,0.004583333333333356,0.0015497841166048944
spikes,4000,75,0.84,0.004270833333333353,0.0016144641940403616
spikes,4000,75,0.845,0.004416666666666698,0.0016443582764757013
spikes,4000,75,0.85,0.00393750000000002,0.0015570359005027913
spikes,4000,75,0.855,0.00416666666666667,0.00158363234816084
spikes,4000,75,0.86,0.003958333333333351,0.0015358202000457868
spikes,4000,75,0.865,0.004208333333333351,0.0015684608520598897
spikes,4000,75,0.87,0.004250000000000013,0.0015361798348007543
spikes,4000,75,0.875,0.004520833333333317,0.0016550137133613523
spikes,4000,75,0.88,0.004458333333333332,0.001541973761387685
spikes,4000,75,0.885,0.004854166666666678,0.0014966687546384906
spikes,4000,75,0.89,0.005124999999999981,0.0014695456420061941
spikes,4000,75,0.895,0.004749999999999986,0.0014996843102143293
spikes,4000,75,0.9,0.00460416666666665,0.0015366292598812583
spikes,4000,75,0.905,0.004874999999999972,0.0014753338091716202
spikes,4000,75,0.91,0.004333333333333291,0.0013442967821072262
spikes,4000,75,0.915,0.003999999999999958,0.0011481209945740948
spikes,4000,75,0.92,0.0036874999999999547,0.0011303010627369352
spikes,4000,75,0.925,0.004041666666666628,0.001129340672045138
spikes,4000,75,0.93,0.0032499999999999565,0.0011277323720769506
spikes,4000,75,0.935,0.0032708333333332693,0.0010487448907907015
spikes,4000,75,0.9400000000000001,0.0033333333333332624,0.001081583668665181
spikes,4000,75,0.9450000000000001,0.0027083333333332757,0.0010605857682041472
spikes,4000,75,0.9500000000000001,0.0019583333333332655,0.001257490185113416
spikes,4000,75,0.9550000000000001,0.0023333333333332615,0.0009992105469678147
spikes,4000,75,0.96,0.0020625000000000504,0.0009258109671902275
spikes,4000,75,0.965,0.0015833333333333626,0.0008856672996427956
spikes,4000,75,0.97,0.0013333333333333437,0.000882453821723693
spikes,4000,75,0.975,0.0008750000000000239,0.0009791868147507985
spikes,4000,75,0.98,0.0006666666666666765,0.0006848836810478491
spikes,4000,75,0.985,0.00022916666666666918,0.0006545718683292761
spikes,4000,75,0.99,0.0004166666666666948,0.000450518780648676
spikes,4000,75,0.995,8.333333333333341e-05,0.00035265944885779914
spikes,4000,75,1.0,0.0,0.0
spikes,4000,100,0.0,0.0,0.0
spikes,4000,100,0.005,-0.0005625000000000002,0.00029375604442524007
spikes,4000,100,0.01,-0.0005416666666666668,0.0006214545905219529
spikes,4000,100,0.015,-0.0005833333333333328,0.0005324092372973971
spikes,4000,100,0.02,-0.0005416666666666669,0.0007976251049715071
spikes,4000,100,0.025,-0.0005208333333333346,0.000786039611089683
spikes,4000,100,0.03,-0.0004999999999999984,0.0009559423400894835
spikes,4000,100,0.035,-0.0005416666666666695,0.0010738953685654217
spikes,4000,100,0.04,-0.00035416666666666816,0.0011416936238799278
spikes,4000,100,0.045,-0.0005416666666666643,0.0012392848825843149
spikes,4000,100,0.05,-0.0006458333333333363,0.0012893276720677316
spikes,4000,100,0.055,-0.0008125000000000007,0.001350899321664175
spikes,4000,100,0.06,-0.0004999999999999975,0.0012598099904831733
spikes,4000,100,0.065,-2.083333333333393e-05,0.0014270314909849142
spikes,4000,100,0.07,0.00014583333333332768,0.0013611417101281203
spikes,4000,100,0.075,0.0007083333333333351,0.0014034027010855238
spikes,4000,100,0.08,0.0008958333333333318,0.0014026011865045029
spikes,4000,100,0.085,0.0007291666666666592,0.0014817252732384416
spikes,4000,100,0.09,0.0008958333333333376,0.0015979562981533887
spikes,4000,100,0.095,0.000979166666666664,0.0018057825711985497
spikes,4000,100,0.1,0.0008124999999999938,0.00199006171862568
spikes,4000,100,0.105,0.0010208333333333378,0.002154421619049128
spikes,4000,100,0.11,0.0010624999999999999,0.0022498158594683143
spikes,4000,100,0.115,0.0003541666666666635,0.0023912835586941184
spikes,4000,100,0.12,-0.00010416666666666098,0.0024544058894571666
spikes,4000,100,0.125,-6.249999999999774e-05,0.00240936560397885
spikes,4000,100,0.13,6.250000000000006e-05,0.002358921853433483
spikes,4000,100,0.135,0.00014583333333332651,0.0022770799543904616
spikes,4000,100,0.14,-2.083333333334954e-05,0.002233198704105883
spikes,4000,100,0.145,-2.08333333333241e-05,0.002342876520735597
spikes,4000,100,0.15,0.0007291666666666719,0.002360393347527167
spikes,4000,100,0.155,0.0006875000000000029,0.002348057909628657
spikes,4000,100,0.16,0.0006041666666666649,0.0023708013791317343
spikes,4000,100,0.165,0.0005208333333333292,0.002432703776488501
spikes,4000,100,0.17,0.0003541666666666531,0.002412965752916413
spikes,4000,100,0.17500000000000002,0.0007916666666666489,0.002392149671426319
spikes,4000,100,0.18,0.0009166666666666721,0.002549571661390528
spikes,4000,100,0.185,0.000875000000000003,0.002529653677338606
spikes,4000,100,0.19,0.0005833333333333315,0.0026572394918734222
spikes,4000,100,0.195,0.0006458333333333316,0.00262535321096481
spikes,4000,100,0.2,0.001708333333333321,0.002564293225720246
spikes,4000,100,0.20500000000000002,0.000916666666666649,0.002484103500665823
spikes,4000,100,0.21,0.001187500000000008,0.002375124598007566
spikes,4000,100,0.215,0.0012708333333333345,0.002293035059774173
spikes,4000,100,0.22,0.0012291666666666677,0.0022946863713652252
spikes,4000,100,0.225,0.0012499999999999987,0.0022085834621066312
spikes,4000,100,0.23,0.001479166666666654,0.0024162992798070263
spikes,4000,100,0.23500000000000001,0.002041666666666652,0.0023889806477561783
spikes,4000,100,0.24,0.002187500000000004,0.002398532734882521
spikes,4000,100,0.245,0.0015625000000000038,0.0026019232761264276
spikes,4000,100,0.25,0.0014166666666666587,0.002658664603658664
spikes,4000,100,0.255,0.001124999999999994,0.002679096268927608
spikes,4000,100,0.26,0.000916666666666649,0.002747645916199554
spikes,4000,100,0.265,0.0010624999999999895,0.002615173707945091
spikes,4000,100,0.27,0.0012083333333333206,0.0025620765232738664
spikes,4000,100,0.275,0.001499999999999992,0.002606627625066069
spikes,4000,100,0.28,0.001937499999999967,0.00244196366742634
spikes,4000,100,0.28500000000000003,0.0025624999999999676,0.0025576913492207755
spikes,4000,100,0.29,0.0029791666666666764,0.002645475399315563
spikes,4000,100,0.295,0.0028125000000000094,0.0025265868476038685
spikes,4000,100,0.3,0.0027500000000000163,0.002524313588068863
spikes,4000,100,0.305,0.002375000000000016,0.0027418094279861877
spikes,4000,100,0.31,0.0026875000000000002,0.0027103066820207003
spikes,4000,100,0.315,0.0036458333333333343,0.0028688931078277254
spikes,4000,100,0.32,0.003333333333333318,0.002707196731198926
spikes,4000,100,0.325,0.0036666666666666466,0.0028152273532532053
spikes,4000,100,0.33,0.0035208333333333203,0.002803450649276585
spikes,4000,100,0.335,0.0037499999999999803,0.002727178028658929
spikes,4000,100,0.34,0.0034999999999999754,0.002654505889078325
spikes,4000,100,0.34500000000000003,0.003979166666666635,0.0025440174796704305
spikes,4000,100,0.35000000000000003,0.004374999999999967,0.0026188600631387375
spikes,4000,100,0.355,0.004562500000000015,0.002656133018814454
spikes,4000,100,0.36,0.004812500000000011,0.002645594716035538
spikes,4000,100,0.365,0.00539583333333335,0.0025809724671647743
spikes,4000,100,0.37,0.005708333333333343,0.0025920247243645606
spikes,4000,100,0.375,0.006041666666666667,0.0025035643782334786
spikes,4000,100,0.38,0.006354166666666665,0.002503304318820681
spikes,4000,100,0.385,0.006624999999999992,0.002558501129627077
spikes,4000,100,0.39,0.006895833333333328,0.00249059943445936
spikes,4000,100,0.395,0.006833333333333312,0.002501388503300603
spikes,4000,100,0.4,0.00666666666666665,0.0023797467185489377
spikes,4000,100,0.405,0.006729166666666638,0.002493259536968996
spikes,4000,100,0.41000000000000003,0.006791666666666636,0.002604961999761613
spikes,4000,100,0.41500000000000004,0.006666666666666622,0.002639898796652185
spikes,4000,100,0.42,0.006437500000000017,0.0026030148968129827
spikes,4000,100,0.425,0.006187500000000017,0.0026506011682315193
spikes,4000,100,0.43,0.00675000000000001,0.0026288752059549824
spikes,4000,100,0.435,0.00610416666666667,0.0026556576136827414
spikes,4000,100,0.44,0.005479166666666664,0.002558308348017367
spikes,4000,100,0.445,0.005520833333333322,0.0024151232662980478
spikes,4000,100,0.45,0.005854166666666656,0.0024264675216945303
spikes,4000,100,0.455,0.005854166666666656,0.002381163917821567
spikes,4000,100,0.46,0.006020833333333318,0.0021977214296455376
spikes,4000,100,0.465,0.006541666666666644,0.0021507647805871625
spikes,4000,100,0.47000000000000003,0.00604166666666664,0.002036558234974989
spikes,4000,100,0.47500000000000003,0.00649999999999996,0.0020014199504806143
spikes,4000,100,0.48,0.006458333333333348,0.0019398710646521733
spikes,4000,100,0.485,0.006458333333333353,0.002024900234479703
spikes,4000,100,0.49,0.006583333333333353,0.0020991821399215585
spikes,4000,100,0.495,0.006645833333333341,0.0020404197645721243
spikes,4000,100,0.5,0.006395833333333327,0.00223468235771865
spikes,4000,100,0.505,0.006458333333333306,0.0022033964255396303
spikes,4000,100,0.51,0.006520833333333319,0.0022969549864104784
spikes,4000,100,0.515,0.006562499999999981,0.002120008620980184
spikes,4000,100,0.52,0.00658333333333333,0.0019879688634433343
spikes,4000,100,0.525,0.006645833333333305,0.0020801775340658526
spikes,4000,100,0.53,0.006708333333333307,0.0019293470528925199
spikes,4000,100,0.535,0.006708333333333298,0.0018906752174230738
spikes,4000,100,0.54,0.006479166666666647,0.0019529160241737857
spikes,4000,100,0.545,0.006749999999999969,0.0019254574426967683
spikes,4000,100,0.55,0.006645833333333277,0.0020090840888978808
spikes,4000,100,0.555,0.0065208333333332995,0.0020829071533786485
spikes,4000,100,0.56,0.006333333333333274,0.002148672364343373
spikes,4000,100,0.5650000000000001,0.006333333333333284,0.002271224250478051
spikes,4000,100,0.5700000000000001,0.005833333333333274,0.002281001352852989
spikes,4000,100,0.5750000000000001,0.006062499999999933,0.0022693037662096633
spikes,4000,100,0.58,0.005791666666666713,0.002170269440517574
spikes,4000,100,0.585,0.005666666666666709,0.002099633205100261
spikes,4000,100,0.59,0.005583333333333366,0.002000315631659816
spikes,4000,100,0.595,0.005625000000000019,0.0017753840813648325
spikes,4000,100,0.6,0.005625000000000028,0.0017796460747899125
spikes,4000,100,0.605,0.0052916666666666945,0.001807191372424532
spikes,4000,100,0.61,0.006041666666666686,0.0018514514508210806
spikes,4000,100,0.615,0.005979166666666674,0.0019453855496709886
spikes,4000,100,0.62,0.005291666666666667,0.0018560490104770745
spikes,4000,100,0.625,0.005729166666666646,0.002016376685262131
spikes,4000,100,0.63,0.005395833333333322,0.0020833617422305497
spikes,4000,100,0.635,0.0049166666666666525,0.002090593410513106
spikes,4000,100,0.64,0.0045208333333333255,0.0018605397792581648
spikes,4000,100,0.645,0.0043333333333333,0.001872936575045032
spikes,4000,100,0.65,0.004291666666666638,0.0019256623548925985
spikes,4000,100,0.655,0.004479166666666645,0.0019164504983500768
spikes,4000,100,0.66,0.004645833333333303,0.002041811605863378
spikes,4000,100,0.665,0.0046249999999999625,0.002109569645901528
spikes,4000,100,0.67,0.004458333333333296,0.0021669944390768302
spikes,4000,100,0.675,0.004708333333333296,0.0021988791336597932
spikes,4000,100,0.68,0.004687499999999946,0.002217809499770604
spikes,4000,100,0.685,0.0046666666666666246,0.0021849462004795194
spikes,4000,100,0.6900000000000001,0.0047708333333332615,0.002031349550785084
spikes,4000,100,0.6950000000000001,0.004437499999999928,0.002048217305069921
spikes,4000,100,0.7000000000000001,0.0044999999999999485,0.0020684315533536736
spikes,4000,100,0.705,0.004687500000000039,0.0021132977693929505
spikes,4000,100,0.71,0.004666666666666698,0.002071938535026868
spikes,4000,100,0.715,0.005145833333333377,0.002034842879175021
spikes,4000,100,0.72,0.004979166666666711,0.0020269160252048735
spikes,4000,100,0.725,0.00539583333333335,0.001957275262200026
spikes,4000,100,0.73,0.005312499999999998,0.001997897806180137
spikes,4000,100,0.735,0.005541666666666685,0.0020848100826713397
spikes,4000,100,0.74,0.005041666666666657,0.0020736517464744583
spikes,4000,100,0.745,0.005083333333333338,0.002058641554643507
spikes,4000,100,0.75,0.005124999999999991,0.002167577023202443
spikes,4000,100,0.755,0.004708333333333324,0.00199379561630473
spikes,4000,100,0.76,0.004749999999999986,0.0020502679056280696
spikes,4000,100,0.765,0.004270833333333325,0.001977730739070066
spikes,4000,100,0.77,0.0046458333333333395,0.0018885766880287534
spikes,4000,100,0.775,0.004499999999999967,0.0017295887582680636
spikes,4000,100,0.78,0.004458333333333305,0.0018238823199898959
spikes,4000,100,0.785,0.004229166666666627,0.0018610486854448377
spikes,4000,100,0.79,0.004416666666666634,0.0018364298917940606
spikes,4000,100,0.795,0.004374999999999962,0.0018263900891035694
spikes,4000,100,0.8,0.004541666666666648,0.0018303608823387722
spikes,4000,100,0.805,0.003874999999999943,0.00179843682124227
spikes,4000,100,0.81,0.0037291666666666168,0.0018034211840753456
spikes,4000,100,0.8150000000000001,0.004249999999999948,0.0016947445503405795
spikes,4000,100,0.8200000000000001,0.0032291666666665977,0.0017957911476448448
spikes,4000,100,0.8250000000000001,0.003749999999999911,0.0017320508075688783
spikes,4000,100,0.8300000000000001,0.003624999999999943,0.0016892877735359922
spikes,4000,100,0.835,0.0034166666666667067,0.0017332349913827439
spikes,4000,100,0.84,0.002812500000000042,0.001749763241560165
spikes,4000,100,0.845,0.0022708333333333517,0.001810234564716108
spikes,4000,100,0.85,0.0021250000000000158,0.00209628549553439
spikes,4000,100,0.855,0.0018750000000000249,0.0021068745701976286
spikes,4000,100,0.86,0.0019166666666666776,0.0018714191395728572
spikes,4000,100,0.865,0.0024791666666666803,0.0019299911517827234
spikes,4000,100,0.87,0.002333333333333326,0.0018660983983496764
spikes,4000,100,0.875,0.002250000000000011,0.0017366918220710547
spikes,4000,100,0.88,0.002354166666666657,0.0017854786550888164
spikes,4000,100,0.885,0.0025833333333333264,0.0016900817325284135
spikes,4000,100,0.89,0.0023124999999999765,0.0016020007022470384
spikes,4000,100,0.895,0.0024166666666666594,0.0014464341385530583
spikes,4000,100,0.9,0.0026666666666666596,0.0016319296689638414
spikes,4000,100,0.905,0.0027916666666666277,0.0016744609414508429
spikes,4000,100,0.91,0.0029791666666666348,0.0016535826386755773
spikes,4000,100,0.915,0.0027708333333333057,0.0016592995319919465
spikes,4000,100,0.92,0.0027916666666666368,0.0015678569785061768
spikes,4000,100,0.925,0.002229166666666634,0.0015023524272475433
spikes,4000,100,0.93,0.001729166666666615,0.0014510505381072729
spikes,4000,100,0.935,0.0015624999999999574,0.0014239313510223156
spikes,4000,100,0.9400000000000001,0.000979166666666605,0.0014595098068401686
spikes,4000,100,0.9450000000000001,0.0013333333333332882,0.0013254978100489046
spikes,4000,100,0.9500000000000001,0.0016666666666665941,0.00122448711176096
spikes,4000,100,0.9550000000000001,0.002020833333333268,0.001128764045406309
spikes,4000,100,0.96,0.0017708333333333697,0.0009482131987069228
spikes,4000,100,0.965,0.001625000000000043,0.0008402177748006188
spikes,4000,100,0.97,0.0017291666666666705,0.0006574589033513455
spikes,4000,100,0.975,0.0015000000000000107,0.0006699728624083465
spikes,4000,100,0.98,0.0011458333333333643,0.0006660449278836965
spikes,4000,100,0.985,0.0005208333333333407,0.0005703022302589951
spikes,4000,100,0.99,0.0008958333333333642,0.0004453657984673332
spikes,4000,100,0.995,0.0006250000000000144,0.0003175724684655058
spikes,4000,100,1.0,0.0,0.0
spikes,4000,150,0.0,0.0,0.0
spikes,4000,150,0.005,0.0002291666666666666,0.0003320881097333397
spikes,4000,150,0.01,0.000458333333333333,0.0004705667655158838
spikes,4000,150,0.015,0.0005833333333333338,0.0005455860531704797
spikes,4000,150,0.02,0.0011041666666666663,0.0006494886780608982
spikes,4000,150,0.025,0.0011249999999999984,0.0006204378952144861
spikes,4000,150,0.03,0.001479166666666668,0.000678022367483611
spikes,4000,150,0.035,0.0018333333333333298,0.000705318897715599
spikes,4000,150,0.04,0.002104166666666666,0.0007751211619202289
spikes,4000,150,0.045,0.002458333333333335,0.0007904695893689852
spikes,4000,150,0.05,0.00264583333333333,0.0007938317682372165
spikes,4000,150,0.055,0.0032916666666666663,0.0008997228810174066
spikes,4000,150,0.06,0.003125000000000003,0.0008514137085050392
spikes,4000,150,0.065,0.003104166666666667,0.0008050846542476448
spikes,4000,150,0.07,0.00299999999999999,0.0008528028654224419
spikes,4000,150,0.075,0.0029166666666666694,0.0009041849949266503
spikes,4000,150,0.08,0.003770833333333333,0.0010577359027181543
spikes,4000,150,0.085,0.003979166666666658,0.001086442943831852
spikes,4000,150,0.09,0.004208333333333337,0.0010041737394444754
spikes,4000,150,0.095,0.0039791666666666664,0.0009259814272086414
spikes,4000,150,0.1,0.004291666666666659,0.0010260957434603626
spikes,4000,150,0.105,0.0046666666666666705,0.0009635071144501017
spikes,4000,150,0.11,0.0048125,0.001154341688950236
spikes,4000,150,0.115,0.004812499999999995,0.00126959079842859
spikes,4000,150,0.12,0.005250000000000005,0.0012200968664972326
spikes,4000,150,0.125,0.005437500000000005,0.001131138555535167
spikes,4000,150,0.13,0.005229166666666669,0.001258478192544913
spikes,4000,150,0.135,0.00516666666666666,0.0013057033013326976
spikes,4000,150,0.14,0.005270833333333315,0.0013422259092321749
spikes,4000,150,0.145,0.005875000000000005,0.0014376235124803599
spikes,4000,150,0.15,0.0061875000000000055,0.001521352132350057
spikes,4000,150,0.155,0.005916666666666672,0.0016406107202360772
spikes,4000,150,0.16,0.006375000000000001,0.0019419852775399249
spikes,4000,150,0.165,0.006708333333333323,0.0019435288248259366
spikes,4000,150,0.17,0.006312499999999987,0.0018668065931050813
spikes,4000,150,0.17500000000000002,0.006520833333333313,0.001953158459309362
spikes,4000,150,0.18,0.00714583333333334,0.0018656225942407056
spikes,4000,150,0.185,0.007062500000000004,0.0017669967351755954
spikes,4000,150,0.19,0.006854166666666668,0.0018261200209208808
spikes,4000,150,0.195,0.006958333333333326,0.001979256377552136
spikes,4000,150,0.2,0.007208333333333319,0.0019418227275038527
spikes,4000,150,0.20500000000000002,0.007458333333333314,0.0019498526880383827
spikes,4000,150,0.21,0.0069166666666666725,0.0020521914869207273
spikes,4000,150,0.215,0.006666666666666672,0.0018271244726027413
spikes,4000,150,0.22,0.0066250000000000015,0.0021030506341258087
spikes,4000,150,0.225,0.006687499999999999,0.0020837404905165564
spikes,4000,150,0.23,0.006729166666666657,0.0021356591695267844
spikes,4000,150,0.23500000000000001,0.007104166666666645,0.0022185210260282162
spikes,4000,150,0.24,0.007354166666666671,0.002202671057001825
spikes,4000,150,0.245,0.007333333333333328,0.002167759048632779
spikes,4000,150,0.25,0.0068333333333333275,0.0020821966596104536
spikes,4000,150,0.255,0.00693749999999999,0.00219312048508996
spikes,4000,150,0.26,0.0072499999999999926,0.0022203432713038406
spikes,4000,150,0.265,0.006666666666666654,0.0021367397047035385
spikes,4000,150,0.27,0.006499999999999982,0.0022322532440237483
spikes,4000,150,0.275,0.0063958333333333185,0.002242719351230519
spikes,4000,150,0.28,0.006770833333333305,0.0021416368203320607
spikes,4000,150,0.28500000000000003,0.005958333333333297,0.002154943517973629
spikes,4000,150,0.29,0.006458333333333358,0.0022292463169004324
spikes,4000,150,0.295,0.006541666666666682,0.0022935254169910223
spikes,4000,150,0.3,0.0062916666666666815,0.0022541698173954338
spikes,4000,150,0.305,0.00670833333333334,0.0023453761193919682
spikes,4000,150,0.31,0.006770833333333337,0.0024145350447494496
spikes,4000,150,0.315,0.007104166666666661,0.00242646752169453
spikes,4000,150,0.32,0.00756249999999999,0.0024823477172616153
spikes,4000,150,0.325,0.008020833333333324,0.002407858490988675
spikes,4000,150,0.33,0.00743749999999999,0.0023943836193615
spikes,4000,150,0.335,0.007479166666666648,0.0023440887802291016
spikes,4000,150,0.34,0.006958333333333312,0.002484008195874505
spikes,4000,150,0.34500000000000003,0.006729166666666629,0.002412965752916413
spikes,4000,150,0.35000000000000003,0.006729166666666624,0.002345098517777197
spikes,4000,150,0.355,0.006270833333333346,0.002241663498364326
spikes,4000,150,0.36,0.00662500000000002,0.002348939960789534
spikes,4000,150,0.365,0.006854166666666679,0.002193408326870269
spikes,4000,150,0.37,0.00722916666666668,0.002071967100159028
spikes,4000,150,0.375,0.007083333333333335,0.002130081565280419
spikes,4000,150,0.38,0.006749999999999992,0.002150801471474527
spikes,4000,150,0.385,0.00693749999999999,0.002163997117079244
spikes,4000,150,0.39,0.007041666666666654,0.0018702802550214833
spikes,4000,150,0.395,0.006874999999999988,0.0018878348589178686
spikes,4000,150,0.4,0.006708333333333307,0.0018019437456886012
spikes,4000,150,0.405,0.0064791666666666374,0.0016495690246763597
spikes,4000,150,0.41000000000000003,0.006249999999999964,0.0017284933884569509
spikes,4000,150,0.41500000000000004,0.006145833333333295,0.0017566050496639976
spikes,4000,150,0.42,0.0063750000000000195,0.001805793496365284
spikes,4000,150,0.425,0.0062708333333333505,0.0018923335995590733
spikes,4000,150,0.43,0.006020833333333336,0.0019918057356037074
spikes,4000,150,0.435,0.005437500000000002,0.0020412704470203803
spikes,4000,150,0.44,0.005270833333333331,0.002014967274842663
spikes,4000,150,0.445,0.005395833333333318,0.001992281111635049
spikes,4000,150,0.45,0.005833333333333325,0.002017990424540056
spikes,4000,150,0.455,0.006354166666666656,0.0023025139286037208
spikes,4000,150,0.46,0.006520833333333305,0.0022431415532190037
spikes,4000,150,0.465,0.006333333333333306,0.002167540616282036
spikes,4000,150,0.47000000000000003,0.007020833333333296,0.002162756889044884
spikes,4000,150,0.47500000000000003,0.007124999999999969,0.002190176933491905
spikes,4000,150,0.48,0.006979166666666685,0.00220675150608218
spikes,4000,150,0.485,0.006645833333333355,0.0021336628977209875
spikes,4000,150,0.49,0.006833333333333348,0.00208787383999062
spikes,4000,150,0.495,0.007041666666666668,0.002097489781581396
spikes,4000,150,0.5,0.006916666666666668,0.0021311926996947827
spikes,4000,150,0.505,0.007229166666666657,0.0020290173238553316
spikes,4000,150,0.51,0.007833333333333322,0.002160977378947596
spikes,4000,150,0.515,0.007479166666666666,0.0021052914785359166
spikes,4000,150,0.52,0.0071249999999999925,0.002035783111922256
spikes,4000,150,0.525,0.0073749999999999745,0.0018679159104426594
spikes,4000,150,0.53,0.007499999999999969,0.0020562635280940264
spikes,4000,150,0.535,0.007854166666666626,0.002117624976932728
spikes,4000,150,0.54,0.007395833333333286,0.0020563690633608293
spikes,4000,150,0.545,0.007416666666666627,0.00204872774021717
spikes,4000,150,0.55,0.007104166666666634,0.002148699909364973
spikes,4000,150,0.555,0.007249999999999941,0.002133561185748686
spikes,4000,150,0.56,0.0071666666666666086,0.0020475718558943218
spikes,4000,150,0.5650000000000001,0.007604166666666616,0.002009555377603852
spikes,4000,150,0.5700000000000001,0.007791666666666623,0.002030271228832809
spikes,4000,150,0.5750000000000001,0.007479166666666611,0.0019526735589385626
spikes,4000,150,0.58,0.006729166666666721,0.0018668911357190207
spikes,4000,150,0.585,0.006708333333333381,0.0017133149833942517
spikes,4000,150,0.59,0.006229166666666693,0.0015866566995803555
spikes,4000,150,0.595,0.006458333333333353,0.001726529112925052
spikes,4000,150,0.6,0.006604166666666679,0.001698500434132265
spikes,4000,150,0.605,0.0068958333333333606,0.0017796349891043511
spikes,4000,150,0.61,0.007104166666666661,0.001587551697241431
spikes,4000,150,0.615,0.007395833333333361,0.0015406297700563385
spikes,4000,150,0.62,0.006645833333333333,0.0015638125799959275
spikes,4000,150,0.625,0.007083333333333349,0.0014143251594190287
spikes,4000,150,0.63,0.007229166666666685,0.0014170426194555846
spikes,4000,150,0.635,0.0071666666666666545,0.001589898669028243
spikes,4000,150,0.64,0.006874999999999983,0.0017409125524136782
spikes,4000,150,0.645,0.007104166666666671,0.0016281898567415177
spikes,4000,150,0.65,0.0074166666666666365,0.0016898015543043176
spikes,4000,150,0.655,0.007499999999999969,0.0017205311019354724
spikes,4000,150,0.66,0.0075833333333332935,0.0018880438543528557
spikes,4000,150,0.665,0.007770833333333301,0.0017362714572417312
spikes,4000,150,0.67,0.007291666666666631,0.0017690610560978394
spikes,4000,150,0.675,0.007395833333333296,0.0018485401522402587
spikes,4000,150,0.68,0.007374999999999947,0.0019070493232247827
spikes,4000,150,0.685,0.007645833333333278,0.002207824055055297
spikes,4000,150,0.6900000000000001,0.007687499999999958,0.0021950626846160793
spikes,4000,150,0.6950000000000001,0.007208333333333261,0.002013409904724933
spikes,4000,150,0.7000000000000001,0.007395833333333268,0.0020989847684251594
spikes,4000,150,0.705,0.0074583333333333906,0.0019672588348339766
spikes,4000,150,0.71,0.0070208333333333746,0.0019517033967767481
spikes,4000,150,0.715,0.006791666666666696,0.0018171201129948682
spikes,4000,150,0.72,0.006666666666666682,0.0017560321722277698
spikes,4000,150,0.725,0.00662500000000001,0.0017928995053721282
spikes,4000,150,0.73,0.006479166666666675,0.0017936805982068963
spikes,4000,150,0.735,0.006416666666666691,0.0019102329436458494
spikes,4000,150,0.74,0.005937500000000012,0.0020146539386267466
spikes,4000,150,0.745,0.005687500000000012,0.0021413420193746226
spikes,4000,150,0.75,0.0057291666666666645,0.0021396461256313584
spikes,4000,150,0.755,0.005499999999999977,0.0021326733117253242
spikes,4000,150,0.76,0.005979166666666656,0.0019492758788894416
spikes,4000,150,0.765,0.005687499999999994,0.001889245129434225
spikes,4000,150,0.77,0.005874999999999991,0.001933188017004792
spikes,4000,150,0.775,0.005895833333333322,0.0017239561876302631
spikes,4000,150,0.78,0.006208333333333306,0.0017259805440339854
spikes,4000,150,0.785,0.005833333333333311,0.001798392941411076
spikes,4000,150,0.79,0.005562499999999961,0.001908445395015945
spikes,4000,150,0.795,0.005145833333333294,0.001825601378016064
spikes,4000,150,0.8,0.005083333333333291,0.001641476300299352
spikes,4000,150,0.805,0.005749999999999959,0.0016149162657718606
spikes,4000,150,0.81,0.005583333333333264,0.0014733533866727936
spikes,4000,150,0.8150000000000001,0.004979166666666608,0.0013924370712799698
spikes,4000,150,0.8200000000000001,0.005291666666666621,0.0014274876390343878
spikes,4000,150,0.8250000000000001,0.004687499999999946,0.0014610229526540053
spikes,4000,150,0.8300000000000001,0.004583333333333263,0.0013495697032159454
spikes,4000,150,0.835,0.004416666666666689,0.0013326229168012394
spikes,4000,150,0.84,0.003958333333333369,0.0013441206618214547
spikes,4000,150,0.845,0.0038333333333333552,0.0013340433715482132
spikes,4000,150,0.85,0.004395833333333339,0.0014270314909849157
spikes,4000,150,0.855,0.004208333333333351,0.0014301387055707998
spikes,4000,150,0.86,0.0038125000000000333,0.0014437446707234753
spikes,4000,150,0.865,0.003645833333333348,0.0013773940361450992
spikes,4000,150,0.87,0.003291666666666674,0.0014789665891145624
spikes,4000,150,0.875,0.002645833333333338,0.0016464086067878296
spikes,4000,150,0.88,0.0024166666666666594,0.0014549202484304558
spikes,4000,150,0.885,0.0024999999999999745,0.0014456701287680154
spikes,4000,150,0.89,0.0020833333333333073,0.001396130113180464
spikes,4000,150,0.895,0.0016666666666666496,0.0013913740392761788
spikes,4000,150,0.9,0.001333333333333316,0.0013053406227548996
spikes,4000,150,0.905,0.0014791666666666332,0.0013162224749393033
spikes,4000,150,0.91,0.0016041666666666288,0.0012988406592345388
spikes,4000,150,0.915,0.0024166666666666226,0.0012874442225831128
spikes,4000,150,0.92,0.0022499999999999742,0.0012130914677347738
spikes,4000,150,0.925,0.00187499999999996,0.0013284118451380323
spikes,4000,150,0.93,0.0017291666666666243,0.0010894893565706828
spikes,4000,150,0.935,0.001708333333333284,0.0010614782669047455
spikes,4000,150,0.9400000000000001,0.0016249999999999227,0.0009427253367795194
spikes,4000,150,0.9450000000000001,0.0015416666666665986,0.0009363418772601767
spikes,4000,150,0.9500000000000001,0.0013749999999999412,0.0008424688646346485
spikes,4000,150,0.9550000000000001,0.0010833333333332602,0.0007179604248962304
spikes,4000,150,0.96,0.0006666666666667228,0.0008044227493028528
spikes,4000,150,0.965,0.0006250000000000236,0.0008486285727840298
spikes,4000,150,0.97,0.0010833333333333435,0.000640588428988174
spikes,4000,150,0.975,0.0009166666666666675,0.0006248737246173607
spikes,4000,150,0.98,0.000812500000000003,0.0005790903590454585
spikes,4000,150,0.985,0.00045833333333333837,0.00043283041912182155
spikes,4000,150,0.99,0.00022916666666667843,0.0002926795184242504
spikes,4000,150,0.995,2.083333333334954e-05,0.00029267951842424576
spikes,4000,150,1.0,0.0,0.0
spikes,4000,250,0.0,0.0,0.0
spikes,4000,250,0.005,0.0004166666666666665,0.00027752513763657877
spikes,4000,250,0.01,0.0007083333333333333,0.0005193539596012871
spikes,4000,250,0.015,0.0008541666666666676,0.0007160618924634825
spikes,4000,250,0.02,0.001145833333333333,0.0008814472073203986
spikes,4000,250,0.025,0.0008333333333333318,0.001147020734623645
spikes,4000,250,0.03,0.0006458333333333342,0.0011296026777570772
spikes,4000,250,0.035,0.0009166666666666651,0.0011839893614728166
spikes,4000,250,0.04,0.0007708333333333322,0.0012218257937210283
spikes,4000,250,0.045,0.0008958333333333347,0.001218333100153358
spikes,4000,250,0.05,0.0009166666666666651,0.0011585213494673791
spikes,4000,250,0.055,0.0012083333333333327,0.0010987395211575562
spikes,4000,250,0.06,0.0018125000000000027,0.0009500423634892517
spikes,4000,250,0.065,0.0018333333333333326,0.0009451497663376319
spikes,4000,250,0.07,0.0019791666666666616,0.0010496474576511554
spikes,4000,250,0.075,0.0018125000000000016,0.0009247875472646456
spikes,4000,250,0.08,0.0010416666666666664,0.0010361977649468313
spikes,4000,250,0.085,0.0008958333333333283,0.0009601226707714444
spikes,4000,250,0.09,0.0007916666666666685,0.0008273459147335307
spikes,4000,250,0.095,0.001062500000000001,0.0009629131344755125
spikes,4000,250,0.1,0.000770833333333327,0.0010212970499034121
spikes,4000,250,0.105,0.0007916666666666709,0.0010311591251664992
spikes,4000,250,0.11,0.000833333333333334,0.0010423482618539261
spikes,4000,250,0.115,0.000999999999999994,0.00111421599015957
spikes,4000,250,0.12,0.0008333333333333364,0.0011531960419248373
spikes,4000,250,0.125,0.0013750000000000012,0.0010189957177178296
spikes,4000,250,0.13,0.0013541666666666678,0.0012144405485488364
spikes,4000,250,0.135,0.0018541666666666637,0.0012015056578974545
spikes,4000,250,0.14,0.002062499999999981,0.0011365672166127193
spikes,4000,250,0.145,0.001708333333333337,0.0012828388460950596
spikes,4000,250,0.15,0.0017500000000000016,0.0012064379073298496
spikes,4000,250,0.155,0.001770833333333335,0.001159389506498045
spikes,4000,250,0.16,0.0019791666666666686,0.000976261001438291
spikes,4000,250,0.165,0.002062500000000002,0.0008649996715711418
spikes,4000,250,0.17,0.0024166666666666525,0.000916149992130548
spikes,4000,250,0.17500000000000002,0.0024374999999999766,0.0010141634296903096
spikes,4000,250,0.18,0.0028958333333333358,0.0008351070139493955
spikes,4000,250,0.185,0.0036250000000000032,0.0009497308231091787
spikes,4000,250,0.19,0.004375000000000004,0.0010245564450487396
spikes,4000,250,0.195,0.004708333333333333,0.0010126254754524752
spikes,4000,250,0.2,0.005062499999999984,0.0010243831292317059
spikes,4000,250,0.20500000000000002,0.00464583333333331,0.0011308594601836565
spikes,4000,250,0.21,0.004770833333333338,0.0009926139796649373
spikes,4000,250,0.215,0.004979166666666671,0.0011337865348316934
spikes,4000,250,0.22,0.004729166666666671,0.0012641091355439448
spikes,4000,250,0.225,0.004541666666666666,0.0013836961006629654
spikes,4000,250,0.23,0.004791666666666655,0.0013932444331505671
spikes,4000,250,0.23500000000000001,0.004958333333333312,0.0012623756064330343
spikes,4000,250,0.24,0.005270833333333333,0.0013326673289294512
spikes,4000,250,0.245,0.005374999999999995,0.0013482241406136204
spikes,4000,250,0.25,0.00510416666666666,0.0012685958942584116
spikes,4000,250,0.255,0.005270833333333322,0.0011928044737618431
spikes,4000,250,0.26,0.006041666666666658,0.0011410195024847342
spikes,4000,250,0.265,0.006083333333333325,0.0011927548538631669
spikes,4000,250,0.27,0.00597916666666666,0.0011565272326663973
spikes,4000,250,0.275,0.006354166666666647,0.0013075604501544386
spikes,4000,250,0.28,0.0065208333333332995,0.0012222132546732551
spikes,4000,250,0.28500000000000003,0.006249999999999964,0.0014311867294470903
spikes,4000,250,0.29,0.0060000000000000235,0.0016078641959839989
spikes,4000,250,0.295,0.00602083333333335,0.001573471580822663
spikes,4000,250,0.3,0.005937500000000022,0.0016164181900583505
spikes,4000,250,0.305,0.005708333333333339,0.0015290226792089609
spikes,4000,250,0.31,0.0054166666666666625,0.0015519212595874786
spikes,4000,250,0.315,0.00560416666666666,0.0016374691569305943
spikes,4000,250,0.32,0.005437499999999988,0.0016414162053211604
spikes,4000,250,0.325,0.005583333333333325,0.0016743195512195276
spikes,4000,250,0.33,0.004958333333333324,0.0018527296951342715
spikes,4000,250,0.335,0.00483333333333331,0.0020240816598291085
spikes,4000,250,0.34,0.004666666666666638,0.0018088935733193254
spikes,4000,250,0.34500000000000003,0.00458333333333331,0.0020577213542453156
spikes,4000,250,0.35000000000000003,0.004083333333333296,0.0019468149331249719
spikes,4000,250,0.355,0.004541666666666684,0.001926891370455367
spikes,4000,250,0.36,0.004354166666666687,0.0019157091646529666
spikes,4000,250,0.365,0.005000000000000009,0.0020909708488903145
spikes,4000,250,0.37,0.005416666666666671,0.0021464676173479115
spikes,4000,250,0.375,0.005291666666666662,0.0020798076227081085
spikes,4000,250,0.38,0.005562500000000002,0.00223079450617664
spikes,4000,250,0.385,0.005416666666666653,0.002111999746518196
spikes,4000,250,0.39,0.005416666666666657,0.00224353729542426
spikes,4000,250,0.395,0.005291666666666643,0.0023976853842863108
spikes,4000,250,0.4,0.005333333333333305,0.002238466511527996
spikes,4000,250,0.405,0.005270833333333304,0.002214676068499373
spikes,4000,250,0.41000000000000003,0.0051458333333333035,0.0020810878049760903
spikes,4000,250,0.41500000000000004,0.005020833333333298,0.0019400236090149389
spikes,4000,250,0.42,0.004895833333333349,0.0019065423480078998
spikes,4000,250,0.425,0.004750000000000018,0.0019320855429961008
spikes,4000,250,0.43,0.004145833333333344,0.0018144146974835836
spikes,4000,250,0.435,0.004270833333333335,0.0016342853402121426
spikes,4000,250,0.44,0.004145833333333325,0.0017544473611166853
spikes,4000,250,0.445,0.004687499999999993,0.0017643150980342272
spikes,4000,250,0.45,0.0049791666666666595,0.001955581157646345
spikes,4000,250,0.455,0.004999999999999986,0.0018934696387128268
spikes,4000,250,0.46,0.005374999999999981,0.001956317466645694
spikes,4000,250,0.465,0.005479166666666642,0.001908528093144878
spikes,4000,250,0.47000000000000003,0.0050624999999999655,0.0016939411303319555
spikes,4000,250,0.47500000000000003,0.005187499999999966,0.0016594897559189703
spikes,4000,250,0.48,0.004979166666666692,0.001638336396772625
spikes,4000,250,0.485,0.005145833333333345,0.001542779594194398
spikes,4000,250,0.49,0.005000000000000018,0.001545705193578178
spikes,4000,250,0.495,0.005145833333333345,0.00163689074177388
spikes,4000,250,0.5,0.005166666666666662,0.0016457973720658884
spikes,4000,250,0.505,0.00483333333333331,0.0017087490255515091
spikes,4000,250,0.51,0.004874999999999981,0.0015227131387856034
spikes,4000,250,0.515,0.004729166666666664,0.0016392031777912144
spikes,4000,250,0.52,0.003937499999999973,0.0015847656001995263
spikes,4000,250,0.525,0.0037083333333333044,0.0016719140878561003
spikes,4000,250,0.53,0.0036874999999999547,0.0016254734158876825
spikes,4000,250,0.535,0.0035833333333332904,0.0015301061229453213
spikes,4000,250,0.54,0.0033958333333332924,0.0016878740700249618
spikes,4000,250,0.545,0.0031249999999999702,0.0016633015269929183
spikes,4000,250,0.55,0.003062499999999968,0.0017766171144093293
spikes,4000,250,0.555,0.003124999999999961,0.001816772654678586
spikes,4000,250,0.56,0.0036874999999999456,0.001995051880923341
spikes,4000,250,0.5650000000000001,0.004041666666666592,0.0019833190093702267
spikes,4000,250,0.5700000000000001,0.004208333333333268,0.0019816471696673223
spikes,4000,250,0.5750000000000001,0.004166666666666596,0.0018877930570543578
spikes,4000,250,0.58,0.00375000000000004,0.0018766406963055856
spikes,4000,250,0.585,0.0033750000000000446,0.0018125979597352394
spikes,4000,250,0.59,0.003166666666666688,0.0018062741382819634
spikes,4000,250,0.595,0.003583333333333364,0.001993676873203748
spikes,4000,250,0.6,0.0037500000000000124,0.0019675396110909985
spikes,4000,250,0.605,0.0038958333333333575,0.0019072872447112924
spikes,4000,250,0.61,0.004375000000000008,0.0018795399582199534
spikes,4000,250,0.615,0.0038333333333333552,0.0018605079679995707
spikes,4000,250,0.62,0.0037708333333333435,0.0017708333333333276
spikes,4000,250,0.625,0.0037708333333333253,0.0016484204828816711
spikes,4000,250,0.63,0.003354166666666667,0.0017590292856509754
spikes,4000,250,0.635,0.0028958333333333197,0.0018183248444375941
spikes,4000,250,0.64,0.0026041666666666574,0.001895583566630817
spikes,4000,250,0.645,0.0026666666666666505,0.0021106541903189945
spikes,4000,250,0.65,0.002666666666666632,0.0020620886489090546
spikes,4000,250,0.655,0.0026458333333333104,0.0019970286481964103
spikes,4000,250,0.66,0.0033541666666666303,0.0019827519360472163
spikes,4000,250,0.665,0.003270833333333297,0.001994418901597778
spikes,4000,250,0.67,0.002979166666666616,0.0019829907235274628
spikes,4000,250,0.675,0.002749999999999956,0.0018545603089125836
spikes,4000,250,0.68,0.0028333333333332897,0.001851579314962218
spikes,4000,250,0.685,0.0027916666666666368,0.0017537387911187759
spikes,4000,250,0.6900000000000001,0.002999999999999947,0.0018799177931736514
spikes,4000,250,0.6950000000000001,0.0031458333333332735,0.002045750013732584
spikes,4000,250,0.7000000000000001,0.002645833333333264,0.0019560653372357904
spikes,4000,250,0.705,0.0018333333333333812,0.0018018123592033035
spikes,4000,250,0.71,0.0021666666666667147,0.0017896835395446778
spikes,4000,250,0.715,0.0018125000000000318,0.0016815974210148028
spikes,4000,250,0.72,0.0016041666666667027,0.0016383363967726228
spikes,4000,250,0.725,0.0019791666666666894,0.0015806770980765976
spikes,4000,250,0.73,0.001895833333333356,0.0016432421105358713
spikes,4000,250,0.735,0.0017083333333333488,0.001745349159013373
spikes,4000,250,0.74,0.001812500000000004,0.0016894629436240342
spikes,4000,250,0.745,0.001770833333333342,0.0016507167673345982
spikes,4000,250,0.75,0.0011250000000000056,0.0015800903790798143
spikes,4000,250,0.755,0.0011458333333333275,0.0014379391072860557
spikes,4000,250,0.76,0.0011458333333333088,0.0015659305773987294
spikes,4000,250,0.765,0.0016249999999999782,0.0015264399560395241
spikes,4000,250,0.77,0.0011666666666666492,0.001507347325468142
spikes,4000,250,0.775,0.0006249999999999775,0.0016252913491731121
spikes,4000,250,0.78,0.00031249999999997485,0.0016417046411543938
spikes,4000,250,0.785,6.24999999999561e-05,0.0017416263406959764
spikes,4000,250,0.79,-0.0001041666666667107,0.0018131094412526777
spikes,4000,250,0.795,0.00022916666666663218,0.001653868952676198
spikes,4000,250,0.8,-0.00027083333333334975,0.001520210540808026
spikes,4000,250,0.805,-0.0002916666666667178,0.001573885287748097
spikes,4000,250,0.81,-0.0003541666666667202,0.0014372803960496616
spikes,4000,250,0.8150000000000001,-0.0007083333333333849,0.0012604988390444154
spikes,4000,250,0.8200000000000001,-0.0009791666666667254,0.0013226817675014632
spikes,4000,250,0.8250000000000001,-0.0006250000000000699,0.0014395982709833298
spikes,4000,250,0.8300000000000001,-0.0003541666666667294,0.001395833333333337
spikes,4000,250,0.835,-0.0002708333333333035,0.0014247070184370714
spikes,4000,250,0.84,-0.00029166666666661606,0.0014364153791345086
spikes,4000,250,0.845,-0.000541666666666644,0.0013806129695599577
spikes,4000,250,0.85,-0.0004791666666666509,0.0014915984198032685
spikes,4000,250,0.855,-0.001416666666666631,0.001417000851849219
spikes,4000,250,0.86,-0.0012708333333333228,0.0012767806688161521
spikes,4000,250,0.865,-0.0006458333333333269,0.0013663496260127074
spikes,4000,250,0.87,-0.0006874999999999798,0.001426257087731046
spikes,4000,250,0.875,-0.0007499999999999915,0.0015886076426935123
spikes,4000,250,0.88,-0.0004791666666666879,0.0015607818836672325
spikes,4000,250,0.885,-0.0008333333333333526,0.0014584956619611879
spikes,4000,250,0.89,-0.0010625000000000218,0.0014394749279448421
spikes,4000,250,0.895,-0.00039583333333334525,0.0016658497050751596
spikes,4000,250,0.9,-0.0007083333333333386,0.001565439154829965
spikes,4000,250,0.905,-0.0007500000000000376,0.0014387757843304658
spikes,4000,250,0.91,-0.0012083333333333575,0.0013996865630374069
spikes,4000,250,0.915,-0.0008750000000000516,0.0011565442909675823
spikes,4000,250,0.92,-0.0006458333333333732,0.0011939947327007652
spikes,4000,250,0.925,-0.0009166666666667045,0.0012837612431028328
spikes,4000,250,0.93,-0.0014583333333333763,0.0012079414202466445
spikes,4000,250,0.935,-0.0009375000000000447,0.00100666575732449
spikes,4000,250,0.9400000000000001,-0.0008750000000000702,0.0010222431514106934
spikes,4000,250,0.9450000000000001,-0.0006666666666667228,0.0010396191999035437
spikes,4000,250,0.9500000000000001,-0.00045833333333340315,0.0009518887391482136
spikes,4000,250,0.9550000000000001,-0.000250000000000065,0.001049891769313736
spikes,4000,250,0.96,4.166666666671759e-05,0.0010645961201272089
spikes,4000,250,0.965,-2.083333333329403e-05,0.0009427044094175819
spikes,4000,250,0.97,-6.249999999998386e-05,0.0008871584916991562
spikes,4000,250,0.975,0.0003333333333333614,0.0007387626154727919
spikes,4000,250,0.98,0.0002500000000000095,0.000652065482861495
spikes,4000,250,0.985,0.00014583333333335427,0.0005395866239515852
spikes,4000,250,0.99,4.166666666667133e-05,0.0003950850183405762
spikes,4000,250,0.995,0.0003750000000000142,0.00017811087796225776
spikes,4000,250,1.0,0.0,0.0
spikes,4000,500,0.0,0.0,0.0
spikes,4000,500,0.005,0.0009374999999999996,0.0004847337991729131
spikes,4000,500,0.01,0.0010208333333333328,0.0006897918640115768
spikes,4000,500,0.015,0.001083333333333334,0.0007756554738680146
spikes,4000,500,0.02,0.0011874999999999995,0.0007834250026955259
spikes,4000,500,0.025,0.0014166666666666657,0.0008178485572685585
spikes,4000,500,0.03,0.0009583333333333353,0.0008504863433365761
spikes,4000,500,0.035,0.0010833333333333302,0.000623356424787001
spikes,4000,500,0.04,0.0009791666666666657,0.0005508759668092995
spikes,4000,500,0.045,0.001270833333333335,0.0007854370124364208
spikes,4000,500,0.05,0.001374999999999997,0.0008173659652885732
spikes,4000,500,0.055,0.0010416666666666654,0.0010619242349659795
spikes,4000,500,0.06,0.0003541666666666687,0.0011178045706118798
spikes,4000,500,0.065,-2.083333333333451e-05,0.001312620244612149
spikes,4000,500,0.07,-0.00016666666666667376,0.001282285089402918
spikes,4000,500,0.075,0.0003125000000000026,0.0012932389013869813
spikes,4000,500,0.08,0.000604166666666666,0.0011458333333333338
spikes,4000,500,0.085,0.0007499999999999949,0.001172200081173444
spikes,4000,500,0.09,0.001125000000000002,0.0013165971404735131
spikes,4000,500,0.095,0.0011458333333333331,0.001537245400616692
spikes,4000,500,0.1,0.0012499999999999953,0.001559125143188067
spikes,4000,500,0.105,0.0013750000000000036,0.0016255826461284398
spikes,4000,500,0.11,0.001208333333333332,0.0016375775870276668
spikes,4000,500,0.115,0.000999999999999995,0.001684375614915275
spikes,4000,500,0.12,0.0011250000000000056,0.0016232508068127307
spikes,4000,500,0.125,0.001291666666666669,0.0017058370527412792
spikes,4000,500,0.13,0.0008124999999999984,0.0018874899658573349
spikes,4000,500,0.135,0.001124999999999994,0.0020140369154932817
spikes,4000,500,0.14,0.0010833333333333205,0.002103238244020659
spikes,4000,500,0.145,0.0008750000000000077,0.0020315923371194383
spikes,4000,500,0.15,0.0012500000000000035,0.002096172558245002
spikes,4000,500,0.155,0.0012500000000000011,0.0022678166646010953
spikes,4000,500,0.16,0.0014583333333333323,0.0020725097628652364
spikes,4000,500,0.165,0.0013333333333333298,0.0020577213542453143
spikes,4000,500,0.17,0.0012083333333333252,0.0019185185388310376
spikes,4000,500,0.17500000000000002,0.0011249999999999802,0.0019250885457793643
spikes,4000,500,0.18,0.0015000000000000037,0.0020023660247241765
spikes,4000,500,0.185,0.0013958333333333346,0.0019851385183076507
spikes,4000,500,0.19,0.001499999999999999,0.0020709480335285475
spikes,4000,500,0.195,0.0012916666666666656,0.001988087947468292
spikes,4000,500,0.2,0.0015208333333333254,0.0019856154905375364
spikes,4000,500,0.20500000000000002,0.0012916666666666493,0.0022023217202752094
spikes,4000,500,0.21,0.0007916666666666697,0.002259624477159376
spikes,4000,500,0.215,0.0011041666666666654,0.0021651637415626974
spikes,4000,500,0.22,0.00045833333333333143,0.002166994439076829
spikes,4000,500,0.225,0.0010624999999999986,0.0021659654313954326
spikes,4000,500,0.23,0.001083333333333325,0.002294041469247287
spikes,4000,500,0.23500000000000001,0.0006249999999999867,0.0021725953269178897
spikes,4000,500,0.24,0.0009375000000000031,0.002282203256624056
spikes,4000,500,0.245,0.0013541666666666656,0.0023154328930727473
spikes,4000,500,0.25,0.0016666666666666635,0.0023964014477941523
spikes,4000,500,0.255,0.0024999999999999883,0.0021644073301735726
spikes,4000,500,0.26,0.0023124999999999903,0.0022286710012512354
spikes,4000,500,0.265,0.00206249999999999,0.002235247300059717
spikes,4000,500,0.27,0.00229166666666665,0.0022258453733947085
spikes,4000,500,0.275,0.0027916666666666506,0.002553190467955059
spikes,4000,500,0.28,0.002291666666666641,0.0026319052994077307
spikes,4000,500,0.28500000000000003,0.0026041666666666344,0.0026599332010105795
spikes,4000,500,0.29,0.002541666666666683,0.0025964051002192326
spikes,4000,500,0.295,0.0021041666666666847,0.002795501380284355
spikes,4000,500,0.3,0.0022083333333333447,0.0027881026548786567
spikes,4000,500,0.305,0.002166666666666678,0.002672873930903783
spikes,4000,500,0.31,0.0024375,0.002448547226975064
spikes,4000,500,0.315,0.00233333333333334,0.0023563529001189502
spikes,4000,500,0.32,0.002249999999999988,0.002245154715597504
spikes,4000,500,0.325,0.0025416666666666504,0.002288358493759142
spikes,4000,500,0.33,0.002770833333333315,0.0023187024383207844
spikes,4000,500,0.335,0.0029791666666666486,0.002438147414668886
spikes,4000,500,0.34,0.003333333333333313,0.0026350517024808966
spikes,4000,500,0.34500000000000003,0.0036458333333333113,0.0027229138409713845
spikes,4000,500,0.35000000000000003,0.0038333333333332997,0.002752638770710789
spikes,4000,500,0.355,0.003645833333333353,0.002782088668808226
spikes,4000,500,0.36,0.0034375000000000148,0.0026227669072946625
spikes,4000,500,0.365,0.00368750000000001,0.002705760724543996
spikes,4000,500,0.37,0.003333333333333341,0.002676591379748018
spikes,4000,500,0.375,0.0031041666666666626,0.0026465490561419125
spikes,4000,500,0.38,0.003333333333333332,0.0024551533104427074
spikes,4000,500,0.385,0.003583333333333332,0.002436957657872338
spikes,4000,500,0.39,0.0038124999999999873,0.002387452403142884
spikes,4000,500,0.395,0.004208333333333328,0.002421853107590855
spikes,4000,500,0.4,0.004499999999999981,0.0023609031399791946
spikes,4000,500,0.405,0.00433333333333331,0.002513662164004436
spikes,4000,500,0.41000000000000003,0.004937499999999965,0.0024469997476811315
spikes,4000,500,0.41500000000000004,0.004687499999999965,0.0023838799304342624
spikes,4000,500,0.42,0.004666666666666684,0.0024281987130173243
spikes,4000,500,0.425,0.005041666666666685,0.0024193102051384154
spikes,4000,500,0.43,0.0051666666666666805,0.002270807269797603
spikes,4000,500,0.435,0.005437500000000007,0.0022981227928925187
spikes,4000,500,0.44,0.006020833333333327,0.002270207725889165
spikes,4000,500,0.445,0.006437499999999989,0.002131368576191309
spikes,4000,500,0.45,0.005937499999999994,0.00212268702106409
spikes,4000,500,0.455,0.006166666666666644,0.00233069385342302
spikes,4000,500,0.46,0.006437499999999985,0.002362532066481111
spikes,4000,500,0.465,0.006249999999999968,0.0024462014461510556
spikes,4000,500,0.47000000000000003,0.005895833333333304,0.0024717070099284193
spikes,4000,500,0.47500000000000003,0.005854166666666642,0.0025200819065372784
spikes,4000,500,0.48,0.006291666666666686,0.002533269785885591
spikes,4000,500,0.485,0.005979166666666684,0.0026174057415037024
spikes,4000,500,0.49,0.00614583333333335,0.002584822090570065
spikes,4000,500,0.495,0.006374999999999996,0.002547373127063415
spikes,4000,500,0.5,0.0061874999999999986,0.002410151549679863
spikes,4000,500,0.505,0.006041666666666644,0.0023522300293787385
spikes,4000,500,0.51,0.00606249999999998,0.002238633960158683
spikes,4000,500,0.515,0.005541666666666667,0.002315714050926103
spikes,4000,500,0.52,0.005354166666666642,0.00239741383967951
spikes,4000,500,0.525,0.0056666666666666254,0.0023743686029397896
spikes,4000,500,0.53,0.005874999999999973,0.0025275939271580125
spikes,4000,500,0.535,0.005916666666666626,0.00242878362539562
spikes,4000,500,0.54,0.006416666666666636,0.0024328740745517925
spikes,4000,500,0.545,0.005499999999999968,0.002395149770733019
spikes,4000,500,0.55,0.005499999999999977,0.0024604831380700995
spikes,4000,500,0.555,0.0050208333333332895,0.0024827927391052086
spikes,4000,500,0.56,0.004666666666666615,0.0022708072697975993
spikes,4000,500,0.5650000000000001,0.004458333333333268,0.0022984747358000537
spikes,4000,500,0.5700000000000001,0.004479166666666608,0.0021607856519882773
spikes,4000,500,0.5750000000000001,0.004520833333333261,0.0024648011347446265
spikes,4000,500,0.58,0.004333333333333374,0.002532989410466487
spikes,4000,500,0.585,0.004520833333333381,0.002352557105973979
spikes,4000,500,0.59,0.0045833333333333654,0.0023687784005919856
spikes,4000,500,0.595,0.004229166666666691,0.00243464933021392
spikes,4000,500,0.6,0.004166666666666698,0.00246976668427353
spikes,4000,500,0.605,0.004020833333333362,0.0024082517418285445
spikes,4000,500,0.61,0.0038541666666666863,0.0023290934828856078
spikes,4000,500,0.615,0.00393750000000002,0.00237950629110199
spikes,4000,500,0.62,0.0035000000000000218,0.002444652481964618
spikes,4000,500,0.625,0.003250000000000003,0.0023617052134319192
spikes,4000,500,0.63,0.0038749999999999987,0.0023674121211810883
spikes,4000,500,0.635,0.0040833333333333,0.0023452751771520664
spikes,4000,500,0.64,0.0038958333333333297,0.0023339673786810884
spikes,4000,500,0.645,0.0037708333333333253,0.0022217200742631464
spikes,4000,500,0.65,0.0034374999999999913,0.0023308546764496617
spikes,4000,500,0.655,0.0033958333333333015,0.0022519895104219506
spikes,4000,500,0.66,0.003249999999999966,0.0023253380334258907
spikes,4000,500,0.665,0.0034791666666666257,0.0024599939819873818
spikes,4000,500,0.67,0.003770833333333288,0.0025260870622287757
spikes,4000,500,0.675,0.0034166666666666234,0.0024718746208928434
spikes,4000,500,0.68,0.002979166666666607,0.0026079820535069133
spikes,4000,500,0.685,0.0022708333333332775,0.0026707695118361554
spikes,4000,500,0.6900000000000001,0.0021666666666666037,0.002732959139205276
spikes,4000,500,0.6950000000000001,0.002145833333333282,0.0028221355706792256
spikes,4000,500,0.7000000000000001,0.0017291666666665966,0.0026145097629393234
spikes,4000,500,0.705,0.0019791666666666985,0.002613060570084303
spikes,4000,500,0.71,0.0018333333333333812,0.0025516136704509763
spikes,4000,500,0.715,0.0019166666666667054,0.002653494931884241
spikes,4000,500,0.72,0.002437500000000009,0.0026350142673985536
spikes,4000,500,0.725,0.0027916666666666923,0.002750487789612615
spikes,4000,500,0.73,0.0029583333333333592,0.0027444560738722227
spikes,4000,500,0.735,0.002770833333333352,0.0026967043461989092
spikes,4000,500,0.74,0.0026666666666666874,0.002633973359122231
spikes,4000,500,0.745,0.00245833333333334,0.0025685365581406554
spikes,4000,500,0.75,0.0024374999999999905,0.002421714620789465
spikes,4000,500,0.755,0.002291666666666655,0.0024179398422640927
spikes,4000,500,0.76,0.0022499999999999834,0.002316157018281215
spikes,4000,500,0.765,0.002833333333333308,0.0023629746062746784
spikes,4000,500,0.77,0.003166666666666651,0.0023474949037713203
spikes,4000,500,0.775,0.0026666666666666505,0.002325609510635779
spikes,4000,500,0.78,0.0028958333333333106,0.002292622046033661
spikes,4000,500,0.785,0.0034999999999999662,0.0023448040559087328
spikes,4000,500,0.79,0.0032291666666666163,0.002139646125631365
spikes,4000,500,0.795,0.004020833333333297,0.0022639421432045894
spikes,4000,500,0.8,0.0035416666666666097,0.0022164658715161734
spikes,4000,500,0.805,0.002916666666666614,0.0022032889786027443
spikes,4000,500,0.81,0.0030624999999999494,0.0022554909849816147
spikes,4000,500,0.8150000000000001,0.0033749999999999245,0.0021531117368857474
spikes,4000,500,0.8200000000000001,0.003062499999999931,0.0021679319586353973
spikes,4000,500,0.8250000000000001,0.002562499999999949,0.0021775205266401955
spikes,4000,500,0.8300000000000001,0.002770833333333269,0.0021223152231856775
spikes,4000,500,0.835,0.003041666666666711,0.001991419409021178
spikes,4000,500,0.84,0.002416666666666706,0.0019027823858972397
spikes,4000,500,0.845,0.0029166666666666876,0.0016316395051442767
spikes,4000,500,0.85,0.0020833333333333446,0.0013800984447392586
spikes,4000,500,0.855,0.0016458333333333464,0.001239141600692057
spikes,4000,500,0.86,0.0010416666666666536,0.0012661207954562936
spikes,4000,500,0.865,0.0013750000000000058,0.001252837688101407
spikes,4000,500,0.87,0.0010833333333333621,0.0012046050109157048
spikes,4000,500,0.875,0.0011458333333333366,0.0011939947327007654
spikes,4000,500,0.88,0.000833333333333334,0.001291849938122177
spikes,4000,500,0.885,0.0010624999999999847,0.0014668447507242442
spikes,4000,500,0.89,0.001562499999999976,0.0014338722339641474
spikes,4000,500,0.895,0.001479166666666661,0.0013975283692753053
spikes,4000,500,0.9,0.0008124999999999846,0.0013807129937869495
spikes,4000,500,0.905,0.00035416666666662766,0.0012577254953753494
spikes,4000,500,0.91,0.0002708333333333035,0.0010519004866613494
spikes,4000,500,0.915,8.33333333332779e-05,0.0009625237764346474
spikes,4000,500,0.92,2.083333333329403e-05,0.0011581636838922502
spikes,4000,500,0.925,0.00041666666666663005,0.0008546515622926703
spikes,4000,500,0.93,0.0009999999999999638,0.000996204919895618
spikes,4000,500,0.935,0.00043749999999994255,0.0009314196764275264
spikes,4000,500,0.9400000000000001,0.0007499999999999359,0.0008594395636904081
spikes,4000,500,0.9450000000000001,0.0007708333333332762,0.00084300729564165
spikes,4000,500,0.9500000000000001,0.000999999999999936,0.0008106768589869654
spikes,4000,500,0.9550000000000001,0.0005624999999999566,0.0008240725962798351
spikes,4000,500,0.96,0.00047916666666670643,0.0007362748769613447
spikes,4000,500,0.965,0.0005625000000000305,0.000701813802682988
spikes,4000,500,0.97,0.0002083333333333474,0.0005747474192717992
spikes,4000,500,0.975,0.0003333333333333614,0.0006944949476585404
spikes,4000,500,0.98,0.00014583333333333578,0.0004324200019434901
spikes,4000,500,0.985,-0.00020833333333331963,0.00030592837677660776
spikes,4000,500,0.99,-6.249999999996536e-05,0.00022639508574279096
spikes,4000,500,0.995,0.00018750000000001635,0.00017441731999761338
spikes,4000,500,1.0,0.0,0.0
spikes,4000,1000,0.0,0.0,0.0
spikes,4000,1000,0.005,-0.0002083333333333333,0.00036906071056237906
spikes,4000,1000,0.01,-8.333333333333355e-05,0.0004700633956814718
spikes,4000,1000,0.015,0.0001458333333333339,0.0006472979482729602
spikes,4000,1000,0.02,-0.0004791666666666674,0.0007732864324205207
spikes,4000,1000,0.025,0.00020833333333333177,0.0008471394230114674
spikes,4000,1000,0.03,-8.333333333333254e-05,0.0008878031563609384
spikes,4000,1000,0.035,-0.0005833333333333364,0.0008651137018749135
spikes,4000,1000,0.04,-0.00027083333333333473,0.0008873363770068235
spikes,4000,1000,0.045,-0.0003749999999999992,0.0008963837280310192
spikes,4000,1000,0.05,-0.0004791666666666694,0.0010054107093344707
spikes,4000,1000,0.055,-0.00047916666666666653,0.0009973726533226985
spikes,4000,1000,0.06,-0.00010416666666666502,0.0007696038515910886
spikes,4000,1000,0.065,-0.0007083333333333339,0.0007222343627573225
spikes,4000,1000,0.07,-0.0006875000000000053,0.0007936329250333361
spikes,4000,1000,0.075,-0.0005208333333333315,0.0010044683942516583
spikes,4000,1000,0.08,-0.0008750000000000008,0.0011544954952206836
spikes,4000,1000,0.085,-0.00010416666666667254,0.0012637345199323653
spikes,4000,1000,0.09,-0.00024999999999999675,0.0012728963632264612
spikes,4000,1000,0.095,0.0001250000000000001,0.0015412571118565799
spikes,4000,1000,0.1,-0.00043750000000000386,0.0015957819043853196
spikes,4000,1000,0.105,-6.249999999999774e-05,0.0016660391811209915
spikes,4000,1000,0.11,0.0003125000000000014,0.0016442982868265133
spikes,4000,1000,0.115,0.0002916666666666623,0.001661402671956392
spikes,4000,1000,0.12,0.00018750000000000247,0.0016503342751385155
spikes,4000,1000,0.125,-0.00018749999999999786,0.0015901344163690102
spikes,4000,1000,0.13,-0.0004375000000000004,0.0016243078362704842
spikes,4000,1000,0.135,-0.0009375000000000055,0.0016866580391143573
spikes,4000,1000,0.14,-0.0010208333333333413,0.0014333217714473769
spikes,4000,1000,0.145,-0.0004999999999999958,0.0014437036756309448
spikes,4000,1000,0.15,-0.000374999999999998,0.0014257175227040785
spikes,4000,1000,0.155,-0.0006458333333333339,0.001451050538107277
spikes,4000,1000,0.16,-0.0003958333333333337,0.0015510438607856366
spikes,4000,1000,0.165,8.333333333333341e-05,0.0014326196249873843
spikes,4000,1000,0.17,0.0005624999999999866,0.0012718264872365094
spikes,4000,1000,0.17500000000000002,0.0005833333333333107,0.0014493772609105056
spikes,4000,1000,0.18,0.00037500000000000494,0.0014833354613535963
spikes,4000,1000,0.185,0.00037500000000000033,0.0013961866355226744
spikes,4000,1000,0.19,0.0003958333333333337,0.0013670425157613034
spikes,4000,1000,0.195,0.00022916666666666688,0.0013818556136111655
spikes,4000,1000,0.2,0.00033333333333332205,0.001322637020073414
spikes,4000,1000,0.20500000000000002,-0.00022916666666668536,0.0013237552519902278
spikes,4000,1000,0.21,-0.00031249999999999795,0.0014028262192856075
spikes,4000,1000,0.215,-0.000770833333333334,0.0014565871580478468
spikes,4000,1000,0.22,-0.0008541666666666675,0.0013093697641586705
spikes,4000,1000,0.225,-0.0005000000000000004,0.0014232245718150689
spikes,4000,1000,0.23,0.00012499999999999548,0.0013869999781521048
spikes,4000,1000,0.23500000000000001,2.0833333333319475e-05,0.0014704985025356502
spikes,4000,1000,0.24,-0.00018749999999999553,0.0014844921205788204
spikes,4000,1000,0.245,-6.250000000000468e-05,0.0015294226108983977
spikes,4000,1000,0.25,0.00043749999999999806,0.00160819545256053
spikes,4000,1000,0.255,0.0003124999999999864,0.0015966717870165262
spikes,4000,1000,0.26,0.00031249999999999334,0.0016984075094575583
spikes,4000,1000,0.265,0.0002291666666666553,0.0018797813615342956
spikes,4000,1000,0.27,0.0006041666666666464,0.001810757609037406
spikes,4000,1000,0.275,0.000624999999999982,0.0016273293328566802
spikes,4000,1000,0.28,0.0002916666666666438,0.0016687959882816837
spikes,4000,1000,0.28500000000000003,0.0004999999999999727,0.0017985684543126179
spikes,4000,1000,0.29,0.00016666666666667607,0.0016558360212572181
spikes,4000,1000,0.295,1.850371707708594e-17,0.0016155025486976162
spikes,4000,1000,0.3,-0.00014583333333331727,0.0015580492165240226
spikes,4000,1000,0.305,-0.0005208333333333268,0.00161973457343598
spikes,4000,1000,0.31,-0.00039583333333333137,0.0015095837567643809
spikes,4000,1000,0.315,0.0002499999999999956,0.0013364074410466445
spikes,4000,1000,0.32,0.0001458333333333219,0.0013386936522014456
spikes,4000,1000,0.325,0.0008333333333333202,0.0013478143549293207
spikes,4000,1000,0.33,0.0007708333333333178,0.0013907358300518124
spikes,4000,1000,0.335,0.0007499999999999868,0.0014232245718150682
spikes,4000,1000,0.34,0.0006458333333333085,0.0016475585510970236
spikes,4000,1000,0.34500000000000003,0.0009999999999999731,0.0018690562356764994
spikes,4000,1000,0.35000000000000003,0.001249999999999964,0.0019682614232624253
spikes,4000,1000,0.355,0.0015833333333333532,0.0019769824470539958
spikes,4000,1000,0.36,0.001250000000000015,0.002018146839718725
spikes,4000,1000,0.365,0.0005625000000000121,0.0020937146650116525
spikes,4000,1000,0.37,0.00039583333333334064,0.0022185210260282162
spikes,4000,1000,0.375,0.00010416666666666445,0.0023339673786810897
spikes,4000,1000,0.38,-0.0004375000000000027,0.002221649034347725
spikes,4000,1000,0.385,-0.00027083333333334514,0.002171932339734331
spikes,4000,1000,0.39,-0.00012500000000000475,0.0020149770658142957
spikes,4000,1000,0.395,-0.00033333333333335213,0.001878237944930777
spikes,4000,1000,0.4,-0.00010416666666668295,0.0018110190745499728
spikes,4000,1000,0.405,-0.0006041666666666881,0.0018910821250107956
spikes,4000,1000,0.41000000000000003,0.0002083333333332965,0.0019120910469214501
spikes,4000,1000,0.41500000000000004,8.33333333332964e-05,0.0020000789125846157
spikes,4000,1000,0.42,0.00012500000000001862,0.0019322080711722124
spikes,4000,1000,0.425,-2.083333333331716e-05,0.0019889510934209035
spikes,4000,1000,0.43,2.0833333333344917e-05,0.0021495811636904833
spikes,4000,1000,0.435,-4.1666666666666706e-05,0.002115471805436307
spikes,4000,1000,0.44,0.0004166666666666578,0.0022095122639271395
spikes,4000,1000,0.445,0.0007291666666666604,0.0022221462660630123
spikes,4000,1000,0.45,0.0003333333333333151,0.0023671787751531072
spikes,4000,1000,0.455,0.000645833333333313,0.002341461424737842
spikes,4000,1000,0.46,0.0008749999999999869,0.002324217854755366
spikes,4000,1000,0.465,0.0006041666666666371,0.002236800155773572
spikes,4000,1000,0.47000000000000003,0.0007708333333332993,0.0022496755518038227
spikes,4000,1000,0.47500000000000003,0.0011249999999999687,0.002158821753558259
spikes,4000,1000,0.48,0.0012083333333333436,0.0021465779084793835
spikes,4000,1000,0.485,0.0015208333333333462,0.0022024560871119724
spikes,4000,1000,0.49,0.002145833333333347,0.0020339119115982923
spikes,4000,1000,0.495,0.002187500000000018,0.002035695892109506
spikes,4000,1000,0.5,0.0023125,0.0021976496139643306
spikes,4000,1000,0.505,0.002229166666666657,0.002061658077319753
spikes,4000,1000,0.51,0.0018333333333333396,0.002237408651710161
spikes,4000,1000,0.515,0.0028541666666666667,0.0021895192700312946
spikes,4000,1000,0.52,0.0029999999999999936,0.0021368874277293763
spikes,4000,1000,0.525,0.0028958333333333197,0.002036471048359901
spikes,4000,1000,0.53,0.003062499999999959,0.001926963038833465
spikes,4000,1000,0.535,0.003083333333333308,0.0020420145034556517
spikes,4000,1000,0.54,0.0026458333333332917,0.001936848212296142
spikes,4000,1000,0.545,0.0025833333333332986,0.0020498829727621545
spikes,4000,1000,0.55,0.002749999999999956,0.001957406292505314
spikes,4000,1000,0.555,0.0021666666666666037,0.0020641541423140684
spikes,4000,1000,0.56,0.0019999999999999554,0.002201067234251825
spikes,4000,1000,0.5650000000000001,0.0018749999999999416,0.00205407484889146
spikes,4000,1000,0.5700000000000001,0.0020624999999999303,0.0020832859843104216
spikes,4000,1000,0.5750000000000001,0.0020416666666665897,0.001965091498113919
spikes,4000,1000,0.58,0.0023125000000000415,0.001911915636610349
spikes,4000,1000,0.585,0.0024375000000000555,0.0019198240627250683
spikes,4000,1000,0.59,0.002395833333333347,0.0018526338574030073
spikes,4000,1000,0.595,0.0025208333333333797,0.0019122458073631027
spikes,4000,1000,0.6,0.002270833333333342,0.001844694052950214
spikes,4000,1000,0.605,0.0021250000000000158,0.0018086754319616932
spikes,4000,1000,0.61,0.002083333333333335,0.0017962854489588834
spikes,4000,1000,0.615,0.002041666666666673,0.00182154439690582
spikes,4000,1000,0.62,0.001770833333333342,0.0018454639140554334
spikes,4000,1000,0.625,0.0017500000000000016,0.0017364191645888706
spikes,4000,1000,0.63,0.0017291666666666612,0.0018136316564709477
spikes,4000,1000,0.635,0.0020416666666666547,0.0017185577257007249
spikes,4000,1000,0.64,0.0026249999999999885,0.0016573127665171113
spikes,4000,1000,0.645,0.0024583333333333124,0.0016921815905373604
spikes,4000,1000,0.65,0.002124999999999979,0.0016587406230467294
spikes,4000,1000,0.655,0.0024374999999999627,0.0015331331185161055
spikes,4000,1000,0.66,0.0024583333333333033,0.0015798905952404733
spikes,4000,1000,0.665,0.0023958333333332824,0.0015680457139736399
spikes,4000,1000,0.67,0.002020833333333296,0.0015689513281813517
spikes,4000,1000,0.675,0.0025416666666666365,0.0016465164481842918
spikes,4000,1000,0.68,0.002708333333333285,0.0017974712175102476
spikes,4000,1000,0.685,0.002979166666666616,0.0017910389139865566
spikes,4000,1000,0.6900000000000001,0.002854166666666602,0.001720106787705671
spikes,4000,1000,0.6950000000000001,0.002874999999999924,0.0017531087106951344
spikes,4000,1000,0.7000000000000001,0.002687499999999935,0.001807529757917574
spikes,4000,1000,0.705,0.0021875000000000457,0.0019335859781371212
spikes,4000,1000,0.71,0.0019791666666667076,0.0019060455884772353
spikes,4000,1000,0.715,0.0019583333333333675,0.0019281196026232875
spikes,4000,1000,0.72,0.0016666666666666867,0.0021684142136640257
spikes,4000,1000,0.725,0.0017916666666666914,0.0020809456013936582
spikes,4000,1000,0.73,0.0015208333333333508,0.0020515280551606212
spikes,4000,1000,0.735,0.0015625000000000222,0.001948709022933031
spikes,4000,1000,0.74,0.0016041666666666936,0.002014027119951218
spikes,4000,1000,0.745,0.0011875000000000173,0.0020331357796479935
spikes,4000,1000,0.75,0.0016458333333333186,0.0021187426439787677
spikes,4000,1000,0.755,0.001770833333333342,0.0022289542521282965
spikes,4000,1000,0.76,0.00145833333333333,0.0022654840386312426
spikes,4000,1000,0.765,0.0010208333333333226,0.0022589171642737383
spikes,4000,1000,0.77,0.0009791666666666514,0.002362799270233119
spikes,4000,1000,0.775,0.0007499999999999821,0.002454703277754398
spikes,4000,1000,0.78,0.0014791666666666425,0.002301074010877389
spikes,4000,1000,0.785,0.0012291666666666239,0.0022374351043012563
spikes,4000,1000,0.79,0.001395833333333309,0.0023809650635484717
spikes,4000,1000,0.795,0.0015624999999999667,0.0023997168788181754
spikes,4000,1000,0.8,0.0009583333333333018,0.002245119566679438
spikes,4000,1000,0.805,0.000541666666666607,0.0021127842585631717
spikes,4000,1000,0.81,0.0004999999999999357,0.0020365969833836223
spikes,4000,1000,0.8150000000000001,0.0003124999999999471,0.0021384655802417726
spikes,4000,1000,0.8200000000000001,0.0003541666666666184,0.0021232074287157038
spikes,4000,1000,0.8250000000000001,0.00024999999999993544,0.001854049621773919
spikes,4000,1000,0.8300000000000001,0.0008333333333332601,0.0018047006523089805
spikes,4000,1000,0.835,0.0008333333333333711,0.0016618301035091656
spikes,4000,1000,0.84,0.0008541666666667022,0.0016735063255683199
spikes,4000,1000,0.845,0.0010625000000000124,0.001585960241104307
spikes,4000,1000,0.85,0.0005625000000000213,0.0015506367826858022
spikes,4000,1000,0.855,0.0003541666666666647,0.0015114645006974836
spikes,4000,1000,0.86,0.0001875000000000071,0.0013994469280917577
spikes,4000,1000,0.865,0.00041666666666668556,0.001292582764089094
spikes,4000,1000,0.87,0.00043749999999999806,0.0012313475772748356
spikes,4000,1000,0.875,0.0005000000000000004,0.0012773522567713189
spikes,4000,1000,0.88,8.33333333333149e-05,0.0012459530448211068
spikes,4000,1000,0.885,0.00031249999999999334,0.001234419950274771
spikes,4000,1000,0.89,-0.00012500000000000475,0.0011093183137459337
spikes,4000,1000,0.895,0.0002916666666666438,0.001058798513849209
spikes,4000,1000,0.9,0.0007083333333333294,0.0009642439598677349
spikes,4000,1000,0.905,0.00045833333333330134,0.0009788643956394098
spikes,4000,1000,0.91,0.0007083333333332923,0.0008923248774233997
spikes,4000,1000,0.915,0.0007499999999999637,0.0009454836825347105
spikes,4000,1000,0.92,0.0007916666666666164,0.0009086251963679751
spikes,4000,1000,0.925,0.0007291666666666327,0.0007615638399525226
spikes,4000,1000,0.93,0.0007916666666666164,0.0007765705819092526
spikes,4000,1000,0.935,0.000687499999999952,0.0007983914937377062
spikes,4000,1000,0.9400000000000001,0.000562499999999938,0.0008573020798181986
spikes,4000,1000,0.9450000000000001,0.0008333333333332508,0.0008339013215851274
spikes,4000,1000,0.9500000000000001,0.0006041666666665909,0.0007884454001323714
spikes,4000,1000,0.9550000000000001,0.0007499999999999266,0.0008371126422158353
spikes,4000,1000,0.96,0.0003333333333333706,0.0008132038520878412
spikes,4000,1000,0.965,0.00041666666666670404,0.0008276320121133241
spikes,4000,1000,0.97,0.0001041666666666922,0.0007956191207817542
spikes,4000,1000,0.975,-0.0001666666666666483,0.0006368820038819452
spikes,4000,1000,0.98,-4.166666666664357e-05,0.0005175273866759107
spikes,4000,1000,0.985,-0.00010416666666666445,0.00044642766955176245
spikes,4000,1000,0.99,6.250000000001162e-05,0.00034696328729027484
spikes,4000,1000,0.995,-0.00012499999999999548,0.0002208369067749749
spikes,4000,1000,1.0,0.0,0.0
spikes,4000,2000,0.0,0.0,0.0
spikes,4000,2000,0.005,0.00047916666666666664,0.00032047894634516176
spikes,4000,2000,0.01,0.0007499999999999999,0.00040122917202622304
spikes,4000,2000,0.015,0.0005625000000000008,0.0004364164070048586
spikes,4000,2000,0.02,6.249999999999977e-05,0.0004309575754273056
spikes,4000,2000,0.025,0.0003333333333333316,0.0005050252518939078
spikes,4000,2000,0.03,0.0010000000000000015,0.0005951190357119044
spikes,4000,2000,0.035,0.0014999999999999961,0.0004747407586028269
spikes,4000,2000,0.04,0.001291666666666666,0.0005390379102501683
spikes,4000,2000,0.045,0.0012083333333333345,0.0006114697065433437
spikes,4000,2000,0.05,0.001041666666666663,0.0006606021510865686
spikes,4000,2000,0.055,0.0013125,0.0007876442869260673
spikes,4000,2000,0.06,0.001166666666666669,0.0007238714657934094
spikes,4000,2000,0.065,0.0014166666666666668,0.0007689114041778464
spikes,4000,2000,0.07,0.001062499999999993,0.0008731717913862805
spikes,4000,2000,0.075,0.0008958333333333341,0.0008322673105815389
spikes,4000,2000,0.08,0.0010833333333333344,0.0009294901937094452
spikes,4000,2000,0.085,0.001145833333333324,0.0008208102596357034
spikes,4000,2000,0.09,0.0011458333333333355,0.0008953046360955257
spikes,4000,2000,0.095,0.0010833333333333344,0.000884597437404511
spikes,4000,2000,0.1,0.0010208333333333285,0.0010577359027181543
spikes,4000,2000,0.105,0.0009583333333333353,0.0011372786719963488
spikes,4000,2000,0.11,0.0013958333333333333,0.0012486577389300485
spikes,4000,2000,0.115,0.0014999999999999944,0.0011260516969670718
spikes,4000,2000,0.12,0.0012083333333333366,0.0011368622643402357
spikes,4000,2000,0.125,0.0011666666666666676,0.0011971135318259547
spikes,4000,2000,0.13,0.0010416666666666675,0.0011881809583977486
spikes,4000,2000,0.135,0.0015833333333333255,0.001271159297490269
spikes,4000,2000,0.14,0.0017499999999999853,0.0013634153861356814
spikes,4000,2000,0.145,0.0014791666666666727,0.0013429312457486717
spikes,4000,2000,0.15,0.0016250000000000014,0.0015042553276984247
spikes,4000,2000,0.155,0.001770833333333335,0.0014938188089050118
spikes,4000,2000,0.16,0.0019166666666666683,0.0016123732430015944
spikes,4000,2000,0.165,0.0017291666666666612,0.0016006208352013927
spikes,4000,2000,0.17,0.0018541666666666544,0.0016575865342982434
spikes,4000,2000,0.17500000000000002,0.002208333333333312,0.0017005550935687516
spikes,4000,2000,0.18,0.002333333333333338,0.0017707999105580294
spikes,4000,2000,0.185,0.0025833333333333355,0.0017920630287436617
spikes,4000,2000,0.19,0.002916666666666667,0.0016948376758482648
spikes,4000,2000,0.195,0.0032083333333333317,0.0015660439607075797
spikes,4000,2000,0.2,0.0031249999999999937,0.0016652929945135035
spikes,4000,2000,0.20500000000000002,0.0033541666666666464,0.0017761728768292341
spikes,4000,2000,0.21,0.0029791666666666695,0.001663004973813758
spikes,4000,2000,0.215,0.00360416666666667,0.0017168004324170823
spikes,4000,2000,0.22,0.004062500000000001,0.0017885698218341264
spikes,4000,2000,0.225,0.0039166666666666655,0.0018245312114113417
spikes,4000,2000,0.23,0.0038958333333333254,0.0018336238578345876
spikes,4000,2000,0.23500000000000001,0.004020833333333311,0.0017129349517684238
spikes,4000,2000,0.24,0.00404166666666667,0.0017483307334527295
spikes,4000,2000,0.245,0.004020833333333332,0.0016246964557209834
spikes,4000,2000,0.25,0.0038333333333333227,0.0017126239540777213
spikes,4000,2000,0.255,0.0041249999999999854,0.001767900869632822
spikes,4000,2000,0.26,0.004145833333333325,0.0018915828141874453
spikes,4000,2000,0.265,0.004416666666666652,0.001738417659711257
spikes,4000,2000,0.27,0.004395833333333325,0.0020322816921535818
spikes,4000,2000,0.275,0.004708333333333314,0.0018563040965827486
spikes,4000,2000,0.28,0.005166666666666625,0.0017481953176595759
spikes,4000,2000,0.28500000000000003,0.00554166666666663,0.0017401871343698235
spikes,4000,2000,0.29,0.00529166666666669,0.0018859110142144455
spikes,4000,2000,0.295,0.004583333333333352,0.002121841086405766
spikes,4000,2000,0.3,0.004479166666666677,0.002117624976932717
spikes,4000,2000,0.305,0.004520833333333339,0.002095598366249185
spikes,4000,2000,0.31,0.004520833333333345,0.0020860871950504675
spikes,4000,2000,0.315,0.004875000000000004,0.0020027206873438836
spikes,4000,2000,0.32,0.004354166666666655,0.0020996613934565075
spikes,4000,2000,0.325,0.003937499999999983,0.0020146539386267444
spikes,4000,2000,0.33,0.003916666666666656,0.002044100281198542
spikes,4000,2000,0.335,0.004229166666666659,0.0020060180134290964
spikes,4000,2000,0.34,0.0033749999999999705,0.0019129987961155072
spikes,4000,2000,0.34500000000000003,0.0033541666666666303,0.0019558232624238767
spikes,4000,2000,0.35000000000000003,0.002999999999999966,0.0019257033347152264
spikes,4000,2000,0.355,0.0029583333333333545,0.002145254040665091
spikes,4000,2000,0.36,0.002479166666666676,0.002173457815616081
spikes,4000,2000,0.365,0.002145833333333342,0.0021185191577413605
spikes,4000,2000,0.37,0.002145833333333347,0.002128107872897158
spikes,4000,2000,0.375,0.002354166666666676,0.002226403696933053
spikes,4000,2000,0.38,0.0023333333333333214,0.0024743635035044368
spikes,4000,2000,0.385,0.0024583333333333215,0.0023530350592158643
spikes,4000,2000,0.39,0.002874999999999984,0.0023904996624897566
spikes,4000,2000,0.395,0.0025416666666666504,0.002346788854859534
spikes,4000,2000,0.4,0.0027291666666666484,0.002374792322126786
spikes,4000,2000,0.405,0.003145833333333306,0.002227466783187128
spikes,4000,2000,0.41000000000000003,0.002645833333333301,0.0022656146595027024
spikes,4000,2000,0.41500000000000004,0.002937499999999959,0.0022006638547300145
spikes,4000,2000,0.42,0.0028541666666666763,0.002255560959029701
spikes,4000,2000,0.425,0.0030625000000000144,0.002205606878966751
spikes,4000,2000,0.43,0.002479166666666676,0.0022826872980119396
spikes,4000,2000,0.435,0.0023125,0.002228458539466509
spikes,4000,2000,0.44,0.0025208333333333333,0.0022559807577399514
spikes,4000,2000,0.445,0.002520833333333324,0.002164288832154782
spikes,4000,2000,0.45,0.0031666666666666557,0.0023952156647801225
spikes,4000,2000,0.455,0.00304166666666666,0.002334651954248161
spikes,4000,2000,0.46,0.00324999999999998,0.0021946042647338227
spikes,4000,2000,0.465,0.0030416666666666418,0.0021114392023097667
spikes,4000,2000,0.47000000000000003,0.0028333333333333036,0.0019421884459536736
spikes,4000,2000,0.47500000000000003,0.0033541666666666303,0.0017873339966711771
spikes,4000,2000,0.48,0.0031041666666666856,0.0016934752050744724
spikes,4000,2000,0.485,0.003229166666666681,0.0018123258362857065
spikes,4000,2000,0.49,0.003458333333333346,0.0018914263630574412
spikes,4000,2000,0.495,0.003604166666666672,0.001879781361534292
spikes,4000,2000,0.5,0.003479166666666663,0.0018848122880305881
spikes,4000,2000,0.505,0.003437499999999987,0.001946764263716808
spikes,4000,2000,0.51,0.0034374999999999822,0.0017957032576107754
spikes,4000,2000,0.515,0.003333333333333327,0.0019201220499928304
spikes,4000,2000,0.52,0.0034374999999999822,0.0019156267765328598
spikes,4000,2000,0.525,0.003145833333333311,0.0016612957968849072
spikes,4000,2000,0.53,0.003041666666666637,0.001599548152738545
spikes,4000,2000,0.535,0.0025833333333332986,0.001654119436773269
spikes,4000,2000,0.54,0.002729166666666625,0.0016850665207323178
spikes,4000,2000,0.545,0.00262499999999997,0.0016870439900140255
spikes,4000,2000,0.55,0.0024166666666666134,0.0017239218560180047
spikes,4000,2000,0.555,0.002291666666666627,0.0017052818274734304
spikes,4000,2000,0.56,0.002145833333333282,0.001862066080563154
spikes,4000,2000,0.5650000000000001,0.0024999999999999467,0.0017336902313221437
spikes,4000,2000,0.5700000000000001,0.002416666666666604,0.0018335915796076465
spikes,4000,2000,0.5750000000000001,0.0019999999999999276,0.0018038259003539925
spikes,4000,2000,0.58,0.0017916666666666914,0.0018375897559333347
spikes,4000,2000,0.585,0.0017291666666667167,0.0019526735589385621
spikes,4000,2000,0.59,0.001625000000000043,0.0020083867715762352
spikes,4000,2000,0.595,0.00175000000000002,0.001940887800607098
spikes,4000,2000,0.6,0.002166666666666678,0.0019099850599658987
spikes,4000,2000,0.605,0.0019791666666666894,0.0018585027609950588
spikes,4000,2000,0.61,0.002416666666666669,0.0019220937657784705
spikes,4000,2000,0.615,0.0028541666666666667,0.001783886826453947
spikes,4000,2000,0.62,0.0031666666666666696,0.0016878390044819177
spikes,4000,2000,0.625,0.003145833333333329,0.001887322722292295
spikes,4000,2000,0.63,0.0033124999999999774,0.0019240121924423163
spikes,4000,2000,0.635,0.0029166666666666694,0.0019958131681147464
spikes,4000,2000,0.64,0.003270833333333306,0.0020406518040453525
spikes,4000,2000,0.645,0.00312499999999998,0.0021044010520522975
spikes,4000,2000,0.65,0.0034374999999999822,0.0019874428236486964
spikes,4000,2000,0.655,0.0027499999999999747,0.0019202864369671504
spikes,4000,2000,0.66,0.0027291666666666345,0.0019077836809324928
spikes,4000,2000,0.665,0.00210416666666662,0.0018933341836052306
spikes,4000,2000,0.67,0.0019166666666666405,0.0018762201417216544
spikes,4000,2000,0.675,0.0022083333333332935,0.0017521181265236993
spikes,4000,2000,0.68,0.0019374999999999625,0.0016517681641749296
spikes,4000,2000,0.685,0.001749999999999946,0.001755133164247778
spikes,4000,2000,0.6900000000000001,0.0022291666666666063,0.0018154582267935324
spikes,4000,2000,0.6950000000000001,0.0016249999999999505,0.0018105070024886983
spikes,4000,2000,0.7000000000000001,0.0014374999999999343,0.001787510595433742
spikes,4000,2000,0.705,0.001604166666666712,0.0018146756360687224
spikes,4000,2000,0.71,0.001500000000000029,0.001793031544957342
spikes,4000,2000,0.715,0.0014583333333333763,0.0018280312448979716
spikes,4000,2000,0.72,0.001500000000000029,0.0019804919805059755
spikes,4000,2000,0.725,0.0019166666666666776,0.00203155349325574
spikes,4000,2000,0.73,0.0014583333333333486,0.0019928454733892614
spikes,4000,2000,0.735,0.0015208333333333417,0.001953643239326379
spikes,4000,2000,0.74,0.0007291666666666882,0.0019889510934209043
spikes,4000,2000,0.745,0.00052083333333335,0.0020123807920023958
spikes,4000,2000,0.75,0.0009374999999999892,0.0019029793725692952
spikes,4000,2000,0.755,0.000541666666666644,0.001765310013692905
spikes,4000,2000,0.76,0.0004791666666666509,0.001736816775778685
spikes,4000,2000,0.765,0.001312499999999985,0.0018001801782717283
spikes,4000,2000,0.77,0.0012916666666666539,0.001638155759666736
spikes,4000,2000,0.775,0.0016666666666666496,0.0017713345992855939
spikes,4000,2000,0.78,0.0016041666666666472,0.0018002678497401634
spikes,4000,2000,0.785,0.001562499999999976,0.0019279456506390883
spikes,4000,2000,0.79,0.0016458333333333093,0.0017190053758854961
spikes,4000,2000,0.795,0.0016041666666666103,0.001748499988446087
spikes,4000,2000,0.8,0.0009374999999999708,0.0017386332689613981
spikes,4000,2000,0.805,0.00112499999999995,0.0017376457863407778
spikes,4000,2000,0.81,0.0008333333333332693,0.0017291324385075254
spikes,4000,2000,0.8150000000000001,0.0004999999999999449,0.0016600246438477435
spikes,4000,2000,0.8200000000000001,-0.00016666666666674082,0.0017233724572078537
spikes,4000,2000,0.8250000000000001,-0.000562500000000086,0.0017235899485103956
spikes,4000,2000,0.8300000000000001,-0.000375000000000079,0.0017332805207572054
spikes,4000,2000,0.835,-0.00022916666666662291,0.001690116751540671
spikes,4000,2000,0.84,2.0833333333358794e-05,0.0016884350196725243
spikes,4000,2000,0.845,0.0003541666666666739,0.001774038987961671
spikes,4000,2000,0.85,-0.00012499999999998623,0.0016842350570133414
spikes,4000,2000,0.855,-0.0006249999999999959,0.0015677563102998058
spikes,4000,2000,0.86,-0.0012708333333333228,0.0015245647458017046
spikes,4000,2000,0.865,-0.0018333333333333073,0.0014597936411518799
spikes,4000,2000,0.87,-0.001729166666666652,0.0013607938070676001
spikes,4000,2000,0.875,-0.0013333333333333253,0.001176769031516103
spikes,4000,2000,0.88,-0.0014791666666666519,0.0013687732056056033
spikes,4000,2000,0.885,-0.0014375000000000266,0.0013755594591865466
spikes,4000,2000,0.89,-0.0008333333333333526,0.0014166666666666666
spikes,4000,2000,0.895,-0.0008541666666666836,0.001340107672253369
spikes,4000,2000,0.9,-0.001166666666666677,0.001403571382674437
spikes,4000,2000,0.905,-0.0011666666666666954,0.001401545863709359
spikes,4000,2000,0.91,-0.0007291666666667159,0.0013849359783547452
spikes,4000,2000,0.915,-0.0008958333333333827,0.001459185357165308
spikes,4000,2000,0.92,-0.0006458333333333732,0.001421379749192367
spikes,4000,2000,0.925,-0.0006875000000000538,0.0011819046806923216
spikes,4000,2000,0.93,0.00020833333333328263,0.0010743361821716872
spikes,4000,2000,0.935,0.00043749999999993333,0.001007135997105985
spikes,4000,2000,0.9400000000000001,0.0008958333333332902,0.0009487124115868779
spikes,4000,2000,0.9450000000000001,0.0005833333333332691,0.000855205392070386
spikes,4000,2000,0.9500000000000001,0.0003333333333332596,0.0007817359599705676
spikes,4000,2000,0.9550000000000001,0.0003124999999999471,0.0008988234102020686
spikes,4000,2000,0.96,-0.00014583333333328027,0.0007646661564421937
spikes,4000,2000,0.965,-0.0002499999999999632,0.0006770032003863304
spikes,4000,2000,0.97,-0.00022916666666665067,0.0006509450685912213
spikes,4000,2000,0.975,-0.0002916666666666623,0.00072680895882361
spikes,4000,2000,0.98,-0.00014583333333330803,0.0007232989012193073
spikes,4000,2000,0.985,0.00014583333333333578,0.0007458587265018707
spikes,4000,2000,0.99,0.00010416666666668295,0.000550015782601834
spikes,4000,2000,0.995,-2.0833333333312536e-05,0.00040645633843071783
spikes,4000,2000,1.0,0.0,0.0
spikes,4000,4000,0.0,0.0,0.0
spikes,4000,4000,0.005,-0.00014583333333333345,0.0002974932093274729
spikes,4000,4000,0.01,-8.333333333333341e-05,0.000464999728467391
spikes,4000,4000,0.015,-0.0004374999999999991,0.0005232519599928545
spikes,4000,4000,0.02,-4.166666666666728e-05,0.0006199289222861512
spikes,4000,4000,0.025,-0.000270833333333335,0.0006279915777438195
spikes,4000,4000,0.03,2.0833333333334796e-05,0.0007521801226226914
spikes,4000,4000,0.035,0.0012916666666666632,0.000857140978232669
spikes,4000,4000,0.04,0.0014166666666666657,0.0009551164718229262
spikes,4000,4000,0.045,0.0009166666666666681,0.0009176991430592698
spikes,4000,4000,0.05,0.0013124999999999977,0.0010793012084144298
spikes,4000,4000,0.055,0.0011666666666666655,0.00116909919566003
spikes,4000,4000,0.06,0.00116666666666667,0.0011887785514739257
spikes,4000,4000,0.065,0.0005833333333333327,0.00117515848920368
spikes,4000,4000,0.07,0.0007499999999999925,0.0012130914677347736
spikes,4000,4000,0.075,0.0006041666666666683,0.0010776914568941462
spikes,4000,4000,0.08,0.001020833333333333,0.0012878578986719456
spikes,4000,4000,0.085,0.000708333333333327,0.0012616252344984347
spikes,4000,4000,0.09,0.0008541666666666685,0.0014093365397672888
spikes,4000,4000,0.095,0.0009374999999999974,0.0016362156656582452
spikes,4000,4000,0.1,0.0008541666666666605,0.001877260842345043
spikes,4000,4000,0.105,0.000875000000000003,0.0019058075119820661
spikes,4000,4000,0.11,0.0007083333333333316,0.0020784412258452074
spikes,4000,4000,0.115,0.0006458333333333269,0.002117848557528669
spikes,4000,4000,0.12,0.0011458333333333414,0.002224914522816188
spikes,4000,4000,0.125,0.0008958333333333353,0.002281234865730898
spikes,4000,4000,0.13,0.0007708333333333294,0.0021957815818178512
spikes,4000,4000,0.135,0.0011666666666666585,0.0022532244011682894
spikes,4000,4000,0.14,0.0010624999999999895,0.00219139264043335
spikes,4000,4000,0.145,0.001270833333333339,0.002086314155406732
spikes,4000,4000,0.15,0.001812500000000004,0.0020408064823703525
spikes,4000,4000,0.155,0.001895833333333335,0.002131442625111317
spikes,4000,4000,0.16,0.001666666666666666,0.0021530750853679783
spikes,4000,4000,0.165,0.0018333333333333257,0.002225100724084918
spikes,4000,4000,0.17,0.0016458333333333232,0.0023195191045263285
spikes,4000,4000,0.17500000000000002,0.0017916666666666498,0.0023966978018797763
spikes,4000,4000,0.18,0.0020208333333333376,0.0025110472457128374
spikes,4000,4000,0.185,0.002270833333333335,0.0024346493302139266
spikes,4000,4000,0.19,0.0026249999999999976,0.0025287176352427883
spikes,4000,4000,0.195,0.002145833333333328,0.0025741757899325262
spikes,4000,4000,0.2,0.002312499999999993,0.0025094754145160696
spikes,4000,4000,0.20500000000000002,0.002187499999999986,0.0024456449000770175
spikes,4000,4000,0.21,0.0017916666666666682,0.0023281530699616223
spikes,4000,4000,0.215,0.002125000000000002,0.0024060962662421164
spikes,4000,4000,0.22,0.0021249999999999997,0.002273759235408636
spikes,4000,4000,0.225,0.002041666666666664,0.002158894860849416
spikes,4000,4000,0.23,0.0025416666666666574,0.002061514533472215
spikes,4000,4000,0.23500000000000001,0.002020833333333321,0.0020222386553750086
spikes,4000,4000,0.24,0.0017916666666666682,0.0021071741932759333
spikes,4000,4000,0.245,0.0018124999999999947,0.0022655449959751144
spikes,4000,4000,0.25,0.0011458333333333275,0.00216056651463023
spikes,4000,4000,0.255,0.0012083333333333228,0.0022298834163482764
spikes,4000,4000,0.26,0.001541666666666654,0.002267364253172759
spikes,4000,4000,0.265,0.0018333333333333118,0.002225313506457057
spikes,4000,4000,0.27,0.0017499999999999877,0.002067973682500614
spikes,4000,4000,0.275,0.0013541666666666379,0.0019129884832033586
spikes,4000,4000,0.28,0.0007291666666666419,0.0018359463988071468
spikes,4000,4000,0.28500000000000003,0.0001458333333333034,0.0017976358457258165
spikes,4000,4000,0.29,0.00018750000000001635,0.0019072044927780367
spikes,4000,4000,0.295,0.0007708333333333409,0.00184083991795467
spikes,4000,4000,0.3,0.0007708333333333502,0.0019253242380745036
spikes,4000,4000,0.305,0.0010416666666666814,0.001993558123030025
spikes,4000,4000,0.31,0.001208333333333339,0.002110542021913475
spikes,4000,4000,0.315,0.001166666666666663,0.00218256116347818
spikes,4000,4000,0.32,0.0016041666666666565,0.00214825914663737
spikes,4000,4000,0.325,0.001604166666666652,0.002195134584930867
spikes,4000,4000,0.33,0.0011458333333333136,0.002214676068499373
spikes,4000,4000,0.335,0.0011666666666666492,0.002358762944058309
spikes,4000,4000,0.34,0.0006874999999999659,0.002384475714243737
spikes,4000,4000,0.34500000000000003,0.00043749999999997496,0.0022470782797789956
spikes,4000,4000,0.35000000000000003,0.0006666666666666349,0.002366378556940431
spikes,4000,4000,0.355,0.0003125000000000118,0.002330854676449668
spikes,4000,4000,0.36,2.083333333334954e-05,0.0022824798642722115
spikes,4000,4000,0.365,0.0001041666666666737,0.0023680037169597845
spikes,4000,4000,0.37,-0.00018749999999999323,0.0024911063396520286
spikes,4000,4000,0.375,-0.0005833333333333385,0.002483722259558475
spikes,4000,4000,0.38,-8.333333333333803e-05,0.0024871513257483384
spikes,4000,4000,0.385,-0.0002708333333333544,0.0023599921219479873
spikes,4000,4000,0.39,-0.0007291666666666743,0.0023980062609963698
spikes,4000,4000,0.395,-0.0008125000000000169,0.0023916135433863697
spikes,4000,4000,0.4,-0.0007500000000000192,0.002540020579730516
spikes,4000,4000,0.405,-0.00033333333333335674,0.0025932118067653986
spikes,4000,4000,0.41000000000000003,-0.0006458333333333593,0.0026067108783935653
spikes,4000,4000,0.41500000000000004,-0.00068750000000004,0.0027304964375465778
spikes,4000,4000,0.42,-0.0006458333333333224,0.0026221048849689055
spikes,4000,4000,0.425,-0.0008541666666666559,0.0025462499039238732
spikes,4000,4000,0.43,-0.001104166666666656,0.0026036211549852763
spikes,4000,4000,0.435,-0.0014375000000000037,0.0025164468472130474
spikes,4000,4000,0.44,-0.0020000000000000018,0.0025691202361662227
spikes,4000,4000,0.445,-0.0021666666666666687,0.002698086677105038
spikes,4000,4000,0.45,-0.0026458333333333425,0.0027037183874595513
spikes,4000,4000,0.455,-0.002645833333333352,0.0026705922218969677
spikes,4000,4000,0.46,-0.0025208333333333562,0.0027150775585588517
spikes,4000,4000,0.465,-0.0021666666666666965,0.0027486796646735484
spikes,4000,4000,0.47000000000000003,-0.002708333333333368,0.0027053596728708646
spikes,4000,4000,0.47500000000000003,-0.0028750000000000303,0.0027404275545648313
spikes,4000,4000,0.48,-0.0024791666666666434,0.0027066938510912813
spikes,4000,4000,0.485,-0.002520833333333324,0.0026401005657881236
spikes,4000,4000,0.49,-0.0027499999999999886,0.0025541484378211574
spikes,4000,4000,0.495,-0.0028749999999999934,0.0024866118789154917
spikes,4000,4000,0.5,-0.0030416666666666695,0.0026210889575198153
spikes,4000,4000,0.505,-0.0029166666666666694,0.0026522455703906
spikes,4000,4000,0.51,-0.0026875000000000184,0.0027245942497475806
spikes,4000,4000,0.515,-0.00272916666666669,0.0026126981462724253
spikes,4000,4000,0.52,-0.0031041666666666856,0.0025908599421618694
spikes,4000,4000,0.525,-0.0030208333333333615,0.0027352320987145467
spikes,4000,4000,0.53,-0.002937500000000028,0.0028456381094580517
spikes,4000,4000,0.535,-0.0030416666666667016,0.002847253017818179
spikes,4000,4000,0.54,-0.0031458333333333663,0.002654409270107443
spikes,4000,4000,0.545,-0.0029583333333333774,0.0026469739249935917
spikes,4000,4000,0.55,-0.0031458333333333846,0.0026827977420497955
spikes,4000,4000,0.555,-0.002666666666666715,0.0026144871254785234
spikes,4000,4000,0.56,-0.0022291666666667265,0.002697582098712275
spikes,4000,4000,0.5650000000000001,-0.0020416666666667285,0.0024533205183295084
spikes,4000,4000,0.5700000000000001,-0.002187500000000083,0.002381097634909093
spikes,4000,4000,0.5750000000000001,-0.0025833333333334005,0.0022720579822591435
spikes,4000,4000,0.58,-0.0033749999999999614,0.0022942822539099377
spikes,4000,4000,0.585,-0.003270833333333297,0.0022534607924100435
spikes,4000,4000,0.59,-0.003041666666666628,0.0021624011041787602
spikes,4000,4000,0.595,-0.003166666666666651,0.0020059885091869047
spikes,4000,4000,0.6,-0.0032916666666666463,0.001974466108633278
spikes,4000,4000,0.605,-0.00312499999999998,0.0021196456607821797
spikes,4000,4000,0.61,-0.0030416666666666556,0.002135520599835838
spikes,4000,4000,0.615,-0.002979166666666653,0.0019392912866417072
spikes,4000,4000,0.62,-0.0031875000000000007,0.001969013029567368
spikes,4000,4000,0.625,-0.003354166666666649,0.0018495644279754924
spikes,4000,4000,0.63,-0.003562500000000015,0.0018371495233682274
spikes,4000,4000,0.635,-0.0036249999999999893,0.0017873450346050346
spikes,4000,4000,0.64,-0.003479166666666681,0.0018028960113599998
spikes,4000,4000,0.645,-0.003354166666666695,0.0017928885016344318
spikes,4000,4000,0.65,-0.0027916666666666736,0.0015959920603078367
spikes,4000,4000,0.655,-0.0023333333333333726,0.0017758729536413165
spikes,4000,4000,0.66,-0.0023541666666667036,0.0017955274646361194
spikes,4000,4000,0.665,-0.0025625000000000417,0.001719464383216907
spikes,4000,4000,0.67,-0.002666666666666715,0.0018341079630714262
spikes,4000,4000,0.675,-0.002625000000000053,0.0017170876947655166
spikes,4000,4000,0.68,-0.00277083333333338,0.001754717217282108
spikes,4000,4000,0.685,-0.002708333333333368,0.0018244014515905321
spikes,4000,4000,0.6900000000000001,-0.002625000000000053,0.0017769835268075628
spikes,4000,4000,0.6950000000000001,-0.0027916666666667387,0.0016554070420133746
spikes,4000,4000,0.7000000000000001,-0.0031666666666667433,0.0016038345779834527
spikes,4000,4000,0.705,-0.0030208333333332873,0.0014788465295901458
spikes,4000,4000,0.71,-0.003041666666666628,0.0015243706268754983
spikes,4000,4000,0.715,-0.002729166666666625,0.0016472711402789602
spikes,4000,4000,0.72,-0.0025208333333333146,0.0018091880224302423
spikes,4000,4000,0.725,-0.0026458333333333195,0.0019025646400571904
spikes,4000,4000,0.73,-0.0024999999999999836,0.001829627797883465
spikes,4000,4000,0.735,-0.00168749999999999,0.0019646798355102556
spikes,4000,4000,0.74,-0.0013958333333333277,0.0018714507653613836
spikes,4000,4000,0.745,-0.001499999999999992,0.002141977633360864
spikes,4000,4000,0.75,-0.001833333333333335,0.0022155043660439014
spikes,4000,4000,0.755,-0.0018541666666666845,0.002144067381606435
spikes,4000,4000,0.76,-0.001833333333333335,0.002013997733039157
spikes,4000,4000,0.765,-0.0016875000000000269,0.0020519126794138654
spikes,4000,4000,0.77,-0.0016875000000000178,0.0020345326039822205
spikes,4000,4000,0.775,-0.0015416666666666634,0.0020110568732571287
spikes,4000,4000,0.78,-0.0014583333333333577,0.0018798758152622894
spikes,4000,4000,0.785,-0.0009375000000000355,0.0017856554373420113
spikes,4000,4000,0.79,-0.0011666666666667047,0.0016581220361809013
spikes,4000,4000,0.795,-0.0011666666666666954,0.0014810460744850195
spikes,4000,4000,0.8,-0.0012083333333333761,0.0016320747315282259
spikes,4000,4000,0.805,-0.0012083333333333668,0.001551768704128004
spikes,4000,4000,0.81,-0.0008958333333333827,0.001427694930878635
spikes,4000,4000,0.8150000000000001,-0.0008750000000000702,0.0013663640647996224
spikes,4000,4000,0.8200000000000001,-0.0009375000000000633,0.0012496685166535802
spikes,4000,4000,0.8250000000000001,-0.0005625000000000676,0.0012987191388114509
spikes,4000,4000,0.8300000000000001,-0.00018750000000006262,0.0014848110404215005
spikes,4000,4000,0.835,-0.00016666666666660204,0.0014845585678625588
spikes,4000,4000,0.84,-0.0004999999999999541,0.0015484596451723483
spikes,4000,4000,0.845,-0.0006041666666666464,0.0014985657073658565
spikes,4000,4000,0.85,-0.0011041666666666468,0.001423377044073693
spikes,4000,4000,0.855,-0.00141666666666664,0.0013481656074275515
spikes,4000,4000,0.86,-0.0012083333333333206,0.0014557336135211582
spikes,4000,4000,0.865,-0.001541666666666645,0.0014047515866522527
spikes,4000,4000,0.87,-0.0008749999999999684,0.0012280265642176688
spikes,4000,4000,0.875,-0.0005208333333333315,0.001190022573209211
spikes,4000,4000,0.88,-0.0009791666666666792,0.001287122382595293
spikes,4000,4000,0.885,-0.0014791666666666796,0.0013492626821169883
spikes,4000,4000,0.89,-0.0016875000000000178,0.0012351868494403261
spikes,4000,4000,0.895,-0.00175000000000002,0.001351906622201222
spikes,4000,4000,0.9,-0.0011250000000000149,0.0011804515699895984
spikes,4000,4000,0.905,-0.001062500000000031,0.0010335860822369557
spikes,4000,4000,0.91,-0.0007500000000000284,0.0012095735537031949
spikes,4000,4000,0.915,-0.0009583333333333758,0.0013018901371824442
spikes,4000,4000,0.92,-0.0011041666666667023,0.0011387868733565972
spikes,4000,4000,0.925,-0.0008333333333333526,0.0011096739442855595
spikes,4000,4000,0.93,-0.0007083333333333756,0.0010140272494495745
spikes,4000,4000,0.935,-0.0011250000000000426,0.000920361012831046
spikes,4000,4000,0.9400000000000001,-0.0007291666666667251,0.0011178045706118761
spikes,4000,4000,0.9450000000000001,-0.00027083333333341453,0.0012448600130216228
spikes,4000,4000,0.9500000000000001,-2.0833333333395803e-05,0.001250173599056458
spikes,4000,4000,0.9550000000000001,0.0002916666666665975,0.0012055872662589187
spikes,4000,4000,0.96,0.0005416666666667272,0.0009908833167809156
spikes,4000,4000,0.965,6.250000000004863e-05,0.0008461840592455085
spikes,4000,4000,0.97,0.0005000000000000097,0.0008280133215148513
spikes,4000,4000,0.975,0.000791666666666672,0.0007294101325140341
spikes,4000,4000,0.98,0.0007291666666666788,0.0008640868874076876
spikes,4000,4000,0.985,0.0003750000000000235,0.0006295290447483846
spikes,4000,4000,0.99,0.0002500000000000187,0.0004646601886422943
spikes,4000,4000,0.995,0.00012500000000002323,0.00039707739112855014
spikes,4000,4000,1.0,0.0,0.0
spikes_wide,4000,10,0.0,0.0,0.0
spikes_wide,4000,10,0.005,-0.0020833333333333333,0.00026531380314905246
spikes_wide,4000,10,0.01,-0.002625,0.00048704815890311
spikes_wide,4000,10,0.015,-0.0033333333333333327,0.0006017126231084744
spikes_wide,4000,10,0.02,-0.003104166666666667,0.0007615638399525233
spikes_wide,4000,10,0.025,-0.0032500000000000016,0.0009102738515680241
spikes_wide,4000,10,0.03,-0.003041666666666666,0.0009033991645474611
spikes_wide,4000,10,0.035,-0.0026250000000000028,0.0009311019050435661
spikes_wide,4000,10,0.04,-0.0022083333333333334,0.0009715816793229271
spikes_wide,4000,10,0.045,-0.0015833333333333318,0.0010133266048420954
spikes_wide,4000,10,0.05,-0.0014166666666666696,0.0011699089146967247
spikes_wide,4000,10,0.055,-0.0008124999999999995,0.0013568446713316936
spikes_wide,4000,10,0.06,-0.0007291666666666644,0.0013715377668732263
spikes_wide,4000,10,0.065,-0.0008541666666666668,0.0014428698561260373
spikes_wide,4000,10,0.07,-0.00027083333333334167,0.0013583559907015342
spikes_wide,4000,10,0.075,8.333333333333572e-05,0.0014099663295643096
spikes_wide,4000,10,0.08,0.000729166666666665,0.0012715782714819606
spikes_wide,4000,10,0.085,0.0012708333333333263,0.001294092907028008
spikes_wide,4000,10,0.09,0.001895833333333335,0.0013773940361450983
spikes_wide,4000,10,0.095,0.002145833333333333,0.0013340877363891175
spikes_wide,4000,10,0.1,0.002187499999999995,0.0015185485120118264
spikes_wide,4000,10,0.105,0.002645833333333337,0.0016695406092574088
spikes_wide,4000,10,0.11,0.0035624999999999997,0.001626929216113112
spikes_wide,4000,10,0.115,0.003833333333333329,0.0016822191031821956
spikes_wide,4000,10,0.12,0.003958333333333338,0.0015771910365128786
spikes_wide,4000,10,0.125,0.004750000000000004,0.0015712256362470684
spikes_wide,4000,10,0.13,0.0049375,0.0015658297853427955
spikes_wide,4000,10,0.135,0.005395833333333326,0.001558656889923194
spikes_wide,4000,10,0.14,0.00516666666666665,0.0014349312798102125
spikes_wide,4000,10,0.145,0.005229166666666671,0.001363921739919951
spikes_wide,4000,10,0.15,0.0057291666666666715,0.001259982237929961
spikes_wide,4000,10,0.155,0.005875000000000005,0.0012167937874644676
spikes_wide,4000,10,0.16,0.00635416666666667,0.0013538169711649142
spikes_wide,4000,10,0.165,0.0064166666666666565,0.0015266984249707194
spikes_wide,4000,10,0.17,0.006958333333333316,0.0015056186855451229
spikes_wide,4000,10,0.17500000000000002,0.007479166666666645,0.0016085879646133732
spikes_wide,4000,10,0.18,0.007479166666666673,0.001712934951768427
spikes_wide,4000,10,0.185,0.007666666666666673,0.0017419548116000517
spikes_wide,4000,10,0.19,0.007479166666666664,0.0018305225526216715
spikes_wide,4000,10,0.195,0.007979166666666662,0.001799215510165526
spikes_wide,4000,10,0.2,0.00814583333333332,0.001899825134829332
spikes_wide,4000,10,0.20500000000000002,0.008791666666666647,0.001820504356246125
spikes_wide,4000,10,0.21,0.009125000000000008,0.0018274267800280377
spikes_wide,4000,10,0.215,0.008750000000000008,0.0016936266448427228
spikes_wide,4000,10,0.22,0.008812500000000001,0.0015838690281979896
spikes_wide,4000,10,0.225,0.009,0.001731503988042203
spikes_wide,4000,10,0.23,0.009395833333333319,0.0016940343000057447
spikes_wide,4000,10,0.23500000000000001,0.009166666666666644,0.001744399407512309
spikes_wide,4000,10,0.24,0.009520833333333338,0.001755796227189859
spikes_wide,4000,10,0.245,0.009708333333333333,0.001660262316501813
spikes_wide,4000,10,0.25,0.010104166666666659,0.0015878499176909364
spikes_wide,4000,10,0.255,0.0105,0.0016125690025170375
spikes_wide,4000,10,0.26,0.010708333333333328,0.0014104699589323074
spikes_wide,4000,10,0.265,0.011145833333333322,0.001523943478199723
spikes_wide,4000,10,0.27,0.011333333333333315,0.0015661951256842686
spikes_wide,4000,10,0.275,0.011333333333333301,0.0017915345264872679
spikes_wide,4000,10,0.28,0.011874999999999969,0.0017777827099047748
spikes_wide,4000,10,0.28500000000000003,0.012187499999999967,0.0019931523398877484
spikes_wide,4000,10,0.29,0.012250000000000016,0.0019919344944809374
spikes_wide,4000,10,0.295,0.012916666666666679,0.0020045717948749247
spikes_wide,4000,10,0.3,0.01322916666666668,0.0018602852739580125
spikes_wide,4000,10,0.305,0.013458333333333336,0.0017658463647323294
spikes_wide,4000,10,0.31,0.01389583333333333,0.001720657229231047
spikes_wide,4000,10,0.315,0.013854166666666659,0.001588446190623106
spikes_wide,4000,10,0.32,0.014645833333333325,0.0016106470835592064
spikes_wide,4000,10,0.325,0.014833333333333323,0.0015869177927063773
spikes_wide,4000,10,0.33,0.014583333333333314,0.0015207944162725117
spikes_wide,4000,10,0.335,0.014541666666666639,0.0014531292426895796
spikes_wide,4000,10,0.34,0.014333333333333304,0.001500105215165142
spikes_wide,4000,10,0.34500000000000003,0.01410416666666664,0.001500775788441338
spikes_wide,4000,10,0.35000000000000003,0.014124999999999971,0.0015130430405061997
spikes_wide,4000,10,0.355,0.014208333333333356,0.0014747988220962743
spikes_wide,4000,10,0.36,0.014500000000000018,0.0015106942012521806
spikes_wide,4000,10,0.365,0.015354166666666674,0.001540014983365387
spikes_wide,4000,10,0.37,0.015770833333333335,0.0016530098618990014
spikes_wide,4000,10,0.375,0.01577083333333333,0.0016003249946132344
spikes_wide,4000,10,0.38,0.015999999999999997,0.0016491503781332283
spikes_wide,4000,10,0.385,0.016187499999999994,0.0017875105954337353
spikes_wide,4000,10,0.39,0.016999999999999987,0.001984074855015055
spikes_wide,4000,10,0.395,0.01731249999999999,0.0020113609613062145
spikes_wide,4000,10,0.4,0.017562499999999977,0.0019988455474916713
spikes_wide,4000,10,0.405,0.01752083333333331,0.0021185191577413665
spikes_wide,4000,10,0.41000000000000003,0.017812499999999967,0.002245813655954727
spikes_wide,4000,10,0.41500000000000004,0.017958333333333295,0.0022997104011794455
spikes_wide,4000,10,0.42,0.017958333333333354,0.002224568679110806
spikes_wide,4000,10,0.425,0.018833333333333344,0.002332927453876462
spikes_wide,4000,10,0.43,0.01885416666666667,0.0023875185096326247
spikes_wide,4000,10,0.435,0.01870833333333334,0.0023077260988849527
spikes_wide,4000,10,0.44,0.01847916666666666,0.0022660325956939506
spikes_wide,4000,10,0.445,0.0185625,0.002332276208043563
spikes_wide,4000,10,0.45,0.01837499999999999,0.0022389247622260737
spikes_wide,4000,10,0.455,0.018458333333333316,0.0020573761729862894
spikes_wide,4000,10,0.46,0.01929166666666665,0.002324489462790974
spikes_wide,4000,10,0.465,0.01908333333333331,0.0020826514035447398
spikes_wide,4000,10,0.47000000000000003,0.018229166666666644,0.0021023657159341593
spikes_wide,4000,10,0.47500000000000003,0.01799999999999997,0.002165063509461097
spikes_wide,4000,10,0.48,0.018020833333333347,0.0020874485870400116
spikes_wide,4000,10,0.485,0.01804166666666669,0.00223200576779603
spikes_wide,4000,10,0.49,0.01808333333333333,0.002251542681017712
spikes_wide,4000,10,0.495,0.017750000000000005,0.0022113686972442086
spikes_wide,4000,10,0.5,0.018291666666666668,0.0022592053555141518
spikes_wide,4000,10,0.505,0.018374999999999992,0.002136333413712719
spikes_wide,4000,10,0.51,0.018208333333333316,0.0020670194591354053
spikes_wide,4000,10,0.515,0.01779166666666664,0.002049536471369743
spikes_wide,4000,10,0.52,0.01756249999999999,0.001977411502444547
spikes_wide,4000,10,0.525,0.017645833333333315,0.0020184889556649605
spikes_wide,4000,10,0.53,0.017729166666666647,0.002187572148882335
spikes_wide,4000,10,0.535,0.017687499999999984,0.0020500658248855377
spikes_wide,4000,10,0.54,0.017124999999999974,0.00208155226897737
spikes_wide,4000,10,0.545,0.01729166666666664,0.002087306816803593
spikes_wide,4000,10,0.55,0.01722916666666664,0.0023595908281442805
spikes_wide,4000,10,0.555,0.01720833333333327,0.002404587104143696
spikes_wide,4000,10,0.56,0.016916666666666608,0.002481433582883622
spikes_wide,4000,10,0.5650000000000001,0.0167291666666666,0.0024924997973719085
spikes_wide,4000,10,0.5700000000000001,0.016645833333333287,0.0024418344005888225
spikes_wide,4000,10,0.5750000000000001,0.01668749999999995,0.0024867308846001517
spikes_wide,4000,10,0.58,0.016895833333333377,0.0024489983909114503
spikes_wide,4000,10,0.585,0.016583333333333367,0.002463047611264052
spikes_wide,4000,10,0.59,0.016833333333333367,0.0025521702984564413
spikes_wide,4000,10,0.595,0.01691666666666671,0.002512343266129989
spikes_wide,4000,10,0.6,0.01660416666666667,0.0025345077396455615
spikes_wide,4000,10,0.605,0.016375000000000018,0.0025536849488889237
spikes_wide,4000,10,0.61,0.01637500000000001,0.0024288161163976032
spikes_wide,4000,10,0.615,0.015770833333333345,0.002439700508921604
spikes_wide,4000,10,0.62,0.01564583333333333,0.002434843800084122
spikes_wide,4000,10,0.625,0.01564583333333334,0.0024155153344179127
spikes_wide,4000,10,0.63,0.015437500000000002,0.0023961626914588675
spikes_wide,4000,10,0.635,0.014999999999999977,0.0022630095274240717
spikes_wide,4000,10,0.64,0.015249999999999977,0.0024401937329944635
spikes_wide,4000,10,0.645,0.015062499999999979,0.002466273450947502
spikes_wide,4000,10,0.65,0.014916666666666642,0.0023513240413594095
spikes_wide,4000,10,0.655,0.014770833333333289,0.002271667208586166
spikes_wide,4000,10,0.66,0.014687499999999984,0.0022335520443563634
spikes_wide,4000,10,0.665,0.014541666666666639,0.0022074755337994642
spikes_wide,4000,10,0.67,0.014874999999999963,0.002200959673607967
spikes_wide,4000,10,0.675,0.01529166666666662,0.0021965092255161987
spikes_wide,4000,10,0.68,0.015020833333333289,0.0023487299786536194
spikes_wide,4000,10,0.685,0.014895833333333266,0.002336603160745978
spikes_wide,4000,10,0.6900000000000001,0.014812499999999932,0.0023476545758641227
spikes_wide,4000,10,0.6950000000000001,0.014645833333333266,0.0023940540164830017
spikes_wide,4000,10,0.7000000000000001,0.014687499999999937,0.0022774264865227053
spikes_wide,4000,10,0.705,0.01477083333333338,0.0024241247899963276
spikes_wide,4000,10,0.71,0.014812500000000043,0.00231454659641358
spikes_wide,4000,10,0.715,0.014395833333333366,0.0022484123888206176
spikes_wide,4000,10,0.72,0.014020833333333352,0.002177593006166455
spikes_wide,4000,10,0.725,0.01372916666666669,0.002255560959029703
spikes_wide,4000,10,0.73,0.013333333333333345,0.0022816240007521127
spikes_wide,4000,10,0.735,0.013083333333333344,0.0021314148570677886
spikes_wide,4000,10,0.74,0.013312500000000024,0.0021240249545557963
spikes_wide,4000,10,0.745,0.013395833333333329,0.002119859721750239
spikes_wide,4000,10,0.75,0.0129375,0.0021110560781636097
spikes_wide,4000,10,0.755,0.012291666666666664,0.002054382172603513
spikes_wide,4000,10,0.76,0.012520833333333333,0.002099435876009261
spikes_wide,4000,10,0.765,0.01239583333333332,0.0021236533909156368
spikes_wide,4000,10,0.77,0.012041666666666654,0.0020635806015249065
spikes_wide,4000,10,0.775,0.011833333333333307,0.0019292243430084957
spikes_wide,4000,10,0.78,0.011499999999999974,0.0018660138198195596
spikes_wide,4000,10,0.785,0.011520833333333286,0.0019705354057599524
spikes_wide,4000,10,0.79,0.011541666666666625,0.00199616899499157
spikes_wide,4000,10,0.795,0.011520833333333305,0.0020854061657774566
spikes_wide,4000,10,0.8,0.011270833333333305,0.0021625379514390373
spikes_wide,4000,10,0.805,0.011749999999999946,0.00197546503922801
spikes_wide,4000,10,0.81,0.011041666666666608,0.0019376730942555862
spikes_wide,4000,10,0.8150000000000001,0.010979166666666595,0.0018985785984373797
spikes_wide,4000,10,0.8200000000000001,0.010770833333333285,0.001969093183973711
spikes_wide,4000,10,0.8250000000000001,0.010270833333333257,0.001953400864356493
spikes_wide,4000,10,0.8300000000000001,0.010562499999999928,0.0018662992569967582
spikes_wide,4000,10,0.835,0.010000000000000028,0.0018402074981815602
spikes_wide,4000,10,0.84,0.0098541666666667,0.001771368011972211
spikes_wide,4000,10,0.845,0.009854166666666683,0.0018416113902303799
spikes_wide,4000,10,0.85,0.009229166666666677,0.0018574834141489357
spikes_wide,4000,10,0.855,0.008395833333333352,0.00189308408717392
spikes_wide,4000,10,0.86,0.0077916666666666785,0.0019902302414900198
spikes_wide,4000,10,0.865,0.007729166666666666,0.001958242663922951
spikes_wide,4000,10,0.87,0.007104166666666671,0.0019546124386572226
spikes_wide,4000,10,0.875,0.007041666666666659,0.0017685256799967837
spikes_wide,4000,10,0.88,0.006562499999999989,0.001661770744590171
spikes_wide,4000,10,0.885,0.0057291666666666645,0.001714868781239157
spikes_wide,4000,10,0.89,0.0050416666666666665,0.0015481028631029277
spikes_wide,4000,10,0.895,0.004312499999999987,0.001425260808137281
spikes_wide,4000,10,0.9,0.003479166666666672,0.0013698105699237193
spikes_wide,4000,10,0.905,0.003187499999999973,0.001259856969395072
spikes_wide,4000,10,0.91,0.002812499999999968,0.001130719886674505
spikes_wide,4000,10,0.915,0.002916666666666623,0.0011466078649475602
spikes_wide,4000,10,0.92,0.0022083333333332844,0.001235458345405595
spikes_wide,4000,10,0.925,0.0022916666666666177,0.00117092027607745
spikes_wide,4000,10,0.93,0.002062499999999958,0.0011859040311981927
spikes_wide,4000,10,0.935,0.0017708333333332678,0.0011776237362338617
spikes_wide,4000,10,0.9400000000000001,0.0018124999999999207,0.0011782936590552064
spikes_wide,4000,10,0.9450000000000001,0.0016874999999999345,0.001152699811772605
spikes_wide,4000,10,0.9500000000000001,0.0019166666666665944,0.0011049704050152625
spikes_wide,4000,10,0.9550000000000001,0.0014999999999999274,0.0009509763722648731
spikes_wide,4000,10,0.96,0.0015000000000000475,0.0007537783614444107
spikes_wide,4000,10,0.965,0.001437500000000036,0.0006970751937614569
spikes_wide,4000,10,0.97,0.000958333333333348,0.0006504902968243417
spikes_wide,4000,10,0.975,0.0007708333333333409,0.0006332473526166218
spikes_wide,4000,10,0.98,0.00043750000000000733,0.0006492456286827307
spikes_wide,4000,10,0.985,0.00014583333333334503,0.0003724132161126352
spikes_wide,4000,10,0.99,0.00029166666666669006,0.0003424418405239279
spikes_wide,4000,10,0.995,0.000416666666666667,0.00027061471362866085
spikes_wide,4000,10,1.0,0.0,0.0
spikes_wide,4000,18,0.0,0.0,0.0
spikes_wide,4000,18,0.005,-0.0010625000000000003,0.0003048301191075966
spikes_wide,4000,18,0.01,-0.0014374999999999998,0.0006039053771456707
spikes_wide,4000,18,0.015,-0.0017291666666666664,0.0005644606682131148
spikes_wide,4000,18,0.02,-0.0024375,0.0006528818689843399
spikes_wide,4000,18,0.025,-0.0025625000000000014,0.0005616576183966799
spikes_wide,4000,18,0.03,-0.002854166666666666,0.0006080725364592285
spikes_wide,4000,18,0.035,-0.002145833333333336,0.0006080725364592283
spikes_wide,4000,18,0.04,-0.0021875000000000015,0.0005505893880583102
spikes_wide,4000,18,0.045,-0.0022499999999999985,0.0006253786731640954
spikes_wide,4000,18,0.05,-0.001770833333333336,0.0008334043530343275
spikes_wide,4000,18,0.055,-0.0016458333333333349,0.0008755184250638378
spikes_wide,4000,18,0.06,-0.0014791666666666634,0.0011007307891587393
spikes_wide,4000,18,0.065,-0.0013750000000000019,0.0011041845338748794
spikes_wide,4000,18,0.07,-0.0018333333333333385,0.0012073533120847517
spikes_wide,4000,18,0.075,-0.0018124999999999981,0.001051300151039539
spikes_wide,4000,18,0.08,-0.0015000000000000013,0.0012534044547841412
spikes_wide,4000,18,0.085,-0.0017291666666666705,0.0012959210240230889
spikes_wide,4000,18,0.09,-0.0020624999999999984,0.0013114173023523407
spikes_wide,4000,18,0.095,-0.0020416666666666686,0.0015702710793446663
spikes_wide,4000,18,0.1,-0.002104166666666671,0.0015929111230572775
spikes_wide,4000,18,0.105,-0.001645833333333329,0.0015806770980765928
spikes_wide,4000,18,0.11,-0.0014166666666666679,0.0017356918685717993
spikes_wide,4000,18,0.115,-0.0010208333333333378,0.0017769724245116322
spikes_wide,4000,18,0.12,4.1666666666672486e-05,0.0018899237732477121
spikes_wide,4000,18,0.125,-0.00033333333333333245,0.001916913686321866
spikes_wide,4000,18,0.13,-4.166666666666902e-05,0.0019061387407504995
spikes_wide,4000,18,0.135,0.00012499999999999317,0.0018810508426747184
spikes_wide,4000,18,0.14,0.0007083333333333247,0.0020576063002597654
spikes_wide,4000,18,0.145,0.0007916666666666743,0.002034697443569605
spikes_wide,4000,18,0.15,0.0007083333333333339,0.0018944279672851985
spikes_wide,4000,18,0.155,0.0008958333333333341,0.0019102639268441489
spikes_wide,4000,18,0.16,0.0011249999999999986,0.0020692325835556732
spikes_wide,4000,18,0.165,0.0010208333333333295,0.0018995758929909383
spikes_wide,4000,18,0.17,0.0008541666666666581,0.0021394248229915248
spikes_wide,4000,18,0.17500000000000002,0.0009374999999999847,0.002151489309757312
spikes_wide,4000,18,0.18,0.0012500000000000011,0.0022135088010037866
spikes_wide,4000,18,0.185,0.0017499999999999992,0.0021842237370135265
spikes_wide,4000,18,0.19,0.0025,0.002154540659756844
spikes_wide,4000,18,0.195,0.0025208333333333285,0.002125436303991072
spikes_wide,4000,18,0.2,0.003333333333333325,0.00220608089817507
spikes_wide,4000,18,0.20500000000000002,0.0038124999999999847,0.0023407872688219204
spikes_wide,4000,18,0.21,0.004083333333333337,0.0022437483293936008
spikes_wide,4000,18,0.215,0.004666666666666669,0.002308444095362533
spikes_wide,4000,18,0.22,0.005229166666666669,0.002323394348900989
spikes_wide,4000,18,0.225,0.005208333333333326,0.002620185580211345
spikes_wide,4000,18,0.23,0.005124999999999993,0.0026007174126779042
spikes_wide,4000,18,0.23500000000000001,0.005270833333333319,0.0026778514845361215
spikes_wide,4000,18,0.24,0.0054166666666666695,0.0027431618378591636
spikes_wide,4000,18,0.245,0.005520833333333333,0.0028191139964087097
spikes_wide,4000,18,0.25,0.005791666666666665,0.002868459842613606
spikes_wide,4000,18,0.255,0.00535416666666666,0.0029821848453810184
spikes_wide,4000,18,0.26,0.005541666666666657,0.0028701100267509915
spikes_wide,4000,18,0.265,0.005708333333333325,0.0029301905081651988
spikes_wide,4000,18,0.27,0.0053124999999999934,0.002945226781668017
spikes_wide,4000,18,0.275,0.005354166666666646,0.0030392723556832172
spikes_wide,4000,18,0.28,0.004999999999999972,0.003169307112880916
spikes_wide,4000,18,0.28500000000000003,0.005062499999999974,0.003216924497046357
spikes_wide,4000,18,0.29,0.004812500000000021,0.003226330621666513
spikes_wide,4000,18,0.295,0.004875000000000014,0.0032789358722831808
spikes_wide,4000,18,0.3,0.005312500000000012,0.003158850751172303
spikes_wide,4000,18,0.305,0.004833333333333342,0.003211652159864077
spikes_wide,4000,18,0.31,0.005916666666666672,0.0031995402921057388
spikes_wide,4000,18,0.315,0.006041666666666672,0.003212020706689485
spikes_wide,4000,18,0.32,0.00633333333333332,0.0031459650283491665
spikes_wide,4000,18,0.325,0.005729166666666656,0.0031678812961608367
spikes_wide,4000,18,0.33,0.006770833333333314,0.0031091961492392905
spikes_wide,4000,18,0.335,0.007270833333333305,0.0031429723092748813
spikes_wide,4000,18,0.34,0.0076666666666666316,0.003265744690547375
spikes_wide,4000,18,0.34500000000000003,0.0077083333333333075,0.003152805588806278
spikes_wide,4000,18,0.35000000000000003,0.008333333333333295,0.003118149055987147
spikes_wide,4000,18,0.355,0.008062500000000014,0.0033021923674762164
spikes_wide,4000,18,0.36,0.008354166666666685,0.0032519601218093646
spikes_wide,4000,18,0.365,0.00783333333333334,0.0033540078543242407
spikes_wide,4000,18,0.37,0.007937500000000005,0.003394113247204412
spikes_wide,4000,18,0.375,0.007875000000000007,0.003443469334930406
spikes_wide,4000,18,0.38,0.007874999999999988,0.00346403327281242
spikes_wide,4000,18,0.385,0.007854166666666657,0.003528624605074243
spikes_wide,4000,18,0.39,0.00764583333333332,0.0034316180162710366
spikes_wide,4000,18,0.395,0.007687499999999986,0.0033222056211790877
spikes_wide,4000,18,0.4,0.007833333333333312,0.003398324750683947
spikes_wide,4000,18,0.405,0.008749999999999985,0.003486717219634676
spikes_wide,4000,18,0.41000000000000003,0.008749999999999975,0.0035544999222070204
spikes_wide,4000,18,0.41500000000000004,0.009270833333333298,0.0034748090111747757
spikes_wide,4000,18,0.42,0.009125000000000017,0.0034136396420917955
spikes_wide,4000,18,0.425,0.008604166666666677,0.0034813434489570183
spikes_wide,4000,18,0.43,0.008770833333333339,0.0033792002950163193
spikes_wide,4000,18,0.435,0.0085625,0.00338810936037767
spikes_wide,4000,18,0.44,0.0085625,0.0035079893932754907
spikes_wide,4000,18,0.445,0.008541666666666661,0.003377010250550512
spikes_wide,4000,18,0.45,0.008749999999999985,0.0031577825937025637
spikes_wide,4000,18,0.455,0.009062499999999982,0.003164691120214361
spikes_wide,4000,18,0.46,0.008749999999999985,0.0032090957378279428
spikes_wide,4000,18,0.465,0.008604166666666644,0.00325064945919514
spikes_wide,4000,18,0.47000000000000003,0.00847916666666664,0.003221973905226359
spikes_wide,4000,18,0.47500000000000003,0.008666666666666633,0.00308670986290869
spikes_wide,4000,18,0.48,0.008666666666666689,0.002942043284329568
spikes_wide,4000,18,0.485,0.009020833333333334,0.002768781992997543
spikes_wide,4000,18,0.49,0.009020833333333339,0.002870048161968749
spikes_wide,4000,18,0.495,0.008999999999999985,0.002748966748037917
spikes_wide,4000,18,0.5,0.009062499999999992,0.0025907990241107763
spikes_wide,4000,18,0.505,0.009312500000000001,0.0026140871646801443
spikes_wide,4000,18,0.51,0.009041666666666651,0.0025618917114925417
spikes_wide,4000,18,0.515,0.008958333333333318,0.0022512272186296462
spikes_wide,4000,18,0.52,0.009062499999999982,0.0024376942424547323
spikes_wide,4000,18,0.525,0.009166666666666637,0.0024078339106786677
spikes_wide,4000,18,0.53,0.009333333333333305,0.0023855097077263286
spikes_wide,4000,18,0.535,0.009145833333333298,0.00233781867324862
spikes_wide,4000,18,0.54,0.009104166666666608,0.0023446946749389047
spikes_wide,4000,18,0.545,0.009708333333333282,0.0022042558124838207
spikes_wide,4000,18,0.55,0.00972916666666663,0.0024110027017359
spikes_wide,4000,18,0.555,0.009208333333333282,0.002206188209138424
spikes_wide,4000,18,0.56,0.009229166666666613,0.0023325468777430137
spikes_wide,4000,18,0.5650000000000001,0.009229166666666594,0.00233518426316411
spikes_wide,4000,18,0.5700000000000001,0.00893749999999996,0.002088053365232937
spikes_wide,4000,18,0.5750000000000001,0.008645833333333288,0.002054065244284557
spikes_wide,4000,18,0.58,0.008375000000000058,0.0018380191495029042
spikes_wide,4000,18,0.585,0.00835416666666669,0.001912988483203358
spikes_wide,4000,18,0.59,0.00889583333333338,0.001986569091436417
spikes_wide,4000,18,0.595,0.0091041666666667,0.0020083769484764845
spikes_wide,4000,18,0.6,0.009250000000000036,0.0019096544983400333
spikes_wide,4000,18,0.605,0.008729166666666704,0.0019351362250746025
spikes_wide,4000,18,0.61,0.008500000000000027,0.0018872077337439607
spikes_wide,4000,18,0.615,0.008145833333333324,0.002023174994428505
spikes_wide,4000,18,0.62,0.007541666666666678,0.001981886090255306
spikes_wide,4000,18,0.625,0.007854166666666662,0.0019414874250731524
spikes_wide,4000,18,0.63,0.008479166666666657,0.0020494498368680268
spikes_wide,4000,18,0.635,0.008666666666666675,0.002144481407019075
spikes_wide,4000,18,0.64,0.008624999999999994,0.0020849614850014346
spikes_wide,4000,18,0.645,0.009208333333333327,0.002136850497930314
spikes_wide,4000,18,0.65,0.009041666666666634,0.0021414986374362756
spikes_wide,4000,18,0.655,0.00943749999999996,0.0019096854909231525
spikes_wide,4000,18,0.66,0.00993749999999998,0.0018190191017205496
spikes_wide,4000,18,0.665,0.009479166666666641,0.0018564635076000087
spikes_wide,4000,18,0.67,0.00941666666666662,0.001617943107463885
spikes_wide,4000,18,0.675,0.009374999999999958,0.0013842662972918822
spikes_wide,4000,18,0.68,0.009437499999999951,0.0015122996361151264
spikes_wide,4000,18,0.685,0.009395833333333298,0.0016371799748964746
spikes_wide,4000,18,0.6900000000000001,0.009187499999999932,0.0015829719483913638
spikes_wide,4000,18,0.6950000000000001,0.009791666666666615,0.0014178359701967822
spikes_wide,4000,18,0.7000000000000001,0.010791666666666607,0.001424166866145351
spikes_wide,4000,18,0.705,0.010416666666666732,0.001423668082131789
spikes_wide,4000,18,0.71,0.009937500000000035,0.0013343243239614323
spikes_wide,4000,18,0.715,0.009958333333333366,0.0013345756523019485
spikes_wide,4000,18,0.72,0.009937500000000016,0.001231732043001877
spikes_wide,4000,18,0.725,0.010500000000000018,0.001342769638854821
spikes_wide,4000,18,0.73,0.01031250000000003,0.0013820840242184983
spikes_wide,4000,18,0.735,0.01004166666666669,0.0014228363868830371
spikes_wide,4000,18,0.74,0.010166666666666666,0.0013673455446169547
spikes_wide,4000,18,0.745,0.010083333333333333,0.0013876256881828984
spikes_wide,4000,18,0.75,0.010062499999999993,0.001415928394975175
spikes_wide,4000,18,0.755,0.009916666666666666,0.0013450010326307496
spikes_wide,4000,18,0.76,0.009645833333333317,0.0013190971765230616
spikes_wide,4000,18,0.765,0.00954166666666667,0.0013018901371824466
spikes_wide,4000,18,0.77,0.009854166666666655,0.0013767063562772311
spikes_wide,4000,18,0.775,0.009812499999999993,0.0013182593694533347
spikes_wide,4000,18,0.78,0.009624999999999967,0.0013621993691130979
spikes_wide,4000,18,0.785,0.009270833333333303,0.0012022935520718486
spikes_wide,4000,18,0.79,0.009083333333333296,0.0012100953714814441
spikes_wide,4000,18,0.795,0.009062499999999965,0.0012888379338369033
spikes_wide,4000,18,0.8,0.00918749999999996,0.001475213453995212
spikes_wide,4000,18,0.805,0.008833333333333285,0.0013172562929871063
spikes_wide,4000,18,0.81,0.008770833333333264,0.0014136973114439466
spikes_wide,4000,18,0.8150000000000001,0.008249999999999933,0.0013895579196712962
spikes_wide,4000,18,0.8200000000000001,0.007895833333333269,0.0014346425266570535
spikes_wide,4000,18,0.8250000000000001,0.007687499999999949,0.0012877353418331153
spikes_wide,4000,18,0.8300000000000001,0.007979166666666601,0.00112666473350202
spikes_wide,4000,18,0.835,0.008000000000000035,0.0012556689633237527
spikes_wide,4000,18,0.84,0.008333333333333368,0.0012512619892159121
spikes_wide,4000,18,0.845,0.008208333333333373,0.0012075493799636142
spikes_wide,4000,18,0.85,0.008458333333333354,0.0012589954108115113
spikes_wide,4000,18,0.855,0.008520833333333366,0.0013555645465631674
spikes_wide,4000,18,0.86,0.008708333333333337,0.0011817878298355693
spikes_wide,4000,18,0.865,0.008729166666666685,0.0012421946965517953
spikes_wide,4000,18,0.87,0.008791666666666661,0.0012732063041507786
spikes_wide,4000,18,0.875,0.008937499999999978,0.0012162586229411852
spikes_wide,4000,18,0.88,0.008604166666666654,0.0012440990766921507
spikes_wide,4000,18,0.885,0.008583333333333332,0.0011803847172884264
spikes_wide,4000,18,0.89,0.008666666666666656,0.0012554175529771953
spikes_wide,4000,18,0.895,0.007937499999999978,0.0012088393663495405
spikes_wide,4000,18,0.9,0.00727083333333331,0.0012863864459733028
spikes_wide,4000,18,0.905,0.0061874999999999665,0.0012748013065619795
spikes_wide,4000,18,0.91,0.006020833333333309,0.0011412788270668654
spikes_wide,4000,18,0.915,0.0056041666666666505,0.0010622028699211283
spikes_wide,4000,18,0.92,0.0051458333333333035,0.0009873529490306847
spikes_wide,4000,18,0.925,0.004520833333333289,0.0009234212229803405
spikes_wide,4000,18,0.93,0.004333333333333272,0.0009551164718229268
spikes_wide,4000,18,0.935,0.004104166666666613,0.0008931867176723249
spikes_wide,4000,18,0.9400000000000001,0.003979166666666599,0.0007565736743685174
spikes_wide,4000,18,0.9450000000000001,0.0036041666666665937,0.0009305720449315493
spikes_wide,4000,18,0.9500000000000001,0.0032499999999999287,0.000927280154456296
spikes_wide,4000,18,0.9550000000000001,0.002687499999999935,0.0007995767109331471
spikes_wide,4000,18,0.96,0.002479166666666708,0.0007232989012193066
spikes_wide,4000,18,0.965,0.0018125000000000409,0.000681273456643708
spikes_wide,4000,18,0.97,0.0016041666666666659,0.0006384598636365056
spikes_wide,4000,18,0.975,0.0008541666666666928,0.0005882839171452122
spikes_wide,4000,18,0.98,0.0006875000000000075,0.0005010642083696393
spikes_wide,4000,18,0.985,0.0007708333333333409,0.00047519765956553696
spikes_wide,4000,18,0.99,0.00039583333333336374,0.00037113964196564285
spikes_wide,4000,18,0.995,6.249999999999312e-05,0.00026134304925507054
spikes_wide,4000,18,1.0,0.0,0.0
spikes_wide,4000,32,0.0,0.0,0.0
spikes_wide,4000,32,0.005,-0.0004791666666666668,0.0004474870208602523
spikes_wide,4000,32,0.01,-0.0008958333333333337,0.0005694713900991113
spikes_wide,4000,32,0.015,-0.0007291666666666665,0.0006856609931115721
spikes_wide,4000,32,0.02,-0.0007500000000000001,0.0007468367636338958
spikes_wide,4000,32,0.025,-0.0004375000000000015,0.0007145173461007004
spikes_wide,4000,32,0.03,-0.0004999999999999987,0.0007833494518006405
spikes_wide,4000,32,0.035,-0.0009583333333333365,0.0008364524958285304
spikes_wide,4000,32,0.04,-0.0009791666666666681,0.0009167312305086476
spikes_wide,4000,32,0.045,-0.0013124999999999983,0.0008252209300140983
spikes_wide,4000,32,0.05,-0.0011666666666666694,0.0009742583296689297
spikes_wide,4000,32,0.055,-0.001229166666666666,0.0011362894546494194
spikes_wide,4000,32,0.06,-0.0016041666666666641,0.0011033087004024933
spikes_wide,4000,32,0.065,-0.0016041666666666676,0.0010604183410714892
spikes_wide,4000,32,0.07,-0.001666666666666674,0.0010576799462440742
spikes_wide,4000,32,0.075,-0.0014374999999999978,0.0010289948942653901
spikes_wide,4000,32,0.08,-0.0016875000000000015,0.0010526504247216494
spikes_wide,4000,32,0.085,-0.001979166666666673,0.0011561177579304022
spikes_wide,4000,32,0.09,-0.0017083333333333315,0.0010645961201272047
spikes_wide,4000,32,0.095,-0.0015833333333333348,0.0010898695594270256
spikes_wide,4000,32,0.1,-0.001812500000000005,0.00118030114608711
spikes_wide,4000,32,0.105,-0.0017083333333333302,0.001083114779819122
spikes_wide,4000,32,0.11,-0.001604166666666667,0.0010829508357382911
spikes_wide,4000,32,0.115,-0.001208333333333339,0.0011817878298355732
spikes_wide,4000,32,0.12,-0.0013333333333333311,0.0012171180150775283
spikes_wide,4000,32,0.125,-0.0013333333333333333,0.0013551715385846546
spikes_wide,4000,32,0.13,-0.00125,0.0014754942674688153
spikes_wide,4000,32,0.135,-0.0010000000000000033,0.0014021088013806528
spikes_wide,4000,32,0.14,-0.0004166666666666786,0.001468847380180331
spikes_wide,4000,32,0.145,-0.00043749999999999806,0.0014398038192332966
spikes_wide,4000,32,0.15,-0.0006249999999999983,0.0013897282817046275
spikes_wide,4000,32,0.155,-0.00022916666666666688,0.0013365698172047092
spikes_wide,4000,32,0.16,-4.1666666666666706e-05,0.0014350962555265297
spikes_wide,4000,32,0.165,-0.0005000000000000027,0.001575138281567878
spikes_wide,4000,32,0.17,-0.0006041666666666765,0.001677462666492087
spikes_wide,4000,32,0.17500000000000002,-0.00014583333333335427,0.0016664180685809083
spikes_wide,4000,32,0.18,0.00033333333333333826,0.0017427700579099562
spikes_wide,4000,32,0.185,0.0003958333333333337,0.0018073551152516397
spikes_wide,4000,32,0.19,0.0002916666666666669,0.0016364206289177239
spikes_wide,4000,32,0.195,0.00037500000000000033,0.001634007668466114
spikes_wide,4000,32,0.2,0.00010416666666665751,0.0017743058644171376
spikes_wide,4000,32,0.20500000000000002,0.0004791666666666486,0.0017920960549596707
spikes_wide,4000,32,0.21,0.0007500000000000053,0.00181664234067672
spikes_wide,4000,32,0.215,0.0006250000000000006,0.0018704490224153536
spikes_wide,4000,32,0.22,0.000833333333333334,0.0018666057890505908
spikes_wide,4000,32,0.225,0.0007708333333333294,0.0019095201913337052
spikes_wide,4000,32,0.23,0.0014166666666666587,0.0019047720508387769
spikes_wide,4000,32,0.23500000000000001,0.0017083333333333163,0.0019978286824561403
spikes_wide,4000,32,0.24,0.0016875000000000039,0.0019663661011976863
spikes_wide,4000,32,0.245,0.002041666666666664,0.0018205043562461228
spikes_wide,4000,32,0.25,0.002083333333333328,0.001922832637942094
spikes_wide,4000,32,0.255,0.0019374999999999855,0.0017546272698384124
spikes_wide,4000,32,0.26,0.002291666666666655,0.001596288703920012
spikes_wide,4000,32,0.265,0.002458333333333317,0.0016668087060686544
spikes_wide,4000,32,0.27,0.003041666666666651,0.0017663825529121153
spikes_wide,4000,32,0.275,0.00312499999999998,0.001785224499930333
spikes_wide,4000,32,0.28,0.0031874999999999634,0.0018192793798977684
spikes_wide,4000,32,0.28500000000000003,0.0032916666666666324,0.0018037821516206016
spikes_wide,4000,32,0.29,0.003479166666666686,0.0019353808873947634
spikes_wide,4000,32,0.295,0.003458333333333355,0.0018954274457283278
spikes_wide,4000,32,0.3,0.003562500000000019,0.0018917496811313617
spikes_wide,4000,32,0.305,0.003979166666666677,0.0018638451857014898
spikes_wide,4000,32,0.31,0.004416666666666666,0.0018310074778215338
spikes_wide,4000,32,0.315,0.004437499999999993,0.0016748261443016602
spikes_wide,4000,32,0.32,0.004604166666666659,0.0017181788536797687
spikes_wide,4000,32,0.325,0.004895833333333331,0.0018144146974835857
spikes_wide,4000,32,0.33,0.004479166666666655,0.0017668180859924134
spikes_wide,4000,32,0.335,0.004312499999999987,0.0018999912778906653
spikes_wide,4000,32,0.34,0.004562499999999979,0.0019360331690903875
spikes_wide,4000,32,0.34500000000000003,0.004749999999999972,0.0019360025982952762
spikes_wide,4000,32,0.35000000000000003,0.005291666666666635,0.0018126850306112265
spikes_wide,4000,32,0.355,0.005666666666666681,0.001914194716882645
spikes_wide,4000,32,0.36,0.00552083333333335,0.0020180197533095374
spikes_wide,4000,32,0.365,0.005229166666666678,0.002055217476634195
spikes_wide,4000,32,0.37,0.005208333333333343,0.00213950781416397
spikes_wide,4000,32,0.375,0.0053750000000000004,0.001950742865493228
spikes_wide,4000,32,0.38,0.005374999999999991,0.002011213827668769
spikes_wide,4000,32,0.385,0.005687499999999998,0.0020643357303442114
spikes_wide,4000,32,0.39,0.0053124999999999934,0.00210589113254252
spikes_wide,4000,32,0.395,0.00547916666666665,0.0018883259614983555
spikes_wide,4000,32,0.4,0.005208333333333315,0.0017366463821301237
spikes_wide,4000,32,0.405,0.005249999999999967,0.0017707107800729782
spikes_wide,4000,32,0.41000000000000003,0.005187499999999966,0.0017814078212912312
spikes_wide,4000,32,0.41500000000000004,0.004874999999999963,0.001707131876108066
spikes_wide,4000,32,0.42,0.005145833333333354,0.0018287110290523712
spikes_wide,4000,32,0.425,0.005416666666666685,0.001784384425446989
spikes_wide,4000,32,0.43,0.005437500000000007,0.0018257742753542785
spikes_wide,4000,32,0.435,0.0053958333333333315,0.0017256033017615884
spikes_wide,4000,32,0.44,0.005333333333333329,0.0017721363298903313
spikes_wide,4000,32,0.445,0.005291666666666657,0.0018352692946372693
spikes_wide,4000,32,0.45,0.005416666666666653,0.0018676201569122824
spikes_wide,4000,32,0.455,0.005458333333333319,0.0016829226171614484
spikes_wide,4000,32,0.46,0.0059166666666666395,0.0018699004726930738
spikes_wide,4000,32,0.465,0.006374999999999974,0.0018307919713676482
spikes_wide,4000,32,0.47000000000000003,0.006312499999999961,0.001622849684500955
spikes_wide,4000,32,0.47500000000000003,0.006729166666666633,0.0015782789141365616
spikes_wide,4000,32,0.48,0.00710416666666668,0.0017654776408963777
spikes_wide,4000,32,0.485,0.006708333333333348,0.001849660424745224
spikes_wide,4000,32,0.49,0.007000000000000024,0.001874368580551217
spikes_wide,4000,32,0.495,0.006791666666666672,0.0019638863886372675
spikes_wide,4000,32,0.5,0.00691666666666665,0.0020445634984000666
spikes_wide,4000,32,0.505,0.0067708333333333,0.002064870844274617
spikes_wide,4000,32,0.51,0.006562499999999989,0.002140457372888216
spikes_wide,4000,32,0.515,0.006604166666666661,0.002193192449076659
spikes_wide,4000,32,0.52,0.00679166666666665,0.002120836682142976
spikes_wide,4000,32,0.525,0.006729166666666629,0.0020641828151703166
spikes_wide,4000,32,0.53,0.0063124999999999805,0.002154787877136531
spikes_wide,4000,32,0.535,0.006437499999999957,0.0022678427625068137
spikes_wide,4000,32,0.54,0.005999999999999959,0.002308990990441359
spikes_wide,4000,32,0.545,0.005874999999999964,0.0022658323442217025
spikes_wide,4000,32,0.55,0.005687499999999966,0.002355909116488049
spikes_wide,4000,32,0.555,0.005499999999999959,0.002370510110043448
spikes_wide,4000,32,0.56,0.004645833333333284,0.0022810272999088206
spikes_wide,4000,32,0.5650000000000001,0.004187499999999937,0.0022470782797789977
spikes_wide,4000,32,0.5700000000000001,0.004083333333333263,0.0022921831373940325
spikes_wide,4000,32,0.5750000000000001,0.003958333333333268,0.0022617189203673177
spikes_wide,4000,32,0.58,0.004125000000000036,0.002394457773756523
spikes_wide,4000,32,0.585,0.004187500000000048,0.002362732472128088
spikes_wide,4000,32,0.59,0.003562500000000015,0.002207538092948379
spikes_wide,4000,32,0.595,0.003375000000000026,0.0021723773808545476
spikes_wide,4000,32,0.6,0.003479166666666681,0.0022460947450041757
spikes_wide,4000,32,0.605,0.00345833333333335,0.0020654153714363766
spikes_wide,4000,32,0.61,0.0035000000000000218,0.0020396170912178346
spikes_wide,4000,32,0.615,0.0032916666666666836,0.0019083730312134
spikes_wide,4000,32,0.62,0.003312500000000005,0.001897996601283798
spikes_wide,4000,32,0.625,0.003520833333333325,0.0018759993128242747
spikes_wide,4000,32,0.63,0.0036041666666666674,0.0020121454923347952
spikes_wide,4000,32,0.635,0.004104166666666668,0.0019231096418156886
spikes_wide,4000,32,0.64,0.004041666666666656,0.001791402376560746
spikes_wide,4000,32,0.645,0.003958333333333323,0.0017426342100105257
spikes_wide,4000,32,0.65,0.003812499999999978,0.0018394676127849714
spikes_wide,4000,32,0.655,0.0036874999999999734,0.0018796973986804526
spikes_wide,4000,32,0.66,0.0034166666666666325,0.0019351056401095614
spikes_wide,4000,32,0.665,0.0035416666666666097,0.002003744915618925
spikes_wide,4000,32,0.67,0.0032083333333332944,0.0019354726277912861
spikes_wide,4000,32,0.675,0.003291666666666637,0.002027237197903995
spikes_wide,4000,32,0.68,0.0035208333333332877,0.001787598888272631
spikes_wide,4000,32,0.685,0.0037291666666666168,0.0017463322856833947
spikes_wide,4000,32,0.6900000000000001,0.003791666666666619,0.0018121625426015411
spikes_wide,4000,32,0.6950000000000001,0.003895833333333265,0.0018250825877258819
spikes_wide,4000,32,0.7000000000000001,0.0034999999999999567,0.0017243795546470811
spikes_wide,4000,32,0.705,0.0029583333333333592,0.0017287216477367138
spikes_wide,4000,32,0.71,0.0029791666666666994,0.0017968454927309294
spikes_wide,4000,32,0.715,0.003520833333333362,0.0017809647786885866
spikes_wide,4000,32,0.72,0.004062500000000024,0.001757054234602146
spikes_wide,4000,32,0.725,0.003729166666666691,0.00179763584572582
spikes_wide,4000,32,0.73,0.003750000000000022,0.0017377820242010756
spikes_wide,4000,32,0.735,0.0033125000000000147,0.0018520374223099185
spikes_wide,4000,32,0.74,0.003333333333333336,0.0019050206128421573
spikes_wide,4000,32,0.745,0.003479166666666681,0.001956791381988958
spikes_wide,4000,32,0.75,0.00339583333333332,0.002116506719678546
spikes_wide,4000,32,0.755,0.003145833333333329,0.00201355687789172
spikes_wide,4000,32,0.76,0.003291666666666674,0.0020094081117572804
spikes_wide,4000,32,0.765,0.003583333333333318,0.0018726837545203524
spikes_wide,4000,32,0.77,0.003541666666666665,0.0017583225620810452
spikes_wide,4000,32,0.775,0.003562499999999987,0.001644874097143771
spikes_wide,4000,32,0.78,0.0038333333333332997,0.0015994001400777772
spikes_wide,4000,32,0.785,0.0038124999999999596,0.0017061955397014064
spikes_wide,4000,32,0.79,0.0035833333333332995,0.0017335081496925554
spikes_wide,4000,32,0.795,0.0032708333333332875,0.0016018036511597472
spikes_wide,4000,32,0.8,0.0031874999999999634,0.001736180554166727
spikes_wide,4000,32,0.805,0.0031666666666666232,0.0015955469914797878
spikes_wide,4000,32,0.81,0.0026666666666666137,0.0016032440282568946
spikes_wide,4000,32,0.8150000000000001,0.0025624999999999307,0.0015928120383127242
spikes_wide,4000,32,0.8200000000000001,0.0023333333333332615,0.001392054473275264
spikes_wide,4000,32,0.8250000000000001,0.0023541666666665926,0.0016313855694662202
spikes_wide,4000,32,0.8300000000000001,0.0029791666666665975,0.0015139685249186837
spikes_wide,4000,32,0.835,0.0026666666666667247,0.0014309661566277985
spikes_wide,4000,32,0.84,0.002458333333333359,0.0014789665891145635
spikes_wide,4000,32,0.845,0.0018750000000000433,0.0015574539732486074
spikes_wide,4000,32,0.85,0.001895833333333356,0.0016188573684216034
spikes_wide,4000,32,0.855,0.0015625000000000222,0.0015784789019620753
spikes_wide,4000,32,0.86,0.001895833333333356,0.0014708204566352004
spikes_wide,4000,32,0.865,0.0014374999999999989,0.0016457374348739383
spikes_wide,4000,32,0.87,0.0010000000000000102,0.0016911086555418248
spikes_wide,4000,32,0.875,0.0007500000000000007,0.00172437955464708
spikes_wide,4000,32,0.88,0.0011041666666666468,0.0017302616102482867
spikes_wide,4000,32,0.885,0.001520833333333314,0.001712105499056351
spikes_wide,4000,32,0.89,0.0016249999999999876,0.0015932207231665254
spikes_wide,4000,32,0.895,0.001499999999999983,0.0015499877809880063
spikes_wide,4000,32,0.9,0.0018333333333333164,0.0015054614380362351
spikes_wide,4000,32,0.905,0.001999999999999965,0.0015084986515798368
spikes_wide,4000,32,0.91,0.002041666666666627,0.0013740814195216916
spikes_wide,4000,32,0.915,0.0021249999999999603,0.0013201885195958673
spikes_wide,4000,32,0.92,0.0018124999999999576,0.0013731478572531035
spikes_wide,4000,32,0.925,0.001854166666666629,0.0013151428418405535
spikes_wide,4000,32,0.93,0.0020208333333332864,0.0013580073739776846
spikes_wide,4000,32,0.935,0.002083333333333289,0.0012402396721781035
spikes_wide,4000,32,0.9400000000000001,0.0017916666666666081,0.0011636188544295093
spikes_wide,4000,32,0.9450000000000001,0.0017291666666665966,0.0010236124816678741
spikes_wide,4000,32,0.9500000000000001,0.0014583333333332653,0.0009880121098918395
spikes_wide,4000,32,0.9550000000000001,0.0013958333333332444,0.0009887905516591973
spikes_wide,4000,32,0.96,0.001458333333333367,0.000941887879621444
spikes_wide,4000,32,0.965,0.0009375000000000447,0.0008967138026925792
spikes_wide,4000,32,0.97,0.0009375000000000263,0.0008967138026925812
spikes_wide,4000,32,0.975,0.0006249999999999959,0.0009561899614743141
spikes_wide,4000,32,0.98,0.0011250000000000149,0.0008242880307124174
spikes_wide,4000,32,0.985,0.0008750000000000239,0.0005858980416006836
spikes_wide,4000,32,0.99,0.0003541666666666739,0.0004908811778914356
spikes_wide,4000,32,0.995,1.850371707708594e-17,0.0002500000000000011
spikes_wide,4000,32,1.0,0.0,0.0
spikes_wide,4000,56,0.0,0.0,0.0
spikes_wide,4000,56,0.005,-0.0006041666666666669,0.00028280643967779865
spikes_wide,4000,56,0.01,-0.00014583333333333383,0.0005686393359981741
spikes_wide,4000,56,0.015,0.0002083333333333338,0.000686609846133946
spikes_wide,4000,56,0.02,0.0006041666666666669,0.0007054028059817092
spikes_wide,4000,56,0.025,0.00037499999999999887,0.0006843073250751561
spikes_wide,4000,56,0.03,0.0003333333333333348,0.0006869545586547673
spikes_wide,4000,56,0.035,0.000979166666666664,0.0007471272845325146
spikes_wide,4000,56,0.04,0.001458333333333333,0.0008375838567998532
spikes_wide,4000,56,0.045,0.0013333333333333346,0.0008656608382436434
spikes_wide,4000,56,0.05,0.0013749999999999984,0.000887892038891707
spikes_wide,4000,56,0.055,0.0013333333333333329,0.0008749098077614469
spikes_wide,4000,56,0.06,0.0011458333333333362,0.0007920403822859774
spikes_wide,4000,56,0.065,0.0013750000000000001,0.0008722901762115359
spikes_wide,4000,56,0.07,0.001374999999999992,0.0010351310120565468
spikes_wide,4000,56,0.075,0.0013750000000000023,0.00108121879881414
spikes_wide,4000,56,0.08,0.0019791666666666673,0.0011105802867115567
spikes_wide,4000,56,0.085,0.0024374999999999905,0.0012325006146657754
spikes_wide,4000,56,0.09,0.002895833333333337,0.0013432837751216425
spikes_wide,4000,56,0.095,0.002625000000000001,0.0014392693327244944
spikes_wide,4000,56,0.1,0.0029999999999999944,0.001550903939740637
spikes_wide,4000,56,0.105,0.003020833333333337,0.0016138775339053601
spikes_wide,4000,56,0.11,0.003229166666666667,0.0015406297700563366
spikes_wide,4000,56,0.115,0.003145833333333327,0.001681691274559422
spikes_wide,4000,56,0.12,0.003979166666666672,0.0016342853402121448
spikes_wide,4000,56,0.125,0.00379166666666667,0.0017041708342543707
spikes_wide,4000,56,0.13,0.003979166666666668,0.001660725680343848
spikes_wide,4000,56,0.135,0.0038541666666666585,0.0016592995319919433
spikes_wide,4000,56,0.14,0.00472916666666665,0.0017727040030200267
spikes_wide,4000,56,0.145,0.00489583333333334,0.0017777716125997897
spikes_wide,4000,56,0.15,0.004625000000000004,0.0017609236987238483
spikes_wide,4000,56,0.155,0.004729166666666671,0.0016357332978567069
spikes_wide,4000,56,0.16,0.004750000000000002,0.0015502932273957371
spikes_wide,4000,56,0.165,0.0046041666666666635,0.0015800778933299127
spikes_wide,4000,56,0.17,0.004187499999999987,0.0016790613922935944
spikes_wide,4000,56,0.17500000000000002,0.004083333333333311,0.0015970300718850137
spikes_wide,4000,56,0.18,0.0037500000000000033,0.0017230060940112792
spikes_wide,4000,56,0.185,0.004020833333333337,0.0014333217714473795
spikes_wide,4000,56,0.19,0.004479166666666669,0.0012674756935887894
spikes_wide,4000,56,0.195,0.0046875,0.0012983545092994358
spikes_wide,4000,56,0.2,0.004812499999999988,0.0015038224654445598
spikes_wide,4000,56,0.20500000000000002,0.005249999999999977,0.0014446872367821404
spikes_wide,4000,56,0.21,0.0057916666666666715,0.0016095810829611125
spikes_wide,4000,56,0.215,0.0057291666666666715,0.0015177168150903794
spikes_wide,4000,56,0.22,0.00591666666666667,0.001682781937894821
spikes_wide,4000,56,0.225,0.005854166666666667,0.0016501429957932901
spikes_wide,4000,56,0.23,0.006187499999999987,0.0016468878478309696
spikes_wide,4000,56,0.23500000000000001,0.006041666666666642,0.001678979142096756
spikes_wide,4000,56,0.24,0.006374999999999999,0.0018797918566273288
spikes_wide,4000,56,0.245,0.0065000000000000014,0.001962238208750098
spikes_wide,4000,56,0.25,0.006333333333333332,0.001872178011047696
spikes_wide,4000,56,0.255,0.006520833333333319,0.0020119101651481035
spikes_wide,4000,56,0.26,0.006187499999999989,0.001957194623805854
spikes_wide,4000,56,0.265,0.005937499999999989,0.001880452929402106
spikes_wide,4000,56,0.27,0.00547916666666665,0.0019097681353525834
spikes_wide,4000,56,0.275,0.0051874999999999795,0.00203523065664744
spikes_wide,4000,56,0.28,0.0057291666666666324,0.0019314625712504544
spikes_wide,4000,56,0.28500000000000003,0.005770833333333299,0.0019851385183076494
spikes_wide,4000,56,0.29,0.0056666666666666905,0.0020064605250001404
spikes_wide,4000,56,0.295,0.005020833333333354,0.002055908506075491
spikes_wide,4000,56,0.3,0.005291666666666681,0.0020573761729862925
spikes_wide,4000,56,0.305,0.004708333333333342,0.002105150909919605
spikes_wide,4000,56,0.31,0.005125000000000009,0.0019137411797393866
spikes_wide,4000,56,0.315,0.005125,0.0019090345410148766
spikes_wide,4000,56,0.32,0.005187499999999984,0.001999792839649937
spikes_wide,4000,56,0.325,0.004916666666666657,0.0020840150399814047
spikes_wide,4000,56,0.33,0.004729166666666664,0.0022584979113686537
spikes_wide,4000,56,0.335,0.004770833333333317,0.002166256881411487
spikes_wide,4000,56,0.34,0.00458333333333331,0.0022289276988876694
spikes_wide,4000,56,0.34500000000000003,0.00518749999999996,0.0023876507171212654
spikes_wide,4000,56,0.35000000000000003,0.005666666666666635,0.0023300843180651086
spikes_wide,4000,56,0.355,0.005333333333333352,0.002325405905699616
spikes_wide,4000,56,0.36,0.005354166666666692,0.002107089928591497
spikes_wide,4000,56,0.365,0.006041666666666681,0.002185704530106778
spikes_wide,4000,56,0.37,0.005666666666666667,0.0020151728752570365
spikes_wide,4000,56,0.375,0.005770833333333332,0.0020299505361690276
spikes_wide,4000,56,0.38,0.005916666666666653,0.0020512683930197988
spikes_wide,4000,56,0.385,0.005958333333333329,0.0021010984981646896
spikes_wide,4000,56,0.39,0.00572916666666666,0.0020191925547684477
spikes_wide,4000,56,0.395,0.006020833333333318,0.0018191058652508069
spikes_wide,4000,56,0.4,0.00606249999999998,0.0018869881906938813
spikes_wide,4000,56,0.405,0.005687499999999975,0.0018538261519126177
spikes_wide,4000,56,0.41000000000000003,0.005624999999999963,0.001929756029484903
spikes_wide,4000,56,0.41500000000000004,0.005270833333333294,0.0018717037524321768
spikes_wide,4000,56,0.42,0.005479166666666683,0.001785478655088818
spikes_wide,4000,56,0.425,0.005645833333333346,0.0017732381176021339
spikes_wide,4000,56,0.43,0.005583333333333333,0.0017454847956132893
spikes_wide,4000,56,0.435,0.005625000000000001,0.0016732351625192731
spikes_wide,4000,56,0.44,0.0056249999999999955,0.0017711118319327349
spikes_wide,4000,56,0.445,0.00570833333333332,0.001777338763659894
spikes_wide,4000,56,0.45,0.0054374999999999936,0.0018376649070508111
spikes_wide,4000,56,0.455,0.005520833333333322,0.0019982137698960093
spikes_wide,4000,56,0.46,0.005604166666666646,0.0018858168627676937
spikes_wide,4000,56,0.465,0.005104166666666646,0.0019906167988588326
spikes_wide,4000,56,0.47000000000000003,0.0047916666666666385,0.001874326478358226
spikes_wide,4000,56,0.47500000000000003,0.0042916666666666286,0.0019410910838906057
spikes_wide,4000,56,0.48,0.00443750000000002,0.0020073550836407082
spikes_wide,4000,56,0.485,0.004437500000000015,0.0018708603291566488
spikes_wide,4000,56,0.49,0.004812500000000011,0.0019146378425649656
spikes_wide,4000,56,0.495,0.004833333333333338,0.0019213546094757018
spikes_wide,4000,56,0.5,0.00454166666666667,0.0019011642498875504
spikes_wide,4000,56,0.505,0.00404166666666667,0.001934738582816393
spikes_wide,4000,56,0.51,0.0044999999999999945,0.0018432925087265158
spikes_wide,4000,56,0.515,0.004437499999999993,0.0019586456069530193
spikes_wide,4000,56,0.52,0.004666666666666652,0.0020128219047402117
spikes_wide,4000,56,0.525,0.0043749999999999995,0.0019580109341323488
spikes_wide,4000,56,0.53,0.004020833333333316,0.0020466755965405825
spikes_wide,4000,56,0.535,0.003833333333333309,0.002149113042323938
spikes_wide,4000,56,0.54,0.003874999999999971,0.0021955749229812796
spikes_wide,4000,56,0.545,0.0038333333333332906,0.002262032919586485
spikes_wide,4000,56,0.55,0.003979166666666635,0.002085406165777456
spikes_wide,4000,56,0.555,0.0036666666666666146,0.0019620773365867736
spikes_wide,4000,56,0.56,0.0034791666666666075,0.0020933377213571028
spikes_wide,4000,56,0.5650000000000001,0.0033333333333332624,0.002081059365036966
spikes_wide,4000,56,0.5700000000000001,0.0033124999999999314,0.0021585201598092645
spikes_wide,4000,56,0.5750000000000001,0.003729166666666598,0.0022325625507316226
spikes_wide,4000,56,0.58,0.004250000000000059,0.002218850029755381
spikes_wide,4000,56,0.585,0.004500000000000032,0.002189420152931047
spikes_wide,4000,56,0.59,0.00466666666666668,0.0022204143529958335
spikes_wide,4000,56,0.595,0.005166666666666708,0.0024225372791118957
spikes_wide,4000,56,0.6,0.0051875000000000115,0.002430302115213689
spikes_wide,4000,56,0.605,0.005020833333333345,0.0025142507343243452
spikes_wide,4000,56,0.61,0.0051875000000000115,0.002409365603978853
spikes_wide,4000,56,0.615,0.004854166666666678,0.0025959719550515442
spikes_wide,4000,56,0.62,0.004687500000000011,0.0023739281871781193
spikes_wide,4000,56,0.625,0.0046666666666666705,0.0023801446140599026
spikes_wide,4000,56,0.63,0.004583333333333328,0.002235503242555184
spikes_wide,4000,56,0.635,0.004166666666666661,0.0023434574733271663
spikes_wide,4000,56,0.64,0.0037708333333333253,0.002448031509233901
spikes_wide,4000,56,0.645,0.0035208333333333155,0.0024288079936878562
spikes_wide,4000,56,0.65,0.0037708333333333157,0.002377781133470203
spikes_wide,4000,56,0.655,0.004020833333333316,0.0023871218432339044
spikes_wide,4000,56,0.66,0.003958333333333286,0.002217747230361873
spikes_wide,4000,56,0.665,0.004395833333333293,0.0021782452133761163
spikes_wide,4000,56,0.67,0.0045416666666666106,0.0021069494799617625
spikes_wide,4000,56,0.675,0.003812499999999941,0.0020684601669167376
spikes_wide,4000,56,0.68,0.0036249999999999616,0.002063962979759611
spikes_wide,4000,56,0.685,0.0034999999999999476,0.002024471498560757
spikes_wide,4000,56,0.6900000000000001,0.003874999999999943,0.0018651255136902134
spikes_wide,4000,56,0.6950000000000001,0.0034999999999999567,0.0019525624189766632
spikes_wide,4000,56,0.7000000000000001,0.0035833333333332718,0.0019924890529843912
spikes_wide,4000,56,0.705,0.0043958333333333766,0.0017878637406274858
spikes_wide,4000,56,0.71,0.00422916666666671,0.0018191058652508082
spikes_wide,4000,56,0.715,0.004208333333333351,0.0018424789104229994
spikes_wide,4000,56,0.72,0.004104166666666677,0.0018790255607843162
spikes_wide,4000,56,0.725,0.004187500000000001,0.0017779491611677124
spikes_wide,4000,56,0.73,0.004083333333333346,0.0018490203521395496
spikes_wide,4000,56,0.735,0.003333333333333355,0.001697350133221627
spikes_wide,4000,56,0.74,0.0033750000000000078,0.0018271676624400594
spikes_wide,4000,56,0.745,0.003312500000000005,0.0018925004003041866
spikes_wide,4000,56,0.75,0.003458333333333332,0.001954945489952817
spikes_wide,4000,56,0.755,0.0029791666666666625,0.0020432024990245565
spikes_wide,4000,56,0.76,0.0028958333333333197,0.001951460780874912
spikes_wide,4000,56,0.765,0.0024374999999999722,0.0018428108162655981
spikes_wide,4000,56,0.77,0.0021874999999999902,0.0017914794652025526
spikes_wide,4000,56,0.775,0.002229166666666643,0.0017076749470398237
spikes_wide,4000,56,0.78,0.0014791666666666148,0.001700450679268957
spikes_wide,4000,56,0.785,0.0010833333333332973,0.0015467259327725474
spikes_wide,4000,56,0.79,0.0007499999999999637,0.0017108720973039832
spikes_wide,4000,56,0.795,0.0003541666666666092,0.001648994853775407
spikes_wide,4000,56,0.8,0.0006458333333332807,0.0015635097747237017
spikes_wide,4000,56,0.805,0.0006458333333332992,0.0016062314535344032
spikes_wide,4000,56,0.81,0.000520833333333276,0.0016226551652626462
spikes_wide,4000,56,0.8150000000000001,0.0007499999999999452,0.00163009109245372
spikes_wide,4000,56,0.8200000000000001,0.0004583333333332736,0.001705559462700754
spikes_wide,4000,56,0.8250000000000001,0.0006458333333332622,0.0017471454893943767
spikes_wide,4000,56,0.8300000000000001,0.0004583333333332551,0.0017322785980938965
spikes_wide,4000,56,0.835,0.000791666666666709,0.001708610472715983
spikes_wide,4000,56,0.84,0.0006041666666667019,0.0016487076933406947
spikes_wide,4000,56,0.845,0.0003958333333333545,0.0016729403702234079
spikes_wide,4000,56,0.85,0.0006875000000000168,0.001522285525023796
spikes_wide,4000,56,0.855,0.00035416666666668317,0.0016732233718246357
spikes_wide,4000,56,0.86,0.0006041666666666834,0.0015908290474091888
spikes_wide,4000,56,0.865,0.0008125000000000123,0.0014678128054415403
spikes_wide,4000,56,0.87,0.0010625000000000124,0.0013638060184867204
spikes_wide,4000,56,0.875,0.0011249999999999964,0.0013880237204330634
spikes_wide,4000,56,0.88,0.000770833333333304,0.001427031490984914
spikes_wide,4000,56,0.885,0.0013749999999999873,0.001455299875377143
spikes_wide,4000,56,0.89,0.001354166666666647,0.001510837846188253
spikes_wide,4000,56,0.895,0.0019374999999999993,0.0015969683043665984
spikes_wide,4000,56,0.9,0.00145833333333333,0.0014104699589323037
spikes_wide,4000,56,0.905,0.0008541666666666373,0.001343636212001606
spikes_wide,4000,56,0.91,0.0008124999999999568,0.0013865305103244584
spikes_wide,4000,56,0.915,0.0010416666666666259,0.0014195047329504326
spikes_wide,4000,56,0.92,0.0010208333333332948,0.0013569609864277107
spikes_wide,4000,56,0.925,0.0010416666666666075,0.001263125532602011
spikes_wide,4000,56,0.93,0.0007083333333332831,0.0012989773561217944
spikes_wide,4000,56,0.935,0.0005208333333332945,0.0011487222534871358
spikes_wide,4000,56,0.9400000000000001,0.00043749999999993333,0.0010183566120931982
spikes_wide,4000,56,0.9450000000000001,0.00022916666666659516,0.0008580381590134737
spikes_wide,4000,56,0.9500000000000001,0.0005208333333332852,0.0008115281678239628
spikes_wide,4000,56,0.9550000000000001,0.0007083333333332645,0.0007063251390260672
spikes_wide,4000,56,0.96,0.0011666666666666954,0.0005961789101681638
spikes_wide,4000,56,0.965,0.0012291666666667072,0.0005842457690791296
spikes_wide,4000,56,0.97,0.0007291666666666788,0.00048015379217643733
spikes_wide,4000,56,0.975,0.00039583333333334525,0.00042132809200325956
spikes_wide,4000,56,0.98,0.0006875000000000075,0.0005122782225243721
spikes_wide,4000,56,0.985,0.00016666666666666682,0.0003735240313824547
spikes_wide,4000,56,0.99,2.0833333333358794e-05,0.00025646624898548767
spikes_wide,4000,56,0.995,-0.0003333333333333151,0.000235031697840739
spikes_wide,4000,56,1.0,0.0,0.0
spikes_wide,4000,100,0.0,0.0,0.0
spikes_wide,4000,100,0.005,-0.0005625000000000002,0.00029375604442524007
spikes_wide,4000,100,0.01,-0.0005416666666666668,0.0006214545905219529
spikes_wide,4000,100,0.015,-0.0005833333333333328,0.0005324092372973971
spikes_wide,4000,100,0.02,-0.0005416666666666669,0.0007976251049715071
spikes_wide,4000,100,0.025,-0.0005208333333333346,0.000786039611089683
spikes_wide,4000,100,0.03,-0.0004999999999999984,0.0009559423400894835
spikes_wide,4000,100,0.035,-0.0005416666666666695,0.0010738953685654217
spikes_wide,4000,100,0.04,-0.00035416666666666816,0.0011416936238799278
spikes_wide,4000,100,0.045,-0.0005416666666666643,0.0012392848825843149
spikes_wide,4000,100,0.05,-0.0006458333333333363,0.0012893276720677316
spikes_wide,4000,100,0.055,-0.0008125000000000007,0.001350899321664175
spikes_wide,4000,100,0.06,-0.0004999999999999975,0.0012598099904831733
spikes_wide,4000,100,0.065,-2.083333333333393e-05,0.0014270314909849142
spikes_wide,4000,100,0.07,0.00014583333333332768,0.0013611417101281203
spikes_wide,4000,100,0.075,0.0007083333333333351,0.0014034027010855238
spikes_wide,4000,100,0.08,0.0008958333333333318,0.0014026011865045029
spikes_wide,4000,100,0.085,0.0007291666666666592,0.0014817252732384416
spikes_wide,4000,100,0.09,0.0008958333333333376,0.0015979562981533887
spikes_wide,4000,100,0.095,0.000979166666666664,0.0018057825711985497
spikes_wide,4000,100,0.1,0.0008124999999999938,0.00199006171862568
spikes_wide,4000,100,0.105,0.0010208333333333378,0.002154421619049128
spikes_wide,4000,100,0.11,0.0010624999999999999,0.0022498158594683143
spikes_wide,4000,100,0.115,0.0003541666666666635,0.0023912835586941184
spikes_wide,4000,100,0.12,-0.00010416666666666098,0.0024544058894571666
spikes_wide,4000,100,0.125,-6.249999999999774e-05,0.00240936560397885
spikes_wide,4000,100,0.13,6.250000000000006e-05,0.002358921853433483
spikes_wide,4000,100,0.135,0.00014583333333332651,0.0022770799543904616
spikes_wide,4000,100,0.14,-2.083333333334954e-05,0.002233198704105883
spikes_wide,4000,100,0.145,-2.08333333333241e-05,0.002342876520735597
spikes_wide,4000,100,0.15,0.0007291666666666719,0.002360393347527167
spikes_wide,4000,100,0.155,0.0006875000000000029,0.002348057909628657
spikes_wide,4000,100,0.16,0.0006041666666666649,0.0023708013791317343
spikes_wide,4000,100,0.165,0.0005208333333333292,0.002432703776488501
spikes_wide,4000,100,0.17,0.0003541666666666531,0.002412965752916413
spikes_wide,4000,100,0.17500000000000002,0.0007916666666666489,0.002392149671426319
spikes_wide,4000,100,0.18,0.0009166666666666721,0.002549571661390528
spikes_wide,4000,100,0.185,0.000875000000000003,0.002529653677338606
spikes_wide,4000,100,0.19,0.0005833333333333315,0.0026572394918734222
spikes_wide,4000,100,0.195,0.0006458333333333316,0.00262535321096481
spikes_wide,4000,100,0.2,0.001708333333333321,0.002564293225720246
spikes_wide,4000,100,0.20500000000000002,0.000916666666666649,0.002484103500665823
spikes_wide,4000,100,0.21,0.001187500000000008,0.002375124598007566
spikes_wide,4000,100,0.215,0.0012708333333333345,0.002293035059774173
spikes_wide,4000,100,0.22,0.0012291666666666677,0.0022946863713652252
spikes_wide,4000,100,0.225,0.0012499999999999987,0.0022085834621066312
spikes_wide,4000,100,0.23,0.001479166666666654,0.0024162992798070263
spikes_wide,4000,100,0.23500000000000001,0.002041666666666652,0.0023889806477561783
spikes_wide,4000,100,0.24,0.002187500000000004,0.002398532734882521
spikes_wide,4000,100,0.245,0.0015625000000000038,0.0026019232761264276
spikes_wide,4000,100,0.25,0.0014166666666666587,0.002658664603658664
spikes_wide,4000,100,0.255,0.001124999999999994,0.002679096268927608
spikes_wide,4000,100,0.26,0.000916666666666649,0.002747645916199554
spikes_wide,4000,100,0.265,0.0010624999999999895,0.002615173707945091
spikes_wide,4000,100,0.27,0.0012083333333333206,0.0025620765232738664
spikes_wide,4000,100,0.275,0.001499999999999992,0.002606627625066069
spikes_wide,4000,100,0.28,0.001937499999999967,0.00244196366742634
spikes_wide,4000,100,0.28500000000000003,0.0025624999999999676,0.0025576913492207755
spikes_wide,4000,100,0.29,0.0029791666666666764,0.002645475399315563
spikes_wide,4000,100,0.295,0.0028125000000000094,0.0025265868476038685
spikes_wide,4000,100,0.3,0.0027500000000000163,0.002524313588068863
spikes_wide,4000,100,0.305,0.002375000000000016,0.0027418094279861877
spikes_wide,4000,100,0.31,0.0026875000000000002,0.0027103066820207003
spikes_wide,4000,100,0.315,0.0036458333333333343,0.0028688931078277254
spikes_wide,4000,100,0.32,0.003333333333333318,0.002707196731198926
spikes_wide,4000,100,0.325,0.0036666666666666466,0.0028152273532532053
spikes_wide,4000,100,0.33,0.0035208333333333203,0.002803450649276585
spikes_wide,4000,100,0.335,0.0037499999999999803,0.002727178028658929
spikes_wide,4000,100,0.34,0.0034999999999999754,0.002654505889078325
spikes_wide,4000,100,0.34500000000000003,0.003979166666666635,0.0025440174796704305
spikes_wide,4000,100,0.35000000000000003,0.004374999999999967,0.0026188600631387375
spikes_wide,4000,100,0.355,0.004562500000000015,0.002656133018814454
spikes_wide,4000,100,0.36,0.004812500000000011,0.002645594716035538
spikes_wide,4000,100,0.365,0.00539583333333335,0.0025809724671647743
spikes_wide,4000,100,0.37,0.005708333333333343,0.0025920247243645606
spikes_wide,4000,100,0.375,0.006041666666666667,0.0025035643782334786
spikes_wide,4000,100,0.38,0.006354166666666665,0.002503304318820681
spikes_wide,4000,100,0.385,0.006624999999999992,0.002558501129627077
spikes_wide,4000,100,0.39,0.006895833333333328,0.00249059943445936
spikes_wide,4000,100,0.395,0.006833333333333312,0.002501388503300603
spikes_wide,4000,100,0.4,0.00666666666666665,0.0023797467185489377
spikes_wide,4000,100,0.405,0.006729166666666638,0.002493259536968996
spikes_wide,4000,100,0.41000000000000003,0.006791666666666636,0.002604961999761613
spikes_wide,4000,100,0.41500000000000004,0.006666666666666622,0.002639898796652185
spikes_wide,4000,100,0.42,0.006437500000000017,0.0026030148968129827
spikes_wide,4000,100,0.425,0.006187500000000017,0.0026506011682315193
spikes_wide,4000,100,0.43,0.00675000000000001,0.0026288752059549824
spikes_wide,4000,100,0.435,0.00610416666666667,0.0026556576136827414
spikes_wide,4000,100,0.44,0.005479166666666664,0.002558308348017367
spikes_wide,4000,100,0.445,0.005520833333333322,0.0024151232662980478
spikes_wide,4000,100,0.45,0.005854166666666656,0.0024264675216945303
spikes_wide,4000,100,0.455,0.005854166666666656,0.002381163917821567
spikes_wide,4000,100,0.46,0.006020833333333318,0.0021977214296455376
spikes_wide,4000,100,0.465,0.006541666666666644,0.0021507647805871625
spikes_wide,4000,100,0.47000000000000003,0.00604166666666664,0.002036558234974989
spikes_wide,4000,100,0.47500000000000003,0.00649999999999996,0.0020014199504806143
spikes_wide,4000,100,0.48,0.006458333333333348,0.0019398710646521733
spikes_wide,4000,100,0.485,0.006458333333333353,0.002024900234479703
spikes_wide,4000,100,0.49,0.006583333333333353,0.0020991821399215585
spikes_wide,4000,100,0.495,0.006645833333333341,0.0020404197645721243
spikes_wide,4000,100,0.5,0.006395833333333327,0.00223468235771865
spikes_wide,4000,100,0.505,0.006458333333333306,0.0022033964255396303
spikes_wide,4000,100,0.51,0.006520833333333319,0.0022969549864104784
spikes_wide,4000,100,0.515,0.006562499999999981,0.002120008620980184
spikes_wide,4000,100,0.52,0.00658333333333333,0.0019879688634433343
spikes_wide,4000,100,0.525,0.006645833333333305,0.0020801775340658526
spikes_wide,4000,100,0.53,0.006708333333333307,0.0019293470528925199
spikes_wide,4000,100,0.535,0.006708333333333298,0.0018906752174230738
spikes_wide,4000,100,0.54,0.006479166666666647,0.0019529160241737857
spikes_wide,4000,100,0.545,0.006749999999999969,0.0019254574426967683
spikes_wide,4000,100,0.55,0.006645833333333277,0.0020090840888978808
spikes_wide,4000,100,0.555,0.0065208333333332995,0.0020829071533786485
spikes_wide,4000,100,0.56,0.006333333333333274,0.002148672364343373
spikes_wide,4000,100,0.5650000000000001,0.006333333333333284,0.002271224250478051
spikes_wide,4000,100,0.5700000000000001,0.005833333333333274,0.002281001352852989
spikes_wide,4000,100,0.5750000000000001,0.006062499999999933,0.0022693037662096633
spikes_wide,4000,100,0.58,0.005791666666666713,0.002170269440517574
spikes_wide,4000,100,0.585,0.005666666666666709,0.002099633205100261
spikes_wide,4000,100,0.59,0.005583333333333366,0.002000315631659816
spikes_wide,4000,100,0.595,0.005625000000000019,0.0017753840813648325
spikes_wide,4000,100,0.6,0.005625000000000028,0.0017796460747899125
spikes_wide,4000,100,0.605,0.0052916666666666945,0.001807191372424532
spikes_wide,4000,100,0.61,0.006041666666666686,0.0018514514508210806
spikes_wide,4000,100,0.615,0.005979166666666674,0.0019453855496709886
spikes_wide,4000,100,0.62,0.005291666666666667,0.0018560490104770745
spikes_wide,4000,100,0.625,0.005729166666666646,0.002016376685262131
spikes_wide,4000,100,0.63,0.005395833333333322,0.0020833617422305497
spikes_wide,4000,100,0.635,0.0049166666666666525,0.002090593410513106
spikes_wide,4000,100,0.64,0.0045208333333333255,0.0018605397792581648
spikes_wide,4000,100,0.645,0.0043333333333333,0.001872936575045032
spikes_wide,4000,100,0.65,0.004291666666666638,0.0019256623548925985
spikes_wide,4000,100,0.655,0.004479166666666645,0.0019164504983500768
spikes_wide,4000,100,0.66,0.004645833333333303,0.002041811605863378
spikes_wide,4000,100,0.665,0.0046249999999999625,0.002109569645901528
spikes_wide,4000,100,0.67,0.004458333333333296,0.0021669944390768302
spikes_wide,4000,100,0.675,0.004708333333333296,0.0021988791336597932
spikes_wide,4000,100,0.68,0.004687499999999946,0.002217809499770604
spikes_wide,4000,100,0.685,0.0046666666666666246,0.0021849462004795194
spikes_wide,4000,100,0.6900000000000001,0.0047708333333332615,0.002031349550785084
spikes_wide,4000,100,0.6950000000000001,0.004437499999999928,0.002048217305069921
spikes_wide,4000,100,0.7000000000000001,0.0044999999999999485,0.0020684315533536736
spikes_wide,4000,100,0.705,0.004687500000000039,0.0021132977693929505
spikes_wide,4000,100,0.71,0.004666666666666698,0.002071938535026868
spikes_wide,4000,100,0.715,0.005145833333333377,0.002034842879175021
spikes_wide,4000,100,0.72,0.004979166666666711,0.0020269160252048735
spikes_wide,4000,100,0.725,0.00539583333333335,0.001957275262200026
spikes_wide,4000,100,0.73,0.005312499999999998,0.001997897806180137
spikes_wide,4000,100,0.735,0.005541666666666685,0.0020848100826713397
spikes_wide,4000,100,0.74,0.005041666666666657,0.0020736517464744583
spikes_wide,4000,100,0.745,0.005083333333333338,0.002058641554643507
spikes_wide,4000,100,0.75,0.005124999999999991,0.002167577023202443
spikes_wide,4000,100,0.755,0.004708333333333324,0.00199379561630473
spikes_wide,4000,100,0.76,0.004749999999999986,0.0020502679056280696
spikes_wide,4000,100,0.765,0.004270833333333325,0.001977730739070066
spikes_wide,4000,100,0.77,0.0046458333333333395,0.0018885766880287534
spikes_wide,4000,100,0.775,0.004499999999999967,0.0017295887582680636
spikes_wide,4000,100,0.78,0.004458333333333305,0.0018238823199898959
spikes_wide,4000,100,0.785,0.004229166666666627,0.0018610486854448377
spikes_wide,4000,100,0.79,0.004416666666666634,0.0018364298917940606
spikes_wide,4000,100,0.795,0.004374999999999962,0.0018263900891035694
spikes_wide,4000,100,0.8,0.004541666666666648,0.0018303608823387722
spikes_wide,4000,100,0.805,0.003874999999999943,0.00179843682124227
spikes_wide,4000,100,0.81,0.0037291666666666168,0.0018034211840753456
spikes_wide,4000,100,0.8150000000000001,0.004249999999999948,0.0016947445503405795
spikes_wide,4000,100,0.8200000000000001,0.0032291666666665977,0.0017957911476448448
spikes_wide,4000,100,0.8250000000000001,0.003749999999999911,0.0017320508075688783
spikes_wide,4000,100,0.8300000000000001,0.003624999999999943,0.0016892877735359922
spikes_wide,4000,100,0.835,0.0034166666666667067,0.0017332349913827439
spikes_wide,4000,100,0.84,0.002812500000000042,0.001749763241560165
spikes_wide,4000,100,0.845,0.0022708333333333517,0.001810234564716108
spikes_wide,4000,100,0.85,0.0021250000000000158,0.00209628549553439
spikes_wide,4000,100,0.855,0.0018750000000000249,0.0021068745701976286
spikes_wide,4000,100,0.86,0.0019166666666666776,0.0018714191395728572
spikes_wide,4000,100,0.865,0.0024791666666666803,0.0019299911517827234
spikes_wide,4000,100,0.87,0.002333333333333326,0.0018660983983496764
spikes_wide,4000,100,0.875,0.002250000000000011,0.0017366918220710547
spikes_wide,4000,100,0.88,0.002354166666666657,0.0017854786550888164
spikes_wide,4000,100,0.885,0.0025833333333333264,0.0016900817325284135
spikes_wide,4000,100,0.89,0.0023124999999999765,0.0016020007022470384
spikes_wide,4000,100,0.895,0.0024166666666666594,0.0014464341385530583
spikes_wide,4000,100,0.9,0.0026666666666666596,0.0016319296689638414
spikes_wide,4000,100,0.905,0.0027916666666666277,0.0016744609414508429
spikes_wide,4000,100,0.91,0.0029791666666666348,0.0016535826386755773
spikes_wide,4000,100,0.915,0.0027708333333333057,0.0016592995319919465
spikes_wide,4000,100,0.92,0.0027916666666666368,0.0015678569785061768
spikes_wide,4000,100,0.925,0.002229166666666634,0.0015023524272475433
spikes_wide,4000,100,0.93,0.001729166666666615,0.0014510505381072729
spikes_wide,4000,100,0.935,0.0015624999999999574,0.0014239313510223156
spikes_wide,4000,100,0.9400000000000001,0.000979166666666605,0.0014595098068401686
spikes_wide,4000,100,0.9450000000000001,0.0013333333333332882,0.0013254978100489046
spikes_wide,4000,100,0.9500000000000001,0.0016666666666665941,0.00122448711176096
spikes_wide,4000,100,0.9550000000000001,0.002020833333333268,0.001128764045406309
spikes_wide,4000,100,0.96,0.0017708333333333697,0.0009482131987069228
spikes_wide,4000,100,0.965,0.001625000000000043,0.0008402177748006188
spikes_wide,4000,100,0.97,0.0017291666666666705,0.0006574589033513455
spikes_wide,4000,100,0.975,0.0015000000000000107,0.0006699728624083465
spikes_wide,4000,100,0.98,0.0011458333333333643,0.0006660449278836965
spikes_wide,4000,100,0.985,0.0005208333333333407,0.0005703022302589951
spikes_wide,4000,100,0.99,0.0008958333333333642,0.0004453657984673332
spikes_wide,4000,100,0.995,0.0006250000000000144,0.0003175724684655058
spikes_wide,4000,100,1.0,0.0,0.0
spikes_wide,4000,178,0.0,0.0,0.0
spikes_wide,4000,178,0.005,0.00018749999999999992,0.00028224780912803515
spikes_wide,4000,178,0.01,0.00020833333333333302,0.0004844488172817192
spikes_wide,4000,178,0.015,0.0005833333333333338,0.0007186196082867079
spikes_wide,4000,178,0.02,0.0007916666666666662,0.0007844568023463592
spikes_wide,4000,178,0.025,0.0009583333333333319,0.0009493984006897861
spikes_wide,4000,178,0.03,0.0013541666666666676,0.0010724062849027836
spikes_wide,4000,178,0.035,0.0016666666666666635,0.0011109532716172955
spikes_wide,4000,178,0.04,0.0019999999999999996,0.001278463803543025
spikes_wide,4000,178,0.045,0.002416666666666668,0.0013488678380198871
spikes_wide,4000,178,0.05,0.0020624999999999966,0.0012751726710171804
spikes_wide,4000,178,0.055,0.001875,0.0011333862509927473
spikes_wide,4000,178,0.06,0.0021041666666666704,0.0013205321805616823
spikes_wide,4000,178,0.065,0.002270833333333331,0.0013266136305448823
spikes_wide,4000,178,0.07,0.0025833333333333285,0.0014464341385530537
spikes_wide,4000,178,0.075,0.003395833333333336,0.0013677350544944488
spikes_wide,4000,178,0.08,0.0033124999999999973,0.001320054019211472
spikes_wide,4000,178,0.085,0.0037708333333333287,0.0012229878083173714
spikes_wide,4000,178,0.09,0.004083333333333337,0.0011767690315161068
spikes_wide,4000,178,0.095,0.0036249999999999998,0.0011695715998914843
spikes_wide,4000,178,0.1,0.004291666666666659,0.001215366158402438
spikes_wide,4000,178,0.105,0.004895833333333336,0.0011421082700449425
spikes_wide,4000,178,0.11,0.004625,0.0011760311400742078
spikes_wide,4000,178,0.115,0.004333333333333329,0.0011827890340165897
spikes_wide,4000,178,0.12,0.004583333333333338,0.001115631587211406
spikes_wide,4000,178,0.125,0.004687500000000004,0.0011290436587366034
spikes_wide,4000,178,0.13,0.003979166666666668,0.0012399055794533695
spikes_wide,4000,178,0.135,0.0038124999999999943,0.0013585883521530918
spikes_wide,4000,178,0.14,0.004374999999999983,0.001336230280915816
spikes_wide,4000,178,0.145,0.004812500000000004,0.0012053090418492841
spikes_wide,4000,178,0.15,0.0050625000000000045,0.0011223137120171974
spikes_wide,4000,178,0.155,0.005354166666666671,0.001069311204477071
spikes_wide,4000,178,0.16,0.005541666666666671,0.000990405360333727
spikes_wide,4000,178,0.165,0.005624999999999994,0.0010337578551238668
spikes_wide,4000,178,0.17,0.0052916666666666485,0.0010690344222519653
spikes_wide,4000,178,0.17500000000000002,0.00495833333333331,0.001040757178716778
spikes_wide,4000,178,0.18,0.005270833333333338,0.0012307065341633343
spikes_wide,4000,178,0.185,0.005437500000000005,0.0011394796293736796
spikes_wide,4000,178,0.19,0.006083333333333339,0.0011787791150254592
spikes_wide,4000,178,0.195,0.006104166666666663,0.0011744027871925591
spikes_wide,4000,178,0.2,0.006312499999999985,0.0010958448553375125
spikes_wide,4000,178,0.20500000000000002,0.006833333333333312,0.0012523966922455031
spikes_wide,4000,178,0.21,0.006500000000000006,0.0012795743847313487
spikes_wide,4000,178,0.215,0.006375000000000006,0.0014177246495064497
spikes_wide,4000,178,0.22,0.006979166666666671,0.0015045569459263923
spikes_wide,4000,178,0.225,0.006645833333333333,0.0014890567780927073
spikes_wide,4000,178,0.23,0.006791666666666657,0.0015358202000457868
spikes_wide,4000,178,0.23500000000000001,0.006770833333333314,0.0016246964557209832
spikes_wide,4000,178,0.24,0.007000000000000002,0.0018445764069867422
spikes_wide,4000,178,0.245,0.006979166666666671,0.001965723884835851
spikes_wide,4000,178,0.25,0.007437500000000007,0.002130257533513476
spikes_wide,4000,178,0.255,0.007354166666666666,0.002203530726843043
spikes_wide,4000,178,0.26,0.007562499999999986,0.0021926886515707777
spikes_wide,4000,178,0.265,0.007437499999999986,0.002259476047134768
spikes_wide,4000,178,0.27,0.00764583333333332,0.002374792322126784
spikes_wide,4000,178,0.275,0.007124999999999983,0.002447459257716421
spikes_wide,4000,178,0.28,0.0071458333333333,0.0024524760086965833
spikes_wide,4000,178,0.28500000000000003,0.0068958333333333,0.002582806336764787
spikes_wide,4000,178,0.29,0.00687500000000002,0.002513881913043505
spikes_wide,4000,178,0.295,0.006083333333333348,0.0024291734887372392
spikes_wide,4000,178,0.3,0.005666666666666685,0.0024435547049246925
spikes_wide,4000,178,0.305,0.005875000000000015,0.0023589971225591636
spikes_wide,4000,178,0.31,0.0056249999999999955,0.002166047405676147
spikes_wide,4000,178,0.315,0.005333333333333329,0.0021234025487029996
spikes_wide,4000,178,0.32,0.0056458333333333265,0.0023698025932149037
spikes_wide,4000,178,0.325,0.0056458333333333265,0.0026047120641001175
spikes_wide,4000,178,0.33,0.004999999999999986,0.0025521084568955106
spikes_wide,4000,178,0.335,0.0055208333333333125,0.0026101597705461997
spikes_wide,4000,178,0.34,0.005208333333333315,0.0024889592060322987
spikes_wide,4000,178,0.34500000000000003,0.005291666666666635,0.0025793897073971327
spikes_wide,4000,178,0.35000000000000003,0.0053958333333332985,0.0023710010858263887
spikes_wide,4000,178,0.355,0.005666666666666677,0.0024398703186270317
spikes_wide,4000,178,0.36,0.006187500000000017,0.0024838731744937607
spikes_wide,4000,178,0.365,0.006166666666666677,0.0025004418801403074
spikes_wide,4000,178,0.37,0.006125000000000001,0.0024058994726977403
spikes_wide,4000,178,0.375,0.006166666666666658,0.0023709761234094666
spikes_wide,4000,178,0.38,0.006374999999999992,0.002361404467812759
spikes_wide,4000,178,0.385,0.006416666666666663,0.0025228751435413892
spikes_wide,4000,178,0.39,0.006374999999999982,0.002565154759345709
spikes_wide,4000,178,0.395,0.006312499999999985,0.002639682064475788
spikes_wide,4000,178,0.4,0.005833333333333315,0.0027024703438883416
spikes_wide,4000,178,0.405,0.005791666666666635,0.00282655718234224
spikes_wide,4000,178,0.41000000000000003,0.005833333333333306,0.0028670564393228504
spikes_wide,4000,178,0.41500000000000004,0.005333333333333297,0.0027795133466929894
spikes_wide,4000,178,0.42,0.005104166666666692,0.002898774939347636
spikes_wide,4000,178,0.425,0.004916666666666685,0.0028828669267192547
spikes_wide,4000,178,0.43,0.004875000000000004,0.0028039643202242967
spikes_wide,4000,178,0.435,0.004999999999999995,0.0028158439716588104
spikes_wide,4000,178,0.44,0.004833333333333333,0.002972941950052816
spikes_wide,4000,178,0.445,0.004541666666666662,0.0030584324152061705
spikes_wide,4000,178,0.45,0.004520833333333321,0.0032839800451386256
spikes_wide,4000,178,0.455,0.004479166666666655,0.0033977848083031033
spikes_wide,4000,178,0.46,0.004187499999999973,0.003466168333573354
spikes_wide,4000,178,0.465,0.004687499999999974,0.0034710825149739054
spikes_wide,4000,178,0.47000000000000003,0.004916666666666629,0.0036290251077008596
spikes_wide,4000,178,0.47500000000000003,0.0046874999999999695,0.0038373815498450137
spikes_wide,4000,178,0.48,0.004479166666666687,0.0036511541260292216
spikes_wide,4000,178,0.485,0.004291666666666689,0.0037135645771531806
spikes_wide,4000,178,0.49,0.004583333333333346,0.0036667957966242714
spikes_wide,4000,178,0.495,0.004854166666666659,0.003877926355109975
spikes_wide,4000,178,0.5,0.00474999999999999,0.003927250368202347
spikes_wide,4000,178,0.505,0.004979166666666673,0.003819489783936587
spikes_wide,4000,178,0.51,0.005520833333333322,0.003761404166066853
spikes_wide,4000,178,0.515,0.005541666666666653,0.0037702525502848307
spikes_wide,4000,178,0.52,0.005312499999999974,0.0036092427907702786
spikes_wide,4000,178,0.525,0.004458333333333296,0.0035468767381965196
spikes_wide,4000,178,0.53,0.004229166666666627,0.0035613479441488063
spikes_wide,4000,178,0.535,0.00433333333333331,0.0034494912521979082
spikes_wide,4000,178,0.54,0.004187499999999965,0.0036137003877499637
spikes_wide,4000,178,0.545,0.003895833333333293,0.0034664870564631136
spikes_wide,4000,178,0.55,0.003979166666666617,0.00344593776178282
spikes_wide,4000,178,0.555,0.0033541666666666212,0.003421115682438445
spikes_wide,4000,178,0.56,0.002937499999999945,0.0034398408008000127
spikes_wide,4000,178,0.5650000000000001,0.002708333333333266,0.0034797620158379676
spikes_wide,4000,178,0.5700000000000001,0.003312499999999959,0.003383494500938164
spikes_wide,4000,178,0.5750000000000001,0.0035624999999999316,0.003157951274164948
spikes_wide,4000,178,0.58,0.0033750000000000537,0.0030977600656349126
spikes_wide,4000,178,0.585,0.0035000000000000218,0.0029952614091412664
spikes_wide,4000,178,0.59,0.003708333333333369,0.0031831459170595547
spikes_wide,4000,178,0.595,0.0038125000000000333,0.0032984622507612523
spikes_wide,4000,178,0.6,0.003520833333333353,0.0032224147397643425
spikes_wide,4000,178,0.605,0.003791666666666684,0.0031852277006597977
spikes_wide,4000,178,0.61,0.003625000000000008,0.0029970787544884516
spikes_wide,4000,178,0.615,0.004250000000000022,0.0029224509742628206
spikes_wide,4000,178,0.62,0.0038541666666666676,0.0028607946708895235
spikes_wide,4000,178,0.625,0.0038541666666666494,0.003021303516177857
spikes_wide,4000,178,0.63,0.0038333333333333366,0.002847834991956897
spikes_wide,4000,178,0.635,0.0036041666666666583,0.002662601956600523
spikes_wide,4000,178,0.64,0.004145833333333321,0.002563485274982191
spikes_wide,4000,178,0.645,0.0035833333333333273,0.00253821797823798
spikes_wide,4000,178,0.65,0.0035208333333333064,0.00256533164562015
spikes_wide,4000,178,0.655,0.0034374999999999636,0.002265335992538613
spikes_wide,4000,178,0.66,0.0028958333333333106,0.002452282937088491
spikes_wide,4000,178,0.665,0.0032499999999999474,0.002342177502783563
spikes_wide,4000,178,0.67,0.003104166666666621,0.002310314965518551
spikes_wide,4000,178,0.675,0.0024791666666666157,0.002263105421536942
spikes_wide,4000,178,0.68,0.002874999999999952,0.0021851990062622915
spikes_wide,4000,178,0.685,0.002937499999999954,0.002195494051184807
spikes_wide,4000,178,0.6900000000000001,0.0027916666666666,0.0023085466480586045
spikes_wide,4000,178,0.6950000000000001,0.0033749999999999427,0.0023227913915125614
spikes_wide,4000,178,0.7000000000000001,0.0030416666666666183,0.002245119566679444
spikes_wide,4000,178,0.705,0.002833333333333373,0.002138733104650813
spikes_wide,4000,178,0.71,0.0027500000000000393,0.002029843627355359
spikes_wide,4000,178,0.715,0.002333333333333363,0.002019163243034152
spikes_wide,4000,178,0.72,0.002333333333333363,0.0019717064341900005
spikes_wide,4000,178,0.725,0.002000000000000011,0.00198097007151608
spikes_wide,4000,178,0.73,0.0018541666666666752,0.0020418116058633813
spikes_wide,4000,178,0.735,0.001645833333333337,0.0020227068790823056
spikes_wide,4000,178,0.74,0.0015208333333333417,0.002039723487771237
spikes_wide,4000,178,0.745,0.001645833333333337,0.001968852710965127
spikes_wide,4000,178,0.75,0.0012291666666666607,0.0017018423432007754
spikes_wide,4000,178,0.755,0.0009374999999999892,0.0015079100150991688
spikes_wide,4000,178,0.76,0.0008749999999999869,0.001389046708205223
spikes_wide,4000,178,0.765,0.0010624999999999756,0.001448982466903565
spikes_wide,4000,178,0.77,0.001520833333333314,0.0012995695431467836
spikes_wide,4000,178,0.775,0.0012916666666666539,0.0011137201061072188
spikes_wide,4000,178,0.78,0.001291666666666626,0.0010965827314291811
spikes_wide,4000,178,0.785,0.0017916666666666266,0.0010818025315055004
spikes_wide,4000,178,0.79,0.0017291666666666243,0.0013390472972010456
spikes_wide,4000,178,0.795,0.0016666666666666219,0.0013499204989685012
spikes_wide,4000,178,0.8,0.001270833333333295,0.0012475196350755333
spikes_wide,4000,178,0.805,0.0011666666666666121,0.001137902997765293
spikes_wide,4000,178,0.81,0.0009583333333332925,0.0011877823959808489
spikes_wide,4000,178,0.8150000000000001,0.0013333333333332698,0.0010025220721014115
spikes_wide,4000,178,0.8200000000000001,0.0014374999999999343,0.0010749052988590015
spikes_wide,4000,178,0.8250000000000001,0.0015208333333332584,0.0012345477998854592
spikes_wide,4000,178,0.8300000000000001,0.0017708333333332678,0.001139202577519144
spikes_wide,4000,178,0.835,0.001395833333333374,0.0009868732827788109
spikes_wide,4000,178,0.84,0.0011041666666667023,0.0010990088222640152
spikes_wide,4000,178,0.845,0.0012500000000000104,0.0008665719645228376
spikes_wide,4000,178,0.85,0.0008750000000000054,0.0007061016537684522
spikes_wide,4000,178,0.855,0.0009166666666666675,0.0006203106911341703
spikes_wide,4000,178,0.86,0.0011041666666666654,0.0005986556382698877
spikes_wide,4000,178,0.865,0.0011041666666666838,0.0005914945865852022
spikes_wide,4000,178,0.87,0.0011041666666666932,0.0006443653893952573
spikes_wide,4000,178,0.875,0.0007500000000000007,0.0006506116003772511
spikes_wide,4000,178,0.88,0.0009999999999999916,0.0005573204290227201
spikes_wide,4000,178,0.885,0.0006458333333333269,0.0007100858445044892
spikes_wide,4000,178,0.89,0.0011041666666666654,0.0007860396110896852
spikes_wide,4000,178,0.895,0.0012708333333333137,0.0008830572395852034
spikes_wide,4000,178,0.9,0.0011874999999999802,0.0008539818721019698
spikes_wide,4000,178,0.905,0.0010208333333333135,0.000856933803119752
spikes_wide,4000,178,0.91,0.0006666666666666395,0.0008656608382436444
spikes_wide,4000,178,0.915,0.0006041666666666279,0.000921367937505225
spikes_wide,4000,178,0.92,0.00031249999999997485,0.0008967138026925855
spikes_wide,4000,178,0.925,-8.333333333338892e-05,0.0009630155709535461
spikes_wide,4000,178,0.93,-0.0006250000000000422,0.000942725336779525
spikes_wide,4000,178,0.935,-0.0006041666666666926,0.001065762963535721
spikes_wide,4000,178,0.9400000000000001,-0.0009583333333333943,0.0009307628293203614
spikes_wide,4000,178,0.9450000000000001,-0.0007708333333334058,0.0010021087299119094
spikes_wide,4000,178,0.9500000000000001,-0.0006041666666667389,0.0009016285420159381
spikes_wide,4000,178,0.9550000000000001,-0.0006875000000000816,0.0009098186008010866
spikes_wide,4000,178,0.96,-0.0009166666666666027,0.0008590722033129982
spikes_wide,4000,178,0.965,-0.0007083333333332923,0.0006948357483403686
spikes_wide,4000,178,0.97,-0.000541666666666644,0.0006431702179772689
spikes_wide,4000,178,0.975,-0.00031249999999998407,0.0006847396375354076
spikes_wide,4000,178,0.98,-0.00024999999999998174,0.00045850547731436626
spikes_wide,4000,178,0.985,-0.0007708333333333225,0.0003419229452742961
spikes_wide,4000,178,0.99,-0.0006666666666666488,0.0004700633956814733
spikes_wide,4000,178,0.995,-0.0002916666666666438,0.0005372782605809815
spikes_wide,4000,178,1.0,0.0,0.0
spikes_wide,4000,316,0.0,0.0,0.0
spikes_wide,4000,316,0.005,-0.0002083333333333333,0.00034656503463610297
spikes_wide,4000,316,0.01,0.0001041666666666664,0.00045065013361730296
spikes_wide,4000,316,0.015,0.001583333333333334,0.0004955611042856451
spikes_wide,4000,316,0.02,0.002270833333333333,0.0006310002381180617
spikes_wide,4000,316,0.025,0.0027708333333333317,0.0007812058068308649
spikes_wide,4000,316,0.03,0.003562500000000002,0.0008206179535920328
spikes_wide,4000,316,0.035,0.0037083333333333304,0.0010502675224374355
spikes_wide,4000,316,0.04,0.004458333333333332,0.001207941420246642
spikes_wide,4000,316,0.045,0.005375000000000002,0.0013133565026413438
spikes_wide,4000,316,0.05,0.005854166666666663,0.0014203800485515247
spikes_wide,4000,316,0.055,0.005854166666666667,0.00140563608934054
spikes_wide,4000,316,0.06,0.00629166666666667,0.001453455044250274
spikes_wide,4000,316,0.065,0.005916666666666666,0.0015537507567629416
spikes_wide,4000,316,0.07,0.005666666666666659,0.0015598335834571618
spikes_wide,4000,316,0.075,0.005500000000000004,0.0015621590537108917
spikes_wide,4000,316,0.08,0.005541666666666664,0.001406099178219623
spikes_wide,4000,316,0.085,0.005729166666666659,0.0013075604501544401
spikes_wide,4000,316,0.09,0.00579166666666667,0.00138847847471521
spikes_wide,4000,316,0.095,0.0065625,0.0012374846953446008
spikes_wide,4000,316,0.1,0.0070416666666666605,0.0012931321110256518
spikes_wide,4000,316,0.105,0.007000000000000003,0.0013606343217689892
spikes_wide,4000,316,0.11,0.006187500000000001,0.0015297321636235026
spikes_wide,4000,316,0.115,0.006166666666666661,0.0016598344812210964
spikes_wide,4000,316,0.12,0.005916666666666673,0.0016906419496807135
spikes_wide,4000,316,0.125,0.006020833333333339,0.0015914242041249569
spikes_wide,4000,316,0.13,0.005624999999999998,0.0017118404502969092
spikes_wide,4000,316,0.135,0.005312499999999988,0.001757054234602144
spikes_wide,4000,316,0.14,0.005499999999999984,0.0018384055179651864
spikes_wide,4000,316,0.145,0.005750000000000008,0.0018353122928050183
spikes_wide,4000,316,0.15,0.004937500000000004,0.0018563784900943168
spikes_wide,4000,316,0.155,0.005270833333333338,0.0020397234877712386
spikes_wide,4000,316,0.16,0.005541666666666667,0.0017596684576385632
spikes_wide,4000,316,0.165,0.0053749999999999935,0.0015152320054377898
spikes_wide,4000,316,0.17,0.005333333333333315,0.0016076678635825112
spikes_wide,4000,316,0.17500000000000002,0.005229166666666646,0.0017277970114067977
spikes_wide,4000,316,0.18,0.00533333333333334,0.0016518278825396284
spikes_wide,4000,316,0.185,0.005375000000000005,0.001524888222431105
spikes_wide,4000,316,0.19,0.004937500000000002,0.0016031825001502106
spikes_wide,4000,316,0.195,0.004812499999999997,0.0017475971057252845
spikes_wide,4000,316,0.2,0.005208333333333322,0.0018134684803692961
spikes_wide,4000,316,0.20500000000000002,0.004833333333333312,0.0019228326379420945
spikes_wide,4000,316,0.21,0.00477083333333334,0.0019390471177223813
spikes_wide,4000,316,0.215,0.0047083333333333395,0.002067935522020047
spikes_wide,4000,316,0.22,0.004333333333333335,0.0022176404787361947
spikes_wide,4000,316,0.225,0.004374999999999994,0.002450359435600492
spikes_wide,4000,316,0.23,0.004166666666666659,0.002343659510037645
spikes_wide,4000,316,0.23500000000000001,0.004437499999999979,0.00235530610665803
spikes_wide,4000,316,0.24,0.004000000000000001,0.002536289642670006
spikes_wide,4000,316,0.245,0.00391666666666667,0.0027343447869903705
spikes_wide,4000,316,0.25,0.003979166666666656,0.0026919595370268655
spikes_wide,4000,316,0.255,0.0038541666666666564,0.0026716557850588445
spikes_wide,4000,316,0.26,0.004208333333333328,0.002543156542963922
spikes_wide,4000,316,0.265,0.004416666666666656,0.002633254218220829
spikes_wide,4000,316,0.27,0.004020833333333316,0.0026456543723776195
spikes_wide,4000,316,0.275,0.004208333333333314,0.0026688852040361788
spikes_wide,4000,316,0.28,0.0037708333333332927,0.0026345350513646035
spikes_wide,4000,316,0.28500000000000003,0.0035208333333332973,0.00274214759298568
spikes_wide,4000,316,0.29,0.004354166666666687,0.0027790235527187734
spikes_wide,4000,316,0.295,0.004166666666666684,0.0026568830944883096
spikes_wide,4000,316,0.3,0.0044375000000000065,0.0027854337361504127
spikes_wide,4000,316,0.305,0.004354166666666673,0.0028012541721287435
spikes_wide,4000,316,0.31,0.0043749999999999995,0.0029299750490198347
spikes_wide,4000,316,0.315,0.004395833333333335,0.002765530925609955
spikes_wide,4000,316,0.32,0.0044999999999999945,0.0027011852056368717
spikes_wide,4000,316,0.325,0.004416666666666656,0.002766536597891805
spikes_wide,4000,316,0.33,0.003937499999999987,0.002804069857395052
spikes_wide,4000,316,0.335,0.004229166666666659,0.0029646685793446683
spikes_wide,4000,316,0.34,0.004624999999999981,0.003052492151232062
spikes_wide,4000,316,0.34500000000000003,0.004499999999999967,0.002958039891549807
spikes_wide,4000,316,0.35000000000000003,0.004645833333333303,0.002956992600582388
spikes_wide,4000,316,0.355,0.004937500000000021,0.002991010046536931
spikes_wide,4000,316,0.36,0.0052500000000000185,0.002942150573984953
spikes_wide,4000,316,0.365,0.00477083333333334,0.0030768961777063297
spikes_wide,4000,316,0.37,0.00416666666666667,0.0030708695672382273
spikes_wide,4000,316,0.375,0.003979166666666668,0.003103861587611551
spikes_wide,4000,316,0.38,0.004583333333333328,0.0029707114068226624
spikes_wide,4000,316,0.385,0.004416666666666662,0.002926228913903637
spikes_wide,4000,316,0.39,0.004562499999999993,0.0029460304893091974
spikes_wide,4000,316,0.395,0.00472916666666665,0.0029301299118819047
spikes_wide,4000,316,0.4,0.004583333333333305,0.002871841699584911
spikes_wide,4000,316,0.405,0.004624999999999981,0.002651382572443015
spikes_wide,4000,316,0.41000000000000003,0.003791666666666633,0.0027751660701968313
spikes_wide,4000,316,0.41500000000000004,0.003999999999999962,0.0026427072322055506
spikes_wide,4000,316,0.42,0.0038333333333333505,0.002645632001406977
spikes_wide,4000,316,0.425,0.003687500000000015,0.0025702488162185253
spikes_wide,4000,316,0.43,0.0036250000000000032,0.0027086246929526317
spikes_wide,4000,316,0.435,0.003708333333333332,0.002704834569896103
spikes_wide,4000,316,0.44,0.003624999999999994,0.0026599406179291063
spikes_wide,4000,316,0.445,0.0036874999999999916,0.002642192078042914
spikes_wide,4000,316,0.45,0.003499999999999994,0.0025860201081971536
spikes_wide,4000,316,0.455,0.0037083333333333226,0.0026428565334814655
spikes_wide,4000,316,0.46,0.003937499999999978,0.002770947252158081
spikes_wide,4000,316,0.465,0.0039374999999999645,0.002655063237562251
spikes_wide,4000,316,0.47000000000000003,0.004374999999999967,0.002595979554712412
spikes_wide,4000,316,0.47500000000000003,0.004499999999999967,0.0026263524654408597
spikes_wide,4000,316,0.48,0.0047083333333333465,0.002470820877376749
spikes_wide,4000,316,0.485,0.0043958333333333445,0.002471707009928421
spikes_wide,4000,316,0.49,0.004000000000000008,0.002507941930602208
spikes_wide,4000,316,0.495,0.00402083333333333,0.0025699417686874605
spikes_wide,4000,316,0.5,0.004166666666666661,0.002561614468820138
spikes_wide,4000,316,0.505,0.004104166666666659,0.0024582611057699716
spikes_wide,4000,316,0.51,0.0037916666666666515,0.002385013446799436
spikes_wide,4000,316,0.515,0.004208333333333332,0.00244674980248484
spikes_wide,4000,316,0.52,0.004124999999999962,0.002441648567520054
spikes_wide,4000,316,0.525,0.0038958333333333115,0.0025715993898189427
spikes_wide,4000,316,0.53,0.0037499999999999847,0.002531057091414575
spikes_wide,4000,316,0.535,0.003687499999999964,0.0026267355373796814
spikes_wide,4000,316,0.54,0.004145833333333311,0.0024342603438657034
spikes_wide,4000,316,0.545,0.003874999999999962,0.0023650108911274638
spikes_wide,4000,316,0.55,0.003437499999999973,0.0024543415845469387
spikes_wide,4000,316,0.555,0.0036041666666666214,0.0024137505263666648
spikes_wide,4000,316,0.56,0.004124999999999944,0.002518774202831307
spikes_wide,4000,316,0.5650000000000001,0.0035624999999999407,0.0024376942424547336
spikes_wide,4000,316,0.5700000000000001,0.0035416666666666006,0.0025727728919466178
spikes_wide,4000,316,0.5750000000000001,0.0036666666666666146,0.002620637307791733
spikes_wide,4000,316,0.58,0.00375000000000004,0.002738266981250377
spikes_wide,4000,316,0.585,0.0037291666666667,0.002718388966507975
spikes_wide,4000,316,0.59,0.00397916666666671,0.0027239569753458545
spikes_wide,4000,316,0.595,0.004520833333333353,0.002701616087145475
spikes_wide,4000,316,0.6,0.0042291666666667005,0.002790585215677821
spikes_wide,4000,316,0.605,0.00441666666666668,0.002878429004744348
spikes_wide,4000,316,0.61,0.004250000000000013,0.002866175521703465
spikes_wide,4000,316,0.615,0.004250000000000013,0.002997473683762456
spikes_wide,4000,316,0.62,0.004041666666666675,0.0029169101629960927
spikes_wide,4000,316,0.625,0.0036666666666666605,0.0030295785118718958
spikes_wide,4000,316,0.63,0.003916666666666642,0.0028766189995699607
spikes_wide,4000,316,0.635,0.0035833333333333273,0.002857461877932651
spikes_wide,4000,316,0.64,0.003416666666666642,0.002961132904955147
spikes_wide,4000,316,0.645,0.003374999999999989,0.003030542130718627
spikes_wide,4000,316,0.65,0.003416666666666651,0.0031227011746663546
spikes_wide,4000,316,0.655,0.0033749999999999523,0.0033042528839681952
spikes_wide,4000,316,0.66,0.00310416666666663,0.0032947758139426453
spikes_wide,4000,316,0.665,0.002854166666666639,0.0031343735680581224
spikes_wide,4000,316,0.67,0.0033541666666666212,0.003104166666666666
spikes_wide,4000,316,0.675,0.0035208333333332877,0.0030285038456190345
spikes_wide,4000,316,0.68,0.0034999999999999662,0.0029617191465482174
spikes_wide,4000,316,0.685,0.002812499999999949,0.0029148465641306467
spikes_wide,4000,316,0.6900000000000001,0.0023333333333332798,0.0029354374340620727
spikes_wide,4000,316,0.6950000000000001,0.0018749999999999507,0.002844868453048667
spikes_wide,4000,316,0.7000000000000001,0.001958333333333275,0.0027508320596143377
spikes_wide,4000,316,0.705,0.002437500000000046,0.002835637153830125
spikes_wide,4000,316,0.71,0.0021875000000000457,0.0029410439614758047
spikes_wide,4000,316,0.715,0.002145833333333356,0.0029035079249421815
spikes_wide,4000,316,0.72,0.0020833333333333537,0.0029173159450481745
spikes_wide,4000,316,0.725,0.0012500000000000104,0.002940379794062892
spikes_wide,4000,316,0.73,0.0009375000000000078,0.0028279458025431132
spikes_wide,4000,316,0.735,0.0010625000000000033,0.0026901414080777518
spikes_wide,4000,316,0.74,0.0009375000000000078,0.002643446191083057
spikes_wide,4000,316,0.745,0.0007499999999999915,0.002449103113510343
spikes_wide,4000,316,0.75,0.0003541666666666647,0.0025800550435558104
spikes_wide,4000,316,0.755,-1.850371707708594e-17,0.0026548626055872384
spikes_wide,4000,316,0.76,-0.00020833333333335666,0.0026583974533921782
spikes_wide,4000,316,0.765,-0.0004375000000000166,0.002715891260877194
spikes_wide,4000,316,0.77,-0.0005625000000000028,0.0026389644792469825
spikes_wide,4000,316,0.775,-0.00033333333333335213,0.0025536540466357155
spikes_wide,4000,316,0.78,-0.0004791666666666879,0.0025230862709800556
spikes_wide,4000,316,0.785,-0.000979166666666707,0.00256717668830758
spikes_wide,4000,316,0.79,-0.0011041666666667116,0.002498381736345556
spikes_wide,4000,316,0.795,-0.0011250000000000426,0.0023924795366592677
spikes_wide,4000,316,0.8,-0.000500000000000056,0.002049112890097478
spikes_wide,4000,316,0.805,-0.0005208333333333778,0.002117177744908386
spikes_wide,4000,316,0.81,-0.0003958333333333915,0.002252199752408181
spikes_wide,4000,316,0.8150000000000001,-0.0001041666666667292,0.0021522227616249607
spikes_wide,4000,316,0.8200000000000001,-0.00022916666666673394,0.0021327750660403073
spikes_wide,4000,316,0.8250000000000001,-0.00016666666666674082,0.0020892340677623918
spikes_wide,4000,316,0.8300000000000001,-0.00045833333333340315,0.001975185389585582
spikes_wide,4000,316,0.835,-0.000770833333333304,0.0020210676215327585
spikes_wide,4000,316,0.84,-0.0008124999999999846,0.0019850590117936142
spikes_wide,4000,316,0.845,-0.0013958333333333184,0.0018905813032349089
spikes_wide,4000,316,0.85,-0.0009583333333333296,0.001820764422106294
spikes_wide,4000,316,0.855,-0.000666666666666658,0.0019104807951630647
spikes_wide,4000,316,0.86,-0.0007291666666666511,0.0020187235159472407
spikes_wide,4000,316,0.865,-0.0006249999999999959,0.0018557088411252191
spikes_wide,4000,316,0.87,4.166666666667133e-05,0.0018509399059271337
spikes_wide,4000,316,0.875,-0.0004166666666666578,0.001791534526487266
spikes_wide,4000,316,0.88,-0.0011250000000000149,0.0016194544068165626
spikes_wide,4000,316,0.885,-0.0005416666666666811,0.0015333518608893772
spikes_wide,4000,316,0.89,-0.0006875000000000261,0.001562196940306516
spikes_wide,4000,316,0.895,-0.0005208333333333592,0.0015446199190883348
spikes_wide,4000,316,0.9,-0.00016666666666667607,0.0015064046768730693
spikes_wide,4000,316,0.905,0.00022916666666663218,0.0014944525998613412
spikes_wide,4000,316,0.91,0.00022916666666664143,0.0015749754487424236
spikes_wide,4000,316,0.915,0.0005208333333332945,0.001526737191536318
spikes_wide,4000,316,0.92,0.0005624999999999658,0.0014434166773823315
spikes_wide,4000,316,0.925,0.00037499999999996797,0.0012272551906715742
spikes_wide,4000,316,0.93,4.1666666666606567e-05,0.0011364457041072584
spikes_wide,4000,316,0.935,-0.00027083333333338677,0.001161021923378559
spikes_wide,4000,316,0.9400000000000001,-0.00041666666666674107,0.0011943416681176346
spikes_wide,4000,316,0.9450000000000001,-0.00020833333333341217,0.001088782913313408
spikes_wide,4000,316,0.9500000000000001,-0.0001041666666667292,0.0010115143600093154
spikes_wide,4000,316,0.9550000000000001,0.0002916666666665883,0.0009413850477253276
spikes_wide,4000,316,0.96,0.0005208333333333778,0.0007985891520916026
spikes_wide,4000,316,0.965,0.0005000000000000374,0.0006811865761413281
spikes_wide,4000,316,0.97,6.250000000002087e-05,0.0006470540760034828
spikes_wide,4000,316,0.975,0.00033333333333335213,0.0005718568020231986
spikes_wide,4000,316,0.98,0.0010208333333333413,0.0005023225728271812
spikes_wide,4000,316,0.985,0.0004791666666666694,0.000638459863636508
spikes_wide,4000,316,0.99,0.0007916666666666905,0.0004922056624434687
spikes_wide,4000,316,0.995,0.00027083333333334975,0.000388590027658926
spikes_wide,4000,316,1.0,0.0,0.0
spikes_wide,4000,562,0.0,0.0,0.0
spikes_wide,4000,562,0.005,-2.0833333333333424e-05,0.00024319981289034533
spikes_wide,4000,562,0.01,4.1666666666666415e-05,0.00034105636549468536
spikes_wide,4000,562,0.015,-0.0001666666666666661,0.0002956972585041477
spikes_wide,4000,562,0.02,-0.0002708333333333336,0.00037620807092121595
spikes_wide,4000,562,0.025,-0.000541666666666668,0.000512932497970978
spikes_wide,4000,562,0.03,-0.00039583333333333224,0.0006458333333333335
spikes_wide,4000,562,0.035,-0.00043750000000000386,0.0007888456516462593
spikes_wide,4000,562,0.04,-0.00025000000000000136,0.0008342797655898934
spikes_wide,4000,562,0.045,4.166666666666786e-05,0.0007648983229452428
spikes_wide,4000,562,0.05,-0.0003333333333333365,0.000889401682894379
spikes_wide,4000,562,0.055,-0.00018750000000000017,0.0009380049145377492
spikes_wide,4000,562,0.06,0.0006458333333333356,0.0008541666666666668
spikes_wide,4000,562,0.065,0.0006874999999999994,0.0008048885910108267
spikes_wide,4000,562,0.07,0.0005624999999999958,0.0008286563832585556
spikes_wide,4000,562,0.075,0.0004791666666666671,0.000892125872975515
spikes_wide,4000,562,0.08,0.0005833333333333327,0.0009901662955934692
spikes_wide,4000,562,0.085,0.0008541666666666616,0.0010781307184008788
spikes_wide,4000,562,0.09,0.0009583333333333341,0.0010948542405639257
spikes_wide,4000,562,0.095,0.000604166666666666,0.0010825135301368264
spikes_wide,4000,562,0.1,0.0008124999999999961,0.0012405418690184858
spikes_wide,4000,562,0.105,0.0006458333333333363,0.0012797439719875162
spikes_wide,4000,562,0.11,0.0007708333333333329,0.0014029387221403543
spikes_wide,4000,562,0.115,0.0008958333333333283,0.0014147017344566827
spikes_wide,4000,562,0.12,0.0010625000000000033,0.0014394749279448458
spikes_wide,4000,562,0.125,0.0016458333333333349,0.00137119250153384
spikes_wide,4000,562,0.13,0.0016250000000000014,0.001584578856199702
spikes_wide,4000,562,0.135,0.00152083333333333,0.0016106470835592062
spikes_wide,4000,562,0.14,0.0007916666666666511,0.0016809520360422964
spikes_wide,4000,562,0.145,0.000437500000000005,0.00174542828164426
spikes_wide,4000,562,0.15,0.0009583333333333341,0.0015284032236754209
spikes_wide,4000,562,0.155,0.0005208333333333338,0.0015854625834548599
spikes_wide,4000,562,0.16,0.0010833333333333344,0.0016394559025986828
spikes_wide,4000,562,0.165,0.0008958333333333272,0.00178335590115995
spikes_wide,4000,562,0.17,0.0014374999999999898,0.0019345652259968793
spikes_wide,4000,562,0.17500000000000002,0.0023541666666666455,0.001939291286641706
spikes_wide,4000,562,0.18,0.002291666666666671,0.002048381043407184
spikes_wide,4000,562,0.185,0.002437500000000002,0.00190943753617275
spikes_wide,4000,562,0.19,0.002312500000000002,0.0018849797543322399
spikes_wide,4000,562,0.195,0.0025833333333333285,0.0018346242011910655
spikes_wide,4000,562,0.2,0.0024791666666666573,0.0017294404675524608
spikes_wide,4000,562,0.20500000000000002,0.0023541666666666503,0.0018528894136706931
spikes_wide,4000,562,0.21,0.0025625000000000044,0.001973576635159752
spikes_wide,4000,562,0.215,0.0027083333333333356,0.001853751655972344
spikes_wide,4000,562,0.22,0.0029166666666666694,0.0019151838796651617
spikes_wide,4000,562,0.225,0.002208333333333331,0.0018798758152622952
spikes_wide,4000,562,0.23,0.00162499999999999,0.002039268845503804
spikes_wide,4000,562,0.23500000000000001,0.0018124999999999877,0.002124916442207465
spikes_wide,4000,562,0.24,0.0014583333333333369,0.0020302712288328023
spikes_wide,4000,562,0.245,0.002291666666666664,0.0018545177570223237
spikes_wide,4000,562,0.25,0.002333333333333324,0.0018655908696521028
spikes_wide,4000,562,0.255,0.002291666666666664,0.002037023167231632
spikes_wide,4000,562,0.26,0.0019166666666666544,0.0019603873818377546
spikes_wide,4000,562,0.265,0.001958333333333326,0.001872304459723096
spikes_wide,4000,562,0.27,0.0019374999999999855,0.0018952504931586695
spikes_wide,4000,562,0.275,0.002208333333333312,0.0019322897523064906
spikes_wide,4000,562,0.28,0.002812499999999977,0.0018317292397010397
spikes_wide,4000,562,0.28500000000000003,0.0024374999999999584,0.0016911436532892773
spikes_wide,4000,562,0.29,0.002645833333333352,0.0015887442431688074
spikes_wide,4000,562,0.295,0.0030416666666666834,0.0015578592699761148
spikes_wide,4000,562,0.3,0.002500000000000016,0.0015178857904095697
spikes_wide,4000,562,0.305,0.0025833333333333403,0.0015788413153290286
spikes_wide,4000,562,0.31,0.002208333333333335,0.0015816877413418551
spikes_wide,4000,562,0.315,0.0016041666666666659,0.0015782789141365581
spikes_wide,4000,562,0.32,0.0016874999999999946,0.0015337506637276006
spikes_wide,4000,562,0.325,0.0019166666666666499,0.0013787254398116558
spikes_wide,4000,562,0.33,0.001999999999999988,0.0015766405597172296
spikes_wide,4000,562,0.335,0.0020208333333333237,0.0016079991606045864
spikes_wide,4000,562,0.34,0.00214583333333331,0.0015390923428758184
spikes_wide,4000,562,0.34500000000000003,0.0017916666666666404,0.0015314979957907575
spikes_wide,4000,562,0.35000000000000003,0.0022291666666666293,0.0016698241870498139
spikes_wide,4000,562,0.355,0.00235416666666668,0.0016103530849105143
spikes_wide,4000,562,0.36,0.0022708333333333517,0.001695151936666399
spikes_wide,4000,562,0.365,0.002562500000000014,0.001853826151912621
spikes_wide,4000,562,0.37,0.003354166666666672,0.0019317076988608758
spikes_wide,4000,562,0.375,0.0035208333333333294,0.0018136316564709406
spikes_wide,4000,562,0.38,0.0036041666666666583,0.0017711006928295791
spikes_wide,4000,562,0.385,0.0036041666666666583,0.001854422011699264
spikes_wide,4000,562,0.39,0.003999999999999994,0.0019261950245827346
spikes_wide,4000,562,0.395,0.003874999999999985,0.001952926126238638
spikes_wide,4000,562,0.4,0.0038958333333333115,0.0020744792914869203
spikes_wide,4000,562,0.405,0.0037083333333333044,0.002094100961841103
spikes_wide,4000,562,0.41000000000000003,0.003999999999999966,0.002121766702395423
spikes_wide,4000,562,0.41500000000000004,0.004229166666666631,0.002073337763685221
spikes_wide,4000,562,0.42,0.003791666666666684,0.0019638863886372727
spikes_wide,4000,562,0.425,0.0036875000000000193,0.0018632523394062983
spikes_wide,4000,562,0.43,0.0030833333333333455,0.0017632972442889964
spikes_wide,4000,562,0.435,0.0030000000000000074,0.0018166423406767184
spikes_wide,4000,562,0.44,0.002833333333333322,0.0017705325056421185
spikes_wide,4000,562,0.445,0.0028333333333333266,0.0017117943506712177
spikes_wide,4000,562,0.45,0.0034374999999999822,0.0016491862662868302
spikes_wide,4000,562,0.455,0.0036458333333333204,0.0017242308159192777
spikes_wide,4000,562,0.46,0.00412499999999999,0.0017360100980714562
spikes_wide,4000,562,0.465,0.004229166666666641,0.0014798067330471592
spikes_wide,4000,562,0.47000000000000003,0.003770833333333302,0.0014015880918775419
spikes_wide,4000,562,0.47500000000000003,0.003749999999999971,0.0013102885409733483
spikes_wide,4000,562,0.48,0.003625000000000022,0.0012456363227221867
spikes_wide,4000,562,0.485,0.004083333333333346,0.0011278723152892643
spikes_wide,4000,562,0.49,0.0038541666666666863,0.0011691498195291528
spikes_wide,4000,562,0.495,0.0038333333333333414,0.0012501262562500043
spikes_wide,4000,562,0.5,0.0036874999999999963,0.001351950400851905
spikes_wide,4000,562,0.505,0.004291666666666656,0.0013102283130520564
spikes_wide,4000,562,0.51,0.00412499999999999,0.0012952053189289375
spikes_wide,4000,562,0.515,0.0038333333333333184,0.0013467600477674608
spikes_wide,4000,562,0.52,0.004020833333333335,0.0013219656268931039
spikes_wide,4000,562,0.525,0.0038958333333333297,0.0013791117356084402
spikes_wide,4000,562,0.53,0.0043958333333333115,0.0015051862153664848
spikes_wide,4000,562,0.535,0.004291666666666638,0.001594508014429782
spikes_wide,4000,562,0.54,0.0037916666666666377,0.0014168337691108765
spikes_wide,4000,562,0.545,0.0036458333333333017,0.0014290208866368829
spikes_wide,4000,562,0.55,0.0034583333333332946,0.0013962996733430065
spikes_wide,4000,562,0.555,0.0032708333333332875,0.001584865188002248
spikes_wide,4000,562,0.56,0.0033541666666666303,0.0016915169175397682
spikes_wide,4000,562,0.5650000000000001,0.003458333333333267,0.0015569472039730857
spikes_wide,4000,562,0.5700000000000001,0.003437499999999936,0.0016193447632055424
spikes_wide,4000,562,0.5750000000000001,0.0030416666666666,0.0015419737613876817
spikes_wide,4000,562,0.58,0.0033750000000000446,0.0017721808598447292
spikes_wide,4000,562,0.585,0.0033750000000000446,0.0018172938172408507
spikes_wide,4000,562,0.59,0.003270833333333371,0.0019023157571494201
spikes_wide,4000,562,0.595,0.002625000000000016,0.0018737369483241622
spikes_wide,4000,562,0.6,0.0028541666666666763,0.0019712561209656245
spikes_wide,4000,562,0.605,0.0030624999999999958,0.0020816944311174645
spikes_wide,4000,562,0.61,0.002416666666666678,0.0021836455941402428
spikes_wide,4000,562,0.615,0.0019166666666666776,0.002300019213797657
spikes_wide,4000,562,0.62,0.0013541666666666563,0.0022547211271266125
spikes_wide,4000,562,0.625,0.0018749999999999878,0.002159041068005263
spikes_wide,4000,562,0.63,0.002291666666666664,0.0021399503793926218
spikes_wide,4000,562,0.635,0.0021458333333333377,0.0021756352114342026
spikes_wide,4000,562,0.64,0.002020833333333333,0.0023345759002093703
spikes_wide,4000,562,0.645,0.0017708333333333142,0.0021812862685474223
spikes_wide,4000,562,0.65,0.0018541666666666567,0.0020203646754279694
spikes_wide,4000,562,0.655,0.001479166666666624,0.0020549870818488488
spikes_wide,4000,562,0.66,0.0015416666666666263,0.0020391140505403604
spikes_wide,4000,562,0.665,0.0014583333333333022,0.002087760447673224
spikes_wide,4000,562,0.67,0.0013124999999999571,0.002197865053968183
spikes_wide,4000,562,0.675,0.0009999999999999547,0.0020338052110179202
spikes_wide,4000,562,0.68,0.0008333333333332879,0.0018850320845004145
spikes_wide,4000,562,0.685,0.0008749999999999406,0.0018115527827939442
spikes_wide,4000,562,0.6900000000000001,0.0010416666666665981,0.0017792025934914978
spikes_wide,4000,562,0.6950000000000001,0.001208333333333265,0.001855028315283907
spikes_wide,4000,562,0.7000000000000001,0.0015624999999999205,0.0017350893457913923
spikes_wide,4000,562,0.705,0.0016666666666667052,0.0016249514367257818
spikes_wide,4000,562,0.71,0.0021250000000000435,0.0017065770721037803
spikes_wide,4000,562,0.715,0.001916666666666696,0.0017170417360193439
spikes_wide,4000,562,0.72,0.002000000000000011,0.0016671400842778836
spikes_wide,4000,562,0.725,0.001937500000000027,0.0017268833043867433
spikes_wide,4000,562,0.73,0.0018958333333333466,0.0014630740045976072
spikes_wide,4000,562,0.735,0.0018958333333333466,0.0014126921742874275
spikes_wide,4000,562,0.74,0.002354166666666685,0.0012827004293342022
spikes_wide,4000,562,0.745,0.0021874999999999902,0.0010992960040614428
spikes_wide,4000,562,0.75,0.0018958333333333282,0.0012482784862733703
spikes_wide,4000,562,0.755,0.0015624999999999944,0.0013858473641302133
spikes_wide,4000,562,0.76,0.0014791666666666519,0.0013937965691816839
spikes_wide,4000,562,0.765,0.002020833333333314,0.001547376302557707
spikes_wide,4000,562,0.77,0.0014374999999999898,0.0015945946217066488
spikes_wide,4000,562,0.775,0.001729166666666652,0.0015149064669263714
spikes_wide,4000,562,0.78,0.001562499999999976,0.001384138023530102
spikes_wide,4000,562,0.785,0.0015208333333333046,0.001508642505564507
spikes_wide,4000,562,0.79,0.0018749999999999507,0.0014310213030199685
spikes_wide,4000,562,0.795,0.0020208333333332773,0.0015026675564986272
spikes_wide,4000,562,0.8,0.0013333333333332882,0.0013848932424303636
spikes_wide,4000,562,0.805,0.0012499999999999734,0.0013413584249716494
spikes_wide,4000,562,0.81,0.0007499999999999452,0.0015358715815951235
spikes_wide,4000,562,0.8150000000000001,0.00031249999999992856,0.0014001234388222302
spikes_wide,4000,562,0.8200000000000001,-0.00020833333333341217,0.0015027857129311245
spikes_wide,4000,562,0.8250000000000001,0.00020833333333326412,0.0014383917962766464
spikes_wide,4000,562,0.8300000000000001,0.00016666666666662056,0.0015086032740199912
spikes_wide,4000,562,0.835,0.0001041666666667107,0.0013280405127613249
spikes_wide,4000,562,0.84,0.0006041666666666834,0.0014477838123047636
spikes_wide,4000,562,0.845,0.0002291666666666877,0.0013330225726869407
spikes_wide,4000,562,0.85,0.0005416666666666903,0.0013723574239205684
spikes_wide,4000,562,0.855,0.0007083333333333571,0.0015237492801267781
spikes_wide,4000,562,0.86,0.0006875000000000261,0.00146490672213129
spikes_wide,4000,562,0.865,0.0006041666666666742,0.0014163741899510891
spikes_wide,4000,562,0.87,0.00022916666666666918,0.00138664433530241
spikes_wide,4000,562,0.875,2.0833333333321786e-05,0.0014073193184709013
spikes_wide,4000,562,0.88,-0.0004166666666666763,0.0015004208163920598
spikes_wide,4000,562,0.885,4.166666666665283e-05,0.0013549968317827974
spikes_wide,4000,562,0.89,0.0006666666666666488,0.0013365255347543858
spikes_wide,4000,562,0.895,0.0004583333333333106,0.0014443048203690958
spikes_wide,4000,562,0.9,0.00029166666666665303,0.0014138229033440531
spikes_wide,4000,562,0.905,0.00020833333333330115,0.0013324452534852402
spikes_wide,4000,562,0.91,0.0004374999999999611,0.0012643588176213943
spikes_wide,4000,562,0.915,0.001104166666666619,0.0011548884626279314
spikes_wide,4000,562,0.92,0.00045833333333330134,0.0010196150739322704
spikes_wide,4000,562,0.925,0.000770833333333304,0.0011084465367113931
spikes_wide,4000,562,0.93,0.0007291666666666233,0.0010877495940210358
spikes_wide,4000,562,0.935,0.0007291666666666327,0.0009940439737341435
spikes_wide,4000,562,0.9400000000000001,0.0006458333333332807,0.0008091910085905765
spikes_wide,4000,562,0.9450000000000001,0.0004791666666666046,0.0008259855989034933
spikes_wide,4000,562,0.9500000000000001,0.0007916666666666164,0.0007241984423059655
spikes_wide,4000,562,0.9550000000000001,0.0005624999999999288,0.0006840478064544533
spikes_wide,4000,562,0.96,0.000541666666666718,0.0006663114584006158
spikes_wide,4000,562,0.965,0.00031250000000003036,0.00058962382075354
spikes_wide,4000,562,0.97,0.000625000000000033,0.000491884902772749
spikes_wide,4000,562,0.975,0.0003541666666666739,0.0004302244980087378
spikes_wide,4000,562,0.98,0.0005208333333333592,0.00036470506625701994
spikes_wide,4000,562,0.985,0.00037500000000000494,0.0002413268247908531
spikes_wide,4000,562,0.99,0.00027083333333334975,0.0003528272354578198
spikes_wide,4000,562,0.995,-6.249999999997462e-05,0.000325851158157719
spikes_wide,4000,562,1.0,0.0,0.0
spikes_wide,4000,1000,0.0,0.0,0.0
spikes_wide,4000,1000,0.005,-0.0002083333333333333,0.00036906071056237906
spikes_wide,4000,1000,0.01,-8.333333333333355e-05,0.0004700633956814718
spikes_wide,4000,1000,0.015,0.0001458333333333339,0.0006472979482729602
spikes_wide,4000,1000,0.02,-0.0004791666666666674,0.0007732864324205207
spikes_wide,4000,1000,0.025,0.00020833333333333177,0.0008471394230114674
spikes_wide,4000,1000,0.03,-8.333333333333254e-05,0.0008878031563609384
spikes_wide,4000,1000,0.035,-0.0005833333333333364,0.0008651137018749135
spikes_wide,4000,1000,0.04,-0.00027083333333333473,0.0008873363770068235
spikes_wide,4000,1000,0.045,-0.0003749999999999992,0.0008963837280310192
spikes_wide,4000,1000,0.05,-0.0004791666666666694,0.0010054107093344707
spikes_wide,4000,1000,0.055,-0.00047916666666666653,0.0009973726533226985
spikes_wide,4000,1000,0.06,-0.00010416666666666502,0.0007696038515910886
spikes_wide,4000,1000,0.065,-0.0007083333333333339,0.0007222343627573225
spikes_wide,4000,1000,0.07,-0.0006875000000000053,0.0007936329250333361
spikes_wide,4000,1000,0.075,-0.0005208333333333315,0.0010044683942516583
spikes_wide,4000,1000,0.08,-0.0008750000000000008,0.0011544954952206836
spikes_wide,4000,1000,0.085,-0.00010416666666667254,0.0012637345199323653
spikes_wide,4000,1000,0.09,-0.00024999999999999675,0.0012728963632264612
spikes_wide,4000,1000,0.095,0.0001250000000000001,0.0015412571118565799
spikes_wide,4000,1000,0.1,-0.00043750000000000386,0.0015957819043853196
spikes_wide,4000,1000,0.105,-6.249999999999774e-05,0.0016660391811209915
spikes_wide,4000,1000,0.11,0.0003125000000000014,0.0016442982868265133
spikes_wide,4000,1000,0.115,0.0002916666666666623,0.001661402671956392
spikes_wide,4000,1000,0.12,0.00018750000000000247,0.0016503342751385155
spikes_wide,4000,1000,0.125,-0.00018749999999999786,0.0015901344163690102
spikes_wide,4000,1000,0.13,-0.0004375000000000004,0.0016243078362704842
spikes_wide,4000,1000,0.135,-0.0009375000000000055,0.0016866580391143573
spikes_wide,4000,1000,0.14,-0.0010208333333333413,0.0014333217714473769
spikes_wide,4000,1000,0.145,-0.0004999999999999958,0.0014437036756309448
spikes_wide,4000,1000,0.15,-0.000374999999999998,0.0014257175227040785
spikes_wide,4000,1000,0.155,-0.0006458333333333339,0.001451050538107277
spikes_wide,4000,1000,0.16,-0.0003958333333333337,0.0015510438607856366
spikes_wide,4000,1000,0.165,8.333333333333341e-05,0.0014326196249873843
spikes_wide,4000,1000,0.17,0.0005624999999999866,0.0012718264872365094
spikes_wide,4000,1000,0.17500000000000002,0.0005833333333333107,0.0014493772609105056
spikes_wide,4000,1000,0.18,0.00037500000000000494,0.0014833354613535963
spikes_wide,4000,1000,0.185,0.00037500000000000033,0.0013961866355226744
spikes_wide,4000,1000,0.19,0.0003958333333333337,0.0013670425157613034
spikes_wide,4000,1000,0.195,0.00022916666666666688,0.0013818556136111655
spikes_wide,4000,1000,0.2,0.00033333333333332205,0.001322637020073414
spikes_wide,4000,1000,0.20500000000000002,-0.00022916666666668536,0.0013237552519902278
spikes_wide,4000,1000,0.21,-0.00031249999999999795,0.0014028262192856075
spikes_wide,4000,1000,0.215,-0.000770833333333334,0.0014565871580478468
spikes_wide,4000,1000,0.22,-0.0008541666666666675,0.0013093697641586705
spikes_wide,4000,1000,0.225,-0.0005000000000000004,0.0014232245718150689
spikes_wide,4000,1000,0.23,0.00012499999999999548,0.0013869999781521048
spikes_wide,4000,1000,0.23500000000000001,2.0833333333319475e-05,0.0014704985025356502
spikes_wide,4000,1000,0.24,-0.00018749999999999553,0.0014844921205788204
spikes_wide,4000,1000,0.245,-6.250000000000468e-05,0.0015294226108983977
spikes_wide,4000,1000,0.25,0.00043749999999999806,0.00160819545256053
spikes_wide,4000,1000,0.255,0.0003124999999999864,0.0015966717870165262
spikes_wide,4000,1000,0.26,0.00031249999999999334,0.0016984075094575583
spikes_wide,4000,1000,0.265,0.0002291666666666553,0.0018797813615342956
spikes_wide,4000,1000,0.27,0.0006041666666666464,0.001810757609037406
spikes_wide,4000,1000,0.275,0.000624999999999982,0.0016273293328566802
spikes_wide,4000,1000,0.28,0.0002916666666666438,0.0016687959882816837
spikes_wide,4000,1000,0.28500000000000003,0.0004999999999999727,0.0017985684543126179
spikes_wide,4000,1000,0.29,0.00016666666666667607,0.0016558360212572181
spikes_wide,4000,1000,0.295,1.850371707708594e-17,0.0016155025486976162
spikes_wide,4000,1000,0.3,-0.00014583333333331727,0.0015580492165240226
spikes_wide,4000,1000,0.305,-0.0005208333333333268,0.00161973457343598
spikes_wide,4000,1000,0.31,-0.00039583333333333137,0.0015095837567643809
spikes_wide,4000,1000,0.315,0.0002499999999999956,0.0013364074410466445
spikes_wide,4000,1000,0.32,0.0001458333333333219,0.0013386936522014456
spikes_wide,4000,1000,0.325,0.0008333333333333202,0.0013478143549293207
spikes_wide,4000,1000,0.33,0.0007708333333333178,0.0013907358300518124
spikes_wide,4000,1000,0.335,0.0007499999999999868,0.0014232245718150682
spikes_wide,4000,1000,0.34,0.0006458333333333085,0.0016475585510970236
spikes_wide,4000,1000,0.34500000000000003,0.0009999999999999731,0.0018690562356764994
spikes_wide,4000,1000,0.35000000000000003,0.001249999999999964,0.0019682614232624253
spikes_wide,4000,1000,0.355,0.0015833333333333532,0.0019769824470539958
spikes_wide,4000,1000,0.36,0.001250000000000015,0.002018146839718725
spikes_wide,4000,1000,0.365,0.0005625000000000121,0.0020937146650116525
spikes_wide,4000,1000,0.37,0.00039583333333334064,0.0022185210260282162
spikes_wide,4000,1000,0.375,0.00010416666666666445,0.0023339673786810897
spikes_wide,4000,1000,0.38,-0.0004375000000000027,0.002221649034347725
spikes_wide,4000,1000,0.385,-0.00027083333333334514,0.002171932339734331
spikes_wide,4000,1000,0.39,-0.00012500000000000475,0.0020149770658142957
spikes_wide,4000,1000,0.395,-0.00033333333333335213,0.001878237944930777
spikes_wide,4000,1000,0.4,-0.00010416666666668295,0.0018110190745499728
spikes_wide,4000,1000,0.405,-0.0006041666666666881,0.0018910821250107956
spikes_wide,4000,1000,0.41000000000000003,0.0002083333333332965,0.0019120910469214501
spikes_wide,4000,1000,0.41500000000000004,8.33333333332964e-05,0.0020000789125846157
spikes_wide,4000,1000,0.42,0.00012500000000001862,0.0019322080711722124
spikes_wide,4000,1000,0.425,-2.083333333331716e-05,0.0019889510934209035
spikes_wide,4000,1000,0.43,2.0833333333344917e-05,0.0021495811636904833
spikes_wide,4000,1000,0.435,-4.1666666666666706e-05,0.002115471805436307
spikes_wide,4000,1000,0.44,0.0004166666666666578,0.0022095122639271395
spikes_wide,4000,1000,0.445,0.0007291666666666604,0.0022221462660630123
spikes_wide,4000,1000,0.45,0.0003333333333333151,0.0023671787751531072
spikes_wide,4000,1000,0.455,0.000645833333333313,0.002341461424737842
spikes_wide,4000,1000,0.46,0.0008749999999999869,0.002324217854755366
spikes_wide,4000,1000,0.465,0.0006041666666666371,0.002236800155773572
spikes_wide,4000,1000,0.47000000000000003,0.0007708333333332993,0.0022496755518038227
spikes_wide,4000,1000,0.47500000000000003,0.0011249999999999687,0.002158821753558259
spikes_wide,4000,1000,0.48,0.0012083333333333436,0.0021465779084793835
spikes_wide,4000,1000,0.485,0.0015208333333333462,0.0022024560871119724
spikes_wide,4000,1000,0.49,0.002145833333333347,0.0020339119115982923
spikes_wide,4000,1000,0.495,0.002187500000000018,0.002035695892109506
spikes_wide,4000,1000,0.5,0.0023125,0.0021976496139643306
spikes_wide,4000,1000,0.505,0.002229166666666657,0.002061658077319753
spikes_wide,4000,1000,0.51,0.0018333333333333396,0.002237408651710161
spikes_wide,4000,1000,0.515,0.0028541666666666667,0.0021895192700312946
spikes_wide,4000,1000,0.52,0.0029999999999999936,0.0021368874277293763
spikes_wide,4000,1000,0.525,0.0028958333333333197,0.002036471048359901
spikes_wide,4000,1000,0.53,0.003062499999999959,0.001926963038833465
spikes_wide,4000,1000,0.535,0.003083333333333308,0.0020420145034556517
spikes_wide,4000,1000,0.54,0.0026458333333332917,0.001936848212296142
spikes_wide,4000,1000,0.545,0.0025833333333332986,0.0020498829727621545
spikes_wide,4000,1000,0.55,0.002749999999999956,0.001957406292505314
spikes_wide,4000,1000,0.555,0.0021666666666666037,0.0020641541423140684
spikes_wide,4000,1000,0.56,0.0019999999999999554,0.002201067234251825
spikes_wide,4000,1000,0.5650000000000001,0.0018749999999999416,0.00205407484889146
spikes_wide,4000,1000,0.5700000000000001,0.0020624999999999303,0.0020832859843104216
spikes_wide,4000,1000,0.5750000000000001,0.0020416666666665897,0.001965091498113919
spikes_wide,4000,1000,0.58,0.0023125000000000415,0.001911915636610349
spikes_wide,4000,1000,0.585,0.0024375000000000555,0.0019198240627250683
spikes_wide,4000,1000,0.59,0.002395833333333347,0.0018526338574030073
spikes_wide,4000,1000,0.595,0.0025208333333333797,0.0019122458073631027
spikes_wide,4000,1000,0.6,0.002270833333333342,0.001844694052950214
spikes_wide,4000,1000,0.605,0.0021250000000000158,0.0018086754319616932
spikes_wide,4000,1000,0.61,0.002083333333333335,0.0017962854489588834
spikes_wide,4000,1000,0.615,0.002041666666666673,0.00182154439690582
spikes_wide,4000,1000,0.62,0.001770833333333342,0.0018454639140554334
spikes_wide,4000,1000,0.625,0.0017500000000000016,0.0017364191645888706
spikes_wide,4000,1000,0.63,0.0017291666666666612,0.0018136316564709477
spikes_wide,4000,1000,0.635,0.0020416666666666547,0.0017185577257007249
spikes_wide,4000,1000,0.64,0.0026249999999999885,0.0016573127665171113
spikes_wide,4000,1000,0.645,0.0024583333333333124,0.0016921815905373604
spikes_wide,4000,1000,0.65,0.002124999999999979,0.0016587406230467294
spikes_wide,4000,1000,0.655,0.0024374999999999627,0.0015331331185161055
spikes_wide,4000,1000,0.66,0.0024583333333333033,0.0015798905952404733
spikes_wide,4000,1000,0.665,0.0023958333333332824,0.0015680457139736399
spikes_wide,4000,1000,0.67,0.002020833333333296,0.0015689513281813517
spikes_wide,4000,1000,0.675,0.0025416666666666365,0.0016465164481842918
spikes_wide,4000,1000,0.68,0.002708333333333285,0.0017974712175102476
spikes_wide,4000,1000,0.685,0.002979166666666616,0.0017910389139865566
spikes_wide,4000,1000,0.6900000000000001,0.002854166666666602,0.001720106787705671
spikes_wide,4000,1000,0.6950000000000001,0.002874999999999924,0.0017531087106951344
spikes_wide,4000,1000,0.7000000000000001,0.002687499999999935,0.001807529757917574
spikes_wide,4000,1000,0.705,0.0021875000000000457,0.0019335859781371212
spikes_wide,4000,1000,0.71,0.0019791666666667076,0.0019060455884772353
spikes_wide,4000,1000,0.715,0.0019583333333333675,0.0019281196026232875
spikes_wide,4000,1000,0.72,0.0016666666666666867,0.0021684142136640257
spikes_wide,4000,1000,0.725,0.0017916666666666914,0.0020809456013936582
spikes_wide,4000,1000,0.73,0.0015208333333333508,0.0020515280551606212
spikes_wide,4000,1000,0.735,0.0015625000000000222,0.001948709022933031
spikes_wide,4000,1000,0.74,0.0016041666666666936,0.002014027119951218
spikes_wide,4000,1000,0.745,0.0011875000000000173,0.0020331357796479935
spikes_wide,4000,1000,0.75,0.0016458333333333186,0.0021187426439787677
spikes_wide,4000,1000,0.755,0.001770833333333342,0.0022289542521282965
spikes_wide,4000,1000,0.76,0.00145833333333333,0.0022654840386312426
spikes_wide,4000,1000,0.765,0.0010208333333333226,0.0022589171642737383
spikes_wide,4000,1000,0.77,0.0009791666666666514,0.002362799270233119
spikes_wide,4000,1000,0.775,0.0007499999999999821,0.002454703277754398
spikes_wide,4000,1000,0.78,0.0014791666666666425,0.002301074010877389
spikes_wide,4000,1000,0.785,0.0012291666666666239,0.0022374351043012563
spikes_wide,4000,1000,0.79,0.001395833333333309,0.0023809650635484717
spikes_wide,4000,1000,0.795,0.0015624999999999667,0.0023997168788181754
spikes_wide,4000,1000,0.8,0.0009583333333333018,0.002245119566679438
spikes_wide,4000,1000,0.805,0.000541666666666607,0.0021127842585631717
spikes_wide,4000,1000,0.81,0.0004999999999999357,0.0020365969833836223
spikes_wide,4000,1000,0.8150000000000001,0.0003124999999999471,0.0021384655802417726
spikes_wide,4000,1000,0.8200000000000001,0.0003541666666666184,0.0021232074287157038
spikes_wide,4000,1000,0.8250000000000001,0.00024999999999993544,0.001854049621773919
spikes_wide,4000,1000,0.8300000000000001,0.0008333333333332601,0.0018047006523089805
spikes_wide,4000,1000,0.835,0.0008333333333333711,0.0016618301035091656
spikes_wide,4000,1000,0.84,0.0008541666666667022,0.0016735063255683199
spikes_wide,4000,1000,0.845,0.0010625000000000124,0.001585960241104307
spikes_wide,4000,1000,0.85,0.0005625000000000213,0.0015506367826858022
spikes_wide,4000,1000,0.855,0.0003541666666666647,0.0015114645006974836
spikes_wide,4000,1000,0.86,0.0001875000000000071,0.0013994469280917577
spikes_wide,4000,1000,0.865,0.00041666666666668556,0.001292582764089094
spikes_wide,4000,1000,0.87,0.00043749999999999806,0.0012313475772748356
spikes_wide,4000,1000,0.875,0.0005000000000000004,0.0012773522567713189
spikes_wide,4000,1000,0.88,8.33333333333149e-05,0.0012459530448211068
spikes_wide,4000,1000,0.885,0.00031249999999999334,0.001234419950274771
spikes_wide,4000,1000,0.89,-0.00012500000000000475,0.0011093183137459337
spikes_wide,4000,1000,0.895,0.0002916666666666438,0.001058798513849209
spikes_wide,4000,1000,0.9,0.0007083333333333294,0.0009642439598677349
spikes_wide,4000,1000,0.905,0.00045833333333330134,0.0009788643956394098
spikes_wide,4000,1000,0.91,0.0007083333333332923,0.0008923248774233997
spikes_wide,4000,1000,0.915,0.0007499999999999637,0.0009454836825347105
spikes_wide,4000,1000,0.92,0.0007916666666666164,0.0009086251963679751
spikes_wide,4000,1000,0.925,0.0007291666666666327,0.0007615638399525226
spikes_wide,4000,1000,0.93,0.0007916666666666164,0.0007765705819092526
spikes_wide,4000,1000,0.935,0.000687499999999952,0.0007983914937377062
spikes_wide,4000,1000,0.9400000000000001,0.000562499999999938,0.0008573020798181986
spikes_wide,4000,1000,0.9450000000000001,0.0008333333333332508,0.0008339013215851274
spikes_wide,4000,1000,0.9500000000000001,0.0006041666666665909,0.0007884454001323714
spikes_wide,4000,1000,0.9550000000000001,0.0007499999999999266,0.0008371126422158353
spikes_wide,4000,1000,0.96,0.0003333333333333706,0.0008132038520878412
spikes_wide,4000,1000,0.965,0.00041666666666670404,0.0008276320121133241
spikes_wide,4000,1000,0.97,0.0001041666666666922,0.0007956191207817542
spikes_wide,4000,1000,0.975,-0.0001666666666666483,0.0006368820038819452
spikes_wide,4000,1000,0.98,-4.166666666664357e-05,0.0005175273866759107
spikes_wide,4000,1000,0.985,-0.00010416666666666445,0.00044642766955176245
spikes_wide,4000,1000,0.99,6.250000000001162e-05,0.00034696328729027484
spikes_wide,4000,1000,0.995,-0.00012499999999999548,0.0002208369067749749
spikes_wide,4000,1000,1.0,0.0,0.0
real ephys,4716,-1,0.0,0.0,
real ephys,4716,-1,0.005,-0.0005470737913486007,
real ephys,4716,-1,0.01,-0.0023664122137404585,
real ephys,4716,-1,0.015,-0.0018532654792196776,
real ephys,4716,-1,0.02,-0.0024003392705682774,
real ephys,4716,-1,0.025,-0.0031594571670907554,
real ephys,4716,-1,0.03,-0.0022222222222222227,
real ephys,4716,-1,0.035,-0.0021331636980491953,
real ephys,4716,-1,0.04,-0.002680237489397795,
real ephys,4716,-1,0.045,-0.0013189143341815063,
real ephys,4716,-1,0.05,-0.0014418999151823639,
real ephys,4716,-1,0.055,-0.0013528413910093295,
real ephys,4716,-1,0.06,-0.0016878710771840513,
real ephys,4716,-1,0.065,0.000945716709075492,
real ephys,4716,-1,0.07,0.0012468193384223836,
real ephys,4716,-1,0.075,0.0004877014418999126,
real ephys,4716,-1,0.08,0.0012128922815945742,
real ephys,4716,-1,0.085,0.0029983036471585983,
real ephys,4716,-1,0.09,0.0035114503816793957,
real ephys,4716,-1,0.095,0.0046607294317217995,
real ephys,4716,-1,0.1,0.0036895674300254366,
real ephys,4716,-1,0.105,0.003778625954198478,
real ephys,4716,-1,0.11,0.0042917726887192476,
real ephys,4716,-1,0.115,0.0037446988973706546,
real ephys,4716,-1,0.12,0.0029855810008481837,
real ephys,4716,-1,0.125,0.003498727735368967,
real ephys,4716,-1,0.13,0.0014673452078032279,
real ephys,4716,-1,0.135,0.0015564037319762414,
real ephys,4716,-1,0.14,-0.0013231552162850102,
real ephys,4716,-1,0.145,-0.00017387616624256474,
real ephys,4716,-1,0.15,0.00012722646310434071,
real ephys,4716,-1,0.155,-0.0002078032230704019,
real ephys,4716,-1,0.16,-0.00033078880407125255,
real ephys,4716,-1,0.165,-0.0004537743850721032,
real ephys,4716,-1,0.17,-0.0018490245971162222,
real ephys,4716,-1,0.17500000000000002,-0.0006997455470738045,
real ephys,4716,-1,0.18,-0.0014588634435962478,
real ephys,4716,-1,0.185,-0.000521628498727722,
real ephys,4716,-1,0.19,0.0012637828668362883,
real ephys,4716,-1,0.195,0.002413061916878706,
real ephys,4716,-1,0.2,0.003774385072094988,
real ephys,4716,-1,0.20500000000000002,0.0034393553859202453,
real ephys,4716,-1,0.21,0.002680237489397802,
real ephys,4716,-1,0.215,0.005313825275657352,
real ephys,4716,-1,0.22,0.006251060220525878,
real ephys,4716,-1,0.225,0.006128074639525027,
real ephys,4716,-1,0.23,0.005793044953350285,
real ephys,4716,-1,0.23500000000000001,0.00545801526717557,
real ephys,4716,-1,0.24,0.004910941475826991,
real ephys,4716,-1,0.245,0.004575911789652248,
real ephys,4716,-1,0.25,0.0038167938931297773,
real ephys,4716,-1,0.255,0.0028456318914333867,
real ephys,4716,-1,0.26,0.0008142493638677029,
real ephys,4716,-1,0.265,0.0017514843087362286,
real ephys,4716,-1,0.27,0.0022646310432569705,
real ephys,4716,-1,0.275,0.00362595419847328,
real ephys,4716,-1,0.28,0.005199321458863426,
real ephys,4716,-1,0.28500000000000003,0.005500424088210332,
real ephys,4716,-1,0.29,0.00431721798134016,
real ephys,4716,-1,0.295,0.0063146734520780345,
real ephys,4716,-1,0.3,0.005767599660729428,
real ephys,4716,-1,0.305,0.0050084817642069845,
real ephys,4716,-1,0.31,0.004673452078032214,
real ephys,4716,-1,0.315,0.00497455470737912,
real ephys,4716,-1,0.32,0.005487701441899917,
real ephys,4716,-1,0.325,0.005364715860899039,
real ephys,4716,-1,0.33,0.0041815097540288115,
real ephys,4716,-1,0.335,0.0038464800678540967,
real ephys,4716,-1,0.34,0.004147582697201002,
real ephys,4716,-1,0.34500000000000003,0.0063570822731127685,
real ephys,4716,-1,0.35000000000000003,0.005810008481764162,
real ephys,4716,-1,0.355,0.0052629346904156105,
real ephys,4716,-1,0.36,0.004927905004240896,
real ephys,4716,-1,0.365,0.0056530958439355294,
real ephys,4716,-1,0.37,0.004469889737065302,
real ephys,4716,-1,0.375,0.00561916878710772,
real ephys,4716,-1,0.38,0.005284139100933005,
real ephys,4716,-1,0.385,0.006009329940627639,
real ephys,4716,-1,0.39,0.0060983884648006526,
real ephys,4716,-1,0.395,0.005127226463104317,
real ephys,4716,-1,0.4,0.005640373197625059,
real ephys,4716,-1,0.405,0.005941475826971965,
real ephys,4716,-1,0.41000000000000003,0.006666666666666654,
real ephys,4716,-1,0.41500000000000004,0.006543681085665776,
real ephys,4716,-1,0.42,0.005360474978795604,
real ephys,4716,-1,0.425,0.004389312977099269,
real ephys,4716,-1,0.43,0.003206106870229042,
real ephys,4716,-1,0.435,0.004143341815097568,
real ephys,4716,-1,0.44,0.004020356234096689,
real ephys,4716,-1,0.445,0.004745547073791323,
real ephys,4716,-1,0.45,0.00525869380831212,
real ephys,4716,-1,0.455,0.005347752332485134,
real ephys,4716,-1,0.46,0.007345207803223064,
real ephys,4716,-1,0.465,0.007646310432569969,
real ephys,4716,-1,0.47000000000000003,0.006887192536047471,
real ephys,4716,-1,0.47500000000000003,0.007400339270568268,
real ephys,4716,-1,0.48,0.0057930449533503126,
real ephys,4716,-1,0.485,0.006094147582697218,
real ephys,4716,-1,0.49,0.0061832061068702315,
real ephys,4716,-1,0.495,0.007756573367260433,
real ephys,4716,-1,0.5,0.006785411365563987,
real ephys,4716,-1,0.505,0.005602205258693815,
real ephys,4716,-1,0.51,0.006327396098388505,
real ephys,4716,-1,0.515,0.005144189991518222,
real ephys,4716,-1,0.52,0.006717557251908368,
real ephys,4716,-1,0.525,0.006806615776081437,
real ephys,4716,-1,0.53,0.007743850720949963,
real ephys,4716,-1,0.535,0.007408821034775248,
real ephys,4716,-1,0.54,0.00728583545377437,
real ephys,4716,-1,0.545,0.006738761662425707,
real ephys,4716,-1,0.55,0.006191687871077156,
real ephys,4716,-1,0.555,0.007553011026293466,
real ephys,4716,-1,0.56,0.006793893129770967,
real ephys,4716,-1,0.5650000000000001,0.006670907548770089,
real ephys,4716,-1,0.5700000000000001,0.0071840542832908305,
real ephys,4716,-1,0.5750000000000001,0.007485156912637736,
real ephys,4716,-1,0.58,0.00863443596268032,
real ephys,4716,-1,0.585,0.010419847328244303,
real ephys,4716,-1,0.59,0.009872773536895751,
real ephys,4716,-1,0.595,0.01059796437659033,
real ephys,4716,-1,0.6,0.010050890585241778,
real ephys,4716,-1,0.605,0.00929177268871928,
real ephys,4716,-1,0.61,0.008956743002544565,
real ephys,4716,-1,0.615,0.00925784563189147,
real ephys,4716,-1,0.62,0.008286683630195135,
real ephys,4716,-1,0.625,0.009223918575063661,
real ephys,4716,-1,0.63,0.008040712468193378,
real ephys,4716,-1,0.635,0.006857506361323096,
real ephys,4716,-1,0.64,0.0077947413061916215,
real ephys,4716,-1,0.645,0.007671755725190854,
real ephys,4716,-1,0.65,0.008184902459711596,
real ephys,4716,-1,0.655,0.008910093299406285,
real ephys,4716,-1,0.66,0.00857506361323157,
real ephys,4716,-1,0.665,0.006967769296013504,
real ephys,4716,-1,0.67,0.006632739609838789,
real ephys,4716,-1,0.675,0.006721798134011858,
real ephys,4716,-1,0.68,0.006810856658184816,
real ephys,4716,-1,0.685,0.006475826972010101,
real ephys,4716,-1,0.6900000000000001,0.006776929601357007,
real ephys,4716,-1,0.6950000000000001,0.008138252756573316,
real ephys,4716,-1,0.7000000000000001,0.008227311280746274,
real ephys,4716,-1,0.705,0.008316369804919455,
real ephys,4716,-1,0.71,0.0098897370653096,
real ephys,4716,-1,0.715,0.008706530958439429,
real ephys,4716,-1,0.72,0.009431721798134007,
real ephys,4716,-1,0.725,0.010368956743002533,
real ephys,4716,-1,0.73,0.009821882951653982,
real ephys,4716,-1,0.735,0.008850720949957647,
real ephys,4716,-1,0.74,0.0078795589482612,
real ephys,4716,-1,0.745,0.00860474978795589,
real ephys,4716,-1,0.75,0.00932994062765058,
real ephys,4716,-1,0.755,0.008782866836301917,
real ephys,4716,-1,0.76,0.008659881255301038,
real ephys,4716,-1,0.765,0.008960983884647944,
real ephys,4716,-1,0.77,0.007141645462256152,
real ephys,4716,-1,0.775,0.008927056827820135,
real ephys,4716,-1,0.78,0.010288379983036444,
real ephys,4716,-1,0.785,0.009317217981340109,
real ephys,4716,-1,0.79,0.011738761662425712,
real ephys,4716,-1,0.795,0.010767599660729377,
real ephys,4716,-1,0.8,0.010220525869380825,
real ephys,4716,-1,0.805,0.009673452078032163,
real ephys,4716,-1,0.81,0.010398642917726852,
real ephys,4716,-1,0.8150000000000001,0.010063613231552138,
real ephys,4716,-1,0.8200000000000001,0.009728583545377423,
real ephys,4716,-1,0.8250000000000001,0.008121289228159356,
real ephys,4716,-1,0.8300000000000001,0.007998303647158589,
real ephys,4716,-1,0.835,0.007451229855810038,
real ephys,4716,-1,0.84,0.008176420695504727,
real ephys,4716,-1,0.845,0.009113655640373253,
real ephys,4716,-1,0.85,0.009626802374893995,
real ephys,4716,-1,0.855,0.011412213740458088,
real ephys,4716,-1,0.86,0.010229007633587806,
real ephys,4716,-1,0.865,0.00989397794741309,
real ephys,4716,-1,0.87,0.008922815945716756,
real ephys,4716,-1,0.875,0.008375742154368093,
real ephys,4716,-1,0.88,0.008888888888888835,
real ephys,4716,-1,0.885,0.007493638676844827,
real ephys,4716,-1,0.89,0.0077947413061916215,
real ephys,4716,-1,0.895,0.009156064461407931,
real ephys,4716,-1,0.9,0.008184902459711596,
real ephys,4716,-1,0.905,0.006789652247667477,
real ephys,4716,-1,0.91,0.006878710771840546,
real ephys,4716,-1,0.915,0.0052714164546224795,
real ephys,4716,-1,0.92,0.004300254452926144,
real ephys,4716,-1,0.925,0.00460135708227305,
real ephys,4716,-1,0.93,0.004266327396098335,
real ephys,4716,-1,0.935,0.0037192536047497837,
real ephys,4716,-1,0.9400000000000001,0.0046564885496183095,
real ephys,4716,-1,0.9450000000000001,0.004321458863443484,
real ephys,4716,-1,0.9500000000000001,0.003986429177268769,
real ephys,4716,-1,0.9550000000000001,0.006195928753180535,
real ephys,4716,-1,0.96,0.005012722646310475,
real ephys,4716,-1,0.965,0.004889737065309596,
real ephys,4716,-1,0.97,0.0041306191687870975,
real ephys,4716,-1,0.975,0.002523324851569142,
real ephys,4716,-1,0.98,0.001128074639525023,
real ephys,4716,-1,0.985,0.0014291772688719284,
real ephys,4716,-1,0.99,0.0019423240033926703,
real ephys,4716,-1,0.995,0.0007591178965224987,
real ephys,4716,-1,1.0,0.0,
