experiment,batch,kind,freq,f_stim,n,n_le_half,offset
medaka_fish3_8dpf_magneto_0,medaka 0.1 Hz,real,0.05555555555555555,0.1,166,88,
medaka_fish3_8dpf_magneto_0,medaka 0.1 Hz,detrended + envelope-normalised,0.05555555555555555,0.1,166,92,
medaka_fish3_8dpf_magneto_0,medaka 0.1 Hz,white,0.05555555555555555,0.1,166,88,
medaka_fish3_8dpf_magneto_0,medaka 0.1 Hz,real,0.05740740740740741,0.1,166,78,
medaka_fish3_8dpf_magneto_0,medaka 0.1 Hz,detrended + envelope-normalised,0.05740740740740741,0.1,166,89,
medaka_fish3_8dpf_magneto_0,medaka 0.1 Hz,white,0.05740740740740741,0.1,166,82,
medaka_fish3_8dpf_magneto_0,medaka 0.1 Hz,real,0.05925925925925926,0.1,166,87,
medaka_fish3_8dpf_magneto_0,medaka 0.1 Hz,detrended + envelope-normalised,0.05925925925925926,0.1,166,80,
medaka_fish3_8dpf_magneto_0,medaka 0.1 Hz,white,0.05925925925925926,0.1,166,74,
medaka_fish3_8dpf_magneto_0,medaka 0.1 Hz,real,0.06111111111111111,0.1,166,88,
medaka_fish3_8dpf_magneto_0,medaka 0.1 Hz,detrended + envelope-normalised,0.06111111111111111,0.1,166,78,
medaka_fish3_8dpf_magneto_0,medaka 0.1 Hz,white,0.06111111111111111,0.1,166,81,
medaka_fish3_8dpf_magneto_0,medaka 0.1 Hz,real,0.06388888888888888,0.1,166,79,
medaka_fish3_8dpf_magneto_0,medaka 0.1 Hz,detrended + envelope-normalised,0.06388888888888888,0.1,166,91,
medaka_fish3_8dpf_magneto_0,medaka 0.1 Hz,white,0.06388888888888888,0.1,166,90,
medaka_fish3_8dpf_magneto_0,medaka 0.1 Hz,real,0.06666666666666667,0.1,166,84,
medaka_fish3_8dpf_magneto_0,medaka 0.1 Hz,detrended + envelope-normalised,0.06666666666666667,0.1,166,88,
medaka_fish3_8dpf_magneto_0,medaka 0.1 Hz,white,0.06666666666666667,0.1,166,92,
medaka_fish3_8dpf_magneto_0,medaka 0.1 Hz,real,0.06851851851851852,0.1,166,107,
medaka_fish3_8dpf_magneto_0,medaka 0.1 Hz,detrended + envelope-normalised,0.06851851851851852,0.1,166,84,
medaka_fish3_8dpf_magneto_0,medaka 0.1 Hz,white,0.06851851851851852,0.1,166,88,
medaka_fish3_8dpf_magneto_0,medaka 0.1 Hz,real,0.0712962962962963,0.1,166,95,
medaka_fish3_8dpf_magneto_0,medaka 0.1 Hz,detrended + envelope-normalised,0.0712962962962963,0.1,166,97,
medaka_fish3_8dpf_magneto_0,medaka 0.1 Hz,white,0.0712962962962963,0.1,166,92,
medaka_fish3_8dpf_magneto_0,medaka 0.1 Hz,real,0.07407407407407407,0.1,166,90,
medaka_fish3_8dpf_magneto_0,medaka 0.1 Hz,detrended + envelope-normalised,0.07407407407407407,0.1,166,75,
medaka_fish3_8dpf_magneto_0,medaka 0.1 Hz,white,0.07407407407407407,0.1,166,87,
medaka_fish3_8dpf_magneto_0,medaka 0.1 Hz,real,0.07685185185185185,0.1,166,93,
medaka_fish3_8dpf_magneto_0,medaka 0.1 Hz,detrended + envelope-normalised,0.07685185185185185,0.1,166,89,
medaka_fish3_8dpf_magneto_0,medaka 0.1 Hz,white,0.07685185185185185,0.1,166,91,
medaka_fish3_8dpf_magneto_0,medaka 0.1 Hz,real,0.07962962962962963,0.1,166,82,
medaka_fish3_8dpf_magneto_0,medaka 0.1 Hz,detrended + envelope-normalised,0.07962962962962963,0.1,166,91,
medaka_fish3_8dpf_magneto_0,medaka 0.1 Hz,white,0.07962962962962963,0.1,166,85,
medaka_fish3_8dpf_magneto_0,medaka 0.1 Hz,real,0.0824074074074074,0.1,166,88,
medaka_fish3_8dpf_magneto_0,medaka 0.1 Hz,detrended + envelope-normalised,0.0824074074074074,0.1,166,91,
medaka_fish3_8dpf_magneto_0,medaka 0.1 Hz,white,0.0824074074074074,0.1,166,83,
medaka_fish3_8dpf_magneto_0,medaka 0.1 Hz,real,0.08611111111111111,0.1,166,86,
medaka_fish3_8dpf_magneto_0,medaka 0.1 Hz,detrended + envelope-normalised,0.08611111111111111,0.1,166,86,
medaka_fish3_8dpf_magneto_0,medaka 0.1 Hz,white,0.08611111111111111,0.1,166,77,
medaka_fish3_8dpf_magneto_0,medaka 0.1 Hz,real,0.08888888888888889,0.1,166,79,
medaka_fish3_8dpf_magneto_0,medaka 0.1 Hz,detrended + envelope-normalised,0.08888888888888889,0.1,166,75,
medaka_fish3_8dpf_magneto_0,medaka 0.1 Hz,white,0.08888888888888889,0.1,166,85,
medaka_fish3_8dpf_magneto_0,medaka 0.1 Hz,real,0.09259259259259259,0.1,166,88,
medaka_fish3_8dpf_magneto_0,medaka 0.1 Hz,detrended + envelope-normalised,0.09259259259259259,0.1,166,86,
medaka_fish3_8dpf_magneto_0,medaka 0.1 Hz,white,0.09259259259259259,0.1,166,98,
medaka_fish3_8dpf_magneto_0,medaka 0.1 Hz,real,0.09537037037037037,0.1,166,89,
medaka_fish3_8dpf_magneto_0,medaka 0.1 Hz,detrended + envelope-normalised,0.09537037037037037,0.1,166,81,
medaka_fish3_8dpf_magneto_0,medaka 0.1 Hz,white,0.09537037037037037,0.1,166,80,
medaka_fish3_8dpf_magneto_0,medaka 0.1 Hz,real,0.09907407407407408,0.1,166,92,
medaka_fish3_8dpf_magneto_0,medaka 0.1 Hz,detrended + envelope-normalised,0.09907407407407408,0.1,166,80,
medaka_fish3_8dpf_magneto_0,medaka 0.1 Hz,white,0.09907407407407408,0.1,166,79,
medaka_fish3_8dpf_magneto_0,medaka 0.1 Hz,real,0.10277777777777777,0.1,166,77,
medaka_fish3_8dpf_magneto_0,medaka 0.1 Hz,detrended + envelope-normalised,0.10277777777777777,0.1,166,78,
medaka_fish3_8dpf_magneto_0,medaka 0.1 Hz,white,0.10277777777777777,0.1,166,83,
medaka_fish3_8dpf_magneto_0,medaka 0.1 Hz,real,0.10740740740740741,0.1,166,99,
medaka_fish3_8dpf_magneto_0,medaka 0.1 Hz,detrended + envelope-normalised,0.10740740740740741,0.1,166,86,
medaka_fish3_8dpf_magneto_0,medaka 0.1 Hz,white,0.10740740740740741,0.1,166,94,
medaka_fish3_8dpf_magneto_0,medaka 0.1 Hz,real,0.1111111111111111,0.1,166,91,
medaka_fish3_8dpf_magneto_0,medaka 0.1 Hz,detrended + envelope-normalised,0.1111111111111111,0.1,166,80,
medaka_fish3_8dpf_magneto_0,medaka 0.1 Hz,white,0.1111111111111111,0.1,166,83,
medaka_fish3_8dpf_magneto_0,medaka 0.1 Hz,real,0.11481481481481481,0.1,166,102,
medaka_fish3_8dpf_magneto_0,medaka 0.1 Hz,detrended + envelope-normalised,0.11481481481481481,0.1,166,91,
medaka_fish3_8dpf_magneto_0,medaka 0.1 Hz,white,0.11481481481481481,0.1,166,84,
medaka_fish3_8dpf_magneto_0,medaka 0.1 Hz,real,0.11944444444444445,0.1,166,88,
medaka_fish3_8dpf_magneto_0,medaka 0.1 Hz,detrended + envelope-normalised,0.11944444444444445,0.1,166,85,
medaka_fish3_8dpf_magneto_0,medaka 0.1 Hz,white,0.11944444444444445,0.1,166,81,
medaka_fish3_8dpf_magneto_0,medaka 0.1 Hz,real,0.12407407407407407,0.1,166,74,
medaka_fish3_8dpf_magneto_0,medaka 0.1 Hz,detrended + envelope-normalised,0.12407407407407407,0.1,166,85,
medaka_fish3_8dpf_magneto_0,medaka 0.1 Hz,white,0.12407407407407407,0.1,166,84,
medaka_fish3_8dpf_magneto_0,medaka 0.1 Hz,real,0.1287037037037037,0.1,166,87,
medaka_fish3_8dpf_magneto_0,medaka 0.1 Hz,detrended + envelope-normalised,0.1287037037037037,0.1,166,80,
medaka_fish3_8dpf_magneto_0,medaka 0.1 Hz,white,0.1287037037037037,0.1,166,85,
medaka_fish3_8dpf_magneto_0,medaka 0.1 Hz,real,0.13333333333333333,0.1,166,96,
medaka_fish3_8dpf_magneto_0,medaka 0.1 Hz,detrended + envelope-normalised,0.13333333333333333,0.1,166,85,
medaka_fish3_8dpf_magneto_0,medaka 0.1 Hz,white,0.13333333333333333,0.1,166,77,
medaka_fish3_8dpf_magneto_0,medaka 0.1 Hz,real,0.1388888888888889,0.1,166,90,
medaka_fish3_8dpf_magneto_0,medaka 0.1 Hz,detrended + envelope-normalised,0.1388888888888889,0.1,166,74,
medaka_fish3_8dpf_magneto_0,medaka 0.1 Hz,white,0.1388888888888889,0.1,166,73,
medaka_fish3_8dpf_magneto_0,medaka 0.1 Hz,real,0.14351851851851852,0.1,166,90,
medaka_fish3_8dpf_magneto_0,medaka 0.1 Hz,detrended + envelope-normalised,0.14351851851851852,0.1,166,82,
medaka_fish3_8dpf_magneto_0,medaka 0.1 Hz,white,0.14351851851851852,0.1,166,80,
medaka_fish3_8dpf_magneto_0,medaka 0.1 Hz,real,0.14907407407407408,0.1,166,89,
medaka_fish3_8dpf_magneto_0,medaka 0.1 Hz,detrended + envelope-normalised,0.14907407407407408,0.1,166,89,
medaka_fish3_8dpf_magneto_0,medaka 0.1 Hz,white,0.14907407407407408,0.1,166,79,
medaka_fish3_8dpf_magneto_0,medaka 0.1 Hz,real,0.15462962962962962,0.1,166,100,
medaka_fish3_8dpf_magneto_0,medaka 0.1 Hz,detrended + envelope-normalised,0.15462962962962962,0.1,166,99,
medaka_fish3_8dpf_magneto_0,medaka 0.1 Hz,white,0.15462962962962962,0.1,166,86,
medaka_fish3_8dpf_magneto_0,medaka 0.1 Hz,real,0.16018518518518518,0.1,166,92,
medaka_fish3_8dpf_magneto_0,medaka 0.1 Hz,detrended + envelope-normalised,0.16018518518518518,0.1,166,90,
medaka_fish3_8dpf_magneto_0,medaka 0.1 Hz,white,0.16018518518518518,0.1,166,81,
medaka_fish3_8dpf_magneto_0,medaka 0.1 Hz,real,0.16666666666666666,0.1,166,88,
medaka_fish3_8dpf_magneto_0,medaka 0.1 Hz,detrended + envelope-normalised,0.16666666666666666,0.1,166,89,
medaka_fish3_8dpf_magneto_0,medaka 0.1 Hz,white,0.16666666666666666,0.1,166,93,
medaka_fish3_8dpf_magneto_0,medaka 0.1 Hz,real,0.17222222222222222,0.1,166,95,
medaka_fish3_8dpf_magneto_0,medaka 0.1 Hz,detrended + envelope-normalised,0.17222222222222222,0.1,166,96,
medaka_fish3_8dpf_magneto_0,medaka 0.1 Hz,white,0.17222222222222222,0.1,166,82,
medaka_fish3_8dpf_magneto_0,medaka 0.1 Hz,real,0.1787037037037037,0.1,166,92,
medaka_fish3_8dpf_magneto_0,medaka 0.1 Hz,detrended + envelope-normalised,0.1787037037037037,0.1,166,87,
medaka_fish3_8dpf_magneto_0,medaka 0.1 Hz,white,0.1787037037037037,0.1,166,79,
medaka_fish3_8dpf_magneto_0,medaka 0.1 Hz,real,0.18611111111111112,0.1,166,77,
medaka_fish3_8dpf_magneto_0,medaka 0.1 Hz,detrended + envelope-normalised,0.18611111111111112,0.1,166,78,
medaka_fish3_8dpf_magneto_0,medaka 0.1 Hz,white,0.18611111111111112,0.1,166,92,
medaka_fish3_8dpf_magneto_0,medaka 0.1 Hz,real,0.1925925925925926,0.1,166,88,
medaka_fish3_8dpf_magneto_0,medaka 0.1 Hz,detrended + envelope-normalised,0.1925925925925926,0.1,166,98,
medaka_fish3_8dpf_magneto_0,medaka 0.1 Hz,white,0.1925925925925926,0.1,166,70,
medaka_fish3_8dpf_magneto_0,medaka 0.1 Hz,real,0.2,0.1,166,89,
medaka_fish3_8dpf_magneto_0,medaka 0.1 Hz,detrended + envelope-normalised,0.2,0.1,166,85,
medaka_fish3_8dpf_magneto_0,medaka 0.1 Hz,white,0.2,0.1,166,69,
medaka_fish3_8dpf_magneto_0,medaka 0.1 Hz,real,0.2074074074074074,0.1,166,92,
medaka_fish3_8dpf_magneto_0,medaka 0.1 Hz,detrended + envelope-normalised,0.2074074074074074,0.1,166,81,
medaka_fish3_8dpf_magneto_0,medaka 0.1 Hz,white,0.2074074074074074,0.1,166,79,
medaka_fish3_8dpf_magneto_0,medaka 0.1 Hz,real,0.21481481481481482,0.1,166,84,
medaka_fish3_8dpf_magneto_0,medaka 0.1 Hz,detrended + envelope-normalised,0.21481481481481482,0.1,166,86,
medaka_fish3_8dpf_magneto_0,medaka 0.1 Hz,white,0.21481481481481482,0.1,166,82,
medaka_fish3_8dpf_magneto_0,medaka 0.1 Hz,real,0.22314814814814815,0.1,166,82,
medaka_fish3_8dpf_magneto_0,medaka 0.1 Hz,detrended + envelope-normalised,0.22314814814814815,0.1,166,81,
medaka_fish3_8dpf_magneto_0,medaka 0.1 Hz,white,0.22314814814814815,0.1,166,77,
medaka_fish3_8dpf_magneto_0,medaka 0.1 Hz,real,0.23148148148148148,0.1,166,88,
medaka_fish3_8dpf_magneto_0,medaka 0.1 Hz,detrended + envelope-normalised,0.23148148148148148,0.1,166,86,
medaka_fish3_8dpf_magneto_0,medaka 0.1 Hz,white,0.23148148148148148,0.1,166,80,
medaka_fish3_8dpf_magneto_0,medaka 0.1 Hz,real,0.24074074074074073,0.1,166,92,
medaka_fish3_8dpf_magneto_0,medaka 0.1 Hz,detrended + envelope-normalised,0.24074074074074073,0.1,166,94,
medaka_fish3_8dpf_magneto_0,medaka 0.1 Hz,white,0.24074074074074073,0.1,166,85,
medaka_fish3_8dpf_magneto_0,medaka 0.1 Hz,real,0.2490740740740741,0.1,166,81,
medaka_fish3_8dpf_magneto_0,medaka 0.1 Hz,detrended + envelope-normalised,0.2490740740740741,0.1,166,85,
medaka_fish3_8dpf_magneto_0,medaka 0.1 Hz,white,0.2490740740740741,0.1,166,83,
medaka_fish3_8dpf_magneto_0,medaka 0.1 Hz,real,0.25833333333333336,0.1,166,93,
medaka_fish3_8dpf_magneto_0,medaka 0.1 Hz,detrended + envelope-normalised,0.25833333333333336,0.1,166,82,
medaka_fish3_8dpf_magneto_0,medaka 0.1 Hz,white,0.25833333333333336,0.1,166,76,
medaka_fish3_8dpf_magneto_0,medaka 0.1 Hz,real,0.26851851851851855,0.1,166,91,
medaka_fish3_8dpf_magneto_0,medaka 0.1 Hz,detrended + envelope-normalised,0.26851851851851855,0.1,166,94,
medaka_fish3_8dpf_magneto_0,medaka 0.1 Hz,white,0.26851851851851855,0.1,166,78,
medaka_fish3_8dpf_magneto_0,medaka 0.1 Hz,real,0.27870370370370373,0.1,166,96,
medaka_fish3_8dpf_magneto_0,medaka 0.1 Hz,detrended + envelope-normalised,0.27870370370370373,0.1,166,85,
medaka_fish3_8dpf_magneto_0,medaka 0.1 Hz,white,0.27870370370370373,0.1,166,89,
medaka_fish3_8dpf_magneto_0,medaka 0.1 Hz,real,0.28888888888888886,0.1,166,92,
medaka_fish3_8dpf_magneto_0,medaka 0.1 Hz,detrended + envelope-normalised,0.28888888888888886,0.1,166,78,
medaka_fish3_8dpf_magneto_0,medaka 0.1 Hz,white,0.28888888888888886,0.1,166,81,
medaka_fish3_8dpf_magneto_0,medaka 0.1 Hz,real,0.3,0.1,166,81,
medaka_fish3_8dpf_magneto_0,medaka 0.1 Hz,detrended + envelope-normalised,0.3,0.1,166,71,
medaka_fish3_8dpf_magneto_0,medaka 0.1 Hz,white,0.3,0.1,166,87,
medaka_fish3_8dpf_magneto_0,medaka 0.1 Hz,real,0.3111111111111111,0.1,166,88,
medaka_fish3_8dpf_magneto_0,medaka 0.1 Hz,detrended + envelope-normalised,0.3111111111111111,0.1,166,84,
medaka_fish3_8dpf_magneto_0,medaka 0.1 Hz,white,0.3111111111111111,0.1,166,77,
medaka_fish3_8dpf_magneto_0,medaka 0.1 Hz,real,0.32222222222222224,0.1,166,92,
medaka_fish3_8dpf_magneto_0,medaka 0.1 Hz,detrended + envelope-normalised,0.32222222222222224,0.1,166,86,
medaka_fish3_8dpf_magneto_0,medaka 0.1 Hz,white,0.32222222222222224,0.1,166,91,
medaka_fish3_8dpf_magneto_0,medaka 0.1 Hz,real,0.33425925925925926,0.1,166,80,
medaka_fish3_8dpf_magneto_0,medaka 0.1 Hz,detrended + envelope-normalised,0.33425925925925926,0.1,166,77,
medaka_fish3_8dpf_magneto_0,medaka 0.1 Hz,white,0.33425925925925926,0.1,166,87,
medaka_fish3_8dpf_magneto_0,medaka 0.1 Hz,real,0.3472222222222222,0.1,166,90,
medaka_fish3_8dpf_magneto_0,medaka 0.1 Hz,detrended + envelope-normalised,0.3472222222222222,0.1,166,81,
medaka_fish3_8dpf_magneto_0,medaka 0.1 Hz,white,0.3472222222222222,0.1,166,87,
medaka_fish3_8dpf_magneto_0,medaka 0.1 Hz,real,0.36018518518518516,0.1,166,88,
medaka_fish3_8dpf_magneto_0,medaka 0.1 Hz,detrended + envelope-normalised,0.36018518518518516,0.1,166,89,
medaka_fish3_8dpf_magneto_0,medaka 0.1 Hz,white,0.36018518518518516,0.1,166,96,
medaka_fish3_8dpf_magneto_0,medaka 0.1 Hz,real,0.3731481481481482,0.1,166,91,
medaka_fish3_8dpf_magneto_0,medaka 0.1 Hz,detrended + envelope-normalised,0.3731481481481482,0.1,166,86,
medaka_fish3_8dpf_magneto_0,medaka 0.1 Hz,white,0.3731481481481482,0.1,166,83,
medaka_fish3_8dpf_magneto_0,medaka 0.1 Hz,real,0.387037037037037,0.1,166,92,
medaka_fish3_8dpf_magneto_0,medaka 0.1 Hz,detrended + envelope-normalised,0.387037037037037,0.1,166,93,
medaka_fish3_8dpf_magneto_0,medaka 0.1 Hz,white,0.387037037037037,0.1,166,90,
medaka_fish3_8dpf_magneto_0,medaka 0.1 Hz,real,0.40185185185185185,0.1,166,92,
medaka_fish3_8dpf_magneto_0,medaka 0.1 Hz,detrended + envelope-normalised,0.40185185185185185,0.1,166,77,
medaka_fish3_8dpf_magneto_0,medaka 0.1 Hz,white,0.40185185185185185,0.1,166,87,
medaka_fish3_8dpf_magneto_0,medaka 0.1 Hz,real,0.4166666666666667,0.1,166,89,
medaka_fish3_8dpf_magneto_0,medaka 0.1 Hz,detrended + envelope-normalised,0.4166666666666667,0.1,166,83,
medaka_fish3_8dpf_magneto_0,medaka 0.1 Hz,white,0.4166666666666667,0.1,166,68,
medaka_fish3_8dpf_magneto_0,medaka 0.1 Hz,real,0.4324074074074074,0.1,166,92,
medaka_fish3_8dpf_magneto_0,medaka 0.1 Hz,detrended + envelope-normalised,0.4324074074074074,0.1,166,78,
medaka_fish3_8dpf_magneto_0,medaka 0.1 Hz,white,0.4324074074074074,0.1,166,99,
medaka_fish3_8dpf_magneto_0,medaka 0.1 Hz,real,0.44907407407407407,0.1,166,76,
medaka_fish3_8dpf_magneto_0,medaka 0.1 Hz,detrended + envelope-normalised,0.44907407407407407,0.1,166,77,
medaka_fish3_8dpf_magneto_0,medaka 0.1 Hz,white,0.44907407407407407,0.1,166,85,
medaka_fish3_8dpf_magneto_0,medaka 0.1 Hz,real,0.46574074074074073,0.1,166,79,
medaka_fish3_8dpf_magneto_0,medaka 0.1 Hz,detrended + envelope-normalised,0.46574074074074073,0.1,166,85,
medaka_fish3_8dpf_magneto_0,medaka 0.1 Hz,white,0.46574074074074073,0.1,166,93,
medaka_fish3_8dpf_magneto_0,medaka 0.1 Hz,real,0.48333333333333334,0.1,166,98,
medaka_fish3_8dpf_magneto_0,medaka 0.1 Hz,detrended + envelope-normalised,0.48333333333333334,0.1,166,95,
medaka_fish3_8dpf_magneto_0,medaka 0.1 Hz,white,0.48333333333333334,0.1,166,80,
medaka_fish3_8dpf_magneto_0,medaka 0.1 Hz,near stimulus,0.07222222222222222,0.1,166,82,-30.0
medaka_fish3_8dpf_magneto_0,medaka 0.1 Hz,near stimulus,0.07314814814814814,0.1,166,88,-29.0
medaka_fish3_8dpf_magneto_0,medaka 0.1 Hz,near stimulus,0.07407407407407407,0.1,166,90,-28.0
medaka_fish3_8dpf_magneto_0,medaka 0.1 Hz,near stimulus,0.075,0.1,166,89,-27.0
medaka_fish3_8dpf_magneto_0,medaka 0.1 Hz,near stimulus,0.07592592592592592,0.1,166,96,-26.0
medaka_fish3_8dpf_magneto_0,medaka 0.1 Hz,near stimulus,0.07685185185185185,0.1,166,93,-25.0
medaka_fish3_8dpf_magneto_0,medaka 0.1 Hz,near stimulus,0.07777777777777778,0.1,166,87,-24.0
medaka_fish3_8dpf_magneto_0,medaka 0.1 Hz,near stimulus,0.0787037037037037,0.1,166,90,-23.0
medaka_fish3_8dpf_magneto_0,medaka 0.1 Hz,near stimulus,0.07962962962962963,0.1,166,82,-22.0
medaka_fish3_8dpf_magneto_0,medaka 0.1 Hz,near stimulus,0.08055555555555556,0.1,166,90,-21.0
medaka_fish3_8dpf_magneto_0,medaka 0.1 Hz,near stimulus,0.08148148148148149,0.1,166,99,-20.0
medaka_fish3_8dpf_magneto_0,medaka 0.1 Hz,near stimulus,0.0824074074074074,0.1,166,88,-19.0
medaka_fish3_8dpf_magneto_0,medaka 0.1 Hz,near stimulus,0.08333333333333333,0.1,166,76,-18.0
medaka_fish3_8dpf_magneto_0,medaka 0.1 Hz,near stimulus,0.08425925925925926,0.1,166,84,-17.0
medaka_fish3_8dpf_magneto_0,medaka 0.1 Hz,near stimulus,0.08518518518518518,0.1,166,86,-16.0
medaka_fish3_8dpf_magneto_0,medaka 0.1 Hz,near stimulus,0.08611111111111111,0.1,166,86,-15.0
medaka_fish3_8dpf_magneto_0,medaka 0.1 Hz,near stimulus,0.08703703703703704,0.1,166,79,-14.0
medaka_fish3_8dpf_magneto_0,medaka 0.1 Hz,near stimulus,0.08796296296296297,0.1,166,86,-13.0
medaka_fish3_8dpf_magneto_0,medaka 0.1 Hz,near stimulus,0.08888888888888889,0.1,166,79,-12.0
medaka_fish3_8dpf_magneto_0,medaka 0.1 Hz,near stimulus,0.08981481481481482,0.1,166,97,-11.0
medaka_fish3_8dpf_magneto_0,medaka 0.1 Hz,near stimulus,0.09074074074074075,0.1,166,85,-10.0
medaka_fish3_8dpf_magneto_0,medaka 0.1 Hz,near stimulus,0.09166666666666666,0.1,166,97,-9.0
medaka_fish3_8dpf_magneto_0,medaka 0.1 Hz,near stimulus,0.09259259259259259,0.1,166,88,-8.0
medaka_fish3_8dpf_magneto_0,medaka 0.1 Hz,near stimulus,0.09351851851851851,0.1,166,81,-7.0
medaka_fish3_8dpf_magneto_0,medaka 0.1 Hz,near stimulus,0.09444444444444444,0.1,166,88,-6.0
medaka_fish3_8dpf_magneto_0,medaka 0.1 Hz,near stimulus,0.09537037037037037,0.1,166,89,-5.0
medaka_fish3_8dpf_magneto_0,medaka 0.1 Hz,near stimulus,0.0962962962962963,0.1,166,86,-4.0
medaka_fish3_8dpf_magneto_0,medaka 0.1 Hz,near stimulus,0.09722222222222222,0.1,166,92,-3.0
medaka_fish3_8dpf_magneto_0,medaka 0.1 Hz,near stimulus,0.09814814814814815,0.1,166,96,-2.0
medaka_fish3_8dpf_magneto_0,medaka 0.1 Hz,near stimulus,0.09907407407407408,0.1,166,92,-1.0
medaka_fish3_8dpf_magneto_0,medaka 0.1 Hz,near stimulus,0.1,0.1,166,98,0.0
medaka_fish3_8dpf_magneto_0,medaka 0.1 Hz,near stimulus,0.10092592592592593,0.1,166,88,1.0
medaka_fish3_8dpf_magneto_0,medaka 0.1 Hz,near stimulus,0.10185185185185185,0.1,166,89,2.0
medaka_fish3_8dpf_magneto_0,medaka 0.1 Hz,near stimulus,0.10277777777777777,0.1,166,77,3.0
medaka_fish3_8dpf_magneto_0,medaka 0.1 Hz,near stimulus,0.1037037037037037,0.1,166,87,4.0
medaka_fish3_8dpf_magneto_0,medaka 0.1 Hz,near stimulus,0.10462962962962963,0.1,166,85,5.0
medaka_fish3_8dpf_magneto_0,medaka 0.1 Hz,near stimulus,0.10555555555555556,0.1,166,83,6.0
medaka_fish3_8dpf_magneto_0,medaka 0.1 Hz,near stimulus,0.10648148148148148,0.1,166,89,7.0
medaka_fish3_8dpf_magneto_0,medaka 0.1 Hz,near stimulus,0.10740740740740741,0.1,166,99,8.0
medaka_fish3_8dpf_magneto_0,medaka 0.1 Hz,near stimulus,0.10833333333333334,0.1,166,91,9.0
medaka_fish3_8dpf_magneto_0,medaka 0.1 Hz,near stimulus,0.10925925925925926,0.1,166,88,10.0
medaka_fish3_8dpf_magneto_0,medaka 0.1 Hz,near stimulus,0.11018518518518519,0.1,166,88,11.0
medaka_fish3_8dpf_magneto_0,medaka 0.1 Hz,near stimulus,0.1111111111111111,0.1,166,91,12.0
medaka_fish3_8dpf_magneto_0,medaka 0.1 Hz,near stimulus,0.11203703703703703,0.1,166,94,13.0
medaka_fish3_8dpf_magneto_0,medaka 0.1 Hz,near stimulus,0.11296296296296296,0.1,166,84,14.0
medaka_fish3_8dpf_magneto_0,medaka 0.1 Hz,near stimulus,0.11388888888888889,0.1,166,82,15.0
medaka_fish3_8dpf_magneto_0,medaka 0.1 Hz,near stimulus,0.11481481481481481,0.1,166,102,16.0
medaka_fish3_8dpf_magneto_0,medaka 0.1 Hz,near stimulus,0.11574074074074074,0.1,166,97,17.0
medaka_fish3_8dpf_magneto_0,medaka 0.1 Hz,near stimulus,0.11666666666666667,0.1,166,86,18.0
medaka_fish3_8dpf_magneto_0,medaka 0.1 Hz,near stimulus,0.1175925925925926,0.1,166,90,19.0
medaka_fish3_8dpf_magneto_0,medaka 0.1 Hz,near stimulus,0.11851851851851852,0.1,166,84,20.0
medaka_fish3_8dpf_magneto_0,medaka 0.1 Hz,near stimulus,0.11944444444444445,0.1,166,88,21.0
medaka_fish3_8dpf_magneto_0,medaka 0.1 Hz,near stimulus,0.12037037037037036,0.1,166,92,22.0
medaka_fish3_8dpf_magneto_0,medaka 0.1 Hz,near stimulus,0.12129629629629629,0.1,166,91,23.0
medaka_fish3_8dpf_magneto_0,medaka 0.1 Hz,near stimulus,0.12222222222222222,0.1,166,87,24.0
medaka_fish3_8dpf_magneto_0,medaka 0.1 Hz,near stimulus,0.12314814814814815,0.1,166,88,25.0
medaka_fish3_8dpf_magneto_0,medaka 0.1 Hz,near stimulus,0.12407407407407407,0.1,166,74,26.0
medaka_fish3_8dpf_magneto_0,medaka 0.1 Hz,near stimulus,0.125,0.1,166,83,27.0
medaka_fish3_8dpf_magneto_0,medaka 0.1 Hz,near stimulus,0.1259259259259259,0.1,166,92,28.0
medaka_fish3_8dpf_magneto_0,medaka 0.1 Hz,near stimulus,0.12685185185185185,0.1,166,84,29.0
medaka_fish3_8dpf_magneto_0,medaka 0.1 Hz,near stimulus,0.12777777777777777,0.1,166,108,30.0
medaka_fish3_8dpf_magneto_1,medaka 0.1 Hz,real,0.05555555555555555,0.1,199,107,
medaka_fish3_8dpf_magneto_1,medaka 0.1 Hz,detrended + envelope-normalised,0.05555555555555555,0.1,199,91,
medaka_fish3_8dpf_magneto_1,medaka 0.1 Hz,white,0.05555555555555555,0.1,199,96,
medaka_fish3_8dpf_magneto_1,medaka 0.1 Hz,real,0.05740740740740741,0.1,199,103,
medaka_fish3_8dpf_magneto_1,medaka 0.1 Hz,detrended + envelope-normalised,0.05740740740740741,0.1,199,110,
medaka_fish3_8dpf_magneto_1,medaka 0.1 Hz,white,0.05740740740740741,0.1,199,98,
medaka_fish3_8dpf_magneto_1,medaka 0.1 Hz,real,0.05925925925925926,0.1,199,105,
medaka_fish3_8dpf_magneto_1,medaka 0.1 Hz,detrended + envelope-normalised,0.05925925925925926,0.1,199,103,
medaka_fish3_8dpf_magneto_1,medaka 0.1 Hz,white,0.05925925925925926,0.1,199,96,
medaka_fish3_8dpf_magneto_1,medaka 0.1 Hz,real,0.06111111111111111,0.1,199,118,
medaka_fish3_8dpf_magneto_1,medaka 0.1 Hz,detrended + envelope-normalised,0.06111111111111111,0.1,199,115,
medaka_fish3_8dpf_magneto_1,medaka 0.1 Hz,white,0.06111111111111111,0.1,199,102,
medaka_fish3_8dpf_magneto_1,medaka 0.1 Hz,real,0.06388888888888888,0.1,199,104,
medaka_fish3_8dpf_magneto_1,medaka 0.1 Hz,detrended + envelope-normalised,0.06388888888888888,0.1,199,98,
medaka_fish3_8dpf_magneto_1,medaka 0.1 Hz,white,0.06388888888888888,0.1,199,105,
medaka_fish3_8dpf_magneto_1,medaka 0.1 Hz,real,0.06666666666666667,0.1,199,121,
medaka_fish3_8dpf_magneto_1,medaka 0.1 Hz,detrended + envelope-normalised,0.06666666666666667,0.1,199,104,
medaka_fish3_8dpf_magneto_1,medaka 0.1 Hz,white,0.06666666666666667,0.1,199,102,
medaka_fish3_8dpf_magneto_1,medaka 0.1 Hz,real,0.06851851851851852,0.1,199,114,
medaka_fish3_8dpf_magneto_1,medaka 0.1 Hz,detrended + envelope-normalised,0.06851851851851852,0.1,199,97,
medaka_fish3_8dpf_magneto_1,medaka 0.1 Hz,white,0.06851851851851852,0.1,199,109,
medaka_fish3_8dpf_magneto_1,medaka 0.1 Hz,real,0.0712962962962963,0.1,199,116,
medaka_fish3_8dpf_magneto_1,medaka 0.1 Hz,detrended + envelope-normalised,0.0712962962962963,0.1,199,87,
medaka_fish3_8dpf_magneto_1,medaka 0.1 Hz,white,0.0712962962962963,0.1,199,98,
medaka_fish3_8dpf_magneto_1,medaka 0.1 Hz,real,0.07407407407407407,0.1,199,112,
medaka_fish3_8dpf_magneto_1,medaka 0.1 Hz,detrended + envelope-normalised,0.07407407407407407,0.1,199,93,
medaka_fish3_8dpf_magneto_1,medaka 0.1 Hz,white,0.07407407407407407,0.1,199,111,
medaka_fish3_8dpf_magneto_1,medaka 0.1 Hz,real,0.07685185185185185,0.1,199,111,
medaka_fish3_8dpf_magneto_1,medaka 0.1 Hz,detrended + envelope-normalised,0.07685185185185185,0.1,199,112,
medaka_fish3_8dpf_magneto_1,medaka 0.1 Hz,white,0.07685185185185185,0.1,199,113,
medaka_fish3_8dpf_magneto_1,medaka 0.1 Hz,real,0.07962962962962963,0.1,199,102,
medaka_fish3_8dpf_magneto_1,medaka 0.1 Hz,detrended + envelope-normalised,0.07962962962962963,0.1,199,105,
medaka_fish3_8dpf_magneto_1,medaka 0.1 Hz,white,0.07962962962962963,0.1,199,94,
medaka_fish3_8dpf_magneto_1,medaka 0.1 Hz,real,0.0824074074074074,0.1,199,100,
medaka_fish3_8dpf_magneto_1,medaka 0.1 Hz,detrended + envelope-normalised,0.0824074074074074,0.1,199,100,
medaka_fish3_8dpf_magneto_1,medaka 0.1 Hz,white,0.0824074074074074,0.1,199,114,
medaka_fish3_8dpf_magneto_1,medaka 0.1 Hz,real,0.08611111111111111,0.1,199,96,
medaka_fish3_8dpf_magneto_1,medaka 0.1 Hz,detrended + envelope-normalised,0.08611111111111111,0.1,199,108,
medaka_fish3_8dpf_magneto_1,medaka 0.1 Hz,white,0.08611111111111111,0.1,199,99,
medaka_fish3_8dpf_magneto_1,medaka 0.1 Hz,real,0.08888888888888889,0.1,199,99,
medaka_fish3_8dpf_magneto_1,medaka 0.1 Hz,detrended + envelope-normalised,0.08888888888888889,0.1,199,101,
medaka_fish3_8dpf_magneto_1,medaka 0.1 Hz,white,0.08888888888888889,0.1,199,97,
medaka_fish3_8dpf_magneto_1,medaka 0.1 Hz,real,0.09259259259259259,0.1,199,117,
medaka_fish3_8dpf_magneto_1,medaka 0.1 Hz,detrended + envelope-normalised,0.09259259259259259,0.1,199,104,
medaka_fish3_8dpf_magneto_1,medaka 0.1 Hz,white,0.09259259259259259,0.1,199,100,
medaka_fish3_8dpf_magneto_1,medaka 0.1 Hz,real,0.09537037037037037,0.1,199,116,
medaka_fish3_8dpf_magneto_1,medaka 0.1 Hz,detrended + envelope-normalised,0.09537037037037037,0.1,199,105,
medaka_fish3_8dpf_magneto_1,medaka 0.1 Hz,white,0.09537037037037037,0.1,199,98,
medaka_fish3_8dpf_magneto_1,medaka 0.1 Hz,real,0.09907407407407408,0.1,199,113,
medaka_fish3_8dpf_magneto_1,medaka 0.1 Hz,detrended + envelope-normalised,0.09907407407407408,0.1,199,102,
medaka_fish3_8dpf_magneto_1,medaka 0.1 Hz,white,0.09907407407407408,0.1,199,88,
medaka_fish3_8dpf_magneto_1,medaka 0.1 Hz,real,0.10277777777777777,0.1,199,112,
medaka_fish3_8dpf_magneto_1,medaka 0.1 Hz,detrended + envelope-normalised,0.10277777777777777,0.1,199,104,
medaka_fish3_8dpf_magneto_1,medaka 0.1 Hz,white,0.10277777777777777,0.1,199,100,
medaka_fish3_8dpf_magneto_1,medaka 0.1 Hz,real,0.10740740740740741,0.1,199,100,
medaka_fish3_8dpf_magneto_1,medaka 0.1 Hz,detrended + envelope-normalised,0.10740740740740741,0.1,199,103,
medaka_fish3_8dpf_magneto_1,medaka 0.1 Hz,white,0.10740740740740741,0.1,199,100,
medaka_fish3_8dpf_magneto_1,medaka 0.1 Hz,real,0.1111111111111111,0.1,199,102,
medaka_fish3_8dpf_magneto_1,medaka 0.1 Hz,detrended + envelope-normalised,0.1111111111111111,0.1,199,106,
medaka_fish3_8dpf_magneto_1,medaka 0.1 Hz,white,0.1111111111111111,0.1,199,95,
medaka_fish3_8dpf_magneto_1,medaka 0.1 Hz,real,0.11481481481481481,0.1,199,103,
medaka_fish3_8dpf_magneto_1,medaka 0.1 Hz,detrended + envelope-normalised,0.11481481481481481,0.1,199,89,
medaka_fish3_8dpf_magneto_1,medaka 0.1 Hz,white,0.11481481481481481,0.1,199,101,
medaka_fish3_8dpf_magneto_1,medaka 0.1 Hz,real,0.11944444444444445,0.1,199,122,
medaka_fish3_8dpf_magneto_1,medaka 0.1 Hz,detrended + envelope-normalised,0.11944444444444445,0.1,199,119,
medaka_fish3_8dpf_magneto_1,medaka 0.1 Hz,white,0.11944444444444445,0.1,199,97,
medaka_fish3_8dpf_magneto_1,medaka 0.1 Hz,real,0.12407407407407407,0.1,199,118,
medaka_fish3_8dpf_magneto_1,medaka 0.1 Hz,detrended + envelope-normalised,0.12407407407407407,0.1,199,106,
medaka_fish3_8dpf_magneto_1,medaka 0.1 Hz,white,0.12407407407407407,0.1,199,97,
medaka_fish3_8dpf_magneto_1,medaka 0.1 Hz,real,0.1287037037037037,0.1,199,102,
medaka_fish3_8dpf_magneto_1,medaka 0.1 Hz,detrended + envelope-normalised,0.1287037037037037,0.1,199,95,
medaka_fish3_8dpf_magneto_1,medaka 0.1 Hz,white,0.1287037037037037,0.1,199,112,
medaka_fish3_8dpf_magneto_1,medaka 0.1 Hz,real,0.13333333333333333,0.1,199,98,
medaka_fish3_8dpf_magneto_1,medaka 0.1 Hz,detrended + envelope-normalised,0.13333333333333333,0.1,199,100,
medaka_fish3_8dpf_magneto_1,medaka 0.1 Hz,white,0.13333333333333333,0.1,199,102,
medaka_fish3_8dpf_magneto_1,medaka 0.1 Hz,real,0.1388888888888889,0.1,199,113,
medaka_fish3_8dpf_magneto_1,medaka 0.1 Hz,detrended + envelope-normalised,0.1388888888888889,0.1,199,102,
medaka_fish3_8dpf_magneto_1,medaka 0.1 Hz,white,0.1388888888888889,0.1,199,116,
medaka_fish3_8dpf_magneto_1,medaka 0.1 Hz,real,0.14351851851851852,0.1,199,109,
medaka_fish3_8dpf_magneto_1,medaka 0.1 Hz,detrended + envelope-normalised,0.14351851851851852,0.1,199,104,
medaka_fish3_8dpf_magneto_1,medaka 0.1 Hz,white,0.14351851851851852,0.1,199,98,
medaka_fish3_8dpf_magneto_1,medaka 0.1 Hz,real,0.14907407407407408,0.1,199,108,
medaka_fish3_8dpf_magneto_1,medaka 0.1 Hz,detrended + envelope-normalised,0.14907407407407408,0.1,199,108,
medaka_fish3_8dpf_magneto_1,medaka 0.1 Hz,white,0.14907407407407408,0.1,199,104,
medaka_fish3_8dpf_magneto_1,medaka 0.1 Hz,real,0.15462962962962962,0.1,199,116,
medaka_fish3_8dpf_magneto_1,medaka 0.1 Hz,detrended + envelope-normalised,0.15462962962962962,0.1,199,102,
medaka_fish3_8dpf_magneto_1,medaka 0.1 Hz,white,0.15462962962962962,0.1,199,103,
medaka_fish3_8dpf_magneto_1,medaka 0.1 Hz,real,0.16018518518518518,0.1,199,102,
medaka_fish3_8dpf_magneto_1,medaka 0.1 Hz,detrended + envelope-normalised,0.16018518518518518,0.1,199,108,
medaka_fish3_8dpf_magneto_1,medaka 0.1 Hz,white,0.16018518518518518,0.1,199,99,
medaka_fish3_8dpf_magneto_1,medaka 0.1 Hz,real,0.16666666666666666,0.1,199,127,
medaka_fish3_8dpf_magneto_1,medaka 0.1 Hz,detrended + envelope-normalised,0.16666666666666666,0.1,199,110,
medaka_fish3_8dpf_magneto_1,medaka 0.1 Hz,white,0.16666666666666666,0.1,199,93,
medaka_fish3_8dpf_magneto_1,medaka 0.1 Hz,real,0.17222222222222222,0.1,199,114,
medaka_fish3_8dpf_magneto_1,medaka 0.1 Hz,detrended + envelope-normalised,0.17222222222222222,0.1,199,115,
medaka_fish3_8dpf_magneto_1,medaka 0.1 Hz,white,0.17222222222222222,0.1,199,98,
medaka_fish3_8dpf_magneto_1,medaka 0.1 Hz,real,0.1787037037037037,0.1,199,110,
medaka_fish3_8dpf_magneto_1,medaka 0.1 Hz,detrended + envelope-normalised,0.1787037037037037,0.1,199,97,
medaka_fish3_8dpf_magneto_1,medaka 0.1 Hz,white,0.1787037037037037,0.1,199,111,
medaka_fish3_8dpf_magneto_1,medaka 0.1 Hz,real,0.18611111111111112,0.1,199,118,
medaka_fish3_8dpf_magneto_1,medaka 0.1 Hz,detrended + envelope-normalised,0.18611111111111112,0.1,199,98,
medaka_fish3_8dpf_magneto_1,medaka 0.1 Hz,white,0.18611111111111112,0.1,199,115,
medaka_fish3_8dpf_magneto_1,medaka 0.1 Hz,real,0.1925925925925926,0.1,199,107,
medaka_fish3_8dpf_magneto_1,medaka 0.1 Hz,detrended + envelope-normalised,0.1925925925925926,0.1,199,89,
medaka_fish3_8dpf_magneto_1,medaka 0.1 Hz,white,0.1925925925925926,0.1,199,101,
medaka_fish3_8dpf_magneto_1,medaka 0.1 Hz,real,0.2,0.1,199,110,
medaka_fish3_8dpf_magneto_1,medaka 0.1 Hz,detrended + envelope-normalised,0.2,0.1,199,96,
medaka_fish3_8dpf_magneto_1,medaka 0.1 Hz,white,0.2,0.1,199,110,
medaka_fish3_8dpf_magneto_1,medaka 0.1 Hz,real,0.2074074074074074,0.1,199,103,
medaka_fish3_8dpf_magneto_1,medaka 0.1 Hz,detrended + envelope-normalised,0.2074074074074074,0.1,199,99,
medaka_fish3_8dpf_magneto_1,medaka 0.1 Hz,white,0.2074074074074074,0.1,199,96,
medaka_fish3_8dpf_magneto_1,medaka 0.1 Hz,real,0.21481481481481482,0.1,199,111,
medaka_fish3_8dpf_magneto_1,medaka 0.1 Hz,detrended + envelope-normalised,0.21481481481481482,0.1,199,106,
medaka_fish3_8dpf_magneto_1,medaka 0.1 Hz,white,0.21481481481481482,0.1,199,90,
medaka_fish3_8dpf_magneto_1,medaka 0.1 Hz,real,0.22314814814814815,0.1,199,104,
medaka_fish3_8dpf_magneto_1,medaka 0.1 Hz,detrended + envelope-normalised,0.22314814814814815,0.1,199,87,
medaka_fish3_8dpf_magneto_1,medaka 0.1 Hz,white,0.22314814814814815,0.1,199,93,
medaka_fish3_8dpf_magneto_1,medaka 0.1 Hz,real,0.23148148148148148,0.1,199,121,
medaka_fish3_8dpf_magneto_1,medaka 0.1 Hz,detrended + envelope-normalised,0.23148148148148148,0.1,199,114,
medaka_fish3_8dpf_magneto_1,medaka 0.1 Hz,white,0.23148148148148148,0.1,199,101,
medaka_fish3_8dpf_magneto_1,medaka 0.1 Hz,real,0.24074074074074073,0.1,199,108,
medaka_fish3_8dpf_magneto_1,medaka 0.1 Hz,detrended + envelope-normalised,0.24074074074074073,0.1,199,101,
medaka_fish3_8dpf_magneto_1,medaka 0.1 Hz,white,0.24074074074074073,0.1,199,98,
medaka_fish3_8dpf_magneto_1,medaka 0.1 Hz,real,0.2490740740740741,0.1,199,97,
medaka_fish3_8dpf_magneto_1,medaka 0.1 Hz,detrended + envelope-normalised,0.2490740740740741,0.1,199,88,
medaka_fish3_8dpf_magneto_1,medaka 0.1 Hz,white,0.2490740740740741,0.1,199,103,
medaka_fish3_8dpf_magneto_1,medaka 0.1 Hz,real,0.25833333333333336,0.1,199,104,
medaka_fish3_8dpf_magneto_1,medaka 0.1 Hz,detrended + envelope-normalised,0.25833333333333336,0.1,199,96,
medaka_fish3_8dpf_magneto_1,medaka 0.1 Hz,white,0.25833333333333336,0.1,199,85,
medaka_fish3_8dpf_magneto_1,medaka 0.1 Hz,real,0.26851851851851855,0.1,199,104,
medaka_fish3_8dpf_magneto_1,medaka 0.1 Hz,detrended + envelope-normalised,0.26851851851851855,0.1,199,98,
medaka_fish3_8dpf_magneto_1,medaka 0.1 Hz,white,0.26851851851851855,0.1,199,93,
medaka_fish3_8dpf_magneto_1,medaka 0.1 Hz,real,0.27870370370370373,0.1,199,108,
medaka_fish3_8dpf_magneto_1,medaka 0.1 Hz,detrended + envelope-normalised,0.27870370370370373,0.1,199,95,
medaka_fish3_8dpf_magneto_1,medaka 0.1 Hz,white,0.27870370370370373,0.1,199,108,
medaka_fish3_8dpf_magneto_1,medaka 0.1 Hz,real,0.28888888888888886,0.1,199,94,
medaka_fish3_8dpf_magneto_1,medaka 0.1 Hz,detrended + envelope-normalised,0.28888888888888886,0.1,199,99,
medaka_fish3_8dpf_magneto_1,medaka 0.1 Hz,white,0.28888888888888886,0.1,199,100,
medaka_fish3_8dpf_magneto_1,medaka 0.1 Hz,real,0.3,0.1,199,114,
medaka_fish3_8dpf_magneto_1,medaka 0.1 Hz,detrended + envelope-normalised,0.3,0.1,199,109,
medaka_fish3_8dpf_magneto_1,medaka 0.1 Hz,white,0.3,0.1,199,97,
medaka_fish3_8dpf_magneto_1,medaka 0.1 Hz,real,0.3111111111111111,0.1,199,99,
medaka_fish3_8dpf_magneto_1,medaka 0.1 Hz,detrended + envelope-normalised,0.3111111111111111,0.1,199,96,
medaka_fish3_8dpf_magneto_1,medaka 0.1 Hz,white,0.3111111111111111,0.1,199,103,
medaka_fish3_8dpf_magneto_1,medaka 0.1 Hz,real,0.32222222222222224,0.1,199,102,
medaka_fish3_8dpf_magneto_1,medaka 0.1 Hz,detrended + envelope-normalised,0.32222222222222224,0.1,199,97,
medaka_fish3_8dpf_magneto_1,medaka 0.1 Hz,white,0.32222222222222224,0.1,199,106,
medaka_fish3_8dpf_magneto_1,medaka 0.1 Hz,real,0.33425925925925926,0.1,199,103,
medaka_fish3_8dpf_magneto_1,medaka 0.1 Hz,detrended + envelope-normalised,0.33425925925925926,0.1,199,98,
medaka_fish3_8dpf_magneto_1,medaka 0.1 Hz,white,0.33425925925925926,0.1,199,103,
medaka_fish3_8dpf_magneto_1,medaka 0.1 Hz,real,0.3472222222222222,0.1,199,103,
medaka_fish3_8dpf_magneto_1,medaka 0.1 Hz,detrended + envelope-normalised,0.3472222222222222,0.1,199,93,
medaka_fish3_8dpf_magneto_1,medaka 0.1 Hz,white,0.3472222222222222,0.1,199,92,
medaka_fish3_8dpf_magneto_1,medaka 0.1 Hz,real,0.36018518518518516,0.1,199,115,
medaka_fish3_8dpf_magneto_1,medaka 0.1 Hz,detrended + envelope-normalised,0.36018518518518516,0.1,199,118,
medaka_fish3_8dpf_magneto_1,medaka 0.1 Hz,white,0.36018518518518516,0.1,199,105,
medaka_fish3_8dpf_magneto_1,medaka 0.1 Hz,real,0.3731481481481482,0.1,199,113,
medaka_fish3_8dpf_magneto_1,medaka 0.1 Hz,detrended + envelope-normalised,0.3731481481481482,0.1,199,105,
medaka_fish3_8dpf_magneto_1,medaka 0.1 Hz,white,0.3731481481481482,0.1,199,110,
medaka_fish3_8dpf_magneto_1,medaka 0.1 Hz,real,0.387037037037037,0.1,199,127,
medaka_fish3_8dpf_magneto_1,medaka 0.1 Hz,detrended + envelope-normalised,0.387037037037037,0.1,199,117,
medaka_fish3_8dpf_magneto_1,medaka 0.1 Hz,white,0.387037037037037,0.1,199,109,
medaka_fish3_8dpf_magneto_1,medaka 0.1 Hz,real,0.40185185185185185,0.1,199,102,
medaka_fish3_8dpf_magneto_1,medaka 0.1 Hz,detrended + envelope-normalised,0.40185185185185185,0.1,199,100,
medaka_fish3_8dpf_magneto_1,medaka 0.1 Hz,white,0.40185185185185185,0.1,199,99,
medaka_fish3_8dpf_magneto_1,medaka 0.1 Hz,real,0.4166666666666667,0.1,199,110,
medaka_fish3_8dpf_magneto_1,medaka 0.1 Hz,detrended + envelope-normalised,0.4166666666666667,0.1,199,102,
medaka_fish3_8dpf_magneto_1,medaka 0.1 Hz,white,0.4166666666666667,0.1,199,107,
medaka_fish3_8dpf_magneto_1,medaka 0.1 Hz,real,0.4324074074074074,0.1,199,112,
medaka_fish3_8dpf_magneto_1,medaka 0.1 Hz,detrended + envelope-normalised,0.4324074074074074,0.1,199,100,
medaka_fish3_8dpf_magneto_1,medaka 0.1 Hz,white,0.4324074074074074,0.1,199,104,
medaka_fish3_8dpf_magneto_1,medaka 0.1 Hz,real,0.44907407407407407,0.1,199,114,
medaka_fish3_8dpf_magneto_1,medaka 0.1 Hz,detrended + envelope-normalised,0.44907407407407407,0.1,199,98,
medaka_fish3_8dpf_magneto_1,medaka 0.1 Hz,white,0.44907407407407407,0.1,199,95,
medaka_fish3_8dpf_magneto_1,medaka 0.1 Hz,real,0.46574074074074073,0.1,199,106,
medaka_fish3_8dpf_magneto_1,medaka 0.1 Hz,detrended + envelope-normalised,0.46574074074074073,0.1,199,100,
medaka_fish3_8dpf_magneto_1,medaka 0.1 Hz,white,0.46574074074074073,0.1,199,100,
medaka_fish3_8dpf_magneto_1,medaka 0.1 Hz,real,0.48333333333333334,0.1,199,115,
medaka_fish3_8dpf_magneto_1,medaka 0.1 Hz,detrended + envelope-normalised,0.48333333333333334,0.1,199,107,
medaka_fish3_8dpf_magneto_1,medaka 0.1 Hz,white,0.48333333333333334,0.1,199,105,
medaka_fish3_8dpf_magneto_1,medaka 0.1 Hz,near stimulus,0.07222222222222222,0.1,199,118,-30.0
medaka_fish3_8dpf_magneto_1,medaka 0.1 Hz,near stimulus,0.07314814814814814,0.1,199,114,-29.0
medaka_fish3_8dpf_magneto_1,medaka 0.1 Hz,near stimulus,0.07407407407407407,0.1,199,112,-28.0
medaka_fish3_8dpf_magneto_1,medaka 0.1 Hz,near stimulus,0.075,0.1,199,103,-27.0
medaka_fish3_8dpf_magneto_1,medaka 0.1 Hz,near stimulus,0.07592592592592592,0.1,199,118,-26.0
medaka_fish3_8dpf_magneto_1,medaka 0.1 Hz,near stimulus,0.07685185185185185,0.1,199,111,-25.0
medaka_fish3_8dpf_magneto_1,medaka 0.1 Hz,near stimulus,0.07777777777777778,0.1,199,98,-24.0
medaka_fish3_8dpf_magneto_1,medaka 0.1 Hz,near stimulus,0.0787037037037037,0.1,199,115,-23.0
medaka_fish3_8dpf_magneto_1,medaka 0.1 Hz,near stimulus,0.07962962962962963,0.1,199,102,-22.0
medaka_fish3_8dpf_magneto_1,medaka 0.1 Hz,near stimulus,0.08055555555555556,0.1,199,107,-21.0
medaka_fish3_8dpf_magneto_1,medaka 0.1 Hz,near stimulus,0.08148148148148149,0.1,199,104,-20.0
medaka_fish3_8dpf_magneto_1,medaka 0.1 Hz,near stimulus,0.0824074074074074,0.1,199,100,-19.0
medaka_fish3_8dpf_magneto_1,medaka 0.1 Hz,near stimulus,0.08333333333333333,0.1,199,103,-18.0
medaka_fish3_8dpf_magneto_1,medaka 0.1 Hz,near stimulus,0.08425925925925926,0.1,199,98,-17.0
medaka_fish3_8dpf_magneto_1,medaka 0.1 Hz,near stimulus,0.08518518518518518,0.1,199,104,-16.0
medaka_fish3_8dpf_magneto_1,medaka 0.1 Hz,near stimulus,0.08611111111111111,0.1,199,96,-15.0
medaka_fish3_8dpf_magneto_1,medaka 0.1 Hz,near stimulus,0.08703703703703704,0.1,199,114,-14.0
medaka_fish3_8dpf_magneto_1,medaka 0.1 Hz,near stimulus,0.08796296296296297,0.1,199,101,-13.0
medaka_fish3_8dpf_magneto_1,medaka 0.1 Hz,near stimulus,0.08888888888888889,0.1,199,99,-12.0
medaka_fish3_8dpf_magneto_1,medaka 0.1 Hz,near stimulus,0.08981481481481482,0.1,199,103,-11.0
medaka_fish3_8dpf_magneto_1,medaka 0.1 Hz,near stimulus,0.09074074074074075,0.1,199,104,-10.0
medaka_fish3_8dpf_magneto_1,medaka 0.1 Hz,near stimulus,0.09166666666666666,0.1,199,109,-9.0
medaka_fish3_8dpf_magneto_1,medaka 0.1 Hz,near stimulus,0.09259259259259259,0.1,199,117,-8.0
medaka_fish3_8dpf_magneto_1,medaka 0.1 Hz,near stimulus,0.09351851851851851,0.1,199,115,-7.0
medaka_fish3_8dpf_magneto_1,medaka 0.1 Hz,near stimulus,0.09444444444444444,0.1,199,115,-6.0
medaka_fish3_8dpf_magneto_1,medaka 0.1 Hz,near stimulus,0.09537037037037037,0.1,199,116,-5.0
medaka_fish3_8dpf_magneto_1,medaka 0.1 Hz,near stimulus,0.0962962962962963,0.1,199,89,-4.0
medaka_fish3_8dpf_magneto_1,medaka 0.1 Hz,near stimulus,0.09722222222222222,0.1,199,97,-3.0
medaka_fish3_8dpf_magneto_1,medaka 0.1 Hz,near stimulus,0.09814814814814815,0.1,199,109,-2.0
medaka_fish3_8dpf_magneto_1,medaka 0.1 Hz,near stimulus,0.09907407407407408,0.1,199,113,-1.0
medaka_fish3_8dpf_magneto_1,medaka 0.1 Hz,near stimulus,0.1,0.1,199,117,0.0
medaka_fish3_8dpf_magneto_1,medaka 0.1 Hz,near stimulus,0.10092592592592593,0.1,199,113,1.0
medaka_fish3_8dpf_magneto_1,medaka 0.1 Hz,near stimulus,0.10185185185185185,0.1,199,125,2.0
medaka_fish3_8dpf_magneto_1,medaka 0.1 Hz,near stimulus,0.10277777777777777,0.1,199,112,3.0
medaka_fish3_8dpf_magneto_1,medaka 0.1 Hz,near stimulus,0.1037037037037037,0.1,199,98,4.0
medaka_fish3_8dpf_magneto_1,medaka 0.1 Hz,near stimulus,0.10462962962962963,0.1,199,98,5.0
medaka_fish3_8dpf_magneto_1,medaka 0.1 Hz,near stimulus,0.10555555555555556,0.1,199,107,6.0
medaka_fish3_8dpf_magneto_1,medaka 0.1 Hz,near stimulus,0.10648148148148148,0.1,199,109,7.0
medaka_fish3_8dpf_magneto_1,medaka 0.1 Hz,near stimulus,0.10740740740740741,0.1,199,100,8.0
medaka_fish3_8dpf_magneto_1,medaka 0.1 Hz,near stimulus,0.10833333333333334,0.1,199,98,9.0
medaka_fish3_8dpf_magneto_1,medaka 0.1 Hz,near stimulus,0.10925925925925926,0.1,199,98,10.0
medaka_fish3_8dpf_magneto_1,medaka 0.1 Hz,near stimulus,0.11018518518518519,0.1,199,107,11.0
medaka_fish3_8dpf_magneto_1,medaka 0.1 Hz,near stimulus,0.1111111111111111,0.1,199,102,12.0
medaka_fish3_8dpf_magneto_1,medaka 0.1 Hz,near stimulus,0.11203703703703703,0.1,199,112,13.0
medaka_fish3_8dpf_magneto_1,medaka 0.1 Hz,near stimulus,0.11296296296296296,0.1,199,103,14.0
medaka_fish3_8dpf_magneto_1,medaka 0.1 Hz,near stimulus,0.11388888888888889,0.1,199,115,15.0
medaka_fish3_8dpf_magneto_1,medaka 0.1 Hz,near stimulus,0.11481481481481481,0.1,199,103,16.0
medaka_fish3_8dpf_magneto_1,medaka 0.1 Hz,near stimulus,0.11574074074074074,0.1,199,111,17.0
medaka_fish3_8dpf_magneto_1,medaka 0.1 Hz,near stimulus,0.11666666666666667,0.1,199,114,18.0
medaka_fish3_8dpf_magneto_1,medaka 0.1 Hz,near stimulus,0.1175925925925926,0.1,199,107,19.0
medaka_fish3_8dpf_magneto_1,medaka 0.1 Hz,near stimulus,0.11851851851851852,0.1,199,118,20.0
medaka_fish3_8dpf_magneto_1,medaka 0.1 Hz,near stimulus,0.11944444444444445,0.1,199,122,21.0
medaka_fish3_8dpf_magneto_1,medaka 0.1 Hz,near stimulus,0.12037037037037036,0.1,199,115,22.0
medaka_fish3_8dpf_magneto_1,medaka 0.1 Hz,near stimulus,0.12129629629629629,0.1,199,99,23.0
medaka_fish3_8dpf_magneto_1,medaka 0.1 Hz,near stimulus,0.12222222222222222,0.1,199,114,24.0
medaka_fish3_8dpf_magneto_1,medaka 0.1 Hz,near stimulus,0.12314814814814815,0.1,199,118,25.0
medaka_fish3_8dpf_magneto_1,medaka 0.1 Hz,near stimulus,0.12407407407407407,0.1,199,118,26.0
medaka_fish3_8dpf_magneto_1,medaka 0.1 Hz,near stimulus,0.125,0.1,199,109,27.0
medaka_fish3_8dpf_magneto_1,medaka 0.1 Hz,near stimulus,0.1259259259259259,0.1,199,113,28.0
medaka_fish3_8dpf_magneto_1,medaka 0.1 Hz,near stimulus,0.12685185185185185,0.1,199,89,29.0
medaka_fish3_8dpf_magneto_1,medaka 0.1 Hz,near stimulus,0.12777777777777777,0.1,199,101,30.0
medaka_fish3_8dpf_magneto_2,medaka 0.1 Hz,real,0.05555555555555555,0.1,213,108,
medaka_fish3_8dpf_magneto_2,medaka 0.1 Hz,detrended + envelope-normalised,0.05555555555555555,0.1,213,110,
medaka_fish3_8dpf_magneto_2,medaka 0.1 Hz,white,0.05555555555555555,0.1,213,108,
medaka_fish3_8dpf_magneto_2,medaka 0.1 Hz,real,0.05740740740740741,0.1,213,131,
medaka_fish3_8dpf_magneto_2,medaka 0.1 Hz,detrended + envelope-normalised,0.05740740740740741,0.1,213,117,
medaka_fish3_8dpf_magneto_2,medaka 0.1 Hz,white,0.05740740740740741,0.1,213,102,
medaka_fish3_8dpf_magneto_2,medaka 0.1 Hz,real,0.05925925925925926,0.1,213,113,
medaka_fish3_8dpf_magneto_2,medaka 0.1 Hz,detrended + envelope-normalised,0.05925925925925926,0.1,213,105,
medaka_fish3_8dpf_magneto_2,medaka 0.1 Hz,white,0.05925925925925926,0.1,213,110,
medaka_fish3_8dpf_magneto_2,medaka 0.1 Hz,real,0.06111111111111111,0.1,213,116,
medaka_fish3_8dpf_magneto_2,medaka 0.1 Hz,detrended + envelope-normalised,0.06111111111111111,0.1,213,101,
medaka_fish3_8dpf_magneto_2,medaka 0.1 Hz,white,0.06111111111111111,0.1,213,106,
medaka_fish3_8dpf_magneto_2,medaka 0.1 Hz,real,0.06388888888888888,0.1,213,115,
medaka_fish3_8dpf_magneto_2,medaka 0.1 Hz,detrended + envelope-normalised,0.06388888888888888,0.1,213,108,
medaka_fish3_8dpf_magneto_2,medaka 0.1 Hz,white,0.06388888888888888,0.1,213,98,
medaka_fish3_8dpf_magneto_2,medaka 0.1 Hz,real,0.06666666666666667,0.1,213,133,
medaka_fish3_8dpf_magneto_2,medaka 0.1 Hz,detrended + envelope-normalised,0.06666666666666667,0.1,213,127,
medaka_fish3_8dpf_magneto_2,medaka 0.1 Hz,white,0.06666666666666667,0.1,213,102,
medaka_fish3_8dpf_magneto_2,medaka 0.1 Hz,real,0.06851851851851852,0.1,213,112,
medaka_fish3_8dpf_magneto_2,medaka 0.1 Hz,detrended + envelope-normalised,0.06851851851851852,0.1,213,107,
medaka_fish3_8dpf_magneto_2,medaka 0.1 Hz,white,0.06851851851851852,0.1,213,104,
medaka_fish3_8dpf_magneto_2,medaka 0.1 Hz,real,0.0712962962962963,0.1,213,115,
medaka_fish3_8dpf_magneto_2,medaka 0.1 Hz,detrended + envelope-normalised,0.0712962962962963,0.1,213,114,
medaka_fish3_8dpf_magneto_2,medaka 0.1 Hz,white,0.0712962962962963,0.1,213,103,
medaka_fish3_8dpf_magneto_2,medaka 0.1 Hz,real,0.07407407407407407,0.1,213,114,
medaka_fish3_8dpf_magneto_2,medaka 0.1 Hz,detrended + envelope-normalised,0.07407407407407407,0.1,213,99,
medaka_fish3_8dpf_magneto_2,medaka 0.1 Hz,white,0.07407407407407407,0.1,213,106,
medaka_fish3_8dpf_magneto_2,medaka 0.1 Hz,real,0.07685185185185185,0.1,213,102,
medaka_fish3_8dpf_magneto_2,medaka 0.1 Hz,detrended + envelope-normalised,0.07685185185185185,0.1,213,105,
medaka_fish3_8dpf_magneto_2,medaka 0.1 Hz,white,0.07685185185185185,0.1,213,112,
medaka_fish3_8dpf_magneto_2,medaka 0.1 Hz,real,0.07962962962962963,0.1,213,104,
medaka_fish3_8dpf_magneto_2,medaka 0.1 Hz,detrended + envelope-normalised,0.07962962962962963,0.1,213,103,
medaka_fish3_8dpf_magneto_2,medaka 0.1 Hz,white,0.07962962962962963,0.1,213,97,
medaka_fish3_8dpf_magneto_2,medaka 0.1 Hz,real,0.0824074074074074,0.1,213,127,
medaka_fish3_8dpf_magneto_2,medaka 0.1 Hz,detrended + envelope-normalised,0.0824074074074074,0.1,213,119,
medaka_fish3_8dpf_magneto_2,medaka 0.1 Hz,white,0.0824074074074074,0.1,213,107,
medaka_fish3_8dpf_magneto_2,medaka 0.1 Hz,real,0.08611111111111111,0.1,213,112,
medaka_fish3_8dpf_magneto_2,medaka 0.1 Hz,detrended + envelope-normalised,0.08611111111111111,0.1,213,122,
medaka_fish3_8dpf_magneto_2,medaka 0.1 Hz,white,0.08611111111111111,0.1,213,120,
medaka_fish3_8dpf_magneto_2,medaka 0.1 Hz,real,0.08888888888888889,0.1,213,113,
medaka_fish3_8dpf_magneto_2,medaka 0.1 Hz,detrended + envelope-normalised,0.08888888888888889,0.1,213,114,
medaka_fish3_8dpf_magneto_2,medaka 0.1 Hz,white,0.08888888888888889,0.1,213,104,
medaka_fish3_8dpf_magneto_2,medaka 0.1 Hz,real,0.09259259259259259,0.1,213,116,
medaka_fish3_8dpf_magneto_2,medaka 0.1 Hz,detrended + envelope-normalised,0.09259259259259259,0.1,213,125,
medaka_fish3_8dpf_magneto_2,medaka 0.1 Hz,white,0.09259259259259259,0.1,213,94,
medaka_fish3_8dpf_magneto_2,medaka 0.1 Hz,real,0.09537037037037037,0.1,213,114,
medaka_fish3_8dpf_magneto_2,medaka 0.1 Hz,detrended + envelope-normalised,0.09537037037037037,0.1,213,101,
medaka_fish3_8dpf_magneto_2,medaka 0.1 Hz,white,0.09537037037037037,0.1,213,99,
medaka_fish3_8dpf_magneto_2,medaka 0.1 Hz,real,0.09907407407407408,0.1,213,109,
medaka_fish3_8dpf_magneto_2,medaka 0.1 Hz,detrended + envelope-normalised,0.09907407407407408,0.1,213,107,
medaka_fish3_8dpf_magneto_2,medaka 0.1 Hz,white,0.09907407407407408,0.1,213,117,
medaka_fish3_8dpf_magneto_2,medaka 0.1 Hz,real,0.10277777777777777,0.1,213,115,
medaka_fish3_8dpf_magneto_2,medaka 0.1 Hz,detrended + envelope-normalised,0.10277777777777777,0.1,213,118,
medaka_fish3_8dpf_magneto_2,medaka 0.1 Hz,white,0.10277777777777777,0.1,213,110,
medaka_fish3_8dpf_magneto_2,medaka 0.1 Hz,real,0.10740740740740741,0.1,213,95,
medaka_fish3_8dpf_magneto_2,medaka 0.1 Hz,detrended + envelope-normalised,0.10740740740740741,0.1,213,99,
medaka_fish3_8dpf_magneto_2,medaka 0.1 Hz,white,0.10740740740740741,0.1,213,107,
medaka_fish3_8dpf_magneto_2,medaka 0.1 Hz,real,0.1111111111111111,0.1,213,123,
medaka_fish3_8dpf_magneto_2,medaka 0.1 Hz,detrended + envelope-normalised,0.1111111111111111,0.1,213,113,
medaka_fish3_8dpf_magneto_2,medaka 0.1 Hz,white,0.1111111111111111,0.1,213,116,
medaka_fish3_8dpf_magneto_2,medaka 0.1 Hz,real,0.11481481481481481,0.1,213,115,
medaka_fish3_8dpf_magneto_2,medaka 0.1 Hz,detrended + envelope-normalised,0.11481481481481481,0.1,213,102,
medaka_fish3_8dpf_magneto_2,medaka 0.1 Hz,white,0.11481481481481481,0.1,213,99,
medaka_fish3_8dpf_magneto_2,medaka 0.1 Hz,real,0.11944444444444445,0.1,213,118,
medaka_fish3_8dpf_magneto_2,medaka 0.1 Hz,detrended + envelope-normalised,0.11944444444444445,0.1,213,111,
medaka_fish3_8dpf_magneto_2,medaka 0.1 Hz,white,0.11944444444444445,0.1,213,113,
medaka_fish3_8dpf_magneto_2,medaka 0.1 Hz,real,0.12407407407407407,0.1,213,107,
medaka_fish3_8dpf_magneto_2,medaka 0.1 Hz,detrended + envelope-normalised,0.12407407407407407,0.1,213,110,
medaka_fish3_8dpf_magneto_2,medaka 0.1 Hz,white,0.12407407407407407,0.1,213,107,
medaka_fish3_8dpf_magneto_2,medaka 0.1 Hz,real,0.1287037037037037,0.1,213,118,
medaka_fish3_8dpf_magneto_2,medaka 0.1 Hz,detrended + envelope-normalised,0.1287037037037037,0.1,213,112,
medaka_fish3_8dpf_magneto_2,medaka 0.1 Hz,white,0.1287037037037037,0.1,213,115,
medaka_fish3_8dpf_magneto_2,medaka 0.1 Hz,real,0.13333333333333333,0.1,213,115,
medaka_fish3_8dpf_magneto_2,medaka 0.1 Hz,detrended + envelope-normalised,0.13333333333333333,0.1,213,104,
medaka_fish3_8dpf_magneto_2,medaka 0.1 Hz,white,0.13333333333333333,0.1,213,112,
medaka_fish3_8dpf_magneto_2,medaka 0.1 Hz,real,0.1388888888888889,0.1,213,124,
medaka_fish3_8dpf_magneto_2,medaka 0.1 Hz,detrended + envelope-normalised,0.1388888888888889,0.1,213,114,
medaka_fish3_8dpf_magneto_2,medaka 0.1 Hz,white,0.1388888888888889,0.1,213,116,
medaka_fish3_8dpf_magneto_2,medaka 0.1 Hz,real,0.14351851851851852,0.1,213,124,
medaka_fish3_8dpf_magneto_2,medaka 0.1 Hz,detrended + envelope-normalised,0.14351851851851852,0.1,213,121,
medaka_fish3_8dpf_magneto_2,medaka 0.1 Hz,white,0.14351851851851852,0.1,213,106,
medaka_fish3_8dpf_magneto_2,medaka 0.1 Hz,real,0.14907407407407408,0.1,213,116,
medaka_fish3_8dpf_magneto_2,medaka 0.1 Hz,detrended + envelope-normalised,0.14907407407407408,0.1,213,100,
medaka_fish3_8dpf_magneto_2,medaka 0.1 Hz,white,0.14907407407407408,0.1,213,99,
medaka_fish3_8dpf_magneto_2,medaka 0.1 Hz,real,0.15462962962962962,0.1,213,120,
medaka_fish3_8dpf_magneto_2,medaka 0.1 Hz,detrended + envelope-normalised,0.15462962962962962,0.1,213,107,
medaka_fish3_8dpf_magneto_2,medaka 0.1 Hz,white,0.15462962962962962,0.1,213,112,
medaka_fish3_8dpf_magneto_2,medaka 0.1 Hz,real,0.16018518518518518,0.1,213,123,
medaka_fish3_8dpf_magneto_2,medaka 0.1 Hz,detrended + envelope-normalised,0.16018518518518518,0.1,213,116,
medaka_fish3_8dpf_magneto_2,medaka 0.1 Hz,white,0.16018518518518518,0.1,213,119,
medaka_fish3_8dpf_magneto_2,medaka 0.1 Hz,real,0.16666666666666666,0.1,213,128,
medaka_fish3_8dpf_magneto_2,medaka 0.1 Hz,detrended + envelope-normalised,0.16666666666666666,0.1,213,116,
medaka_fish3_8dpf_magneto_2,medaka 0.1 Hz,white,0.16666666666666666,0.1,213,116,
medaka_fish3_8dpf_magneto_2,medaka 0.1 Hz,real,0.17222222222222222,0.1,213,117,
medaka_fish3_8dpf_magneto_2,medaka 0.1 Hz,detrended + envelope-normalised,0.17222222222222222,0.1,213,108,
medaka_fish3_8dpf_magneto_2,medaka 0.1 Hz,white,0.17222222222222222,0.1,213,98,
medaka_fish3_8dpf_magneto_2,medaka 0.1 Hz,real,0.1787037037037037,0.1,213,113,
medaka_fish3_8dpf_magneto_2,medaka 0.1 Hz,detrended + envelope-normalised,0.1787037037037037,0.1,213,99,
medaka_fish3_8dpf_magneto_2,medaka 0.1 Hz,white,0.1787037037037037,0.1,213,105,
medaka_fish3_8dpf_magneto_2,medaka 0.1 Hz,real,0.18611111111111112,0.1,213,125,
medaka_fish3_8dpf_magneto_2,medaka 0.1 Hz,detrended + envelope-normalised,0.18611111111111112,0.1,213,129,
medaka_fish3_8dpf_magneto_2,medaka 0.1 Hz,white,0.18611111111111112,0.1,213,110,
medaka_fish3_8dpf_magneto_2,medaka 0.1 Hz,real,0.1925925925925926,0.1,213,129,
medaka_fish3_8dpf_magneto_2,medaka 0.1 Hz,detrended + envelope-normalised,0.1925925925925926,0.1,213,120,
medaka_fish3_8dpf_magneto_2,medaka 0.1 Hz,white,0.1925925925925926,0.1,213,96,
medaka_fish3_8dpf_magneto_2,medaka 0.1 Hz,real,0.2,0.1,213,103,
medaka_fish3_8dpf_magneto_2,medaka 0.1 Hz,detrended + envelope-normalised,0.2,0.1,213,106,
medaka_fish3_8dpf_magneto_2,medaka 0.1 Hz,white,0.2,0.1,213,104,
medaka_fish3_8dpf_magneto_2,medaka 0.1 Hz,real,0.2074074074074074,0.1,213,121,
medaka_fish3_8dpf_magneto_2,medaka 0.1 Hz,detrended + envelope-normalised,0.2074074074074074,0.1,213,104,
medaka_fish3_8dpf_magneto_2,medaka 0.1 Hz,white,0.2074074074074074,0.1,213,107,
medaka_fish3_8dpf_magneto_2,medaka 0.1 Hz,real,0.21481481481481482,0.1,213,111,
medaka_fish3_8dpf_magneto_2,medaka 0.1 Hz,detrended + envelope-normalised,0.21481481481481482,0.1,213,99,
medaka_fish3_8dpf_magneto_2,medaka 0.1 Hz,white,0.21481481481481482,0.1,213,109,
medaka_fish3_8dpf_magneto_2,medaka 0.1 Hz,real,0.22314814814814815,0.1,213,127,
medaka_fish3_8dpf_magneto_2,medaka 0.1 Hz,detrended + envelope-normalised,0.22314814814814815,0.1,213,114,
medaka_fish3_8dpf_magneto_2,medaka 0.1 Hz,white,0.22314814814814815,0.1,213,111,
medaka_fish3_8dpf_magneto_2,medaka 0.1 Hz,real,0.23148148148148148,0.1,213,114,
medaka_fish3_8dpf_magneto_2,medaka 0.1 Hz,detrended + envelope-normalised,0.23148148148148148,0.1,213,108,
medaka_fish3_8dpf_magneto_2,medaka 0.1 Hz,white,0.23148148148148148,0.1,213,108,
medaka_fish3_8dpf_magneto_2,medaka 0.1 Hz,real,0.24074074074074073,0.1,213,115,
medaka_fish3_8dpf_magneto_2,medaka 0.1 Hz,detrended + envelope-normalised,0.24074074074074073,0.1,213,107,
medaka_fish3_8dpf_magneto_2,medaka 0.1 Hz,white,0.24074074074074073,0.1,213,109,
medaka_fish3_8dpf_magneto_2,medaka 0.1 Hz,real,0.2490740740740741,0.1,213,125,
medaka_fish3_8dpf_magneto_2,medaka 0.1 Hz,detrended + envelope-normalised,0.2490740740740741,0.1,213,123,
medaka_fish3_8dpf_magneto_2,medaka 0.1 Hz,white,0.2490740740740741,0.1,213,99,
medaka_fish3_8dpf_magneto_2,medaka 0.1 Hz,real,0.25833333333333336,0.1,213,110,
medaka_fish3_8dpf_magneto_2,medaka 0.1 Hz,detrended + envelope-normalised,0.25833333333333336,0.1,213,100,
medaka_fish3_8dpf_magneto_2,medaka 0.1 Hz,white,0.25833333333333336,0.1,213,100,
medaka_fish3_8dpf_magneto_2,medaka 0.1 Hz,real,0.26851851851851855,0.1,213,126,
medaka_fish3_8dpf_magneto_2,medaka 0.1 Hz,detrended + envelope-normalised,0.26851851851851855,0.1,213,107,
medaka_fish3_8dpf_magneto_2,medaka 0.1 Hz,white,0.26851851851851855,0.1,213,109,
medaka_fish3_8dpf_magneto_2,medaka 0.1 Hz,real,0.27870370370370373,0.1,213,103,
medaka_fish3_8dpf_magneto_2,medaka 0.1 Hz,detrended + envelope-normalised,0.27870370370370373,0.1,213,103,
medaka_fish3_8dpf_magneto_2,medaka 0.1 Hz,white,0.27870370370370373,0.1,213,108,
medaka_fish3_8dpf_magneto_2,medaka 0.1 Hz,real,0.28888888888888886,0.1,213,119,
medaka_fish3_8dpf_magneto_2,medaka 0.1 Hz,detrended + envelope-normalised,0.28888888888888886,0.1,213,108,
medaka_fish3_8dpf_magneto_2,medaka 0.1 Hz,white,0.28888888888888886,0.1,213,95,
medaka_fish3_8dpf_magneto_2,medaka 0.1 Hz,real,0.3,0.1,213,112,
medaka_fish3_8dpf_magneto_2,medaka 0.1 Hz,detrended + envelope-normalised,0.3,0.1,213,111,
medaka_fish3_8dpf_magneto_2,medaka 0.1 Hz,white,0.3,0.1,213,118,
medaka_fish3_8dpf_magneto_2,medaka 0.1 Hz,real,0.3111111111111111,0.1,213,115,
medaka_fish3_8dpf_magneto_2,medaka 0.1 Hz,detrended + envelope-normalised,0.3111111111111111,0.1,213,116,
medaka_fish3_8dpf_magneto_2,medaka 0.1 Hz,white,0.3111111111111111,0.1,213,100,
medaka_fish3_8dpf_magneto_2,medaka 0.1 Hz,real,0.32222222222222224,0.1,213,107,
medaka_fish3_8dpf_magneto_2,medaka 0.1 Hz,detrended + envelope-normalised,0.32222222222222224,0.1,213,109,
medaka_fish3_8dpf_magneto_2,medaka 0.1 Hz,white,0.32222222222222224,0.1,213,100,
medaka_fish3_8dpf_magneto_2,medaka 0.1 Hz,real,0.33425925925925926,0.1,213,115,
medaka_fish3_8dpf_magneto_2,medaka 0.1 Hz,detrended + envelope-normalised,0.33425925925925926,0.1,213,109,
medaka_fish3_8dpf_magneto_2,medaka 0.1 Hz,white,0.33425925925925926,0.1,213,101,
medaka_fish3_8dpf_magneto_2,medaka 0.1 Hz,real,0.3472222222222222,0.1,213,108,
medaka_fish3_8dpf_magneto_2,medaka 0.1 Hz,detrended + envelope-normalised,0.3472222222222222,0.1,213,104,
medaka_fish3_8dpf_magneto_2,medaka 0.1 Hz,white,0.3472222222222222,0.1,213,104,
medaka_fish3_8dpf_magneto_2,medaka 0.1 Hz,real,0.36018518518518516,0.1,213,107,
medaka_fish3_8dpf_magneto_2,medaka 0.1 Hz,detrended + envelope-normalised,0.36018518518518516,0.1,213,114,
medaka_fish3_8dpf_magneto_2,medaka 0.1 Hz,white,0.36018518518518516,0.1,213,119,
medaka_fish3_8dpf_magneto_2,medaka 0.1 Hz,real,0.3731481481481482,0.1,213,98,
medaka_fish3_8dpf_magneto_2,medaka 0.1 Hz,detrended + envelope-normalised,0.3731481481481482,0.1,213,96,
medaka_fish3_8dpf_magneto_2,medaka 0.1 Hz,white,0.3731481481481482,0.1,213,104,
medaka_fish3_8dpf_magneto_2,medaka 0.1 Hz,real,0.387037037037037,0.1,213,113,
medaka_fish3_8dpf_magneto_2,medaka 0.1 Hz,detrended + envelope-normalised,0.387037037037037,0.1,213,119,
medaka_fish3_8dpf_magneto_2,medaka 0.1 Hz,white,0.387037037037037,0.1,213,114,
medaka_fish3_8dpf_magneto_2,medaka 0.1 Hz,real,0.40185185185185185,0.1,213,108,
medaka_fish3_8dpf_magneto_2,medaka 0.1 Hz,detrended + envelope-normalised,0.40185185185185185,0.1,213,95,
medaka_fish3_8dpf_magneto_2,medaka 0.1 Hz,white,0.40185185185185185,0.1,213,113,
medaka_fish3_8dpf_magneto_2,medaka 0.1 Hz,real,0.4166666666666667,0.1,213,113,
medaka_fish3_8dpf_magneto_2,medaka 0.1 Hz,detrended + envelope-normalised,0.4166666666666667,0.1,213,92,
medaka_fish3_8dpf_magneto_2,medaka 0.1 Hz,white,0.4166666666666667,0.1,213,117,
medaka_fish3_8dpf_magneto_2,medaka 0.1 Hz,real,0.4324074074074074,0.1,213,101,
medaka_fish3_8dpf_magneto_2,medaka 0.1 Hz,detrended + envelope-normalised,0.4324074074074074,0.1,213,96,
medaka_fish3_8dpf_magneto_2,medaka 0.1 Hz,white,0.4324074074074074,0.1,213,109,
medaka_fish3_8dpf_magneto_2,medaka 0.1 Hz,real,0.44907407407407407,0.1,213,113,
medaka_fish3_8dpf_magneto_2,medaka 0.1 Hz,detrended + envelope-normalised,0.44907407407407407,0.1,213,107,
medaka_fish3_8dpf_magneto_2,medaka 0.1 Hz,white,0.44907407407407407,0.1,213,96,
medaka_fish3_8dpf_magneto_2,medaka 0.1 Hz,real,0.46574074074074073,0.1,213,100,
medaka_fish3_8dpf_magneto_2,medaka 0.1 Hz,detrended + envelope-normalised,0.46574074074074073,0.1,213,97,
medaka_fish3_8dpf_magneto_2,medaka 0.1 Hz,white,0.46574074074074073,0.1,213,103,
medaka_fish3_8dpf_magneto_2,medaka 0.1 Hz,real,0.48333333333333334,0.1,213,124,
medaka_fish3_8dpf_magneto_2,medaka 0.1 Hz,detrended + envelope-normalised,0.48333333333333334,0.1,213,115,
medaka_fish3_8dpf_magneto_2,medaka 0.1 Hz,white,0.48333333333333334,0.1,213,101,
medaka_fish3_8dpf_magneto_2,medaka 0.1 Hz,near stimulus,0.07222222222222222,0.1,213,116,-30.0
medaka_fish3_8dpf_magneto_2,medaka 0.1 Hz,near stimulus,0.07314814814814814,0.1,213,109,-29.0
medaka_fish3_8dpf_magneto_2,medaka 0.1 Hz,near stimulus,0.07407407407407407,0.1,213,114,-28.0
medaka_fish3_8dpf_magneto_2,medaka 0.1 Hz,near stimulus,0.075,0.1,213,113,-27.0
medaka_fish3_8dpf_magneto_2,medaka 0.1 Hz,near stimulus,0.07592592592592592,0.1,213,122,-26.0
medaka_fish3_8dpf_magneto_2,medaka 0.1 Hz,near stimulus,0.07685185185185185,0.1,213,102,-25.0
medaka_fish3_8dpf_magneto_2,medaka 0.1 Hz,near stimulus,0.07777777777777778,0.1,213,118,-24.0
medaka_fish3_8dpf_magneto_2,medaka 0.1 Hz,near stimulus,0.0787037037037037,0.1,213,123,-23.0
medaka_fish3_8dpf_magneto_2,medaka 0.1 Hz,near stimulus,0.07962962962962963,0.1,213,104,-22.0
medaka_fish3_8dpf_magneto_2,medaka 0.1 Hz,near stimulus,0.08055555555555556,0.1,213,121,-21.0
medaka_fish3_8dpf_magneto_2,medaka 0.1 Hz,near stimulus,0.08148148148148149,0.1,213,111,-20.0
medaka_fish3_8dpf_magneto_2,medaka 0.1 Hz,near stimulus,0.0824074074074074,0.1,213,127,-19.0
medaka_fish3_8dpf_magneto_2,medaka 0.1 Hz,near stimulus,0.08333333333333333,0.1,213,114,-18.0
medaka_fish3_8dpf_magneto_2,medaka 0.1 Hz,near stimulus,0.08425925925925926,0.1,213,127,-17.0
medaka_fish3_8dpf_magneto_2,medaka 0.1 Hz,near stimulus,0.08518518518518518,0.1,213,102,-16.0
medaka_fish3_8dpf_magneto_2,medaka 0.1 Hz,near stimulus,0.08611111111111111,0.1,213,112,-15.0
medaka_fish3_8dpf_magneto_2,medaka 0.1 Hz,near stimulus,0.08703703703703704,0.1,213,103,-14.0
medaka_fish3_8dpf_magneto_2,medaka 0.1 Hz,near stimulus,0.08796296296296297,0.1,213,109,-13.0
medaka_fish3_8dpf_magneto_2,medaka 0.1 Hz,near stimulus,0.08888888888888889,0.1,213,113,-12.0
medaka_fish3_8dpf_magneto_2,medaka 0.1 Hz,near stimulus,0.08981481481481482,0.1,213,120,-11.0
medaka_fish3_8dpf_magneto_2,medaka 0.1 Hz,near stimulus,0.09074074074074075,0.1,213,113,-10.0
medaka_fish3_8dpf_magneto_2,medaka 0.1 Hz,near stimulus,0.09166666666666666,0.1,213,117,-9.0
medaka_fish3_8dpf_magneto_2,medaka 0.1 Hz,near stimulus,0.09259259259259259,0.1,213,116,-8.0
medaka_fish3_8dpf_magneto_2,medaka 0.1 Hz,near stimulus,0.09351851851851851,0.1,213,106,-7.0
medaka_fish3_8dpf_magneto_2,medaka 0.1 Hz,near stimulus,0.09444444444444444,0.1,213,125,-6.0
medaka_fish3_8dpf_magneto_2,medaka 0.1 Hz,near stimulus,0.09537037037037037,0.1,213,114,-5.0
medaka_fish3_8dpf_magneto_2,medaka 0.1 Hz,near stimulus,0.0962962962962963,0.1,213,120,-4.0
medaka_fish3_8dpf_magneto_2,medaka 0.1 Hz,near stimulus,0.09722222222222222,0.1,213,122,-3.0
medaka_fish3_8dpf_magneto_2,medaka 0.1 Hz,near stimulus,0.09814814814814815,0.1,213,111,-2.0
medaka_fish3_8dpf_magneto_2,medaka 0.1 Hz,near stimulus,0.09907407407407408,0.1,213,109,-1.0
medaka_fish3_8dpf_magneto_2,medaka 0.1 Hz,near stimulus,0.1,0.1,213,125,0.0
medaka_fish3_8dpf_magneto_2,medaka 0.1 Hz,near stimulus,0.10092592592592593,0.1,213,122,1.0
medaka_fish3_8dpf_magneto_2,medaka 0.1 Hz,near stimulus,0.10185185185185185,0.1,213,125,2.0
medaka_fish3_8dpf_magneto_2,medaka 0.1 Hz,near stimulus,0.10277777777777777,0.1,213,115,3.0
medaka_fish3_8dpf_magneto_2,medaka 0.1 Hz,near stimulus,0.1037037037037037,0.1,213,111,4.0
medaka_fish3_8dpf_magneto_2,medaka 0.1 Hz,near stimulus,0.10462962962962963,0.1,213,119,5.0
medaka_fish3_8dpf_magneto_2,medaka 0.1 Hz,near stimulus,0.10555555555555556,0.1,213,115,6.0
medaka_fish3_8dpf_magneto_2,medaka 0.1 Hz,near stimulus,0.10648148148148148,0.1,213,124,7.0
medaka_fish3_8dpf_magneto_2,medaka 0.1 Hz,near stimulus,0.10740740740740741,0.1,213,95,8.0
medaka_fish3_8dpf_magneto_2,medaka 0.1 Hz,near stimulus,0.10833333333333334,0.1,213,131,9.0
medaka_fish3_8dpf_magneto_2,medaka 0.1 Hz,near stimulus,0.10925925925925926,0.1,213,113,10.0
medaka_fish3_8dpf_magneto_2,medaka 0.1 Hz,near stimulus,0.11018518518518519,0.1,213,110,11.0
medaka_fish3_8dpf_magneto_2,medaka 0.1 Hz,near stimulus,0.1111111111111111,0.1,213,123,12.0
medaka_fish3_8dpf_magneto_2,medaka 0.1 Hz,near stimulus,0.11203703703703703,0.1,213,108,13.0
medaka_fish3_8dpf_magneto_2,medaka 0.1 Hz,near stimulus,0.11296296296296296,0.1,213,112,14.0
medaka_fish3_8dpf_magneto_2,medaka 0.1 Hz,near stimulus,0.11388888888888889,0.1,213,106,15.0
medaka_fish3_8dpf_magneto_2,medaka 0.1 Hz,near stimulus,0.11481481481481481,0.1,213,115,16.0
medaka_fish3_8dpf_magneto_2,medaka 0.1 Hz,near stimulus,0.11574074074074074,0.1,213,117,17.0
medaka_fish3_8dpf_magneto_2,medaka 0.1 Hz,near stimulus,0.11666666666666667,0.1,213,125,18.0
medaka_fish3_8dpf_magneto_2,medaka 0.1 Hz,near stimulus,0.1175925925925926,0.1,213,117,19.0
medaka_fish3_8dpf_magneto_2,medaka 0.1 Hz,near stimulus,0.11851851851851852,0.1,213,122,20.0
medaka_fish3_8dpf_magneto_2,medaka 0.1 Hz,near stimulus,0.11944444444444445,0.1,213,118,21.0
medaka_fish3_8dpf_magneto_2,medaka 0.1 Hz,near stimulus,0.12037037037037036,0.1,213,103,22.0
medaka_fish3_8dpf_magneto_2,medaka 0.1 Hz,near stimulus,0.12129629629629629,0.1,213,116,23.0
medaka_fish3_8dpf_magneto_2,medaka 0.1 Hz,near stimulus,0.12222222222222222,0.1,213,116,24.0
medaka_fish3_8dpf_magneto_2,medaka 0.1 Hz,near stimulus,0.12314814814814815,0.1,213,112,25.0
medaka_fish3_8dpf_magneto_2,medaka 0.1 Hz,near stimulus,0.12407407407407407,0.1,213,107,26.0
medaka_fish3_8dpf_magneto_2,medaka 0.1 Hz,near stimulus,0.125,0.1,213,114,27.0
medaka_fish3_8dpf_magneto_2,medaka 0.1 Hz,near stimulus,0.1259259259259259,0.1,213,119,28.0
medaka_fish3_8dpf_magneto_2,medaka 0.1 Hz,near stimulus,0.12685185185185185,0.1,213,122,29.0
medaka_fish3_8dpf_magneto_2,medaka 0.1 Hz,near stimulus,0.12777777777777777,0.1,213,117,30.0
engert_20220221_magnet,zebrafish 0.4 Hz (2022 Q1),real,0.10050251256281408,0.4,1333,641,
engert_20220221_magnet,zebrafish 0.4 Hz (2022 Q1),detrended + envelope-normalised,0.10050251256281408,0.4,1333,663,
engert_20220221_magnet,zebrafish 0.4 Hz (2022 Q1),white,0.10050251256281408,0.4,1333,631,
engert_20220221_magnet,zebrafish 0.4 Hz (2022 Q1),real,0.10301507537688442,0.4,1333,642,
engert_20220221_magnet,zebrafish 0.4 Hz (2022 Q1),detrended + envelope-normalised,0.10301507537688442,0.4,1333,667,
engert_20220221_magnet,zebrafish 0.4 Hz (2022 Q1),white,0.10301507537688442,0.4,1333,659,
engert_20220221_magnet,zebrafish 0.4 Hz (2022 Q1),real,0.10552763819095477,0.4,1333,662,
engert_20220221_magnet,zebrafish 0.4 Hz (2022 Q1),detrended + envelope-normalised,0.10552763819095477,0.4,1333,688,
engert_20220221_magnet,zebrafish 0.4 Hz (2022 Q1),white,0.10552763819095477,0.4,1333,658,
engert_20220221_magnet,zebrafish 0.4 Hz (2022 Q1),real,0.10804020100502512,0.4,1333,641,
engert_20220221_magnet,zebrafish 0.4 Hz (2022 Q1),detrended + envelope-normalised,0.10804020100502512,0.4,1333,652,
engert_20220221_magnet,zebrafish 0.4 Hz (2022 Q1),white,0.10804020100502512,0.4,1333,671,
engert_20220221_magnet,zebrafish 0.4 Hz (2022 Q1),real,0.11055276381909548,0.4,1333,649,
engert_20220221_magnet,zebrafish 0.4 Hz (2022 Q1),detrended + envelope-normalised,0.11055276381909548,0.4,1333,657,
engert_20220221_magnet,zebrafish 0.4 Hz (2022 Q1),white,0.11055276381909548,0.4,1333,679,
engert_20220221_magnet,zebrafish 0.4 Hz (2022 Q1),real,0.11306532663316583,0.4,1333,626,
engert_20220221_magnet,zebrafish 0.4 Hz (2022 Q1),detrended + envelope-normalised,0.11306532663316583,0.4,1333,636,
engert_20220221_magnet,zebrafish 0.4 Hz (2022 Q1),white,0.11306532663316583,0.4,1333,688,
engert_20220221_magnet,zebrafish 0.4 Hz (2022 Q1),real,0.11641541038525963,0.4,1333,631,
engert_20220221_magnet,zebrafish 0.4 Hz (2022 Q1),detrended + envelope-normalised,0.11641541038525963,0.4,1333,633,
engert_20220221_magnet,zebrafish 0.4 Hz (2022 Q1),white,0.11641541038525963,0.4,1333,651,
engert_20220221_magnet,zebrafish 0.4 Hz (2022 Q1),real,0.11892797319932999,0.4,1333,659,
engert_20220221_magnet,zebrafish 0.4 Hz (2022 Q1),detrended + envelope-normalised,0.11892797319932999,0.4,1333,654,
engert_20220221_magnet,zebrafish 0.4 Hz (2022 Q1),white,0.11892797319932999,0.4,1333,663,
engert_20220221_magnet,zebrafish 0.4 Hz (2022 Q1),real,0.12227805695142378,0.4,1333,662,
engert_20220221_magnet,zebrafish 0.4 Hz (2022 Q1),detrended + envelope-normalised,0.12227805695142378,0.4,1333,682,
engert_20220221_magnet,zebrafish 0.4 Hz (2022 Q1),white,0.12227805695142378,0.4,1333,639,
engert_20220221_magnet,zebrafish 0.4 Hz (2022 Q1),real,0.12562814070351758,0.4,1333,662,
engert_20220221_magnet,zebrafish 0.4 Hz (2022 Q1),detrended + envelope-normalised,0.12562814070351758,0.4,1333,657,
engert_20220221_magnet,zebrafish 0.4 Hz (2022 Q1),white,0.12562814070351758,0.4,1333,678,
engert_20220221_magnet,zebrafish 0.4 Hz (2022 Q1),real,0.12897822445561138,0.4,1333,645,
engert_20220221_magnet,zebrafish 0.4 Hz (2022 Q1),detrended + envelope-normalised,0.12897822445561138,0.4,1333,642,
engert_20220221_magnet,zebrafish 0.4 Hz (2022 Q1),white,0.12897822445561138,0.4,1333,647,
engert_20220221_magnet,zebrafish 0.4 Hz (2022 Q1),real,0.13149078726968175,0.4,1333,643,
engert_20220221_magnet,zebrafish 0.4 Hz (2022 Q1),detrended + envelope-normalised,0.13149078726968175,0.4,1333,670,
engert_20220221_magnet,zebrafish 0.4 Hz (2022 Q1),white,0.13149078726968175,0.4,1333,666,
engert_20220221_magnet,zebrafish 0.4 Hz (2022 Q1),real,0.13484087102177555,0.4,1333,675,
engert_20220221_magnet,zebrafish 0.4 Hz (2022 Q1),detrended + envelope-normalised,0.13484087102177555,0.4,1333,678,
engert_20220221_magnet,zebrafish 0.4 Hz (2022 Q1),white,0.13484087102177555,0.4,1333,666,
engert_20220221_magnet,zebrafish 0.4 Hz (2022 Q1),real,0.13819095477386933,0.4,1333,665,
engert_20220221_magnet,zebrafish 0.4 Hz (2022 Q1),detrended + envelope-normalised,0.13819095477386933,0.4,1333,655,
engert_20220221_magnet,zebrafish 0.4 Hz (2022 Q1),white,0.13819095477386933,0.4,1333,702,
engert_20220221_magnet,zebrafish 0.4 Hz (2022 Q1),real,0.1423785594639866,0.4,1333,697,
engert_20220221_magnet,zebrafish 0.4 Hz (2022 Q1),detrended + envelope-normalised,0.1423785594639866,0.4,1333,685,
engert_20220221_magnet,zebrafish 0.4 Hz (2022 Q1),white,0.1423785594639866,0.4,1333,633,
engert_20220221_magnet,zebrafish 0.4 Hz (2022 Q1),real,0.1457286432160804,0.4,1333,674,
engert_20220221_magnet,zebrafish 0.4 Hz (2022 Q1),detrended + envelope-normalised,0.1457286432160804,0.4,1333,685,
engert_20220221_magnet,zebrafish 0.4 Hz (2022 Q1),white,0.1457286432160804,0.4,1333,693,
engert_20220221_magnet,zebrafish 0.4 Hz (2022 Q1),real,0.1490787269681742,0.4,1333,691,
engert_20220221_magnet,zebrafish 0.4 Hz (2022 Q1),detrended + envelope-normalised,0.1490787269681742,0.4,1333,708,
engert_20220221_magnet,zebrafish 0.4 Hz (2022 Q1),white,0.1490787269681742,0.4,1333,676,
engert_20220221_magnet,zebrafish 0.4 Hz (2022 Q1),real,0.15326633165829145,0.4,1333,693,
engert_20220221_magnet,zebrafish 0.4 Hz (2022 Q1),detrended + envelope-normalised,0.15326633165829145,0.4,1333,686,
engert_20220221_magnet,zebrafish 0.4 Hz (2022 Q1),white,0.15326633165829145,0.4,1333,680,
engert_20220221_magnet,zebrafish 0.4 Hz (2022 Q1),real,0.1574539363484087,0.4,1333,669,
engert_20220221_magnet,zebrafish 0.4 Hz (2022 Q1),detrended + envelope-normalised,0.1574539363484087,0.4,1333,673,
engert_20220221_magnet,zebrafish 0.4 Hz (2022 Q1),white,0.1574539363484087,0.4,1333,669,
engert_20220221_magnet,zebrafish 0.4 Hz (2022 Q1),real,0.16080402010050251,0.4,1333,652,
engert_20220221_magnet,zebrafish 0.4 Hz (2022 Q1),detrended + envelope-normalised,0.16080402010050251,0.4,1333,658,
engert_20220221_magnet,zebrafish 0.4 Hz (2022 Q1),white,0.16080402010050251,0.4,1333,674,
engert_20220221_magnet,zebrafish 0.4 Hz (2022 Q1),real,0.16499162479061977,0.4,1333,686,
engert_20220221_magnet,zebrafish 0.4 Hz (2022 Q1),detrended + envelope-normalised,0.16499162479061977,0.4,1333,687,
engert_20220221_magnet,zebrafish 0.4 Hz (2022 Q1),white,0.16499162479061977,0.4,1333,660,
engert_20220221_magnet,zebrafish 0.4 Hz (2022 Q1),real,0.16917922948073702,0.4,1333,633,
engert_20220221_magnet,zebrafish 0.4 Hz (2022 Q1),detrended + envelope-normalised,0.16917922948073702,0.4,1333,633,
engert_20220221_magnet,zebrafish 0.4 Hz (2022 Q1),white,0.16917922948073702,0.4,1333,674,
engert_20220221_magnet,zebrafish 0.4 Hz (2022 Q1),real,0.17336683417085427,0.4,1333,638,
engert_20220221_magnet,zebrafish 0.4 Hz (2022 Q1),detrended + envelope-normalised,0.17336683417085427,0.4,1333,638,
engert_20220221_magnet,zebrafish 0.4 Hz (2022 Q1),white,0.17336683417085427,0.4,1333,671,
engert_20220221_magnet,zebrafish 0.4 Hz (2022 Q1),real,0.17839195979899497,0.4,1333,686,
engert_20220221_magnet,zebrafish 0.4 Hz (2022 Q1),detrended + envelope-normalised,0.17839195979899497,0.4,1333,663,
engert_20220221_magnet,zebrafish 0.4 Hz (2022 Q1),white,0.17839195979899497,0.4,1333,668,
engert_20220221_magnet,zebrafish 0.4 Hz (2022 Q1),real,0.18257956448911222,0.4,1333,651,
engert_20220221_magnet,zebrafish 0.4 Hz (2022 Q1),detrended + envelope-normalised,0.18257956448911222,0.4,1333,648,
engert_20220221_magnet,zebrafish 0.4 Hz (2022 Q1),white,0.18257956448911222,0.4,1333,655,
engert_20220221_magnet,zebrafish 0.4 Hz (2022 Q1),real,0.18676716917922948,0.4,1333,682,
engert_20220221_magnet,zebrafish 0.4 Hz (2022 Q1),detrended + envelope-normalised,0.18676716917922948,0.4,1333,686,
engert_20220221_magnet,zebrafish 0.4 Hz (2022 Q1),white,0.18676716917922948,0.4,1333,682,
engert_20220221_magnet,zebrafish 0.4 Hz (2022 Q1),real,0.19179229480737017,0.4,1333,680,
engert_20220221_magnet,zebrafish 0.4 Hz (2022 Q1),detrended + envelope-normalised,0.19179229480737017,0.4,1333,694,
engert_20220221_magnet,zebrafish 0.4 Hz (2022 Q1),white,0.19179229480737017,0.4,1333,682,
engert_20220221_magnet,zebrafish 0.4 Hz (2022 Q1),real,0.1968174204355109,0.4,1333,662,
engert_20220221_magnet,zebrafish 0.4 Hz (2022 Q1),detrended + envelope-normalised,0.1968174204355109,0.4,1333,656,
engert_20220221_magnet,zebrafish 0.4 Hz (2022 Q1),white,0.1968174204355109,0.4,1333,658,
engert_20220221_magnet,zebrafish 0.4 Hz (2022 Q1),real,0.2018425460636516,0.4,1333,660,
engert_20220221_magnet,zebrafish 0.4 Hz (2022 Q1),detrended + envelope-normalised,0.2018425460636516,0.4,1333,662,
engert_20220221_magnet,zebrafish 0.4 Hz (2022 Q1),white,0.2018425460636516,0.4,1333,649,
engert_20220221_magnet,zebrafish 0.4 Hz (2022 Q1),real,0.2068676716917923,0.4,1333,677,
engert_20220221_magnet,zebrafish 0.4 Hz (2022 Q1),detrended + envelope-normalised,0.2068676716917923,0.4,1333,680,
engert_20220221_magnet,zebrafish 0.4 Hz (2022 Q1),white,0.2068676716917923,0.4,1333,662,
engert_20220221_magnet,zebrafish 0.4 Hz (2022 Q1),real,0.211892797319933,0.4,1333,662,
engert_20220221_magnet,zebrafish 0.4 Hz (2022 Q1),detrended + envelope-normalised,0.211892797319933,0.4,1333,665,
engert_20220221_magnet,zebrafish 0.4 Hz (2022 Q1),white,0.211892797319933,0.4,1333,629,
engert_20220221_magnet,zebrafish 0.4 Hz (2022 Q1),real,0.21775544388609716,0.4,1333,662,
engert_20220221_magnet,zebrafish 0.4 Hz (2022 Q1),detrended + envelope-normalised,0.21775544388609716,0.4,1333,676,
engert_20220221_magnet,zebrafish 0.4 Hz (2022 Q1),white,0.21775544388609716,0.4,1333,642,
engert_20220221_magnet,zebrafish 0.4 Hz (2022 Q1),real,0.22278056951423786,0.4,1333,679,
engert_20220221_magnet,zebrafish 0.4 Hz (2022 Q1),detrended + envelope-normalised,0.22278056951423786,0.4,1333,665,
engert_20220221_magnet,zebrafish 0.4 Hz (2022 Q1),white,0.22278056951423786,0.4,1333,663,
engert_20220221_magnet,zebrafish 0.4 Hz (2022 Q1),real,0.228643216080402,0.4,1333,703,
engert_20220221_magnet,zebrafish 0.4 Hz (2022 Q1),detrended + envelope-normalised,0.228643216080402,0.4,1333,697,
engert_20220221_magnet,zebrafish 0.4 Hz (2022 Q1),white,0.228643216080402,0.4,1333,661,
engert_20220221_magnet,zebrafish 0.4 Hz (2022 Q1),real,0.23450586264656617,0.4,1333,652,
engert_20220221_magnet,zebrafish 0.4 Hz (2022 Q1),detrended + envelope-normalised,0.23450586264656617,0.4,1333,661,
engert_20220221_magnet,zebrafish 0.4 Hz (2022 Q1),white,0.23450586264656617,0.4,1333,676,
engert_20220221_magnet,zebrafish 0.4 Hz (2022 Q1),real,0.2403685092127303,0.4,1333,648,
engert_20220221_magnet,zebrafish 0.4 Hz (2022 Q1),detrended + envelope-normalised,0.2403685092127303,0.4,1333,640,
engert_20220221_magnet,zebrafish 0.4 Hz (2022 Q1),white,0.2403685092127303,0.4,1333,683,
engert_20220221_magnet,zebrafish 0.4 Hz (2022 Q1),real,0.24623115577889448,0.4,1333,651,
engert_20220221_magnet,zebrafish 0.4 Hz (2022 Q1),detrended + envelope-normalised,0.24623115577889448,0.4,1333,634,
engert_20220221_magnet,zebrafish 0.4 Hz (2022 Q1),white,0.24623115577889448,0.4,1333,672,
engert_20220221_magnet,zebrafish 0.4 Hz (2022 Q1),real,0.2529313232830821,0.4,1333,652,
engert_20220221_magnet,zebrafish 0.4 Hz (2022 Q1),detrended + envelope-normalised,0.2529313232830821,0.4,1333,660,
engert_20220221_magnet,zebrafish 0.4 Hz (2022 Q1),white,0.2529313232830821,0.4,1333,665,
engert_20220221_magnet,zebrafish 0.4 Hz (2022 Q1),real,0.25879396984924624,0.4,1333,692,
engert_20220221_magnet,zebrafish 0.4 Hz (2022 Q1),detrended + envelope-normalised,0.25879396984924624,0.4,1333,702,
engert_20220221_magnet,zebrafish 0.4 Hz (2022 Q1),white,0.25879396984924624,0.4,1333,637,
engert_20220221_magnet,zebrafish 0.4 Hz (2022 Q1),real,0.26549413735343386,0.4,1333,670,
engert_20220221_magnet,zebrafish 0.4 Hz (2022 Q1),detrended + envelope-normalised,0.26549413735343386,0.4,1333,674,
engert_20220221_magnet,zebrafish 0.4 Hz (2022 Q1),white,0.26549413735343386,0.4,1333,676,
engert_20220221_magnet,zebrafish 0.4 Hz (2022 Q1),real,0.2721943048576214,0.4,1333,645,
engert_20220221_magnet,zebrafish 0.4 Hz (2022 Q1),detrended + envelope-normalised,0.2721943048576214,0.4,1333,652,
engert_20220221_magnet,zebrafish 0.4 Hz (2022 Q1),white,0.2721943048576214,0.4,1333,661,
engert_20220221_magnet,zebrafish 0.4 Hz (2022 Q1),real,0.27889447236180903,0.4,1333,686,
engert_20220221_magnet,zebrafish 0.4 Hz (2022 Q1),detrended + envelope-normalised,0.27889447236180903,0.4,1333,682,
engert_20220221_magnet,zebrafish 0.4 Hz (2022 Q1),white,0.27889447236180903,0.4,1333,667,
engert_20220221_magnet,zebrafish 0.4 Hz (2022 Q1),real,0.2864321608040201,0.4,1333,657,
engert_20220221_magnet,zebrafish 0.4 Hz (2022 Q1),detrended + envelope-normalised,0.2864321608040201,0.4,1333,666,
engert_20220221_magnet,zebrafish 0.4 Hz (2022 Q1),white,0.2864321608040201,0.4,1333,669,
engert_20220221_magnet,zebrafish 0.4 Hz (2022 Q1),real,0.2931323283082077,0.4,1333,655,
engert_20220221_magnet,zebrafish 0.4 Hz (2022 Q1),detrended + envelope-normalised,0.2931323283082077,0.4,1333,669,
engert_20220221_magnet,zebrafish 0.4 Hz (2022 Q1),white,0.2931323283082077,0.4,1333,672,
engert_20220221_magnet,zebrafish 0.4 Hz (2022 Q1),real,0.30067001675041877,0.4,1333,688,
engert_20220221_magnet,zebrafish 0.4 Hz (2022 Q1),detrended + envelope-normalised,0.30067001675041877,0.4,1333,703,
engert_20220221_magnet,zebrafish 0.4 Hz (2022 Q1),white,0.30067001675041877,0.4,1333,680,
engert_20220221_magnet,zebrafish 0.4 Hz (2022 Q1),real,0.3082077051926298,0.4,1333,666,
engert_20220221_magnet,zebrafish 0.4 Hz (2022 Q1),detrended + envelope-normalised,0.3082077051926298,0.4,1333,683,
engert_20220221_magnet,zebrafish 0.4 Hz (2022 Q1),white,0.3082077051926298,0.4,1333,681,
engert_20220221_magnet,zebrafish 0.4 Hz (2022 Q1),real,0.3165829145728643,0.4,1333,656,
engert_20220221_magnet,zebrafish 0.4 Hz (2022 Q1),detrended + envelope-normalised,0.3165829145728643,0.4,1333,653,
engert_20220221_magnet,zebrafish 0.4 Hz (2022 Q1),white,0.3165829145728643,0.4,1333,691,
engert_20220221_magnet,zebrafish 0.4 Hz (2022 Q1),real,0.3241206030150754,0.4,1333,690,
engert_20220221_magnet,zebrafish 0.4 Hz (2022 Q1),detrended + envelope-normalised,0.3241206030150754,0.4,1333,658,
engert_20220221_magnet,zebrafish 0.4 Hz (2022 Q1),white,0.3241206030150754,0.4,1333,660,
engert_20220221_magnet,zebrafish 0.4 Hz (2022 Q1),real,0.3324958123953099,0.4,1333,703,
engert_20220221_magnet,zebrafish 0.4 Hz (2022 Q1),detrended + envelope-normalised,0.3324958123953099,0.4,1333,698,
engert_20220221_magnet,zebrafish 0.4 Hz (2022 Q1),white,0.3324958123953099,0.4,1333,668,
engert_20220221_magnet,zebrafish 0.4 Hz (2022 Q1),real,0.3408710217755444,0.4,1333,708,
engert_20220221_magnet,zebrafish 0.4 Hz (2022 Q1),detrended + envelope-normalised,0.3408710217755444,0.4,1333,705,
engert_20220221_magnet,zebrafish 0.4 Hz (2022 Q1),white,0.3408710217755444,0.4,1333,677,
engert_20220221_magnet,zebrafish 0.4 Hz (2022 Q1),real,0.3492462311557789,0.4,1333,656,
engert_20220221_magnet,zebrafish 0.4 Hz (2022 Q1),detrended + envelope-normalised,0.3492462311557789,0.4,1333,657,
engert_20220221_magnet,zebrafish 0.4 Hz (2022 Q1),white,0.3492462311557789,0.4,1333,660,
engert_20220221_magnet,zebrafish 0.4 Hz (2022 Q1),real,0.35845896147403683,0.4,1333,659,
engert_20220221_magnet,zebrafish 0.4 Hz (2022 Q1),detrended + envelope-normalised,0.35845896147403683,0.4,1333,672,
engert_20220221_magnet,zebrafish 0.4 Hz (2022 Q1),white,0.35845896147403683,0.4,1333,677,
engert_20220221_magnet,zebrafish 0.4 Hz (2022 Q1),real,0.3676716917922948,0.4,1333,671,
engert_20220221_magnet,zebrafish 0.4 Hz (2022 Q1),detrended + envelope-normalised,0.3676716917922948,0.4,1333,675,
engert_20220221_magnet,zebrafish 0.4 Hz (2022 Q1),white,0.3676716917922948,0.4,1333,681,
engert_20220221_magnet,zebrafish 0.4 Hz (2022 Q1),real,0.3768844221105528,0.4,1333,677,
engert_20220221_magnet,zebrafish 0.4 Hz (2022 Q1),detrended + envelope-normalised,0.3768844221105528,0.4,1333,684,
engert_20220221_magnet,zebrafish 0.4 Hz (2022 Q1),white,0.3768844221105528,0.4,1333,632,
engert_20220221_magnet,zebrafish 0.4 Hz (2022 Q1),real,0.3860971524288107,0.4,1333,689,
engert_20220221_magnet,zebrafish 0.4 Hz (2022 Q1),detrended + envelope-normalised,0.3860971524288107,0.4,1333,682,
engert_20220221_magnet,zebrafish 0.4 Hz (2022 Q1),white,0.3860971524288107,0.4,1333,660,
engert_20220221_magnet,zebrafish 0.4 Hz (2022 Q1),real,0.3961474036850921,0.4,1333,619,
engert_20220221_magnet,zebrafish 0.4 Hz (2022 Q1),detrended + envelope-normalised,0.3961474036850921,0.4,1333,621,
engert_20220221_magnet,zebrafish 0.4 Hz (2022 Q1),white,0.3961474036850921,0.4,1333,668,
engert_20220221_magnet,zebrafish 0.4 Hz (2022 Q1),real,0.40619765494137355,0.4,1333,665,
engert_20220221_magnet,zebrafish 0.4 Hz (2022 Q1),detrended + envelope-normalised,0.40619765494137355,0.4,1333,634,
engert_20220221_magnet,zebrafish 0.4 Hz (2022 Q1),white,0.40619765494137355,0.4,1333,676,
engert_20220221_magnet,zebrafish 0.4 Hz (2022 Q1),real,0.41624790619765495,0.4,1333,700,
engert_20220221_magnet,zebrafish 0.4 Hz (2022 Q1),detrended + envelope-normalised,0.41624790619765495,0.4,1333,685,
engert_20220221_magnet,zebrafish 0.4 Hz (2022 Q1),white,0.41624790619765495,0.4,1333,656,
engert_20220221_magnet,zebrafish 0.4 Hz (2022 Q1),real,0.4271356783919598,0.4,1333,681,
engert_20220221_magnet,zebrafish 0.4 Hz (2022 Q1),detrended + envelope-normalised,0.4271356783919598,0.4,1333,659,
engert_20220221_magnet,zebrafish 0.4 Hz (2022 Q1),white,0.4271356783919598,0.4,1333,674,
engert_20220221_magnet,zebrafish 0.4 Hz (2022 Q1),real,0.4380234505862647,0.4,1333,647,
engert_20220221_magnet,zebrafish 0.4 Hz (2022 Q1),detrended + envelope-normalised,0.4380234505862647,0.4,1333,659,
engert_20220221_magnet,zebrafish 0.4 Hz (2022 Q1),white,0.4380234505862647,0.4,1333,635,
engert_20220221_magnet,zebrafish 0.4 Hz (2022 Q1),near stimulus,0.37520938023450584,0.4,1333,664,-30.0
engert_20220221_magnet,zebrafish 0.4 Hz (2022 Q1),near stimulus,0.3760469011725293,0.4,1333,708,-29.0
engert_20220221_magnet,zebrafish 0.4 Hz (2022 Q1),near stimulus,0.3768844221105528,0.4,1333,677,-28.0
engert_20220221_magnet,zebrafish 0.4 Hz (2022 Q1),near stimulus,0.3777219430485762,0.4,1333,706,-27.0
engert_20220221_magnet,zebrafish 0.4 Hz (2022 Q1),near stimulus,0.3785594639865997,0.4,1333,644,-26.0
engert_20220221_magnet,zebrafish 0.4 Hz (2022 Q1),near stimulus,0.3793969849246231,0.4,1333,649,-25.0
engert_20220221_magnet,zebrafish 0.4 Hz (2022 Q1),near stimulus,0.38023450586264657,0.4,1333,686,-24.0
engert_20220221_magnet,zebrafish 0.4 Hz (2022 Q1),near stimulus,0.38107202680067004,0.4,1333,681,-23.0
engert_20220221_magnet,zebrafish 0.4 Hz (2022 Q1),near stimulus,0.38190954773869346,0.4,1333,672,-22.0
engert_20220221_magnet,zebrafish 0.4 Hz (2022 Q1),near stimulus,0.38274706867671693,0.4,1333,646,-21.0
engert_20220221_magnet,zebrafish 0.4 Hz (2022 Q1),near stimulus,0.38358458961474035,0.4,1333,676,-20.0
engert_20220221_magnet,zebrafish 0.4 Hz (2022 Q1),near stimulus,0.3844221105527638,0.4,1333,718,-19.0
engert_20220221_magnet,zebrafish 0.4 Hz (2022 Q1),near stimulus,0.3852596314907873,0.4,1333,694,-18.0
engert_20220221_magnet,zebrafish 0.4 Hz (2022 Q1),near stimulus,0.3860971524288107,0.4,1333,689,-17.0
engert_20220221_magnet,zebrafish 0.4 Hz (2022 Q1),near stimulus,0.3869346733668342,0.4,1333,682,-16.0
engert_20220221_magnet,zebrafish 0.4 Hz (2022 Q1),near stimulus,0.3877721943048576,0.4,1333,657,-15.0
engert_20220221_magnet,zebrafish 0.4 Hz (2022 Q1),near stimulus,0.38860971524288107,0.4,1333,673,-14.0
engert_20220221_magnet,zebrafish 0.4 Hz (2022 Q1),near stimulus,0.38944723618090454,0.4,1333,641,-13.0
engert_20220221_magnet,zebrafish 0.4 Hz (2022 Q1),near stimulus,0.39028475711892796,0.4,1333,653,-12.0
engert_20220221_magnet,zebrafish 0.4 Hz (2022 Q1),near stimulus,0.39112227805695143,0.4,1333,686,-11.0
engert_20220221_magnet,zebrafish 0.4 Hz (2022 Q1),near stimulus,0.39195979899497485,0.4,1333,668,-10.0
engert_20220221_magnet,zebrafish 0.4 Hz (2022 Q1),near stimulus,0.3927973199329983,0.4,1333,670,-9.0
engert_20220221_magnet,zebrafish 0.4 Hz (2022 Q1),near stimulus,0.3936348408710218,0.4,1333,693,-8.0
engert_20220221_magnet,zebrafish 0.4 Hz (2022 Q1),near stimulus,0.3944723618090452,0.4,1333,649,-7.0
engert_20220221_magnet,zebrafish 0.4 Hz (2022 Q1),near stimulus,0.3953098827470687,0.4,1333,672,-6.0
engert_20220221_magnet,zebrafish 0.4 Hz (2022 Q1),near stimulus,0.3961474036850921,0.4,1333,619,-5.0
engert_20220221_magnet,zebrafish 0.4 Hz (2022 Q1),near stimulus,0.3969849246231156,0.4,1333,659,-4.0
engert_20220221_magnet,zebrafish 0.4 Hz (2022 Q1),near stimulus,0.39782244556113905,0.4,1333,667,-3.0
engert_20220221_magnet,zebrafish 0.4 Hz (2022 Q1),near stimulus,0.39865996649916247,0.4,1333,681,-2.0
engert_20220221_magnet,zebrafish 0.4 Hz (2022 Q1),near stimulus,0.39949748743718594,0.4,1333,692,-1.0
engert_20220221_magnet,zebrafish 0.4 Hz (2022 Q1),near stimulus,0.40033500837520936,0.4,1333,663,0.0
engert_20220221_magnet,zebrafish 0.4 Hz (2022 Q1),near stimulus,0.40117252931323283,0.4,1333,677,1.0
engert_20220221_magnet,zebrafish 0.4 Hz (2022 Q1),near stimulus,0.4020100502512563,0.4,1333,698,2.0
engert_20220221_magnet,zebrafish 0.4 Hz (2022 Q1),near stimulus,0.4028475711892797,0.4,1333,690,3.0
engert_20220221_magnet,zebrafish 0.4 Hz (2022 Q1),near stimulus,0.4036850921273032,0.4,1333,686,4.0
engert_20220221_magnet,zebrafish 0.4 Hz (2022 Q1),near stimulus,0.4045226130653266,0.4,1333,673,5.0
engert_20220221_magnet,zebrafish 0.4 Hz (2022 Q1),near stimulus,0.4053601340033501,0.4,1333,684,6.0
engert_20220221_magnet,zebrafish 0.4 Hz (2022 Q1),near stimulus,0.40619765494137355,0.4,1333,665,7.0
engert_20220221_magnet,zebrafish 0.4 Hz (2022 Q1),near stimulus,0.40703517587939697,0.4,1333,681,8.0
engert_20220221_magnet,zebrafish 0.4 Hz (2022 Q1),near stimulus,0.40787269681742044,0.4,1333,664,9.0
engert_20220221_magnet,zebrafish 0.4 Hz (2022 Q1),near stimulus,0.40871021775544386,0.4,1333,644,10.0
engert_20220221_magnet,zebrafish 0.4 Hz (2022 Q1),near stimulus,0.40954773869346733,0.4,1333,682,11.0
engert_20220221_magnet,zebrafish 0.4 Hz (2022 Q1),near stimulus,0.4103852596314908,0.4,1333,637,12.0
engert_20220221_magnet,zebrafish 0.4 Hz (2022 Q1),near stimulus,0.4112227805695142,0.4,1333,687,13.0
engert_20220221_magnet,zebrafish 0.4 Hz (2022 Q1),near stimulus,0.4120603015075377,0.4,1333,652,14.0
engert_20220221_magnet,zebrafish 0.4 Hz (2022 Q1),near stimulus,0.4128978224455611,0.4,1333,674,15.0
engert_20220221_magnet,zebrafish 0.4 Hz (2022 Q1),near stimulus,0.4137353433835846,0.4,1333,670,16.0
engert_20220221_magnet,zebrafish 0.4 Hz (2022 Q1),near stimulus,0.41457286432160806,0.4,1333,666,17.0
engert_20220221_magnet,zebrafish 0.4 Hz (2022 Q1),near stimulus,0.4154103852596315,0.4,1333,635,18.0
engert_20220221_magnet,zebrafish 0.4 Hz (2022 Q1),near stimulus,0.41624790619765495,0.4,1333,700,19.0
engert_20220221_magnet,zebrafish 0.4 Hz (2022 Q1),near stimulus,0.41708542713567837,0.4,1333,651,20.0
engert_20220221_magnet,zebrafish 0.4 Hz (2022 Q1),near stimulus,0.41792294807370184,0.4,1333,678,21.0
engert_20220221_magnet,zebrafish 0.4 Hz (2022 Q1),near stimulus,0.4187604690117253,0.4,1333,677,22.0
engert_20220221_magnet,zebrafish 0.4 Hz (2022 Q1),near stimulus,0.41959798994974873,0.4,1333,669,23.0
engert_20220221_magnet,zebrafish 0.4 Hz (2022 Q1),near stimulus,0.4204355108877722,0.4,1333,674,24.0
engert_20220221_magnet,zebrafish 0.4 Hz (2022 Q1),near stimulus,0.4212730318257956,0.4,1333,631,25.0
engert_20220221_magnet,zebrafish 0.4 Hz (2022 Q1),near stimulus,0.4221105527638191,0.4,1333,662,26.0
engert_20220221_magnet,zebrafish 0.4 Hz (2022 Q1),near stimulus,0.42294807370184256,0.4,1333,675,27.0
engert_20220221_magnet,zebrafish 0.4 Hz (2022 Q1),near stimulus,0.423785594639866,0.4,1333,675,28.0
engert_20220221_magnet,zebrafish 0.4 Hz (2022 Q1),near stimulus,0.42462311557788945,0.4,1333,661,29.0
engert_20220221_magnet,zebrafish 0.4 Hz (2022 Q1),near stimulus,0.42546063651591287,0.4,1333,661,30.0
engert_20220221_visualmagnet,zebrafish 0.4 Hz (2022 Q1),real,0.10050251256281408,0.4,1337,666,
engert_20220221_visualmagnet,zebrafish 0.4 Hz (2022 Q1),detrended + envelope-normalised,0.10050251256281408,0.4,1337,671,
engert_20220221_visualmagnet,zebrafish 0.4 Hz (2022 Q1),white,0.10050251256281408,0.4,1337,684,
engert_20220221_visualmagnet,zebrafish 0.4 Hz (2022 Q1),real,0.10301507537688442,0.4,1337,630,
engert_20220221_visualmagnet,zebrafish 0.4 Hz (2022 Q1),detrended + envelope-normalised,0.10301507537688442,0.4,1337,640,
engert_20220221_visualmagnet,zebrafish 0.4 Hz (2022 Q1),white,0.10301507537688442,0.4,1337,698,
engert_20220221_visualmagnet,zebrafish 0.4 Hz (2022 Q1),real,0.10552763819095477,0.4,1337,595,
engert_20220221_visualmagnet,zebrafish 0.4 Hz (2022 Q1),detrended + envelope-normalised,0.10552763819095477,0.4,1337,592,
engert_20220221_visualmagnet,zebrafish 0.4 Hz (2022 Q1),white,0.10552763819095477,0.4,1337,649,
engert_20220221_visualmagnet,zebrafish 0.4 Hz (2022 Q1),real,0.10804020100502512,0.4,1337,597,
engert_20220221_visualmagnet,zebrafish 0.4 Hz (2022 Q1),detrended + envelope-normalised,0.10804020100502512,0.4,1337,605,
engert_20220221_visualmagnet,zebrafish 0.4 Hz (2022 Q1),white,0.10804020100502512,0.4,1337,682,
engert_20220221_visualmagnet,zebrafish 0.4 Hz (2022 Q1),real,0.11055276381909548,0.4,1337,586,
engert_20220221_visualmagnet,zebrafish 0.4 Hz (2022 Q1),detrended + envelope-normalised,0.11055276381909548,0.4,1337,592,
engert_20220221_visualmagnet,zebrafish 0.4 Hz (2022 Q1),white,0.11055276381909548,0.4,1337,650,
engert_20220221_visualmagnet,zebrafish 0.4 Hz (2022 Q1),real,0.11306532663316583,0.4,1337,581,
engert_20220221_visualmagnet,zebrafish 0.4 Hz (2022 Q1),detrended + envelope-normalised,0.11306532663316583,0.4,1337,590,
engert_20220221_visualmagnet,zebrafish 0.4 Hz (2022 Q1),white,0.11306532663316583,0.4,1337,685,
engert_20220221_visualmagnet,zebrafish 0.4 Hz (2022 Q1),real,0.11641541038525963,0.4,1337,609,
engert_20220221_visualmagnet,zebrafish 0.4 Hz (2022 Q1),detrended + envelope-normalised,0.11641541038525963,0.4,1337,632,
engert_20220221_visualmagnet,zebrafish 0.4 Hz (2022 Q1),white,0.11641541038525963,0.4,1337,680,
engert_20220221_visualmagnet,zebrafish 0.4 Hz (2022 Q1),real,0.11892797319932999,0.4,1337,731,
engert_20220221_visualmagnet,zebrafish 0.4 Hz (2022 Q1),detrended + envelope-normalised,0.11892797319932999,0.4,1337,721,
engert_20220221_visualmagnet,zebrafish 0.4 Hz (2022 Q1),white,0.11892797319932999,0.4,1337,659,
engert_20220221_visualmagnet,zebrafish 0.4 Hz (2022 Q1),real,0.12227805695142378,0.4,1337,616,
engert_20220221_visualmagnet,zebrafish 0.4 Hz (2022 Q1),detrended + envelope-normalised,0.12227805695142378,0.4,1337,625,
engert_20220221_visualmagnet,zebrafish 0.4 Hz (2022 Q1),white,0.12227805695142378,0.4,1337,692,
engert_20220221_visualmagnet,zebrafish 0.4 Hz (2022 Q1),real,0.12562814070351758,0.4,1337,681,
engert_20220221_visualmagnet,zebrafish 0.4 Hz (2022 Q1),detrended + envelope-normalised,0.12562814070351758,0.4,1337,685,
engert_20220221_visualmagnet,zebrafish 0.4 Hz (2022 Q1),white,0.12562814070351758,0.4,1337,654,
engert_20220221_visualmagnet,zebrafish 0.4 Hz (2022 Q1),real,0.12897822445561138,0.4,1337,678,
engert_20220221_visualmagnet,zebrafish 0.4 Hz (2022 Q1),detrended + envelope-normalised,0.12897822445561138,0.4,1337,667,
engert_20220221_visualmagnet,zebrafish 0.4 Hz (2022 Q1),white,0.12897822445561138,0.4,1337,708,
engert_20220221_visualmagnet,zebrafish 0.4 Hz (2022 Q1),real,0.13149078726968175,0.4,1337,624,
engert_20220221_visualmagnet,zebrafish 0.4 Hz (2022 Q1),detrended + envelope-normalised,0.13149078726968175,0.4,1337,627,
engert_20220221_visualmagnet,zebrafish 0.4 Hz (2022 Q1),white,0.13149078726968175,0.4,1337,670,
engert_20220221_visualmagnet,zebrafish 0.4 Hz (2022 Q1),real,0.13484087102177555,0.4,1337,652,
engert_20220221_visualmagnet,zebrafish 0.4 Hz (2022 Q1),detrended + envelope-normalised,0.13484087102177555,0.4,1337,655,
engert_20220221_visualmagnet,zebrafish 0.4 Hz (2022 Q1),white,0.13484087102177555,0.4,1337,666,
engert_20220221_visualmagnet,zebrafish 0.4 Hz (2022 Q1),real,0.13819095477386933,0.4,1337,655,
engert_20220221_visualmagnet,zebrafish 0.4 Hz (2022 Q1),detrended + envelope-normalised,0.13819095477386933,0.4,1337,648,
engert_20220221_visualmagnet,zebrafish 0.4 Hz (2022 Q1),white,0.13819095477386933,0.4,1337,675,
engert_20220221_visualmagnet,zebrafish 0.4 Hz (2022 Q1),real,0.1423785594639866,0.4,1337,636,
engert_20220221_visualmagnet,zebrafish 0.4 Hz (2022 Q1),detrended + envelope-normalised,0.1423785594639866,0.4,1337,652,
engert_20220221_visualmagnet,zebrafish 0.4 Hz (2022 Q1),white,0.1423785594639866,0.4,1337,696,
engert_20220221_visualmagnet,zebrafish 0.4 Hz (2022 Q1),real,0.1457286432160804,0.4,1337,666,
engert_20220221_visualmagnet,zebrafish 0.4 Hz (2022 Q1),detrended + envelope-normalised,0.1457286432160804,0.4,1337,683,
engert_20220221_visualmagnet,zebrafish 0.4 Hz (2022 Q1),white,0.1457286432160804,0.4,1337,665,
engert_20220221_visualmagnet,zebrafish 0.4 Hz (2022 Q1),real,0.1490787269681742,0.4,1337,666,
engert_20220221_visualmagnet,zebrafish 0.4 Hz (2022 Q1),detrended + envelope-normalised,0.1490787269681742,0.4,1337,674,
engert_20220221_visualmagnet,zebrafish 0.4 Hz (2022 Q1),white,0.1490787269681742,0.4,1337,630,
engert_20220221_visualmagnet,zebrafish 0.4 Hz (2022 Q1),real,0.15326633165829145,0.4,1337,713,
engert_20220221_visualmagnet,zebrafish 0.4 Hz (2022 Q1),detrended + envelope-normalised,0.15326633165829145,0.4,1337,730,
engert_20220221_visualmagnet,zebrafish 0.4 Hz (2022 Q1),white,0.15326633165829145,0.4,1337,673,
engert_20220221_visualmagnet,zebrafish 0.4 Hz (2022 Q1),real,0.1574539363484087,0.4,1337,657,
engert_20220221_visualmagnet,zebrafish 0.4 Hz (2022 Q1),detrended + envelope-normalised,0.1574539363484087,0.4,1337,667,
engert_20220221_visualmagnet,zebrafish 0.4 Hz (2022 Q1),white,0.1574539363484087,0.4,1337,667,
engert_20220221_visualmagnet,zebrafish 0.4 Hz (2022 Q1),real,0.16080402010050251,0.4,1337,651,
engert_20220221_visualmagnet,zebrafish 0.4 Hz (2022 Q1),detrended + envelope-normalised,0.16080402010050251,0.4,1337,653,
engert_20220221_visualmagnet,zebrafish 0.4 Hz (2022 Q1),white,0.16080402010050251,0.4,1337,670,
engert_20220221_visualmagnet,zebrafish 0.4 Hz (2022 Q1),real,0.16499162479061977,0.4,1337,659,
engert_20220221_visualmagnet,zebrafish 0.4 Hz (2022 Q1),detrended + envelope-normalised,0.16499162479061977,0.4,1337,660,
engert_20220221_visualmagnet,zebrafish 0.4 Hz (2022 Q1),white,0.16499162479061977,0.4,1337,682,
engert_20220221_visualmagnet,zebrafish 0.4 Hz (2022 Q1),real,0.16917922948073702,0.4,1337,687,
engert_20220221_visualmagnet,zebrafish 0.4 Hz (2022 Q1),detrended + envelope-normalised,0.16917922948073702,0.4,1337,696,
engert_20220221_visualmagnet,zebrafish 0.4 Hz (2022 Q1),white,0.16917922948073702,0.4,1337,676,
engert_20220221_visualmagnet,zebrafish 0.4 Hz (2022 Q1),real,0.17336683417085427,0.4,1337,664,
engert_20220221_visualmagnet,zebrafish 0.4 Hz (2022 Q1),detrended + envelope-normalised,0.17336683417085427,0.4,1337,660,
engert_20220221_visualmagnet,zebrafish 0.4 Hz (2022 Q1),white,0.17336683417085427,0.4,1337,661,
engert_20220221_visualmagnet,zebrafish 0.4 Hz (2022 Q1),real,0.17839195979899497,0.4,1337,729,
engert_20220221_visualmagnet,zebrafish 0.4 Hz (2022 Q1),detrended + envelope-normalised,0.17839195979899497,0.4,1337,757,
engert_20220221_visualmagnet,zebrafish 0.4 Hz (2022 Q1),white,0.17839195979899497,0.4,1337,651,
engert_20220221_visualmagnet,zebrafish 0.4 Hz (2022 Q1),real,0.18257956448911222,0.4,1337,648,
engert_20220221_visualmagnet,zebrafish 0.4 Hz (2022 Q1),detrended + envelope-normalised,0.18257956448911222,0.4,1337,676,
engert_20220221_visualmagnet,zebrafish 0.4 Hz (2022 Q1),white,0.18257956448911222,0.4,1337,663,
engert_20220221_visualmagnet,zebrafish 0.4 Hz (2022 Q1),real,0.18676716917922948,0.4,1337,687,
engert_20220221_visualmagnet,zebrafish 0.4 Hz (2022 Q1),detrended + envelope-normalised,0.18676716917922948,0.4,1337,701,
engert_20220221_visualmagnet,zebrafish 0.4 Hz (2022 Q1),white,0.18676716917922948,0.4,1337,666,
engert_20220221_visualmagnet,zebrafish 0.4 Hz (2022 Q1),real,0.19179229480737017,0.4,1337,654,
engert_20220221_visualmagnet,zebrafish 0.4 Hz (2022 Q1),detrended + envelope-normalised,0.19179229480737017,0.4,1337,641,
engert_20220221_visualmagnet,zebrafish 0.4 Hz (2022 Q1),white,0.19179229480737017,0.4,1337,701,
engert_20220221_visualmagnet,zebrafish 0.4 Hz (2022 Q1),real,0.1968174204355109,0.4,1337,658,
engert_20220221_visualmagnet,zebrafish 0.4 Hz (2022 Q1),detrended + envelope-normalised,0.1968174204355109,0.4,1337,664,
engert_20220221_visualmagnet,zebrafish 0.4 Hz (2022 Q1),white,0.1968174204355109,0.4,1337,652,
engert_20220221_visualmagnet,zebrafish 0.4 Hz (2022 Q1),real,0.2018425460636516,0.4,1337,672,
engert_20220221_visualmagnet,zebrafish 0.4 Hz (2022 Q1),detrended + envelope-normalised,0.2018425460636516,0.4,1337,673,
engert_20220221_visualmagnet,zebrafish 0.4 Hz (2022 Q1),white,0.2018425460636516,0.4,1337,668,
engert_20220221_visualmagnet,zebrafish 0.4 Hz (2022 Q1),real,0.2068676716917923,0.4,1337,689,
engert_20220221_visualmagnet,zebrafish 0.4 Hz (2022 Q1),detrended + envelope-normalised,0.2068676716917923,0.4,1337,680,
engert_20220221_visualmagnet,zebrafish 0.4 Hz (2022 Q1),white,0.2068676716917923,0.4,1337,674,
engert_20220221_visualmagnet,zebrafish 0.4 Hz (2022 Q1),real,0.211892797319933,0.4,1337,649,
engert_20220221_visualmagnet,zebrafish 0.4 Hz (2022 Q1),detrended + envelope-normalised,0.211892797319933,0.4,1337,650,
engert_20220221_visualmagnet,zebrafish 0.4 Hz (2022 Q1),white,0.211892797319933,0.4,1337,669,
engert_20220221_visualmagnet,zebrafish 0.4 Hz (2022 Q1),real,0.21775544388609716,0.4,1337,657,
engert_20220221_visualmagnet,zebrafish 0.4 Hz (2022 Q1),detrended + envelope-normalised,0.21775544388609716,0.4,1337,651,
engert_20220221_visualmagnet,zebrafish 0.4 Hz (2022 Q1),white,0.21775544388609716,0.4,1337,686,
engert_20220221_visualmagnet,zebrafish 0.4 Hz (2022 Q1),real,0.22278056951423786,0.4,1337,690,
engert_20220221_visualmagnet,zebrafish 0.4 Hz (2022 Q1),detrended + envelope-normalised,0.22278056951423786,0.4,1337,694,
engert_20220221_visualmagnet,zebrafish 0.4 Hz (2022 Q1),white,0.22278056951423786,0.4,1337,678,
engert_20220221_visualmagnet,zebrafish 0.4 Hz (2022 Q1),real,0.228643216080402,0.4,1337,667,
engert_20220221_visualmagnet,zebrafish 0.4 Hz (2022 Q1),detrended + envelope-normalised,0.228643216080402,0.4,1337,683,
engert_20220221_visualmagnet,zebrafish 0.4 Hz (2022 Q1),white,0.228643216080402,0.4,1337,671,
engert_20220221_visualmagnet,zebrafish 0.4 Hz (2022 Q1),real,0.23450586264656617,0.4,1337,676,
engert_20220221_visualmagnet,zebrafish 0.4 Hz (2022 Q1),detrended + envelope-normalised,0.23450586264656617,0.4,1337,664,
engert_20220221_visualmagnet,zebrafish 0.4 Hz (2022 Q1),white,0.23450586264656617,0.4,1337,673,
engert_20220221_visualmagnet,zebrafish 0.4 Hz (2022 Q1),real,0.2403685092127303,0.4,1337,664,
engert_20220221_visualmagnet,zebrafish 0.4 Hz (2022 Q1),detrended + envelope-normalised,0.2403685092127303,0.4,1337,658,
engert_20220221_visualmagnet,zebrafish 0.4 Hz (2022 Q1),white,0.2403685092127303,0.4,1337,653,
engert_20220221_visualmagnet,zebrafish 0.4 Hz (2022 Q1),real,0.24623115577889448,0.4,1337,677,
engert_20220221_visualmagnet,zebrafish 0.4 Hz (2022 Q1),detrended + envelope-normalised,0.24623115577889448,0.4,1337,663,
engert_20220221_visualmagnet,zebrafish 0.4 Hz (2022 Q1),white,0.24623115577889448,0.4,1337,631,
engert_20220221_visualmagnet,zebrafish 0.4 Hz (2022 Q1),real,0.2529313232830821,0.4,1337,649,
engert_20220221_visualmagnet,zebrafish 0.4 Hz (2022 Q1),detrended + envelope-normalised,0.2529313232830821,0.4,1337,664,
engert_20220221_visualmagnet,zebrafish 0.4 Hz (2022 Q1),white,0.2529313232830821,0.4,1337,640,
engert_20220221_visualmagnet,zebrafish 0.4 Hz (2022 Q1),real,0.25879396984924624,0.4,1337,657,
engert_20220221_visualmagnet,zebrafish 0.4 Hz (2022 Q1),detrended + envelope-normalised,0.25879396984924624,0.4,1337,676,
engert_20220221_visualmagnet,zebrafish 0.4 Hz (2022 Q1),white,0.25879396984924624,0.4,1337,685,
engert_20220221_visualmagnet,zebrafish 0.4 Hz (2022 Q1),real,0.26549413735343386,0.4,1337,694,
engert_20220221_visualmagnet,zebrafish 0.4 Hz (2022 Q1),detrended + envelope-normalised,0.26549413735343386,0.4,1337,680,
engert_20220221_visualmagnet,zebrafish 0.4 Hz (2022 Q1),white,0.26549413735343386,0.4,1337,699,
engert_20220221_visualmagnet,zebrafish 0.4 Hz (2022 Q1),real,0.2721943048576214,0.4,1337,638,
engert_20220221_visualmagnet,zebrafish 0.4 Hz (2022 Q1),detrended + envelope-normalised,0.2721943048576214,0.4,1337,623,
engert_20220221_visualmagnet,zebrafish 0.4 Hz (2022 Q1),white,0.2721943048576214,0.4,1337,690,
engert_20220221_visualmagnet,zebrafish 0.4 Hz (2022 Q1),real,0.27889447236180903,0.4,1337,652,
engert_20220221_visualmagnet,zebrafish 0.4 Hz (2022 Q1),detrended + envelope-normalised,0.27889447236180903,0.4,1337,645,
engert_20220221_visualmagnet,zebrafish 0.4 Hz (2022 Q1),white,0.27889447236180903,0.4,1337,680,
engert_20220221_visualmagnet,zebrafish 0.4 Hz (2022 Q1),real,0.2864321608040201,0.4,1337,681,
engert_20220221_visualmagnet,zebrafish 0.4 Hz (2022 Q1),detrended + envelope-normalised,0.2864321608040201,0.4,1337,679,
engert_20220221_visualmagnet,zebrafish 0.4 Hz (2022 Q1),white,0.2864321608040201,0.4,1337,667,
engert_20220221_visualmagnet,zebrafish 0.4 Hz (2022 Q1),real,0.2931323283082077,0.4,1337,640,
engert_20220221_visualmagnet,zebrafish 0.4 Hz (2022 Q1),detrended + envelope-normalised,0.2931323283082077,0.4,1337,649,
engert_20220221_visualmagnet,zebrafish 0.4 Hz (2022 Q1),white,0.2931323283082077,0.4,1337,683,
engert_20220221_visualmagnet,zebrafish 0.4 Hz (2022 Q1),real,0.30067001675041877,0.4,1337,642,
engert_20220221_visualmagnet,zebrafish 0.4 Hz (2022 Q1),detrended + envelope-normalised,0.30067001675041877,0.4,1337,646,
engert_20220221_visualmagnet,zebrafish 0.4 Hz (2022 Q1),white,0.30067001675041877,0.4,1337,654,
engert_20220221_visualmagnet,zebrafish 0.4 Hz (2022 Q1),real,0.3082077051926298,0.4,1337,692,
engert_20220221_visualmagnet,zebrafish 0.4 Hz (2022 Q1),detrended + envelope-normalised,0.3082077051926298,0.4,1337,679,
engert_20220221_visualmagnet,zebrafish 0.4 Hz (2022 Q1),white,0.3082077051926298,0.4,1337,704,
engert_20220221_visualmagnet,zebrafish 0.4 Hz (2022 Q1),real,0.3165829145728643,0.4,1337,653,
engert_20220221_visualmagnet,zebrafish 0.4 Hz (2022 Q1),detrended + envelope-normalised,0.3165829145728643,0.4,1337,664,
engert_20220221_visualmagnet,zebrafish 0.4 Hz (2022 Q1),white,0.3165829145728643,0.4,1337,699,
engert_20220221_visualmagnet,zebrafish 0.4 Hz (2022 Q1),real,0.3241206030150754,0.4,1337,687,
engert_20220221_visualmagnet,zebrafish 0.4 Hz (2022 Q1),detrended + envelope-normalised,0.3241206030150754,0.4,1337,692,
engert_20220221_visualmagnet,zebrafish 0.4 Hz (2022 Q1),white,0.3241206030150754,0.4,1337,651,
engert_20220221_visualmagnet,zebrafish 0.4 Hz (2022 Q1),real,0.3324958123953099,0.4,1337,663,
engert_20220221_visualmagnet,zebrafish 0.4 Hz (2022 Q1),detrended + envelope-normalised,0.3324958123953099,0.4,1337,662,
engert_20220221_visualmagnet,zebrafish 0.4 Hz (2022 Q1),white,0.3324958123953099,0.4,1337,665,
engert_20220221_visualmagnet,zebrafish 0.4 Hz (2022 Q1),real,0.3408710217755444,0.4,1337,671,
engert_20220221_visualmagnet,zebrafish 0.4 Hz (2022 Q1),detrended + envelope-normalised,0.3408710217755444,0.4,1337,676,
engert_20220221_visualmagnet,zebrafish 0.4 Hz (2022 Q1),white,0.3408710217755444,0.4,1337,637,
engert_20220221_visualmagnet,zebrafish 0.4 Hz (2022 Q1),real,0.3492462311557789,0.4,1337,691,
engert_20220221_visualmagnet,zebrafish 0.4 Hz (2022 Q1),detrended + envelope-normalised,0.3492462311557789,0.4,1337,694,
engert_20220221_visualmagnet,zebrafish 0.4 Hz (2022 Q1),white,0.3492462311557789,0.4,1337,660,
engert_20220221_visualmagnet,zebrafish 0.4 Hz (2022 Q1),real,0.35845896147403683,0.4,1337,650,
engert_20220221_visualmagnet,zebrafish 0.4 Hz (2022 Q1),detrended + envelope-normalised,0.35845896147403683,0.4,1337,656,
engert_20220221_visualmagnet,zebrafish 0.4 Hz (2022 Q1),white,0.35845896147403683,0.4,1337,670,
engert_20220221_visualmagnet,zebrafish 0.4 Hz (2022 Q1),real,0.3676716917922948,0.4,1337,668,
engert_20220221_visualmagnet,zebrafish 0.4 Hz (2022 Q1),detrended + envelope-normalised,0.3676716917922948,0.4,1337,671,
engert_20220221_visualmagnet,zebrafish 0.4 Hz (2022 Q1),white,0.3676716917922948,0.4,1337,680,
engert_20220221_visualmagnet,zebrafish 0.4 Hz (2022 Q1),real,0.3768844221105528,0.4,1337,654,
engert_20220221_visualmagnet,zebrafish 0.4 Hz (2022 Q1),detrended + envelope-normalised,0.3768844221105528,0.4,1337,667,
engert_20220221_visualmagnet,zebrafish 0.4 Hz (2022 Q1),white,0.3768844221105528,0.4,1337,709,
engert_20220221_visualmagnet,zebrafish 0.4 Hz (2022 Q1),real,0.3860971524288107,0.4,1337,662,
engert_20220221_visualmagnet,zebrafish 0.4 Hz (2022 Q1),detrended + envelope-normalised,0.3860971524288107,0.4,1337,671,
engert_20220221_visualmagnet,zebrafish 0.4 Hz (2022 Q1),white,0.3860971524288107,0.4,1337,664,
engert_20220221_visualmagnet,zebrafish 0.4 Hz (2022 Q1),real,0.3961474036850921,0.4,1337,667,
engert_20220221_visualmagnet,zebrafish 0.4 Hz (2022 Q1),detrended + envelope-normalised,0.3961474036850921,0.4,1337,664,
engert_20220221_visualmagnet,zebrafish 0.4 Hz (2022 Q1),white,0.3961474036850921,0.4,1337,700,
engert_20220221_visualmagnet,zebrafish 0.4 Hz (2022 Q1),real,0.40619765494137355,0.4,1337,666,
engert_20220221_visualmagnet,zebrafish 0.4 Hz (2022 Q1),detrended + envelope-normalised,0.40619765494137355,0.4,1337,661,
engert_20220221_visualmagnet,zebrafish 0.4 Hz (2022 Q1),white,0.40619765494137355,0.4,1337,670,
engert_20220221_visualmagnet,zebrafish 0.4 Hz (2022 Q1),real,0.41624790619765495,0.4,1337,670,
engert_20220221_visualmagnet,zebrafish 0.4 Hz (2022 Q1),detrended + envelope-normalised,0.41624790619765495,0.4,1337,677,
engert_20220221_visualmagnet,zebrafish 0.4 Hz (2022 Q1),white,0.41624790619765495,0.4,1337,657,
engert_20220221_visualmagnet,zebrafish 0.4 Hz (2022 Q1),real,0.4271356783919598,0.4,1337,683,
engert_20220221_visualmagnet,zebrafish 0.4 Hz (2022 Q1),detrended + envelope-normalised,0.4271356783919598,0.4,1337,687,
engert_20220221_visualmagnet,zebrafish 0.4 Hz (2022 Q1),white,0.4271356783919598,0.4,1337,638,
engert_20220221_visualmagnet,zebrafish 0.4 Hz (2022 Q1),real,0.4380234505862647,0.4,1337,668,
engert_20220221_visualmagnet,zebrafish 0.4 Hz (2022 Q1),detrended + envelope-normalised,0.4380234505862647,0.4,1337,676,
engert_20220221_visualmagnet,zebrafish 0.4 Hz (2022 Q1),white,0.4380234505862647,0.4,1337,674,
engert_20220221_visualmagnet,zebrafish 0.4 Hz (2022 Q1),near stimulus,0.37520938023450584,0.4,1337,674,-30.0
engert_20220221_visualmagnet,zebrafish 0.4 Hz (2022 Q1),near stimulus,0.3760469011725293,0.4,1337,673,-29.0
engert_20220221_visualmagnet,zebrafish 0.4 Hz (2022 Q1),near stimulus,0.3768844221105528,0.4,1337,654,-28.0
engert_20220221_visualmagnet,zebrafish 0.4 Hz (2022 Q1),near stimulus,0.3777219430485762,0.4,1337,682,-27.0
engert_20220221_visualmagnet,zebrafish 0.4 Hz (2022 Q1),near stimulus,0.3785594639865997,0.4,1337,678,-26.0
engert_20220221_visualmagnet,zebrafish 0.4 Hz (2022 Q1),near stimulus,0.3793969849246231,0.4,1337,670,-25.0
engert_20220221_visualmagnet,zebrafish 0.4 Hz (2022 Q1),near stimulus,0.38023450586264657,0.4,1337,680,-24.0
engert_20220221_visualmagnet,zebrafish 0.4 Hz (2022 Q1),near stimulus,0.38107202680067004,0.4,1337,651,-23.0
engert_20220221_visualmagnet,zebrafish 0.4 Hz (2022 Q1),near stimulus,0.38190954773869346,0.4,1337,695,-22.0
engert_20220221_visualmagnet,zebrafish 0.4 Hz (2022 Q1),near stimulus,0.38274706867671693,0.4,1337,659,-21.0
engert_20220221_visualmagnet,zebrafish 0.4 Hz (2022 Q1),near stimulus,0.38358458961474035,0.4,1337,650,-20.0
engert_20220221_visualmagnet,zebrafish 0.4 Hz (2022 Q1),near stimulus,0.3844221105527638,0.4,1337,650,-19.0
engert_20220221_visualmagnet,zebrafish 0.4 Hz (2022 Q1),near stimulus,0.3852596314907873,0.4,1337,690,-18.0
engert_20220221_visualmagnet,zebrafish 0.4 Hz (2022 Q1),near stimulus,0.3860971524288107,0.4,1337,662,-17.0
engert_20220221_visualmagnet,zebrafish 0.4 Hz (2022 Q1),near stimulus,0.3869346733668342,0.4,1337,651,-16.0
engert_20220221_visualmagnet,zebrafish 0.4 Hz (2022 Q1),near stimulus,0.3877721943048576,0.4,1337,663,-15.0
engert_20220221_visualmagnet,zebrafish 0.4 Hz (2022 Q1),near stimulus,0.38860971524288107,0.4,1337,704,-14.0
engert_20220221_visualmagnet,zebrafish 0.4 Hz (2022 Q1),near stimulus,0.38944723618090454,0.4,1337,623,-13.0
engert_20220221_visualmagnet,zebrafish 0.4 Hz (2022 Q1),near stimulus,0.39028475711892796,0.4,1337,650,-12.0
engert_20220221_visualmagnet,zebrafish 0.4 Hz (2022 Q1),near stimulus,0.39112227805695143,0.4,1337,678,-11.0
engert_20220221_visualmagnet,zebrafish 0.4 Hz (2022 Q1),near stimulus,0.39195979899497485,0.4,1337,707,-10.0
engert_20220221_visualmagnet,zebrafish 0.4 Hz (2022 Q1),near stimulus,0.3927973199329983,0.4,1337,687,-9.0
engert_20220221_visualmagnet,zebrafish 0.4 Hz (2022 Q1),near stimulus,0.3936348408710218,0.4,1337,659,-8.0
engert_20220221_visualmagnet,zebrafish 0.4 Hz (2022 Q1),near stimulus,0.3944723618090452,0.4,1337,664,-7.0
engert_20220221_visualmagnet,zebrafish 0.4 Hz (2022 Q1),near stimulus,0.3953098827470687,0.4,1337,679,-6.0
engert_20220221_visualmagnet,zebrafish 0.4 Hz (2022 Q1),near stimulus,0.3961474036850921,0.4,1337,667,-5.0
engert_20220221_visualmagnet,zebrafish 0.4 Hz (2022 Q1),near stimulus,0.3969849246231156,0.4,1337,683,-4.0
engert_20220221_visualmagnet,zebrafish 0.4 Hz (2022 Q1),near stimulus,0.39782244556113905,0.4,1337,668,-3.0
engert_20220221_visualmagnet,zebrafish 0.4 Hz (2022 Q1),near stimulus,0.39865996649916247,0.4,1337,685,-2.0
engert_20220221_visualmagnet,zebrafish 0.4 Hz (2022 Q1),near stimulus,0.39949748743718594,0.4,1337,667,-1.0
engert_20220221_visualmagnet,zebrafish 0.4 Hz (2022 Q1),near stimulus,0.40033500837520936,0.4,1337,669,0.0
engert_20220221_visualmagnet,zebrafish 0.4 Hz (2022 Q1),near stimulus,0.40117252931323283,0.4,1337,639,1.0
engert_20220221_visualmagnet,zebrafish 0.4 Hz (2022 Q1),near stimulus,0.4020100502512563,0.4,1337,672,2.0
engert_20220221_visualmagnet,zebrafish 0.4 Hz (2022 Q1),near stimulus,0.4028475711892797,0.4,1337,637,3.0
engert_20220221_visualmagnet,zebrafish 0.4 Hz (2022 Q1),near stimulus,0.4036850921273032,0.4,1337,696,4.0
engert_20220221_visualmagnet,zebrafish 0.4 Hz (2022 Q1),near stimulus,0.4045226130653266,0.4,1337,719,5.0
engert_20220221_visualmagnet,zebrafish 0.4 Hz (2022 Q1),near stimulus,0.4053601340033501,0.4,1337,714,6.0
engert_20220221_visualmagnet,zebrafish 0.4 Hz (2022 Q1),near stimulus,0.40619765494137355,0.4,1337,666,7.0
engert_20220221_visualmagnet,zebrafish 0.4 Hz (2022 Q1),near stimulus,0.40703517587939697,0.4,1337,645,8.0
engert_20220221_visualmagnet,zebrafish 0.4 Hz (2022 Q1),near stimulus,0.40787269681742044,0.4,1337,653,9.0
engert_20220221_visualmagnet,zebrafish 0.4 Hz (2022 Q1),near stimulus,0.40871021775544386,0.4,1337,668,10.0
engert_20220221_visualmagnet,zebrafish 0.4 Hz (2022 Q1),near stimulus,0.40954773869346733,0.4,1337,662,11.0
engert_20220221_visualmagnet,zebrafish 0.4 Hz (2022 Q1),near stimulus,0.4103852596314908,0.4,1337,702,12.0
engert_20220221_visualmagnet,zebrafish 0.4 Hz (2022 Q1),near stimulus,0.4112227805695142,0.4,1337,670,13.0
engert_20220221_visualmagnet,zebrafish 0.4 Hz (2022 Q1),near stimulus,0.4120603015075377,0.4,1337,698,14.0
engert_20220221_visualmagnet,zebrafish 0.4 Hz (2022 Q1),near stimulus,0.4128978224455611,0.4,1337,666,15.0
engert_20220221_visualmagnet,zebrafish 0.4 Hz (2022 Q1),near stimulus,0.4137353433835846,0.4,1337,710,16.0
engert_20220221_visualmagnet,zebrafish 0.4 Hz (2022 Q1),near stimulus,0.41457286432160806,0.4,1337,692,17.0
engert_20220221_visualmagnet,zebrafish 0.4 Hz (2022 Q1),near stimulus,0.4154103852596315,0.4,1337,667,18.0
engert_20220221_visualmagnet,zebrafish 0.4 Hz (2022 Q1),near stimulus,0.41624790619765495,0.4,1337,670,19.0
engert_20220221_visualmagnet,zebrafish 0.4 Hz (2022 Q1),near stimulus,0.41708542713567837,0.4,1337,655,20.0
engert_20220221_visualmagnet,zebrafish 0.4 Hz (2022 Q1),near stimulus,0.41792294807370184,0.4,1337,663,21.0
engert_20220221_visualmagnet,zebrafish 0.4 Hz (2022 Q1),near stimulus,0.4187604690117253,0.4,1337,634,22.0
engert_20220221_visualmagnet,zebrafish 0.4 Hz (2022 Q1),near stimulus,0.41959798994974873,0.4,1337,632,23.0
engert_20220221_visualmagnet,zebrafish 0.4 Hz (2022 Q1),near stimulus,0.4204355108877722,0.4,1337,655,24.0
engert_20220221_visualmagnet,zebrafish 0.4 Hz (2022 Q1),near stimulus,0.4212730318257956,0.4,1337,668,25.0
engert_20220221_visualmagnet,zebrafish 0.4 Hz (2022 Q1),near stimulus,0.4221105527638191,0.4,1337,653,26.0
engert_20220221_visualmagnet,zebrafish 0.4 Hz (2022 Q1),near stimulus,0.42294807370184256,0.4,1337,677,27.0
engert_20220221_visualmagnet,zebrafish 0.4 Hz (2022 Q1),near stimulus,0.423785594639866,0.4,1337,661,28.0
engert_20220221_visualmagnet,zebrafish 0.4 Hz (2022 Q1),near stimulus,0.42462311557788945,0.4,1337,664,29.0
engert_20220221_visualmagnet,zebrafish 0.4 Hz (2022 Q1),near stimulus,0.42546063651591287,0.4,1337,697,30.0
engert_20220223_magnet,zebrafish 0.4 Hz (2022 Q1),real,0.10050251256281408,0.4,117,47,
engert_20220223_magnet,zebrafish 0.4 Hz (2022 Q1),detrended + envelope-normalised,0.10050251256281408,0.4,117,52,
engert_20220223_magnet,zebrafish 0.4 Hz (2022 Q1),white,0.10050251256281408,0.4,117,59,
engert_20220223_magnet,zebrafish 0.4 Hz (2022 Q1),real,0.10301507537688442,0.4,117,62,
engert_20220223_magnet,zebrafish 0.4 Hz (2022 Q1),detrended + envelope-normalised,0.10301507537688442,0.4,117,62,
engert_20220223_magnet,zebrafish 0.4 Hz (2022 Q1),white,0.10301507537688442,0.4,117,61,
engert_20220223_magnet,zebrafish 0.4 Hz (2022 Q1),real,0.10552763819095477,0.4,117,65,
engert_20220223_magnet,zebrafish 0.4 Hz (2022 Q1),detrended + envelope-normalised,0.10552763819095477,0.4,117,60,
engert_20220223_magnet,zebrafish 0.4 Hz (2022 Q1),white,0.10552763819095477,0.4,117,58,
engert_20220223_magnet,zebrafish 0.4 Hz (2022 Q1),real,0.10804020100502512,0.4,117,63,
engert_20220223_magnet,zebrafish 0.4 Hz (2022 Q1),detrended + envelope-normalised,0.10804020100502512,0.4,117,64,
engert_20220223_magnet,zebrafish 0.4 Hz (2022 Q1),white,0.10804020100502512,0.4,117,56,
engert_20220223_magnet,zebrafish 0.4 Hz (2022 Q1),real,0.11055276381909548,0.4,117,53,
engert_20220223_magnet,zebrafish 0.4 Hz (2022 Q1),detrended + envelope-normalised,0.11055276381909548,0.4,117,56,
engert_20220223_magnet,zebrafish 0.4 Hz (2022 Q1),white,0.11055276381909548,0.4,117,49,
engert_20220223_magnet,zebrafish 0.4 Hz (2022 Q1),real,0.11306532663316583,0.4,117,61,
engert_20220223_magnet,zebrafish 0.4 Hz (2022 Q1),detrended + envelope-normalised,0.11306532663316583,0.4,117,62,
engert_20220223_magnet,zebrafish 0.4 Hz (2022 Q1),white,0.11306532663316583,0.4,117,63,
engert_20220223_magnet,zebrafish 0.4 Hz (2022 Q1),real,0.11641541038525963,0.4,117,70,
engert_20220223_magnet,zebrafish 0.4 Hz (2022 Q1),detrended + envelope-normalised,0.11641541038525963,0.4,117,64,
engert_20220223_magnet,zebrafish 0.4 Hz (2022 Q1),white,0.11641541038525963,0.4,117,59,
engert_20220223_magnet,zebrafish 0.4 Hz (2022 Q1),real,0.11892797319932999,0.4,117,53,
engert_20220223_magnet,zebrafish 0.4 Hz (2022 Q1),detrended + envelope-normalised,0.11892797319932999,0.4,117,57,
engert_20220223_magnet,zebrafish 0.4 Hz (2022 Q1),white,0.11892797319932999,0.4,117,62,
engert_20220223_magnet,zebrafish 0.4 Hz (2022 Q1),real,0.12227805695142378,0.4,117,51,
engert_20220223_magnet,zebrafish 0.4 Hz (2022 Q1),detrended + envelope-normalised,0.12227805695142378,0.4,117,54,
engert_20220223_magnet,zebrafish 0.4 Hz (2022 Q1),white,0.12227805695142378,0.4,117,66,
engert_20220223_magnet,zebrafish 0.4 Hz (2022 Q1),real,0.12562814070351758,0.4,117,51,
engert_20220223_magnet,zebrafish 0.4 Hz (2022 Q1),detrended + envelope-normalised,0.12562814070351758,0.4,117,55,
engert_20220223_magnet,zebrafish 0.4 Hz (2022 Q1),white,0.12562814070351758,0.4,117,59,
engert_20220223_magnet,zebrafish 0.4 Hz (2022 Q1),real,0.12897822445561138,0.4,117,55,
engert_20220223_magnet,zebrafish 0.4 Hz (2022 Q1),detrended + envelope-normalised,0.12897822445561138,0.4,117,57,
engert_20220223_magnet,zebrafish 0.4 Hz (2022 Q1),white,0.12897822445561138,0.4,117,57,
engert_20220223_magnet,zebrafish 0.4 Hz (2022 Q1),real,0.13149078726968175,0.4,117,59,
engert_20220223_magnet,zebrafish 0.4 Hz (2022 Q1),detrended + envelope-normalised,0.13149078726968175,0.4,117,59,
engert_20220223_magnet,zebrafish 0.4 Hz (2022 Q1),white,0.13149078726968175,0.4,117,62,
engert_20220223_magnet,zebrafish 0.4 Hz (2022 Q1),real,0.13484087102177555,0.4,117,60,
engert_20220223_magnet,zebrafish 0.4 Hz (2022 Q1),detrended + envelope-normalised,0.13484087102177555,0.4,117,60,
engert_20220223_magnet,zebrafish 0.4 Hz (2022 Q1),white,0.13484087102177555,0.4,117,55,
engert_20220223_magnet,zebrafish 0.4 Hz (2022 Q1),real,0.13819095477386933,0.4,117,62,
engert_20220223_magnet,zebrafish 0.4 Hz (2022 Q1),detrended + envelope-normalised,0.13819095477386933,0.4,117,58,
engert_20220223_magnet,zebrafish 0.4 Hz (2022 Q1),white,0.13819095477386933,0.4,117,61,
engert_20220223_magnet,zebrafish 0.4 Hz (2022 Q1),real,0.1423785594639866,0.4,117,62,
engert_20220223_magnet,zebrafish 0.4 Hz (2022 Q1),detrended + envelope-normalised,0.1423785594639866,0.4,117,60,
engert_20220223_magnet,zebrafish 0.4 Hz (2022 Q1),white,0.1423785594639866,0.4,117,59,
engert_20220223_magnet,zebrafish 0.4 Hz (2022 Q1),real,0.1457286432160804,0.4,117,61,
engert_20220223_magnet,zebrafish 0.4 Hz (2022 Q1),detrended + envelope-normalised,0.1457286432160804,0.4,117,66,
engert_20220223_magnet,zebrafish 0.4 Hz (2022 Q1),white,0.1457286432160804,0.4,117,60,
engert_20220223_magnet,zebrafish 0.4 Hz (2022 Q1),real,0.1490787269681742,0.4,117,56,
engert_20220223_magnet,zebrafish 0.4 Hz (2022 Q1),detrended + envelope-normalised,0.1490787269681742,0.4,117,60,
engert_20220223_magnet,zebrafish 0.4 Hz (2022 Q1),white,0.1490787269681742,0.4,117,63,
engert_20220223_magnet,zebrafish 0.4 Hz (2022 Q1),real,0.15326633165829145,0.4,117,52,
engert_20220223_magnet,zebrafish 0.4 Hz (2022 Q1),detrended + envelope-normalised,0.15326633165829145,0.4,117,54,
engert_20220223_magnet,zebrafish 0.4 Hz (2022 Q1),white,0.15326633165829145,0.4,117,60,
engert_20220223_magnet,zebrafish 0.4 Hz (2022 Q1),real,0.1574539363484087,0.4,117,55,
engert_20220223_magnet,zebrafish 0.4 Hz (2022 Q1),detrended + envelope-normalised,0.1574539363484087,0.4,117,60,
engert_20220223_magnet,zebrafish 0.4 Hz (2022 Q1),white,0.1574539363484087,0.4,117,59,
engert_20220223_magnet,zebrafish 0.4 Hz (2022 Q1),real,0.16080402010050251,0.4,117,65,
engert_20220223_magnet,zebrafish 0.4 Hz (2022 Q1),detrended + envelope-normalised,0.16080402010050251,0.4,117,64,
engert_20220223_magnet,zebrafish 0.4 Hz (2022 Q1),white,0.16080402010050251,0.4,117,57,
engert_20220223_magnet,zebrafish 0.4 Hz (2022 Q1),real,0.16499162479061977,0.4,117,50,
engert_20220223_magnet,zebrafish 0.4 Hz (2022 Q1),detrended + envelope-normalised,0.16499162479061977,0.4,117,50,
engert_20220223_magnet,zebrafish 0.4 Hz (2022 Q1),white,0.16499162479061977,0.4,117,59,
engert_20220223_magnet,zebrafish 0.4 Hz (2022 Q1),real,0.16917922948073702,0.4,117,58,
engert_20220223_magnet,zebrafish 0.4 Hz (2022 Q1),detrended + envelope-normalised,0.16917922948073702,0.4,117,57,
engert_20220223_magnet,zebrafish 0.4 Hz (2022 Q1),white,0.16917922948073702,0.4,117,60,
engert_20220223_magnet,zebrafish 0.4 Hz (2022 Q1),real,0.17336683417085427,0.4,117,55,
engert_20220223_magnet,zebrafish 0.4 Hz (2022 Q1),detrended + envelope-normalised,0.17336683417085427,0.4,117,56,
engert_20220223_magnet,zebrafish 0.4 Hz (2022 Q1),white,0.17336683417085427,0.4,117,59,
engert_20220223_magnet,zebrafish 0.4 Hz (2022 Q1),real,0.17839195979899497,0.4,117,65,
engert_20220223_magnet,zebrafish 0.4 Hz (2022 Q1),detrended + envelope-normalised,0.17839195979899497,0.4,117,58,
engert_20220223_magnet,zebrafish 0.4 Hz (2022 Q1),white,0.17839195979899497,0.4,117,63,
engert_20220223_magnet,zebrafish 0.4 Hz (2022 Q1),real,0.18257956448911222,0.4,117,64,
engert_20220223_magnet,zebrafish 0.4 Hz (2022 Q1),detrended + envelope-normalised,0.18257956448911222,0.4,117,67,
engert_20220223_magnet,zebrafish 0.4 Hz (2022 Q1),white,0.18257956448911222,0.4,117,58,
engert_20220223_magnet,zebrafish 0.4 Hz (2022 Q1),real,0.18676716917922948,0.4,117,62,
engert_20220223_magnet,zebrafish 0.4 Hz (2022 Q1),detrended + envelope-normalised,0.18676716917922948,0.4,117,57,
engert_20220223_magnet,zebrafish 0.4 Hz (2022 Q1),white,0.18676716917922948,0.4,117,54,
engert_20220223_magnet,zebrafish 0.4 Hz (2022 Q1),real,0.19179229480737017,0.4,117,55,
engert_20220223_magnet,zebrafish 0.4 Hz (2022 Q1),detrended + envelope-normalised,0.19179229480737017,0.4,117,56,
engert_20220223_magnet,zebrafish 0.4 Hz (2022 Q1),white,0.19179229480737017,0.4,117,60,
engert_20220223_magnet,zebrafish 0.4 Hz (2022 Q1),real,0.1968174204355109,0.4,117,66,
engert_20220223_magnet,zebrafish 0.4 Hz (2022 Q1),detrended + envelope-normalised,0.1968174204355109,0.4,117,60,
engert_20220223_magnet,zebrafish 0.4 Hz (2022 Q1),white,0.1968174204355109,0.4,117,58,
engert_20220223_magnet,zebrafish 0.4 Hz (2022 Q1),real,0.2018425460636516,0.4,117,67,
engert_20220223_magnet,zebrafish 0.4 Hz (2022 Q1),detrended + envelope-normalised,0.2018425460636516,0.4,117,61,
engert_20220223_magnet,zebrafish 0.4 Hz (2022 Q1),white,0.2018425460636516,0.4,117,61,
engert_20220223_magnet,zebrafish 0.4 Hz (2022 Q1),real,0.2068676716917923,0.4,117,54,
engert_20220223_magnet,zebrafish 0.4 Hz (2022 Q1),detrended + envelope-normalised,0.2068676716917923,0.4,117,56,
engert_20220223_magnet,zebrafish 0.4 Hz (2022 Q1),white,0.2068676716917923,0.4,117,55,
engert_20220223_magnet,zebrafish 0.4 Hz (2022 Q1),real,0.211892797319933,0.4,117,52,
engert_20220223_magnet,zebrafish 0.4 Hz (2022 Q1),detrended + envelope-normalised,0.211892797319933,0.4,117,50,
engert_20220223_magnet,zebrafish 0.4 Hz (2022 Q1),white,0.211892797319933,0.4,117,57,
engert_20220223_magnet,zebrafish 0.4 Hz (2022 Q1),real,0.21775544388609716,0.4,117,54,
engert_20220223_magnet,zebrafish 0.4 Hz (2022 Q1),detrended + envelope-normalised,0.21775544388609716,0.4,117,58,
engert_20220223_magnet,zebrafish 0.4 Hz (2022 Q1),white,0.21775544388609716,0.4,117,51,
engert_20220223_magnet,zebrafish 0.4 Hz (2022 Q1),real,0.22278056951423786,0.4,117,56,
engert_20220223_magnet,zebrafish 0.4 Hz (2022 Q1),detrended + envelope-normalised,0.22278056951423786,0.4,117,56,
engert_20220223_magnet,zebrafish 0.4 Hz (2022 Q1),white,0.22278056951423786,0.4,117,62,
engert_20220223_magnet,zebrafish 0.4 Hz (2022 Q1),real,0.228643216080402,0.4,117,55,
engert_20220223_magnet,zebrafish 0.4 Hz (2022 Q1),detrended + envelope-normalised,0.228643216080402,0.4,117,58,
engert_20220223_magnet,zebrafish 0.4 Hz (2022 Q1),white,0.228643216080402,0.4,117,67,
engert_20220223_magnet,zebrafish 0.4 Hz (2022 Q1),real,0.23450586264656617,0.4,117,56,
engert_20220223_magnet,zebrafish 0.4 Hz (2022 Q1),detrended + envelope-normalised,0.23450586264656617,0.4,117,62,
engert_20220223_magnet,zebrafish 0.4 Hz (2022 Q1),white,0.23450586264656617,0.4,117,57,
engert_20220223_magnet,zebrafish 0.4 Hz (2022 Q1),real,0.2403685092127303,0.4,117,53,
engert_20220223_magnet,zebrafish 0.4 Hz (2022 Q1),detrended + envelope-normalised,0.2403685092127303,0.4,117,52,
engert_20220223_magnet,zebrafish 0.4 Hz (2022 Q1),white,0.2403685092127303,0.4,117,61,
engert_20220223_magnet,zebrafish 0.4 Hz (2022 Q1),real,0.24623115577889448,0.4,117,68,
engert_20220223_magnet,zebrafish 0.4 Hz (2022 Q1),detrended + envelope-normalised,0.24623115577889448,0.4,117,67,
engert_20220223_magnet,zebrafish 0.4 Hz (2022 Q1),white,0.24623115577889448,0.4,117,60,
engert_20220223_magnet,zebrafish 0.4 Hz (2022 Q1),real,0.2529313232830821,0.4,117,61,
engert_20220223_magnet,zebrafish 0.4 Hz (2022 Q1),detrended + envelope-normalised,0.2529313232830821,0.4,117,59,
engert_20220223_magnet,zebrafish 0.4 Hz (2022 Q1),white,0.2529313232830821,0.4,117,54,
engert_20220223_magnet,zebrafish 0.4 Hz (2022 Q1),real,0.25879396984924624,0.4,117,54,
engert_20220223_magnet,zebrafish 0.4 Hz (2022 Q1),detrended + envelope-normalised,0.25879396984924624,0.4,117,54,
engert_20220223_magnet,zebrafish 0.4 Hz (2022 Q1),white,0.25879396984924624,0.4,117,63,
engert_20220223_magnet,zebrafish 0.4 Hz (2022 Q1),real,0.26549413735343386,0.4,117,56,
engert_20220223_magnet,zebrafish 0.4 Hz (2022 Q1),detrended + envelope-normalised,0.26549413735343386,0.4,117,62,
engert_20220223_magnet,zebrafish 0.4 Hz (2022 Q1),white,0.26549413735343386,0.4,117,63,
engert_20220223_magnet,zebrafish 0.4 Hz (2022 Q1),real,0.2721943048576214,0.4,117,53,
engert_20220223_magnet,zebrafish 0.4 Hz (2022 Q1),detrended + envelope-normalised,0.2721943048576214,0.4,117,45,
engert_20220223_magnet,zebrafish 0.4 Hz (2022 Q1),white,0.2721943048576214,0.4,117,59,
engert_20220223_magnet,zebrafish 0.4 Hz (2022 Q1),real,0.27889447236180903,0.4,117,50,
engert_20220223_magnet,zebrafish 0.4 Hz (2022 Q1),detrended + envelope-normalised,0.27889447236180903,0.4,117,51,
engert_20220223_magnet,zebrafish 0.4 Hz (2022 Q1),white,0.27889447236180903,0.4,117,75,
engert_20220223_magnet,zebrafish 0.4 Hz (2022 Q1),real,0.2864321608040201,0.4,117,57,
engert_20220223_magnet,zebrafish 0.4 Hz (2022 Q1),detrended + envelope-normalised,0.2864321608040201,0.4,117,56,
engert_20220223_magnet,zebrafish 0.4 Hz (2022 Q1),white,0.2864321608040201,0.4,117,60,
engert_20220223_magnet,zebrafish 0.4 Hz (2022 Q1),real,0.2931323283082077,0.4,117,75,
engert_20220223_magnet,zebrafish 0.4 Hz (2022 Q1),detrended + envelope-normalised,0.2931323283082077,0.4,117,79,
engert_20220223_magnet,zebrafish 0.4 Hz (2022 Q1),white,0.2931323283082077,0.4,117,57,
engert_20220223_magnet,zebrafish 0.4 Hz (2022 Q1),real,0.30067001675041877,0.4,117,57,
engert_20220223_magnet,zebrafish 0.4 Hz (2022 Q1),detrended + envelope-normalised,0.30067001675041877,0.4,117,54,
engert_20220223_magnet,zebrafish 0.4 Hz (2022 Q1),white,0.30067001675041877,0.4,117,55,
engert_20220223_magnet,zebrafish 0.4 Hz (2022 Q1),real,0.3082077051926298,0.4,117,61,
engert_20220223_magnet,zebrafish 0.4 Hz (2022 Q1),detrended + envelope-normalised,0.3082077051926298,0.4,117,60,
engert_20220223_magnet,zebrafish 0.4 Hz (2022 Q1),white,0.3082077051926298,0.4,117,54,
engert_20220223_magnet,zebrafish 0.4 Hz (2022 Q1),real,0.3165829145728643,0.4,117,58,
engert_20220223_magnet,zebrafish 0.4 Hz (2022 Q1),detrended + envelope-normalised,0.3165829145728643,0.4,117,59,
engert_20220223_magnet,zebrafish 0.4 Hz (2022 Q1),white,0.3165829145728643,0.4,117,61,
engert_20220223_magnet,zebrafish 0.4 Hz (2022 Q1),real,0.3241206030150754,0.4,117,62,
engert_20220223_magnet,zebrafish 0.4 Hz (2022 Q1),detrended + envelope-normalised,0.3241206030150754,0.4,117,64,
engert_20220223_magnet,zebrafish 0.4 Hz (2022 Q1),white,0.3241206030150754,0.4,117,58,
engert_20220223_magnet,zebrafish 0.4 Hz (2022 Q1),real,0.3324958123953099,0.4,117,57,
engert_20220223_magnet,zebrafish 0.4 Hz (2022 Q1),detrended + envelope-normalised,0.3324958123953099,0.4,117,57,
engert_20220223_magnet,zebrafish 0.4 Hz (2022 Q1),white,0.3324958123953099,0.4,117,57,
engert_20220223_magnet,zebrafish 0.4 Hz (2022 Q1),real,0.3408710217755444,0.4,117,53,
engert_20220223_magnet,zebrafish 0.4 Hz (2022 Q1),detrended + envelope-normalised,0.3408710217755444,0.4,117,57,
engert_20220223_magnet,zebrafish 0.4 Hz (2022 Q1),white,0.3408710217755444,0.4,117,66,
engert_20220223_magnet,zebrafish 0.4 Hz (2022 Q1),real,0.3492462311557789,0.4,117,54,
engert_20220223_magnet,zebrafish 0.4 Hz (2022 Q1),detrended + envelope-normalised,0.3492462311557789,0.4,117,57,
engert_20220223_magnet,zebrafish 0.4 Hz (2022 Q1),white,0.3492462311557789,0.4,117,61,
engert_20220223_magnet,zebrafish 0.4 Hz (2022 Q1),real,0.35845896147403683,0.4,117,58,
engert_20220223_magnet,zebrafish 0.4 Hz (2022 Q1),detrended + envelope-normalised,0.35845896147403683,0.4,117,63,
engert_20220223_magnet,zebrafish 0.4 Hz (2022 Q1),white,0.35845896147403683,0.4,117,58,
engert_20220223_magnet,zebrafish 0.4 Hz (2022 Q1),real,0.3676716917922948,0.4,117,61,
engert_20220223_magnet,zebrafish 0.4 Hz (2022 Q1),detrended + envelope-normalised,0.3676716917922948,0.4,117,66,
engert_20220223_magnet,zebrafish 0.4 Hz (2022 Q1),white,0.3676716917922948,0.4,117,63,
engert_20220223_magnet,zebrafish 0.4 Hz (2022 Q1),real,0.3768844221105528,0.4,117,60,
engert_20220223_magnet,zebrafish 0.4 Hz (2022 Q1),detrended + envelope-normalised,0.3768844221105528,0.4,117,60,
engert_20220223_magnet,zebrafish 0.4 Hz (2022 Q1),white,0.3768844221105528,0.4,117,53,
engert_20220223_magnet,zebrafish 0.4 Hz (2022 Q1),real,0.3860971524288107,0.4,117,57,
engert_20220223_magnet,zebrafish 0.4 Hz (2022 Q1),detrended + envelope-normalised,0.3860971524288107,0.4,117,63,
engert_20220223_magnet,zebrafish 0.4 Hz (2022 Q1),white,0.3860971524288107,0.4,117,52,
engert_20220223_magnet,zebrafish 0.4 Hz (2022 Q1),real,0.3961474036850921,0.4,117,47,
engert_20220223_magnet,zebrafish 0.4 Hz (2022 Q1),detrended + envelope-normalised,0.3961474036850921,0.4,117,54,
engert_20220223_magnet,zebrafish 0.4 Hz (2022 Q1),white,0.3961474036850921,0.4,117,51,
engert_20220223_magnet,zebrafish 0.4 Hz (2022 Q1),real,0.40619765494137355,0.4,117,52,
engert_20220223_magnet,zebrafish 0.4 Hz (2022 Q1),detrended + envelope-normalised,0.40619765494137355,0.4,117,48,
engert_20220223_magnet,zebrafish 0.4 Hz (2022 Q1),white,0.40619765494137355,0.4,117,61,
engert_20220223_magnet,zebrafish 0.4 Hz (2022 Q1),real,0.41624790619765495,0.4,117,69,
engert_20220223_magnet,zebrafish 0.4 Hz (2022 Q1),detrended + envelope-normalised,0.41624790619765495,0.4,117,71,
engert_20220223_magnet,zebrafish 0.4 Hz (2022 Q1),white,0.41624790619765495,0.4,117,64,
engert_20220223_magnet,zebrafish 0.4 Hz (2022 Q1),real,0.4271356783919598,0.4,117,52,
engert_20220223_magnet,zebrafish 0.4 Hz (2022 Q1),detrended + envelope-normalised,0.4271356783919598,0.4,117,59,
engert_20220223_magnet,zebrafish 0.4 Hz (2022 Q1),white,0.4271356783919598,0.4,117,60,
engert_20220223_magnet,zebrafish 0.4 Hz (2022 Q1),real,0.4380234505862647,0.4,117,53,
engert_20220223_magnet,zebrafish 0.4 Hz (2022 Q1),detrended + envelope-normalised,0.4380234505862647,0.4,117,58,
engert_20220223_magnet,zebrafish 0.4 Hz (2022 Q1),white,0.4380234505862647,0.4,117,61,
engert_20220223_magnet,zebrafish 0.4 Hz (2022 Q1),near stimulus,0.37520938023450584,0.4,117,62,-30.0
engert_20220223_magnet,zebrafish 0.4 Hz (2022 Q1),near stimulus,0.3760469011725293,0.4,117,59,-29.0
engert_20220223_magnet,zebrafish 0.4 Hz (2022 Q1),near stimulus,0.3768844221105528,0.4,117,60,-28.0
engert_20220223_magnet,zebrafish 0.4 Hz (2022 Q1),near stimulus,0.3777219430485762,0.4,117,52,-27.0
engert_20220223_magnet,zebrafish 0.4 Hz (2022 Q1),near stimulus,0.3785594639865997,0.4,117,55,-26.0
engert_20220223_magnet,zebrafish 0.4 Hz (2022 Q1),near stimulus,0.3793969849246231,0.4,117,57,-25.0
engert_20220223_magnet,zebrafish 0.4 Hz (2022 Q1),near stimulus,0.38023450586264657,0.4,117,67,-24.0
engert_20220223_magnet,zebrafish 0.4 Hz (2022 Q1),near stimulus,0.38107202680067004,0.4,117,51,-23.0
engert_20220223_magnet,zebrafish 0.4 Hz (2022 Q1),near stimulus,0.38190954773869346,0.4,117,57,-22.0
engert_20220223_magnet,zebrafish 0.4 Hz (2022 Q1),near stimulus,0.38274706867671693,0.4,117,62,-21.0
engert_20220223_magnet,zebrafish 0.4 Hz (2022 Q1),near stimulus,0.38358458961474035,0.4,117,65,-20.0
engert_20220223_magnet,zebrafish 0.4 Hz (2022 Q1),near stimulus,0.3844221105527638,0.4,117,51,-19.0
engert_20220223_magnet,zebrafish 0.4 Hz (2022 Q1),near stimulus,0.3852596314907873,0.4,117,54,-18.0
engert_20220223_magnet,zebrafish 0.4 Hz (2022 Q1),near stimulus,0.3860971524288107,0.4,117,57,-17.0
engert_20220223_magnet,zebrafish 0.4 Hz (2022 Q1),near stimulus,0.3869346733668342,0.4,117,59,-16.0
engert_20220223_magnet,zebrafish 0.4 Hz (2022 Q1),near stimulus,0.3877721943048576,0.4,117,64,-15.0
engert_20220223_magnet,zebrafish 0.4 Hz (2022 Q1),near stimulus,0.38860971524288107,0.4,117,58,-14.0
engert_20220223_magnet,zebrafish 0.4 Hz (2022 Q1),near stimulus,0.38944723618090454,0.4,117,56,-13.0
engert_20220223_magnet,zebrafish 0.4 Hz (2022 Q1),near stimulus,0.39028475711892796,0.4,117,61,-12.0
engert_20220223_magnet,zebrafish 0.4 Hz (2022 Q1),near stimulus,0.39112227805695143,0.4,117,54,-11.0
engert_20220223_magnet,zebrafish 0.4 Hz (2022 Q1),near stimulus,0.39195979899497485,0.4,117,63,-10.0
engert_20220223_magnet,zebrafish 0.4 Hz (2022 Q1),near stimulus,0.3927973199329983,0.4,117,67,-9.0
engert_20220223_magnet,zebrafish 0.4 Hz (2022 Q1),near stimulus,0.3936348408710218,0.4,117,67,-8.0
engert_20220223_magnet,zebrafish 0.4 Hz (2022 Q1),near stimulus,0.3944723618090452,0.4,117,73,-7.0
engert_20220223_magnet,zebrafish 0.4 Hz (2022 Q1),near stimulus,0.3953098827470687,0.4,117,54,-6.0
engert_20220223_magnet,zebrafish 0.4 Hz (2022 Q1),near stimulus,0.3961474036850921,0.4,117,47,-5.0
engert_20220223_magnet,zebrafish 0.4 Hz (2022 Q1),near stimulus,0.3969849246231156,0.4,117,54,-4.0
engert_20220223_magnet,zebrafish 0.4 Hz (2022 Q1),near stimulus,0.39782244556113905,0.4,117,63,-3.0
engert_20220223_magnet,zebrafish 0.4 Hz (2022 Q1),near stimulus,0.39865996649916247,0.4,117,59,-2.0
engert_20220223_magnet,zebrafish 0.4 Hz (2022 Q1),near stimulus,0.39949748743718594,0.4,117,58,-1.0
engert_20220223_magnet,zebrafish 0.4 Hz (2022 Q1),near stimulus,0.40033500837520936,0.4,117,54,0.0
engert_20220223_magnet,zebrafish 0.4 Hz (2022 Q1),near stimulus,0.40117252931323283,0.4,117,52,1.0
engert_20220223_magnet,zebrafish 0.4 Hz (2022 Q1),near stimulus,0.4020100502512563,0.4,117,63,2.0
engert_20220223_magnet,zebrafish 0.4 Hz (2022 Q1),near stimulus,0.4028475711892797,0.4,117,55,3.0
engert_20220223_magnet,zebrafish 0.4 Hz (2022 Q1),near stimulus,0.4036850921273032,0.4,117,69,4.0
engert_20220223_magnet,zebrafish 0.4 Hz (2022 Q1),near stimulus,0.4045226130653266,0.4,117,49,5.0
engert_20220223_magnet,zebrafish 0.4 Hz (2022 Q1),near stimulus,0.4053601340033501,0.4,117,55,6.0
engert_20220223_magnet,zebrafish 0.4 Hz (2022 Q1),near stimulus,0.40619765494137355,0.4,117,52,7.0
engert_20220223_magnet,zebrafish 0.4 Hz (2022 Q1),near stimulus,0.40703517587939697,0.4,117,66,8.0
engert_20220223_magnet,zebrafish 0.4 Hz (2022 Q1),near stimulus,0.40787269681742044,0.4,117,50,9.0
engert_20220223_magnet,zebrafish 0.4 Hz (2022 Q1),near stimulus,0.40871021775544386,0.4,117,65,10.0
engert_20220223_magnet,zebrafish 0.4 Hz (2022 Q1),near stimulus,0.40954773869346733,0.4,117,60,11.0
engert_20220223_magnet,zebrafish 0.4 Hz (2022 Q1),near stimulus,0.4103852596314908,0.4,117,62,12.0
engert_20220223_magnet,zebrafish 0.4 Hz (2022 Q1),near stimulus,0.4112227805695142,0.4,117,53,13.0
engert_20220223_magnet,zebrafish 0.4 Hz (2022 Q1),near stimulus,0.4120603015075377,0.4,117,57,14.0
engert_20220223_magnet,zebrafish 0.4 Hz (2022 Q1),near stimulus,0.4128978224455611,0.4,117,63,15.0
engert_20220223_magnet,zebrafish 0.4 Hz (2022 Q1),near stimulus,0.4137353433835846,0.4,117,55,16.0
engert_20220223_magnet,zebrafish 0.4 Hz (2022 Q1),near stimulus,0.41457286432160806,0.4,117,61,17.0
engert_20220223_magnet,zebrafish 0.4 Hz (2022 Q1),near stimulus,0.4154103852596315,0.4,117,62,18.0
engert_20220223_magnet,zebrafish 0.4 Hz (2022 Q1),near stimulus,0.41624790619765495,0.4,117,69,19.0
engert_20220223_magnet,zebrafish 0.4 Hz (2022 Q1),near stimulus,0.41708542713567837,0.4,117,50,20.0
engert_20220223_magnet,zebrafish 0.4 Hz (2022 Q1),near stimulus,0.41792294807370184,0.4,117,58,21.0
engert_20220223_magnet,zebrafish 0.4 Hz (2022 Q1),near stimulus,0.4187604690117253,0.4,117,56,22.0
engert_20220223_magnet,zebrafish 0.4 Hz (2022 Q1),near stimulus,0.41959798994974873,0.4,117,63,23.0
engert_20220223_magnet,zebrafish 0.4 Hz (2022 Q1),near stimulus,0.4204355108877722,0.4,117,60,24.0
engert_20220223_magnet,zebrafish 0.4 Hz (2022 Q1),near stimulus,0.4212730318257956,0.4,117,59,25.0
engert_20220223_magnet,zebrafish 0.4 Hz (2022 Q1),near stimulus,0.4221105527638191,0.4,117,73,26.0
engert_20220223_magnet,zebrafish 0.4 Hz (2022 Q1),near stimulus,0.42294807370184256,0.4,117,60,27.0
engert_20220223_magnet,zebrafish 0.4 Hz (2022 Q1),near stimulus,0.423785594639866,0.4,117,62,28.0
engert_20220223_magnet,zebrafish 0.4 Hz (2022 Q1),near stimulus,0.42462311557788945,0.4,117,66,29.0
engert_20220223_magnet,zebrafish 0.4 Hz (2022 Q1),near stimulus,0.42546063651591287,0.4,117,63,30.0
engert_20220223_visualmagnet,zebrafish 0.4 Hz (2022 Q1),real,0.10050251256281408,0.4,117,45,
engert_20220223_visualmagnet,zebrafish 0.4 Hz (2022 Q1),detrended + envelope-normalised,0.10050251256281408,0.4,117,46,
engert_20220223_visualmagnet,zebrafish 0.4 Hz (2022 Q1),white,0.10050251256281408,0.4,117,54,
engert_20220223_visualmagnet,zebrafish 0.4 Hz (2022 Q1),real,0.10301507537688442,0.4,117,55,
engert_20220223_visualmagnet,zebrafish 0.4 Hz (2022 Q1),detrended + envelope-normalised,0.10301507537688442,0.4,117,55,
engert_20220223_visualmagnet,zebrafish 0.4 Hz (2022 Q1),white,0.10301507537688442,0.4,117,62,
engert_20220223_visualmagnet,zebrafish 0.4 Hz (2022 Q1),real,0.10552763819095477,0.4,117,41,
engert_20220223_visualmagnet,zebrafish 0.4 Hz (2022 Q1),detrended + envelope-normalised,0.10552763819095477,0.4,117,44,
engert_20220223_visualmagnet,zebrafish 0.4 Hz (2022 Q1),white,0.10552763819095477,0.4,117,61,
engert_20220223_visualmagnet,zebrafish 0.4 Hz (2022 Q1),real,0.10804020100502512,0.4,117,58,
engert_20220223_visualmagnet,zebrafish 0.4 Hz (2022 Q1),detrended + envelope-normalised,0.10804020100502512,0.4,117,55,
engert_20220223_visualmagnet,zebrafish 0.4 Hz (2022 Q1),white,0.10804020100502512,0.4,117,62,
engert_20220223_visualmagnet,zebrafish 0.4 Hz (2022 Q1),real,0.11055276381909548,0.4,117,50,
engert_20220223_visualmagnet,zebrafish 0.4 Hz (2022 Q1),detrended + envelope-normalised,0.11055276381909548,0.4,117,51,
engert_20220223_visualmagnet,zebrafish 0.4 Hz (2022 Q1),white,0.11055276381909548,0.4,117,59,
engert_20220223_visualmagnet,zebrafish 0.4 Hz (2022 Q1),real,0.11306532663316583,0.4,117,65,
engert_20220223_visualmagnet,zebrafish 0.4 Hz (2022 Q1),detrended + envelope-normalised,0.11306532663316583,0.4,117,62,
engert_20220223_visualmagnet,zebrafish 0.4 Hz (2022 Q1),white,0.11306532663316583,0.4,117,57,
engert_20220223_visualmagnet,zebrafish 0.4 Hz (2022 Q1),real,0.11641541038525963,0.4,117,49,
engert_20220223_visualmagnet,zebrafish 0.4 Hz (2022 Q1),detrended + envelope-normalised,0.11641541038525963,0.4,117,55,
engert_20220223_visualmagnet,zebrafish 0.4 Hz (2022 Q1),white,0.11641541038525963,0.4,117,67,
engert_20220223_visualmagnet,zebrafish 0.4 Hz (2022 Q1),real,0.11892797319932999,0.4,117,70,
engert_20220223_visualmagnet,zebrafish 0.4 Hz (2022 Q1),detrended + envelope-normalised,0.11892797319932999,0.4,117,73,
engert_20220223_visualmagnet,zebrafish 0.4 Hz (2022 Q1),white,0.11892797319932999,0.4,117,67,
engert_20220223_visualmagnet,zebrafish 0.4 Hz (2022 Q1),real,0.12227805695142378,0.4,117,55,
engert_20220223_visualmagnet,zebrafish 0.4 Hz (2022 Q1),detrended + envelope-normalised,0.12227805695142378,0.4,117,52,
engert_20220223_visualmagnet,zebrafish 0.4 Hz (2022 Q1),white,0.12227805695142378,0.4,117,56,
engert_20220223_visualmagnet,zebrafish 0.4 Hz (2022 Q1),real,0.12562814070351758,0.4,117,49,
engert_20220223_visualmagnet,zebrafish 0.4 Hz (2022 Q1),detrended + envelope-normalised,0.12562814070351758,0.4,117,45,
engert_20220223_visualmagnet,zebrafish 0.4 Hz (2022 Q1),white,0.12562814070351758,0.4,117,53,
engert_20220223_visualmagnet,zebrafish 0.4 Hz (2022 Q1),real,0.12897822445561138,0.4,117,63,
engert_20220223_visualmagnet,zebrafish 0.4 Hz (2022 Q1),detrended + envelope-normalised,0.12897822445561138,0.4,117,59,
engert_20220223_visualmagnet,zebrafish 0.4 Hz (2022 Q1),white,0.12897822445561138,0.4,117,50,
engert_20220223_visualmagnet,zebrafish 0.4 Hz (2022 Q1),real,0.13149078726968175,0.4,117,56,
engert_20220223_visualmagnet,zebrafish 0.4 Hz (2022 Q1),detrended + envelope-normalised,0.13149078726968175,0.4,117,55,
engert_20220223_visualmagnet,zebrafish 0.4 Hz (2022 Q1),white,0.13149078726968175,0.4,117,58,
engert_20220223_visualmagnet,zebrafish 0.4 Hz (2022 Q1),real,0.13484087102177555,0.4,117,64,
engert_20220223_visualmagnet,zebrafish 0.4 Hz (2022 Q1),detrended + envelope-normalised,0.13484087102177555,0.4,117,67,
engert_20220223_visualmagnet,zebrafish 0.4 Hz (2022 Q1),white,0.13484087102177555,0.4,117,54,
engert_20220223_visualmagnet,zebrafish 0.4 Hz (2022 Q1),real,0.13819095477386933,0.4,117,61,
engert_20220223_visualmagnet,zebrafish 0.4 Hz (2022 Q1),detrended + envelope-normalised,0.13819095477386933,0.4,117,64,
engert_20220223_visualmagnet,zebrafish 0.4 Hz (2022 Q1),white,0.13819095477386933,0.4,117,61,
engert_20220223_visualmagnet,zebrafish 0.4 Hz (2022 Q1),real,0.1423785594639866,0.4,117,55,
engert_20220223_visualmagnet,zebrafish 0.4 Hz (2022 Q1),detrended + envelope-normalised,0.1423785594639866,0.4,117,63,
engert_20220223_visualmagnet,zebrafish 0.4 Hz (2022 Q1),white,0.1423785594639866,0.4,117,59,
engert_20220223_visualmagnet,zebrafish 0.4 Hz (2022 Q1),real,0.1457286432160804,0.4,117,59,
engert_20220223_visualmagnet,zebrafish 0.4 Hz (2022 Q1),detrended + envelope-normalised,0.1457286432160804,0.4,117,54,
engert_20220223_visualmagnet,zebrafish 0.4 Hz (2022 Q1),white,0.1457286432160804,0.4,117,55,
engert_20220223_visualmagnet,zebrafish 0.4 Hz (2022 Q1),real,0.1490787269681742,0.4,117,65,
engert_20220223_visualmagnet,zebrafish 0.4 Hz (2022 Q1),detrended + envelope-normalised,0.1490787269681742,0.4,117,63,
engert_20220223_visualmagnet,zebrafish 0.4 Hz (2022 Q1),white,0.1490787269681742,0.4,117,57,
engert_20220223_visualmagnet,zebrafish 0.4 Hz (2022 Q1),real,0.15326633165829145,0.4,117,61,
engert_20220223_visualmagnet,zebrafish 0.4 Hz (2022 Q1),detrended + envelope-normalised,0.15326633165829145,0.4,117,61,
engert_20220223_visualmagnet,zebrafish 0.4 Hz (2022 Q1),white,0.15326633165829145,0.4,117,60,
engert_20220223_visualmagnet,zebrafish 0.4 Hz (2022 Q1),real,0.1574539363484087,0.4,117,54,
engert_20220223_visualmagnet,zebrafish 0.4 Hz (2022 Q1),detrended + envelope-normalised,0.1574539363484087,0.4,117,57,
engert_20220223_visualmagnet,zebrafish 0.4 Hz (2022 Q1),white,0.1574539363484087,0.4,117,61,
engert_20220223_visualmagnet,zebrafish 0.4 Hz (2022 Q1),real,0.16080402010050251,0.4,117,50,
engert_20220223_visualmagnet,zebrafish 0.4 Hz (2022 Q1),detrended + envelope-normalised,0.16080402010050251,0.4,117,52,
engert_20220223_visualmagnet,zebrafish 0.4 Hz (2022 Q1),white,0.16080402010050251,0.4,117,60,
engert_20220223_visualmagnet,zebrafish 0.4 Hz (2022 Q1),real,0.16499162479061977,0.4,117,56,
engert_20220223_visualmagnet,zebrafish 0.4 Hz (2022 Q1),detrended + envelope-normalised,0.16499162479061977,0.4,117,57,
engert_20220223_visualmagnet,zebrafish 0.4 Hz (2022 Q1),white,0.16499162479061977,0.4,117,63,
engert_20220223_visualmagnet,zebrafish 0.4 Hz (2022 Q1),real,0.16917922948073702,0.4,117,62,
engert_20220223_visualmagnet,zebrafish 0.4 Hz (2022 Q1),detrended + envelope-normalised,0.16917922948073702,0.4,117,60,
engert_20220223_visualmagnet,zebrafish 0.4 Hz (2022 Q1),white,0.16917922948073702,0.4,117,52,
engert_20220223_visualmagnet,zebrafish 0.4 Hz (2022 Q1),real,0.17336683417085427,0.4,117,63,
engert_20220223_visualmagnet,zebrafish 0.4 Hz (2022 Q1),detrended + envelope-normalised,0.17336683417085427,0.4,117,61,
engert_20220223_visualmagnet,zebrafish 0.4 Hz (2022 Q1),white,0.17336683417085427,0.4,117,56,
engert_20220223_visualmagnet,zebrafish 0.4 Hz (2022 Q1),real,0.17839195979899497,0.4,117,62,
engert_20220223_visualmagnet,zebrafish 0.4 Hz (2022 Q1),detrended + envelope-normalised,0.17839195979899497,0.4,117,71,
engert_20220223_visualmagnet,zebrafish 0.4 Hz (2022 Q1),white,0.17839195979899497,0.4,117,51,
engert_20220223_visualmagnet,zebrafish 0.4 Hz (2022 Q1),real,0.18257956448911222,0.4,117,54,
engert_20220223_visualmagnet,zebrafish 0.4 Hz (2022 Q1),detrended + envelope-normalised,0.18257956448911222,0.4,117,51,
engert_20220223_visualmagnet,zebrafish 0.4 Hz (2022 Q1),white,0.18257956448911222,0.4,117,62,
engert_20220223_visualmagnet,zebrafish 0.4 Hz (2022 Q1),real,0.18676716917922948,0.4,117,58,
engert_20220223_visualmagnet,zebrafish 0.4 Hz (2022 Q1),detrended + envelope-normalised,0.18676716917922948,0.4,117,57,
engert_20220223_visualmagnet,zebrafish 0.4 Hz (2022 Q1),white,0.18676716917922948,0.4,117,52,
engert_20220223_visualmagnet,zebrafish 0.4 Hz (2022 Q1),real,0.19179229480737017,0.4,117,65,
engert_20220223_visualmagnet,zebrafish 0.4 Hz (2022 Q1),detrended + envelope-normalised,0.19179229480737017,0.4,117,72,
engert_20220223_visualmagnet,zebrafish 0.4 Hz (2022 Q1),white,0.19179229480737017,0.4,117,56,
engert_20220223_visualmagnet,zebrafish 0.4 Hz (2022 Q1),real,0.1968174204355109,0.4,117,62,
engert_20220223_visualmagnet,zebrafish 0.4 Hz (2022 Q1),detrended + envelope-normalised,0.1968174204355109,0.4,117,58,
engert_20220223_visualmagnet,zebrafish 0.4 Hz (2022 Q1),white,0.1968174204355109,0.4,117,57,
engert_20220223_visualmagnet,zebrafish 0.4 Hz (2022 Q1),real,0.2018425460636516,0.4,117,56,
engert_20220223_visualmagnet,zebrafish 0.4 Hz (2022 Q1),detrended + envelope-normalised,0.2018425460636516,0.4,117,56,
engert_20220223_visualmagnet,zebrafish 0.4 Hz (2022 Q1),white,0.2018425460636516,0.4,117,60,
engert_20220223_visualmagnet,zebrafish 0.4 Hz (2022 Q1),real,0.2068676716917923,0.4,117,55,
engert_20220223_visualmagnet,zebrafish 0.4 Hz (2022 Q1),detrended + envelope-normalised,0.2068676716917923,0.4,117,55,
engert_20220223_visualmagnet,zebrafish 0.4 Hz (2022 Q1),white,0.2068676716917923,0.4,117,63,
engert_20220223_visualmagnet,zebrafish 0.4 Hz (2022 Q1),real,0.211892797319933,0.4,117,62,
engert_20220223_visualmagnet,zebrafish 0.4 Hz (2022 Q1),detrended + envelope-normalised,0.211892797319933,0.4,117,63,
engert_20220223_visualmagnet,zebrafish 0.4 Hz (2022 Q1),white,0.211892797319933,0.4,117,55,
engert_20220223_visualmagnet,zebrafish 0.4 Hz (2022 Q1),real,0.21775544388609716,0.4,117,54,
engert_20220223_visualmagnet,zebrafish 0.4 Hz (2022 Q1),detrended + envelope-normalised,0.21775544388609716,0.4,117,51,
engert_20220223_visualmagnet,zebrafish 0.4 Hz (2022 Q1),white,0.21775544388609716,0.4,117,58,
engert_20220223_visualmagnet,zebrafish 0.4 Hz (2022 Q1),real,0.22278056951423786,0.4,117,65,
engert_20220223_visualmagnet,zebrafish 0.4 Hz (2022 Q1),detrended + envelope-normalised,0.22278056951423786,0.4,117,63,
engert_20220223_visualmagnet,zebrafish 0.4 Hz (2022 Q1),white,0.22278056951423786,0.4,117,58,
engert_20220223_visualmagnet,zebrafish 0.4 Hz (2022 Q1),real,0.228643216080402,0.4,117,52,
engert_20220223_visualmagnet,zebrafish 0.4 Hz (2022 Q1),detrended + envelope-normalised,0.228643216080402,0.4,117,46,
engert_20220223_visualmagnet,zebrafish 0.4 Hz (2022 Q1),white,0.228643216080402,0.4,117,58,
engert_20220223_visualmagnet,zebrafish 0.4 Hz (2022 Q1),real,0.23450586264656617,0.4,117,64,
engert_20220223_visualmagnet,zebrafish 0.4 Hz (2022 Q1),detrended + envelope-normalised,0.23450586264656617,0.4,117,67,
engert_20220223_visualmagnet,zebrafish 0.4 Hz (2022 Q1),white,0.23450586264656617,0.4,117,55,
engert_20220223_visualmagnet,zebrafish 0.4 Hz (2022 Q1),real,0.2403685092127303,0.4,117,49,
engert_20220223_visualmagnet,zebrafish 0.4 Hz (2022 Q1),detrended + envelope-normalised,0.2403685092127303,0.4,117,56,
engert_20220223_visualmagnet,zebrafish 0.4 Hz (2022 Q1),white,0.2403685092127303,0.4,117,57,
engert_20220223_visualmagnet,zebrafish 0.4 Hz (2022 Q1),real,0.24623115577889448,0.4,117,60,
engert_20220223_visualmagnet,zebrafish 0.4 Hz (2022 Q1),detrended + envelope-normalised,0.24623115577889448,0.4,117,59,
engert_20220223_visualmagnet,zebrafish 0.4 Hz (2022 Q1),white,0.24623115577889448,0.4,117,63,
engert_20220223_visualmagnet,zebrafish 0.4 Hz (2022 Q1),real,0.2529313232830821,0.4,117,54,
engert_20220223_visualmagnet,zebrafish 0.4 Hz (2022 Q1),detrended + envelope-normalised,0.2529313232830821,0.4,117,58,
engert_20220223_visualmagnet,zebrafish 0.4 Hz (2022 Q1),white,0.2529313232830821,0.4,117,56,
engert_20220223_visualmagnet,zebrafish 0.4 Hz (2022 Q1),real,0.25879396984924624,0.4,117,59,
engert_20220223_visualmagnet,zebrafish 0.4 Hz (2022 Q1),detrended + envelope-normalised,0.25879396984924624,0.4,117,62,
engert_20220223_visualmagnet,zebrafish 0.4 Hz (2022 Q1),white,0.25879396984924624,0.4,117,64,
engert_20220223_visualmagnet,zebrafish 0.4 Hz (2022 Q1),real,0.26549413735343386,0.4,117,58,
engert_20220223_visualmagnet,zebrafish 0.4 Hz (2022 Q1),detrended + envelope-normalised,0.26549413735343386,0.4,117,59,
engert_20220223_visualmagnet,zebrafish 0.4 Hz (2022 Q1),white,0.26549413735343386,0.4,117,69,
engert_20220223_visualmagnet,zebrafish 0.4 Hz (2022 Q1),real,0.2721943048576214,0.4,117,51,
engert_20220223_visualmagnet,zebrafish 0.4 Hz (2022 Q1),detrended + envelope-normalised,0.2721943048576214,0.4,117,58,
engert_20220223_visualmagnet,zebrafish 0.4 Hz (2022 Q1),white,0.2721943048576214,0.4,117,65,
engert_20220223_visualmagnet,zebrafish 0.4 Hz (2022 Q1),real,0.27889447236180903,0.4,117,58,
engert_20220223_visualmagnet,zebrafish 0.4 Hz (2022 Q1),detrended + envelope-normalised,0.27889447236180903,0.4,117,61,
engert_20220223_visualmagnet,zebrafish 0.4 Hz (2022 Q1),white,0.27889447236180903,0.4,117,64,
engert_20220223_visualmagnet,zebrafish 0.4 Hz (2022 Q1),real,0.2864321608040201,0.4,117,59,
engert_20220223_visualmagnet,zebrafish 0.4 Hz (2022 Q1),detrended + envelope-normalised,0.2864321608040201,0.4,117,54,
engert_20220223_visualmagnet,zebrafish 0.4 Hz (2022 Q1),white,0.2864321608040201,0.4,117,57,
engert_20220223_visualmagnet,zebrafish 0.4 Hz (2022 Q1),real,0.2931323283082077,0.4,117,51,
engert_20220223_visualmagnet,zebrafish 0.4 Hz (2022 Q1),detrended + envelope-normalised,0.2931323283082077,0.4,117,56,
engert_20220223_visualmagnet,zebrafish 0.4 Hz (2022 Q1),white,0.2931323283082077,0.4,117,61,
engert_20220223_visualmagnet,zebrafish 0.4 Hz (2022 Q1),real,0.30067001675041877,0.4,117,57,
engert_20220223_visualmagnet,zebrafish 0.4 Hz (2022 Q1),detrended + envelope-normalised,0.30067001675041877,0.4,117,56,
engert_20220223_visualmagnet,zebrafish 0.4 Hz (2022 Q1),white,0.30067001675041877,0.4,117,67,
engert_20220223_visualmagnet,zebrafish 0.4 Hz (2022 Q1),real,0.3082077051926298,0.4,117,53,
engert_20220223_visualmagnet,zebrafish 0.4 Hz (2022 Q1),detrended + envelope-normalised,0.3082077051926298,0.4,117,55,
engert_20220223_visualmagnet,zebrafish 0.4 Hz (2022 Q1),white,0.3082077051926298,0.4,117,65,
engert_20220223_visualmagnet,zebrafish 0.4 Hz (2022 Q1),real,0.3165829145728643,0.4,117,57,
engert_20220223_visualmagnet,zebrafish 0.4 Hz (2022 Q1),detrended + envelope-normalised,0.3165829145728643,0.4,117,61,
engert_20220223_visualmagnet,zebrafish 0.4 Hz (2022 Q1),white,0.3165829145728643,0.4,117,57,
engert_20220223_visualmagnet,zebrafish 0.4 Hz (2022 Q1),real,0.3241206030150754,0.4,117,65,
engert_20220223_visualmagnet,zebrafish 0.4 Hz (2022 Q1),detrended + envelope-normalised,0.3241206030150754,0.4,117,64,
engert_20220223_visualmagnet,zebrafish 0.4 Hz (2022 Q1),white,0.3241206030150754,0.4,117,57,
engert_20220223_visualmagnet,zebrafish 0.4 Hz (2022 Q1),real,0.3324958123953099,0.4,117,49,
engert_20220223_visualmagnet,zebrafish 0.4 Hz (2022 Q1),detrended + envelope-normalised,0.3324958123953099,0.4,117,59,
engert_20220223_visualmagnet,zebrafish 0.4 Hz (2022 Q1),white,0.3324958123953099,0.4,117,62,
engert_20220223_visualmagnet,zebrafish 0.4 Hz (2022 Q1),real,0.3408710217755444,0.4,117,56,
engert_20220223_visualmagnet,zebrafish 0.4 Hz (2022 Q1),detrended + envelope-normalised,0.3408710217755444,0.4,117,56,
engert_20220223_visualmagnet,zebrafish 0.4 Hz (2022 Q1),white,0.3408710217755444,0.4,117,55,
engert_20220223_visualmagnet,zebrafish 0.4 Hz (2022 Q1),real,0.3492462311557789,0.4,117,59,
engert_20220223_visualmagnet,zebrafish 0.4 Hz (2022 Q1),detrended + envelope-normalised,0.3492462311557789,0.4,117,55,
engert_20220223_visualmagnet,zebrafish 0.4 Hz (2022 Q1),white,0.3492462311557789,0.4,117,59,
engert_20220223_visualmagnet,zebrafish 0.4 Hz (2022 Q1),real,0.35845896147403683,0.4,117,57,
engert_20220223_visualmagnet,zebrafish 0.4 Hz (2022 Q1),detrended + envelope-normalised,0.35845896147403683,0.4,117,55,
engert_20220223_visualmagnet,zebrafish 0.4 Hz (2022 Q1),white,0.35845896147403683,0.4,117,55,
engert_20220223_visualmagnet,zebrafish 0.4 Hz (2022 Q1),real,0.3676716917922948,0.4,117,45,
engert_20220223_visualmagnet,zebrafish 0.4 Hz (2022 Q1),detrended + envelope-normalised,0.3676716917922948,0.4,117,46,
engert_20220223_visualmagnet,zebrafish 0.4 Hz (2022 Q1),white,0.3676716917922948,0.4,117,51,
engert_20220223_visualmagnet,zebrafish 0.4 Hz (2022 Q1),real,0.3768844221105528,0.4,117,60,
engert_20220223_visualmagnet,zebrafish 0.4 Hz (2022 Q1),detrended + envelope-normalised,0.3768844221105528,0.4,117,61,
engert_20220223_visualmagnet,zebrafish 0.4 Hz (2022 Q1),white,0.3768844221105528,0.4,117,58,
engert_20220223_visualmagnet,zebrafish 0.4 Hz (2022 Q1),real,0.3860971524288107,0.4,117,66,
engert_20220223_visualmagnet,zebrafish 0.4 Hz (2022 Q1),detrended + envelope-normalised,0.3860971524288107,0.4,117,66,
engert_20220223_visualmagnet,zebrafish 0.4 Hz (2022 Q1),white,0.3860971524288107,0.4,117,52,
engert_20220223_visualmagnet,zebrafish 0.4 Hz (2022 Q1),real,0.3961474036850921,0.4,117,61,
engert_20220223_visualmagnet,zebrafish 0.4 Hz (2022 Q1),detrended + envelope-normalised,0.3961474036850921,0.4,117,60,
engert_20220223_visualmagnet,zebrafish 0.4 Hz (2022 Q1),white,0.3961474036850921,0.4,117,57,
engert_20220223_visualmagnet,zebrafish 0.4 Hz (2022 Q1),real,0.40619765494137355,0.4,117,56,
engert_20220223_visualmagnet,zebrafish 0.4 Hz (2022 Q1),detrended + envelope-normalised,0.40619765494137355,0.4,117,54,
engert_20220223_visualmagnet,zebrafish 0.4 Hz (2022 Q1),white,0.40619765494137355,0.4,117,67,
engert_20220223_visualmagnet,zebrafish 0.4 Hz (2022 Q1),real,0.41624790619765495,0.4,117,70,
engert_20220223_visualmagnet,zebrafish 0.4 Hz (2022 Q1),detrended + envelope-normalised,0.41624790619765495,0.4,117,67,
engert_20220223_visualmagnet,zebrafish 0.4 Hz (2022 Q1),white,0.41624790619765495,0.4,117,59,
engert_20220223_visualmagnet,zebrafish 0.4 Hz (2022 Q1),real,0.4271356783919598,0.4,117,58,
engert_20220223_visualmagnet,zebrafish 0.4 Hz (2022 Q1),detrended + envelope-normalised,0.4271356783919598,0.4,117,58,
engert_20220223_visualmagnet,zebrafish 0.4 Hz (2022 Q1),white,0.4271356783919598,0.4,117,70,
engert_20220223_visualmagnet,zebrafish 0.4 Hz (2022 Q1),real,0.4380234505862647,0.4,117,50,
engert_20220223_visualmagnet,zebrafish 0.4 Hz (2022 Q1),detrended + envelope-normalised,0.4380234505862647,0.4,117,52,
engert_20220223_visualmagnet,zebrafish 0.4 Hz (2022 Q1),white,0.4380234505862647,0.4,117,57,
engert_20220223_visualmagnet,zebrafish 0.4 Hz (2022 Q1),near stimulus,0.37520938023450584,0.4,117,54,-30.0
engert_20220223_visualmagnet,zebrafish 0.4 Hz (2022 Q1),near stimulus,0.3760469011725293,0.4,117,61,-29.0
engert_20220223_visualmagnet,zebrafish 0.4 Hz (2022 Q1),near stimulus,0.3768844221105528,0.4,117,60,-28.0
engert_20220223_visualmagnet,zebrafish 0.4 Hz (2022 Q1),near stimulus,0.3777219430485762,0.4,117,68,-27.0
engert_20220223_visualmagnet,zebrafish 0.4 Hz (2022 Q1),near stimulus,0.3785594639865997,0.4,117,63,-26.0
engert_20220223_visualmagnet,zebrafish 0.4 Hz (2022 Q1),near stimulus,0.3793969849246231,0.4,117,64,-25.0
engert_20220223_visualmagnet,zebrafish 0.4 Hz (2022 Q1),near stimulus,0.38023450586264657,0.4,117,58,-24.0
engert_20220223_visualmagnet,zebrafish 0.4 Hz (2022 Q1),near stimulus,0.38107202680067004,0.4,117,57,-23.0
engert_20220223_visualmagnet,zebrafish 0.4 Hz (2022 Q1),near stimulus,0.38190954773869346,0.4,117,57,-22.0
engert_20220223_visualmagnet,zebrafish 0.4 Hz (2022 Q1),near stimulus,0.38274706867671693,0.4,117,61,-21.0
engert_20220223_visualmagnet,zebrafish 0.4 Hz (2022 Q1),near stimulus,0.38358458961474035,0.4,117,59,-20.0
engert_20220223_visualmagnet,zebrafish 0.4 Hz (2022 Q1),near stimulus,0.3844221105527638,0.4,117,65,-19.0
engert_20220223_visualmagnet,zebrafish 0.4 Hz (2022 Q1),near stimulus,0.3852596314907873,0.4,117,53,-18.0
engert_20220223_visualmagnet,zebrafish 0.4 Hz (2022 Q1),near stimulus,0.3860971524288107,0.4,117,66,-17.0
engert_20220223_visualmagnet,zebrafish 0.4 Hz (2022 Q1),near stimulus,0.3869346733668342,0.4,117,58,-16.0
engert_20220223_visualmagnet,zebrafish 0.4 Hz (2022 Q1),near stimulus,0.3877721943048576,0.4,117,52,-15.0
engert_20220223_visualmagnet,zebrafish 0.4 Hz (2022 Q1),near stimulus,0.38860971524288107,0.4,117,48,-14.0
engert_20220223_visualmagnet,zebrafish 0.4 Hz (2022 Q1),near stimulus,0.38944723618090454,0.4,117,54,-13.0
engert_20220223_visualmagnet,zebrafish 0.4 Hz (2022 Q1),near stimulus,0.39028475711892796,0.4,117,57,-12.0
engert_20220223_visualmagnet,zebrafish 0.4 Hz (2022 Q1),near stimulus,0.39112227805695143,0.4,117,76,-11.0
engert_20220223_visualmagnet,zebrafish 0.4 Hz (2022 Q1),near stimulus,0.39195979899497485,0.4,117,61,-10.0
engert_20220223_visualmagnet,zebrafish 0.4 Hz (2022 Q1),near stimulus,0.3927973199329983,0.4,117,63,-9.0
engert_20220223_visualmagnet,zebrafish 0.4 Hz (2022 Q1),near stimulus,0.3936348408710218,0.4,117,55,-8.0
engert_20220223_visualmagnet,zebrafish 0.4 Hz (2022 Q1),near stimulus,0.3944723618090452,0.4,117,63,-7.0
engert_20220223_visualmagnet,zebrafish 0.4 Hz (2022 Q1),near stimulus,0.3953098827470687,0.4,117,67,-6.0
engert_20220223_visualmagnet,zebrafish 0.4 Hz (2022 Q1),near stimulus,0.3961474036850921,0.4,117,61,-5.0
engert_20220223_visualmagnet,zebrafish 0.4 Hz (2022 Q1),near stimulus,0.3969849246231156,0.4,117,48,-4.0
engert_20220223_visualmagnet,zebrafish 0.4 Hz (2022 Q1),near stimulus,0.39782244556113905,0.4,117,55,-3.0
engert_20220223_visualmagnet,zebrafish 0.4 Hz (2022 Q1),near stimulus,0.39865996649916247,0.4,117,56,-2.0
engert_20220223_visualmagnet,zebrafish 0.4 Hz (2022 Q1),near stimulus,0.39949748743718594,0.4,117,53,-1.0
engert_20220223_visualmagnet,zebrafish 0.4 Hz (2022 Q1),near stimulus,0.40033500837520936,0.4,117,67,0.0
engert_20220223_visualmagnet,zebrafish 0.4 Hz (2022 Q1),near stimulus,0.40117252931323283,0.4,117,56,1.0
engert_20220223_visualmagnet,zebrafish 0.4 Hz (2022 Q1),near stimulus,0.4020100502512563,0.4,117,62,2.0
engert_20220223_visualmagnet,zebrafish 0.4 Hz (2022 Q1),near stimulus,0.4028475711892797,0.4,117,62,3.0
engert_20220223_visualmagnet,zebrafish 0.4 Hz (2022 Q1),near stimulus,0.4036850921273032,0.4,117,61,4.0
engert_20220223_visualmagnet,zebrafish 0.4 Hz (2022 Q1),near stimulus,0.4045226130653266,0.4,117,57,5.0
engert_20220223_visualmagnet,zebrafish 0.4 Hz (2022 Q1),near stimulus,0.4053601340033501,0.4,117,67,6.0
engert_20220223_visualmagnet,zebrafish 0.4 Hz (2022 Q1),near stimulus,0.40619765494137355,0.4,117,56,7.0
engert_20220223_visualmagnet,zebrafish 0.4 Hz (2022 Q1),near stimulus,0.40703517587939697,0.4,117,61,8.0
engert_20220223_visualmagnet,zebrafish 0.4 Hz (2022 Q1),near stimulus,0.40787269681742044,0.4,117,54,9.0
engert_20220223_visualmagnet,zebrafish 0.4 Hz (2022 Q1),near stimulus,0.40871021775544386,0.4,117,68,10.0
engert_20220223_visualmagnet,zebrafish 0.4 Hz (2022 Q1),near stimulus,0.40954773869346733,0.4,117,63,11.0
engert_20220223_visualmagnet,zebrafish 0.4 Hz (2022 Q1),near stimulus,0.4103852596314908,0.4,117,63,12.0
engert_20220223_visualmagnet,zebrafish 0.4 Hz (2022 Q1),near stimulus,0.4112227805695142,0.4,117,57,13.0
engert_20220223_visualmagnet,zebrafish 0.4 Hz (2022 Q1),near stimulus,0.4120603015075377,0.4,117,67,14.0
engert_20220223_visualmagnet,zebrafish 0.4 Hz (2022 Q1),near stimulus,0.4128978224455611,0.4,117,56,15.0
engert_20220223_visualmagnet,zebrafish 0.4 Hz (2022 Q1),near stimulus,0.4137353433835846,0.4,117,62,16.0
engert_20220223_visualmagnet,zebrafish 0.4 Hz (2022 Q1),near stimulus,0.41457286432160806,0.4,117,67,17.0
engert_20220223_visualmagnet,zebrafish 0.4 Hz (2022 Q1),near stimulus,0.4154103852596315,0.4,117,53,18.0
engert_20220223_visualmagnet,zebrafish 0.4 Hz (2022 Q1),near stimulus,0.41624790619765495,0.4,117,70,19.0
engert_20220223_visualmagnet,zebrafish 0.4 Hz (2022 Q1),near stimulus,0.41708542713567837,0.4,117,55,20.0
engert_20220223_visualmagnet,zebrafish 0.4 Hz (2022 Q1),near stimulus,0.41792294807370184,0.4,117,55,21.0
engert_20220223_visualmagnet,zebrafish 0.4 Hz (2022 Q1),near stimulus,0.4187604690117253,0.4,117,49,22.0
engert_20220223_visualmagnet,zebrafish 0.4 Hz (2022 Q1),near stimulus,0.41959798994974873,0.4,117,54,23.0
engert_20220223_visualmagnet,zebrafish 0.4 Hz (2022 Q1),near stimulus,0.4204355108877722,0.4,117,62,24.0
engert_20220223_visualmagnet,zebrafish 0.4 Hz (2022 Q1),near stimulus,0.4212730318257956,0.4,117,47,25.0
engert_20220223_visualmagnet,zebrafish 0.4 Hz (2022 Q1),near stimulus,0.4221105527638191,0.4,117,56,26.0
engert_20220223_visualmagnet,zebrafish 0.4 Hz (2022 Q1),near stimulus,0.42294807370184256,0.4,117,65,27.0
engert_20220223_visualmagnet,zebrafish 0.4 Hz (2022 Q1),near stimulus,0.423785594639866,0.4,117,51,28.0
engert_20220223_visualmagnet,zebrafish 0.4 Hz (2022 Q1),near stimulus,0.42462311557788945,0.4,117,58,29.0
engert_20220223_visualmagnet,zebrafish 0.4 Hz (2022 Q1),near stimulus,0.42546063651591287,0.4,117,65,30.0
engert_20220301_visualmagnet_a,zebrafish 0.4 Hz (2022 Q1),real,0.1001763103061388,0.4,1350,735,
engert_20220301_visualmagnet_a,zebrafish 0.4 Hz (2022 Q1),detrended + envelope-normalised,0.1001763103061388,0.4,1350,733,
engert_20220301_visualmagnet_a,zebrafish 0.4 Hz (2022 Q1),white,0.1001763103061388,0.4,1350,679,
engert_20220301_visualmagnet_a,zebrafish 0.4 Hz (2022 Q1),real,0.10251375754661536,0.4,1350,623,
engert_20220301_visualmagnet_a,zebrafish 0.4 Hz (2022 Q1),detrended + envelope-normalised,0.10251375754661536,0.4,1350,616,
engert_20220301_visualmagnet_a,zebrafish 0.4 Hz (2022 Q1),white,0.10251375754661536,0.4,1350,674,
engert_20220301_visualmagnet_a,zebrafish 0.4 Hz (2022 Q1),real,0.10518512582144574,0.4,1350,669,
engert_20220301_visualmagnet_a,zebrafish 0.4 Hz (2022 Q1),detrended + envelope-normalised,0.10518512582144574,0.4,1350,648,
engert_20220301_visualmagnet_a,zebrafish 0.4 Hz (2022 Q1),white,0.10518512582144574,0.4,1350,691,
engert_20220301_visualmagnet_a,zebrafish 0.4 Hz (2022 Q1),real,0.10785649409627611,0.4,1350,629,
engert_20220301_visualmagnet_a,zebrafish 0.4 Hz (2022 Q1),detrended + envelope-normalised,0.10785649409627611,0.4,1350,633,
engert_20220301_visualmagnet_a,zebrafish 0.4 Hz (2022 Q1),white,0.10785649409627611,0.4,1350,653,
engert_20220301_visualmagnet_a,zebrafish 0.4 Hz (2022 Q1),real,0.11052786237110647,0.4,1350,615,
engert_20220301_visualmagnet_a,zebrafish 0.4 Hz (2022 Q1),detrended + envelope-normalised,0.11052786237110647,0.4,1350,619,
engert_20220301_visualmagnet_a,zebrafish 0.4 Hz (2022 Q1),white,0.11052786237110647,0.4,1350,656,
engert_20220301_visualmagnet_a,zebrafish 0.4 Hz (2022 Q1),real,0.11319923064593684,0.4,1350,621,
engert_20220301_visualmagnet_a,zebrafish 0.4 Hz (2022 Q1),detrended + envelope-normalised,0.11319923064593684,0.4,1350,618,
engert_20220301_visualmagnet_a,zebrafish 0.4 Hz (2022 Q1),white,0.11319923064593684,0.4,1350,702,
engert_20220301_visualmagnet_a,zebrafish 0.4 Hz (2022 Q1),real,0.1158705989207672,0.4,1350,649,
engert_20220301_visualmagnet_a,zebrafish 0.4 Hz (2022 Q1),detrended + envelope-normalised,0.1158705989207672,0.4,1350,640,
engert_20220301_visualmagnet_a,zebrafish 0.4 Hz (2022 Q1),white,0.1158705989207672,0.4,1350,692,
engert_20220301_visualmagnet_a,zebrafish 0.4 Hz (2022 Q1),real,0.11887588822995138,0.4,1350,668,
engert_20220301_visualmagnet_a,zebrafish 0.4 Hz (2022 Q1),detrended + envelope-normalised,0.11887588822995138,0.4,1350,671,
engert_20220301_visualmagnet_a,zebrafish 0.4 Hz (2022 Q1),white,0.11887588822995138,0.4,1350,683,
engert_20220301_visualmagnet_a,zebrafish 0.4 Hz (2022 Q1),real,0.12188117753913554,0.4,1350,655,
engert_20220301_visualmagnet_a,zebrafish 0.4 Hz (2022 Q1),detrended + envelope-normalised,0.12188117753913554,0.4,1350,662,
engert_20220301_visualmagnet_a,zebrafish 0.4 Hz (2022 Q1),white,0.12188117753913554,0.4,1350,683,
engert_20220301_visualmagnet_a,zebrafish 0.4 Hz (2022 Q1),real,0.1248864668483197,0.4,1350,647,
engert_20220301_visualmagnet_a,zebrafish 0.4 Hz (2022 Q1),detrended + envelope-normalised,0.1248864668483197,0.4,1350,647,
engert_20220301_visualmagnet_a,zebrafish 0.4 Hz (2022 Q1),white,0.1248864668483197,0.4,1350,668,
engert_20220301_visualmagnet_a,zebrafish 0.4 Hz (2022 Q1),real,0.12789175615750387,0.4,1350,632,
engert_20220301_visualmagnet_a,zebrafish 0.4 Hz (2022 Q1),detrended + envelope-normalised,0.12789175615750387,0.4,1350,641,
engert_20220301_visualmagnet_a,zebrafish 0.4 Hz (2022 Q1),white,0.12789175615750387,0.4,1350,670,
engert_20220301_visualmagnet_a,zebrafish 0.4 Hz (2022 Q1),real,0.13123096650104182,0.4,1350,637,
engert_20220301_visualmagnet_a,zebrafish 0.4 Hz (2022 Q1),detrended + envelope-normalised,0.13123096650104182,0.4,1350,629,
engert_20220301_visualmagnet_a,zebrafish 0.4 Hz (2022 Q1),white,0.13123096650104182,0.4,1350,692,
engert_20220301_visualmagnet_a,zebrafish 0.4 Hz (2022 Q1),real,0.13457017684457978,0.4,1350,654,
engert_20220301_visualmagnet_a,zebrafish 0.4 Hz (2022 Q1),detrended + envelope-normalised,0.13457017684457978,0.4,1350,638,
engert_20220301_visualmagnet_a,zebrafish 0.4 Hz (2022 Q1),white,0.13457017684457978,0.4,1350,682,
engert_20220301_visualmagnet_a,zebrafish 0.4 Hz (2022 Q1),real,0.13790938718811774,0.4,1350,673,
engert_20220301_visualmagnet_a,zebrafish 0.4 Hz (2022 Q1),detrended + envelope-normalised,0.13790938718811774,0.4,1350,651,
engert_20220301_visualmagnet_a,zebrafish 0.4 Hz (2022 Q1),white,0.13790938718811774,0.4,1350,644,
engert_20220301_visualmagnet_a,zebrafish 0.4 Hz (2022 Q1),real,0.1412485975316557,0.4,1350,692,
engert_20220301_visualmagnet_a,zebrafish 0.4 Hz (2022 Q1),detrended + envelope-normalised,0.1412485975316557,0.4,1350,702,
engert_20220301_visualmagnet_a,zebrafish 0.4 Hz (2022 Q1),white,0.1412485975316557,0.4,1350,694,
engert_20220301_visualmagnet_a,zebrafish 0.4 Hz (2022 Q1),real,0.14492172890954746,0.4,1350,661,
engert_20220301_visualmagnet_a,zebrafish 0.4 Hz (2022 Q1),detrended + envelope-normalised,0.14492172890954746,0.4,1350,670,
engert_20220301_visualmagnet_a,zebrafish 0.4 Hz (2022 Q1),white,0.14492172890954746,0.4,1350,684,
engert_20220301_visualmagnet_a,zebrafish 0.4 Hz (2022 Q1),real,0.1485948602874392,0.4,1350,646,
engert_20220301_visualmagnet_a,zebrafish 0.4 Hz (2022 Q1),detrended + envelope-normalised,0.1485948602874392,0.4,1350,652,
engert_20220301_visualmagnet_a,zebrafish 0.4 Hz (2022 Q1),white,0.1485948602874392,0.4,1350,702,
engert_20220301_visualmagnet_a,zebrafish 0.4 Hz (2022 Q1),real,0.15226799166533098,0.4,1350,679,
engert_20220301_visualmagnet_a,zebrafish 0.4 Hz (2022 Q1),detrended + envelope-normalised,0.15226799166533098,0.4,1350,675,
engert_20220301_visualmagnet_a,zebrafish 0.4 Hz (2022 Q1),white,0.15226799166533098,0.4,1350,705,
engert_20220301_visualmagnet_a,zebrafish 0.4 Hz (2022 Q1),real,0.15594112304322272,0.4,1350,686,
engert_20220301_visualmagnet_a,zebrafish 0.4 Hz (2022 Q1),detrended + envelope-normalised,0.15594112304322272,0.4,1350,682,
engert_20220301_visualmagnet_a,zebrafish 0.4 Hz (2022 Q1),white,0.15594112304322272,0.4,1350,676,
engert_20220301_visualmagnet_a,zebrafish 0.4 Hz (2022 Q1),real,0.15994817545546827,0.4,1350,700,
engert_20220301_visualmagnet_a,zebrafish 0.4 Hz (2022 Q1),detrended + envelope-normalised,0.15994817545546827,0.4,1350,701,
engert_20220301_visualmagnet_a,zebrafish 0.4 Hz (2022 Q1),white,0.15994817545546827,0.4,1350,685,
engert_20220301_visualmagnet_a,zebrafish 0.4 Hz (2022 Q1),real,0.16395522786771383,0.4,1350,639,
engert_20220301_visualmagnet_a,zebrafish 0.4 Hz (2022 Q1),detrended + envelope-normalised,0.16395522786771383,0.4,1350,647,
engert_20220301_visualmagnet_a,zebrafish 0.4 Hz (2022 Q1),white,0.16395522786771383,0.4,1350,680,
engert_20220301_visualmagnet_a,zebrafish 0.4 Hz (2022 Q1),real,0.16796228027995938,0.4,1350,671,
engert_20220301_visualmagnet_a,zebrafish 0.4 Hz (2022 Q1),detrended + envelope-normalised,0.16796228027995938,0.4,1350,673,
engert_20220301_visualmagnet_a,zebrafish 0.4 Hz (2022 Q1),white,0.16796228027995938,0.4,1350,666,
engert_20220301_visualmagnet_a,zebrafish 0.4 Hz (2022 Q1),real,0.17230325372655872,0.4,1350,660,
engert_20220301_visualmagnet_a,zebrafish 0.4 Hz (2022 Q1),detrended + envelope-normalised,0.17230325372655872,0.4,1350,674,
engert_20220301_visualmagnet_a,zebrafish 0.4 Hz (2022 Q1),white,0.17230325372655872,0.4,1350,713,
engert_20220301_visualmagnet_a,zebrafish 0.4 Hz (2022 Q1),real,0.17664422717315809,0.4,1350,646,
engert_20220301_visualmagnet_a,zebrafish 0.4 Hz (2022 Q1),detrended + envelope-normalised,0.17664422717315809,0.4,1350,642,
engert_20220301_visualmagnet_a,zebrafish 0.4 Hz (2022 Q1),white,0.17664422717315809,0.4,1350,645,
engert_20220301_visualmagnet_a,zebrafish 0.4 Hz (2022 Q1),real,0.18098520061975742,0.4,1350,635,
engert_20220301_visualmagnet_a,zebrafish 0.4 Hz (2022 Q1),detrended + envelope-normalised,0.18098520061975742,0.4,1350,632,
engert_20220301_visualmagnet_a,zebrafish 0.4 Hz (2022 Q1),white,0.18098520061975742,0.4,1350,656,
engert_20220301_visualmagnet_a,zebrafish 0.4 Hz (2022 Q1),real,0.18532617406635676,0.4,1350,652,
engert_20220301_visualmagnet_a,zebrafish 0.4 Hz (2022 Q1),detrended + envelope-normalised,0.18532617406635676,0.4,1350,662,
engert_20220301_visualmagnet_a,zebrafish 0.4 Hz (2022 Q1),white,0.18532617406635676,0.4,1350,713,
engert_20220301_visualmagnet_a,zebrafish 0.4 Hz (2022 Q1),real,0.19000106854730991,0.4,1350,696,
engert_20220301_visualmagnet_a,zebrafish 0.4 Hz (2022 Q1),detrended + envelope-normalised,0.19000106854730991,0.4,1350,691,
engert_20220301_visualmagnet_a,zebrafish 0.4 Hz (2022 Q1),white,0.19000106854730991,0.4,1350,685,
engert_20220301_visualmagnet_a,zebrafish 0.4 Hz (2022 Q1),real,0.19467596302826307,0.4,1350,682,
engert_20220301_visualmagnet_a,zebrafish 0.4 Hz (2022 Q1),detrended + envelope-normalised,0.19467596302826307,0.4,1350,685,
engert_20220301_visualmagnet_a,zebrafish 0.4 Hz (2022 Q1),white,0.19467596302826307,0.4,1350,633,
engert_20220301_visualmagnet_a,zebrafish 0.4 Hz (2022 Q1),real,0.19968477854357,0.4,1350,692,
engert_20220301_visualmagnet_a,zebrafish 0.4 Hz (2022 Q1),detrended + envelope-normalised,0.19968477854357,0.4,1350,679,
engert_20220301_visualmagnet_a,zebrafish 0.4 Hz (2022 Q1),white,0.19968477854357,0.4,1350,656,
engert_20220301_visualmagnet_a,zebrafish 0.4 Hz (2022 Q1),real,0.20469359405887694,0.4,1350,646,
engert_20220301_visualmagnet_a,zebrafish 0.4 Hz (2022 Q1),detrended + envelope-normalised,0.20469359405887694,0.4,1350,644,
engert_20220301_visualmagnet_a,zebrafish 0.4 Hz (2022 Q1),white,0.20469359405887694,0.4,1350,676,
engert_20220301_visualmagnet_a,zebrafish 0.4 Hz (2022 Q1),real,0.20970240957418387,0.4,1350,665,
engert_20220301_visualmagnet_a,zebrafish 0.4 Hz (2022 Q1),detrended + envelope-normalised,0.20970240957418387,0.4,1350,659,
engert_20220301_visualmagnet_a,zebrafish 0.4 Hz (2022 Q1),white,0.20970240957418387,0.4,1350,696,
engert_20220301_visualmagnet_a,zebrafish 0.4 Hz (2022 Q1),real,0.21504514612384462,0.4,1350,668,
engert_20220301_visualmagnet_a,zebrafish 0.4 Hz (2022 Q1),detrended + envelope-normalised,0.21504514612384462,0.4,1350,685,
engert_20220301_visualmagnet_a,zebrafish 0.4 Hz (2022 Q1),white,0.21504514612384462,0.4,1350,674,
engert_20220301_visualmagnet_a,zebrafish 0.4 Hz (2022 Q1),real,0.22038788267350534,0.4,1350,645,
engert_20220301_visualmagnet_a,zebrafish 0.4 Hz (2022 Q1),detrended + envelope-normalised,0.22038788267350534,0.4,1350,628,
engert_20220301_visualmagnet_a,zebrafish 0.4 Hz (2022 Q1),white,0.22038788267350534,0.4,1350,679,
engert_20220301_visualmagnet_a,zebrafish 0.4 Hz (2022 Q1),real,0.22606454025751987,0.4,1350,628,
engert_20220301_visualmagnet_a,zebrafish 0.4 Hz (2022 Q1),detrended + envelope-normalised,0.22606454025751987,0.4,1350,618,
engert_20220301_visualmagnet_a,zebrafish 0.4 Hz (2022 Q1),white,0.22606454025751987,0.4,1350,674,
engert_20220301_visualmagnet_a,zebrafish 0.4 Hz (2022 Q1),real,0.2317411978415344,0.4,1350,647,
engert_20220301_visualmagnet_a,zebrafish 0.4 Hz (2022 Q1),detrended + envelope-normalised,0.2317411978415344,0.4,1350,638,
engert_20220301_visualmagnet_a,zebrafish 0.4 Hz (2022 Q1),white,0.2317411978415344,0.4,1350,677,
engert_20220301_visualmagnet_a,zebrafish 0.4 Hz (2022 Q1),real,0.23741785542554894,0.4,1350,627,
engert_20220301_visualmagnet_a,zebrafish 0.4 Hz (2022 Q1),detrended + envelope-normalised,0.23741785542554894,0.4,1350,626,
engert_20220301_visualmagnet_a,zebrafish 0.4 Hz (2022 Q1),white,0.23741785542554894,0.4,1350,680,
engert_20220301_visualmagnet_a,zebrafish 0.4 Hz (2022 Q1),real,0.24342843404391729,0.4,1350,692,
engert_20220301_visualmagnet_a,zebrafish 0.4 Hz (2022 Q1),detrended + envelope-normalised,0.24342843404391729,0.4,1350,682,
engert_20220301_visualmagnet_a,zebrafish 0.4 Hz (2022 Q1),white,0.24342843404391729,0.4,1350,668,
engert_20220301_visualmagnet_a,zebrafish 0.4 Hz (2022 Q1),real,0.2494390126622856,0.4,1350,731,
engert_20220301_visualmagnet_a,zebrafish 0.4 Hz (2022 Q1),detrended + envelope-normalised,0.2494390126622856,0.4,1350,732,
engert_20220301_visualmagnet_a,zebrafish 0.4 Hz (2022 Q1),white,0.2494390126622856,0.4,1350,692,
engert_20220301_visualmagnet_a,zebrafish 0.4 Hz (2022 Q1),real,0.25578351231500773,0.4,1350,668,
engert_20220301_visualmagnet_a,zebrafish 0.4 Hz (2022 Q1),detrended + envelope-normalised,0.25578351231500773,0.4,1350,669,
engert_20220301_visualmagnet_a,zebrafish 0.4 Hz (2022 Q1),white,0.25578351231500773,0.4,1350,675,
engert_20220301_visualmagnet_a,zebrafish 0.4 Hz (2022 Q1),real,0.26212801196772983,0.4,1350,666,
engert_20220301_visualmagnet_a,zebrafish 0.4 Hz (2022 Q1),detrended + envelope-normalised,0.26212801196772983,0.4,1350,656,
engert_20220301_visualmagnet_a,zebrafish 0.4 Hz (2022 Q1),white,0.26212801196772983,0.4,1350,675,
engert_20220301_visualmagnet_a,zebrafish 0.4 Hz (2022 Q1),real,0.268472511620452,0.4,1350,713,
engert_20220301_visualmagnet_a,zebrafish 0.4 Hz (2022 Q1),detrended + envelope-normalised,0.268472511620452,0.4,1350,723,
engert_20220301_visualmagnet_a,zebrafish 0.4 Hz (2022 Q1),white,0.268472511620452,0.4,1350,675,
engert_20220301_visualmagnet_a,zebrafish 0.4 Hz (2022 Q1),real,0.2751509323075279,0.4,1350,658,
engert_20220301_visualmagnet_a,zebrafish 0.4 Hz (2022 Q1),detrended + envelope-normalised,0.2751509323075279,0.4,1350,636,
engert_20220301_visualmagnet_a,zebrafish 0.4 Hz (2022 Q1),white,0.2751509323075279,0.4,1350,682,
engert_20220301_visualmagnet_a,zebrafish 0.4 Hz (2022 Q1),real,0.28216327402895763,0.4,1350,670,
engert_20220301_visualmagnet_a,zebrafish 0.4 Hz (2022 Q1),detrended + envelope-normalised,0.28216327402895763,0.4,1350,661,
engert_20220301_visualmagnet_a,zebrafish 0.4 Hz (2022 Q1),white,0.28216327402895763,0.4,1350,656,
engert_20220301_visualmagnet_a,zebrafish 0.4 Hz (2022 Q1),real,0.2891756157503873,0.4,1350,668,
engert_20220301_visualmagnet_a,zebrafish 0.4 Hz (2022 Q1),detrended + envelope-normalised,0.2891756157503873,0.4,1350,675,
engert_20220301_visualmagnet_a,zebrafish 0.4 Hz (2022 Q1),white,0.2891756157503873,0.4,1350,688,
engert_20220301_visualmagnet_a,zebrafish 0.4 Hz (2022 Q1),real,0.29652187850617084,0.4,1350,696,
engert_20220301_visualmagnet_a,zebrafish 0.4 Hz (2022 Q1),detrended + envelope-normalised,0.29652187850617084,0.4,1350,696,
engert_20220301_visualmagnet_a,zebrafish 0.4 Hz (2022 Q1),white,0.29652187850617084,0.4,1350,694,
engert_20220301_visualmagnet_a,zebrafish 0.4 Hz (2022 Q1),real,0.3038681412619543,0.4,1350,662,
engert_20220301_visualmagnet_a,zebrafish 0.4 Hz (2022 Q1),detrended + envelope-normalised,0.3038681412619543,0.4,1350,652,
engert_20220301_visualmagnet_a,zebrafish 0.4 Hz (2022 Q1),white,0.3038681412619543,0.4,1350,650,
engert_20220301_visualmagnet_a,zebrafish 0.4 Hz (2022 Q1),real,0.3115483250520917,0.4,1350,668,
engert_20220301_visualmagnet_a,zebrafish 0.4 Hz (2022 Q1),detrended + envelope-normalised,0.3115483250520917,0.4,1350,683,
engert_20220301_visualmagnet_a,zebrafish 0.4 Hz (2022 Q1),white,0.3115483250520917,0.4,1350,692,
engert_20220301_visualmagnet_a,zebrafish 0.4 Hz (2022 Q1),real,0.319228508842229,0.4,1350,672,
engert_20220301_visualmagnet_a,zebrafish 0.4 Hz (2022 Q1),detrended + envelope-normalised,0.319228508842229,0.4,1350,650,
engert_20220301_visualmagnet_a,zebrafish 0.4 Hz (2022 Q1),white,0.319228508842229,0.4,1350,677,
engert_20220301_visualmagnet_a,zebrafish 0.4 Hz (2022 Q1),real,0.3272426136667201,0.4,1350,666,
engert_20220301_visualmagnet_a,zebrafish 0.4 Hz (2022 Q1),detrended + envelope-normalised,0.3272426136667201,0.4,1350,651,
engert_20220301_visualmagnet_a,zebrafish 0.4 Hz (2022 Q1),white,0.3272426136667201,0.4,1350,672,
engert_20220301_visualmagnet_a,zebrafish 0.4 Hz (2022 Q1),real,0.3352567184912112,0.4,1350,702,
engert_20220301_visualmagnet_a,zebrafish 0.4 Hz (2022 Q1),detrended + envelope-normalised,0.3352567184912112,0.4,1350,707,
engert_20220301_visualmagnet_a,zebrafish 0.4 Hz (2022 Q1),white,0.3352567184912112,0.4,1350,700,
engert_20220301_visualmagnet_a,zebrafish 0.4 Hz (2022 Q1),real,0.34360474435005606,0.4,1350,666,
engert_20220301_visualmagnet_a,zebrafish 0.4 Hz (2022 Q1),detrended + envelope-normalised,0.34360474435005606,0.4,1350,670,
engert_20220301_visualmagnet_a,zebrafish 0.4 Hz (2022 Q1),white,0.34360474435005606,0.4,1350,717,
engert_20220301_visualmagnet_a,zebrafish 0.4 Hz (2022 Q1),real,0.3522866912432548,0.4,1350,664,
engert_20220301_visualmagnet_a,zebrafish 0.4 Hz (2022 Q1),detrended + envelope-normalised,0.3522866912432548,0.4,1350,684,
engert_20220301_visualmagnet_a,zebrafish 0.4 Hz (2022 Q1),white,0.3522866912432548,0.4,1350,681,
engert_20220301_visualmagnet_a,zebrafish 0.4 Hz (2022 Q1),real,0.3613025591708073,0.4,1350,761,
engert_20220301_visualmagnet_a,zebrafish 0.4 Hz (2022 Q1),detrended + envelope-normalised,0.3613025591708073,0.4,1350,746,
engert_20220301_visualmagnet_a,zebrafish 0.4 Hz (2022 Q1),white,0.3613025591708073,0.4,1350,663,
engert_20220301_visualmagnet_a,zebrafish 0.4 Hz (2022 Q1),real,0.37031842709835977,0.4,1350,641,
engert_20220301_visualmagnet_a,zebrafish 0.4 Hz (2022 Q1),detrended + envelope-normalised,0.37031842709835977,0.4,1350,647,
engert_20220301_visualmagnet_a,zebrafish 0.4 Hz (2022 Q1),white,0.37031842709835977,0.4,1350,664,
engert_20220301_visualmagnet_a,zebrafish 0.4 Hz (2022 Q1),real,0.37933429502591226,0.4,1350,685,
engert_20220301_visualmagnet_a,zebrafish 0.4 Hz (2022 Q1),detrended + envelope-normalised,0.37933429502591226,0.4,1350,696,
engert_20220301_visualmagnet_a,zebrafish 0.4 Hz (2022 Q1),white,0.37933429502591226,0.4,1350,701,
engert_20220301_visualmagnet_a,zebrafish 0.4 Hz (2022 Q1),real,0.3890180050221723,0.4,1350,658,
engert_20220301_visualmagnet_a,zebrafish 0.4 Hz (2022 Q1),detrended + envelope-normalised,0.3890180050221723,0.4,1350,662,
engert_20220301_visualmagnet_a,zebrafish 0.4 Hz (2022 Q1),white,0.3890180050221723,0.4,1350,664,
engert_20220301_visualmagnet_a,zebrafish 0.4 Hz (2022 Q1),real,0.39870171501843243,0.4,1350,684,
engert_20220301_visualmagnet_a,zebrafish 0.4 Hz (2022 Q1),detrended + envelope-normalised,0.39870171501843243,0.4,1350,680,
engert_20220301_visualmagnet_a,zebrafish 0.4 Hz (2022 Q1),white,0.39870171501843243,0.4,1350,655,
engert_20220301_visualmagnet_a,zebrafish 0.4 Hz (2022 Q1),real,0.4087193460490463,0.4,1350,667,
engert_20220301_visualmagnet_a,zebrafish 0.4 Hz (2022 Q1),detrended + envelope-normalised,0.4087193460490463,0.4,1350,672,
engert_20220301_visualmagnet_a,zebrafish 0.4 Hz (2022 Q1),white,0.4087193460490463,0.4,1350,694,
engert_20220301_visualmagnet_a,zebrafish 0.4 Hz (2022 Q1),real,0.4187369770796602,0.4,1350,637,
engert_20220301_visualmagnet_a,zebrafish 0.4 Hz (2022 Q1),detrended + envelope-normalised,0.4187369770796602,0.4,1350,646,
engert_20220301_visualmagnet_a,zebrafish 0.4 Hz (2022 Q1),white,0.4187369770796602,0.4,1350,694,
engert_20220301_visualmagnet_a,zebrafish 0.4 Hz (2022 Q1),real,0.4294224501789816,0.4,1350,635,
engert_20220301_visualmagnet_a,zebrafish 0.4 Hz (2022 Q1),detrended + envelope-normalised,0.4294224501789816,0.4,1350,638,
engert_20220301_visualmagnet_a,zebrafish 0.4 Hz (2022 Q1),white,0.4294224501789816,0.4,1350,668,
engert_20220301_visualmagnet_a,zebrafish 0.4 Hz (2022 Q1),near stimulus,0.3900197681252337,0.4,1350,748,-30.0
engert_20220301_visualmagnet_a,zebrafish 0.4 Hz (2022 Q1),near stimulus,0.3903536891595875,0.4,1350,684,-29.0
engert_20220301_visualmagnet_a,zebrafish 0.4 Hz (2022 Q1),near stimulus,0.3906876101939413,0.4,1350,651,-28.0
engert_20220301_visualmagnet_a,zebrafish 0.4 Hz (2022 Q1),near stimulus,0.3910215312282951,0.4,1350,685,-27.0
engert_20220301_visualmagnet_a,zebrafish 0.4 Hz (2022 Q1),near stimulus,0.3913554522626489,0.4,1350,683,-26.0
engert_20220301_visualmagnet_a,zebrafish 0.4 Hz (2022 Q1),near stimulus,0.3916893732970027,0.4,1350,664,-25.0
engert_20220301_visualmagnet_a,zebrafish 0.4 Hz (2022 Q1),near stimulus,0.39202329433135646,0.4,1350,644,-24.0
engert_20220301_visualmagnet_a,zebrafish 0.4 Hz (2022 Q1),near stimulus,0.3923572153657103,0.4,1350,672,-23.0
engert_20220301_visualmagnet_a,zebrafish 0.4 Hz (2022 Q1),near stimulus,0.3926911364000641,0.4,1350,668,-22.0
engert_20220301_visualmagnet_a,zebrafish 0.4 Hz (2022 Q1),near stimulus,0.3930250574344179,0.4,1350,674,-21.0
engert_20220301_visualmagnet_a,zebrafish 0.4 Hz (2022 Q1),near stimulus,0.39335897846877166,0.4,1350,678,-20.0
engert_20220301_visualmagnet_a,zebrafish 0.4 Hz (2022 Q1),near stimulus,0.39369289950312547,0.4,1350,635,-19.0
engert_20220301_visualmagnet_a,zebrafish 0.4 Hz (2022 Q1),near stimulus,0.3940268205374793,0.4,1350,662,-18.0
engert_20220301_visualmagnet_a,zebrafish 0.4 Hz (2022 Q1),near stimulus,0.39436074157183304,0.4,1350,661,-17.0
engert_20220301_visualmagnet_a,zebrafish 0.4 Hz (2022 Q1),near stimulus,0.39469466260618685,0.4,1350,657,-16.0
engert_20220301_visualmagnet_a,zebrafish 0.4 Hz (2022 Q1),near stimulus,0.39502858364054066,0.4,1350,687,-15.0
engert_20220301_visualmagnet_a,zebrafish 0.4 Hz (2022 Q1),near stimulus,0.3953625046748944,0.4,1350,673,-14.0
engert_20220301_visualmagnet_a,zebrafish 0.4 Hz (2022 Q1),near stimulus,0.39569642570924823,0.4,1350,665,-13.0
engert_20220301_visualmagnet_a,zebrafish 0.4 Hz (2022 Q1),near stimulus,0.39603034674360205,0.4,1350,662,-12.0
engert_20220301_visualmagnet_a,zebrafish 0.4 Hz (2022 Q1),near stimulus,0.39636426777795586,0.4,1350,657,-11.0
engert_20220301_visualmagnet_a,zebrafish 0.4 Hz (2022 Q1),near stimulus,0.3966981888123096,0.4,1350,724,-10.0
engert_20220301_visualmagnet_a,zebrafish 0.4 Hz (2022 Q1),near stimulus,0.39703210984666343,0.4,1350,720,-9.0
engert_20220301_visualmagnet_a,zebrafish 0.4 Hz (2022 Q1),near stimulus,0.39736603088101724,0.4,1350,742,-8.0
engert_20220301_visualmagnet_a,zebrafish 0.4 Hz (2022 Q1),near stimulus,0.397699951915371,0.4,1350,690,-7.0
engert_20220301_visualmagnet_a,zebrafish 0.4 Hz (2022 Q1),near stimulus,0.3980338729497248,0.4,1350,654,-6.0
engert_20220301_visualmagnet_a,zebrafish 0.4 Hz (2022 Q1),near stimulus,0.3983677939840786,0.4,1350,685,-5.0
engert_20220301_visualmagnet_a,zebrafish 0.4 Hz (2022 Q1),near stimulus,0.39870171501843243,0.4,1350,684,-4.0
engert_20220301_visualmagnet_a,zebrafish 0.4 Hz (2022 Q1),near stimulus,0.3990356360527862,0.4,1350,677,-3.0
engert_20220301_visualmagnet_a,zebrafish 0.4 Hz (2022 Q1),near stimulus,0.39936955708714,0.4,1350,697,-2.0
engert_20220301_visualmagnet_a,zebrafish 0.4 Hz (2022 Q1),near stimulus,0.3997034781214938,0.4,1350,681,-1.0
engert_20220301_visualmagnet_a,zebrafish 0.4 Hz (2022 Q1),near stimulus,0.4000373991558476,0.4,1350,711,0.0
engert_20220301_visualmagnet_a,zebrafish 0.4 Hz (2022 Q1),near stimulus,0.4003713201902014,0.4,1350,669,1.0
engert_20220301_visualmagnet_a,zebrafish 0.4 Hz (2022 Q1),near stimulus,0.4007052412245552,0.4,1350,664,2.0
engert_20220301_visualmagnet_a,zebrafish 0.4 Hz (2022 Q1),near stimulus,0.40103916225890895,0.4,1350,706,3.0
engert_20220301_visualmagnet_a,zebrafish 0.4 Hz (2022 Q1),near stimulus,0.40137308329326277,0.4,1350,780,4.0
engert_20220301_visualmagnet_a,zebrafish 0.4 Hz (2022 Q1),near stimulus,0.4017070043276166,0.4,1350,682,5.0
engert_20220301_visualmagnet_a,zebrafish 0.4 Hz (2022 Q1),near stimulus,0.4020409253619704,0.4,1350,689,6.0
engert_20220301_visualmagnet_a,zebrafish 0.4 Hz (2022 Q1),near stimulus,0.40237484639632415,0.4,1350,683,7.0
engert_20220301_visualmagnet_a,zebrafish 0.4 Hz (2022 Q1),near stimulus,0.40270876743067796,0.4,1350,676,8.0
engert_20220301_visualmagnet_a,zebrafish 0.4 Hz (2022 Q1),near stimulus,0.4030426884650318,0.4,1350,727,9.0
engert_20220301_visualmagnet_a,zebrafish 0.4 Hz (2022 Q1),near stimulus,0.40337660949938553,0.4,1350,650,10.0
engert_20220301_visualmagnet_a,zebrafish 0.4 Hz (2022 Q1),near stimulus,0.40371053053373934,0.4,1350,698,11.0
engert_20220301_visualmagnet_a,zebrafish 0.4 Hz (2022 Q1),near stimulus,0.40404445156809315,0.4,1350,655,12.0
engert_20220301_visualmagnet_a,zebrafish 0.4 Hz (2022 Q1),near stimulus,0.4043783726024469,0.4,1350,654,13.0
engert_20220301_visualmagnet_a,zebrafish 0.4 Hz (2022 Q1),near stimulus,0.4047122936368007,0.4,1350,661,14.0
engert_20220301_visualmagnet_a,zebrafish 0.4 Hz (2022 Q1),near stimulus,0.40504621467115454,0.4,1350,658,15.0
engert_20220301_visualmagnet_a,zebrafish 0.4 Hz (2022 Q1),near stimulus,0.40538013570550835,0.4,1350,660,16.0
engert_20220301_visualmagnet_a,zebrafish 0.4 Hz (2022 Q1),near stimulus,0.4057140567398621,0.4,1350,674,17.0
engert_20220301_visualmagnet_a,zebrafish 0.4 Hz (2022 Q1),near stimulus,0.4060479777742159,0.4,1350,666,18.0
engert_20220301_visualmagnet_a,zebrafish 0.4 Hz (2022 Q1),near stimulus,0.40638189880856973,0.4,1350,664,19.0
engert_20220301_visualmagnet_a,zebrafish 0.4 Hz (2022 Q1),near stimulus,0.4067158198429235,0.4,1350,682,20.0
engert_20220301_visualmagnet_a,zebrafish 0.4 Hz (2022 Q1),near stimulus,0.4070497408772773,0.4,1350,660,21.0
engert_20220301_visualmagnet_a,zebrafish 0.4 Hz (2022 Q1),near stimulus,0.4073836619116311,0.4,1350,666,22.0
engert_20220301_visualmagnet_a,zebrafish 0.4 Hz (2022 Q1),near stimulus,0.4077175829459849,0.4,1350,642,23.0
engert_20220301_visualmagnet_a,zebrafish 0.4 Hz (2022 Q1),near stimulus,0.4080515039803387,0.4,1350,676,24.0
engert_20220301_visualmagnet_a,zebrafish 0.4 Hz (2022 Q1),near stimulus,0.4083854250146925,0.4,1350,656,25.0
engert_20220301_visualmagnet_a,zebrafish 0.4 Hz (2022 Q1),near stimulus,0.4087193460490463,0.4,1350,667,26.0
engert_20220301_visualmagnet_a,zebrafish 0.4 Hz (2022 Q1),near stimulus,0.40905326708340006,0.4,1350,702,27.0
engert_20220301_visualmagnet_a,zebrafish 0.4 Hz (2022 Q1),near stimulus,0.4093871881177539,0.4,1350,672,28.0
engert_20220301_visualmagnet_a,zebrafish 0.4 Hz (2022 Q1),near stimulus,0.4097211091521077,0.4,1350,660,29.0
engert_20220301_visualmagnet_a,zebrafish 0.4 Hz (2022 Q1),near stimulus,0.41005503018646144,0.4,1350,627,30.0
engert_20220301_visualmagnet_b,zebrafish 0.4 Hz (2022 Q1),real,0.1001763103061388,0.4,1348,732,
engert_20220301_visualmagnet_b,zebrafish 0.4 Hz (2022 Q1),detrended + envelope-normalised,0.1001763103061388,0.4,1348,736,
engert_20220301_visualmagnet_b,zebrafish 0.4 Hz (2022 Q1),white,0.1001763103061388,0.4,1348,670,
engert_20220301_visualmagnet_b,zebrafish 0.4 Hz (2022 Q1),real,0.10251375754661536,0.4,1348,613,
engert_20220301_visualmagnet_b,zebrafish 0.4 Hz (2022 Q1),detrended + envelope-normalised,0.10251375754661536,0.4,1348,631,
engert_20220301_visualmagnet_b,zebrafish 0.4 Hz (2022 Q1),white,0.10251375754661536,0.4,1348,705,
engert_20220301_visualmagnet_b,zebrafish 0.4 Hz (2022 Q1),real,0.10518512582144574,0.4,1348,630,
engert_20220301_visualmagnet_b,zebrafish 0.4 Hz (2022 Q1),detrended + envelope-normalised,0.10518512582144574,0.4,1348,629,
engert_20220301_visualmagnet_b,zebrafish 0.4 Hz (2022 Q1),white,0.10518512582144574,0.4,1348,674,
engert_20220301_visualmagnet_b,zebrafish 0.4 Hz (2022 Q1),real,0.10785649409627611,0.4,1348,654,
engert_20220301_visualmagnet_b,zebrafish 0.4 Hz (2022 Q1),detrended + envelope-normalised,0.10785649409627611,0.4,1348,641,
engert_20220301_visualmagnet_b,zebrafish 0.4 Hz (2022 Q1),white,0.10785649409627611,0.4,1348,666,
engert_20220301_visualmagnet_b,zebrafish 0.4 Hz (2022 Q1),real,0.11052786237110647,0.4,1348,651,
engert_20220301_visualmagnet_b,zebrafish 0.4 Hz (2022 Q1),detrended + envelope-normalised,0.11052786237110647,0.4,1348,655,
engert_20220301_visualmagnet_b,zebrafish 0.4 Hz (2022 Q1),white,0.11052786237110647,0.4,1348,662,
engert_20220301_visualmagnet_b,zebrafish 0.4 Hz (2022 Q1),real,0.11319923064593684,0.4,1348,617,
engert_20220301_visualmagnet_b,zebrafish 0.4 Hz (2022 Q1),detrended + envelope-normalised,0.11319923064593684,0.4,1348,637,
engert_20220301_visualmagnet_b,zebrafish 0.4 Hz (2022 Q1),white,0.11319923064593684,0.4,1348,640,
engert_20220301_visualmagnet_b,zebrafish 0.4 Hz (2022 Q1),real,0.1158705989207672,0.4,1348,621,
engert_20220301_visualmagnet_b,zebrafish 0.4 Hz (2022 Q1),detrended + envelope-normalised,0.1158705989207672,0.4,1348,632,
engert_20220301_visualmagnet_b,zebrafish 0.4 Hz (2022 Q1),white,0.1158705989207672,0.4,1348,680,
engert_20220301_visualmagnet_b,zebrafish 0.4 Hz (2022 Q1),real,0.11887588822995138,0.4,1348,655,
engert_20220301_visualmagnet_b,zebrafish 0.4 Hz (2022 Q1),detrended + envelope-normalised,0.11887588822995138,0.4,1348,660,
engert_20220301_visualmagnet_b,zebrafish 0.4 Hz (2022 Q1),white,0.11887588822995138,0.4,1348,680,
engert_20220301_visualmagnet_b,zebrafish 0.4 Hz (2022 Q1),real,0.12188117753913554,0.4,1348,676,
engert_20220301_visualmagnet_b,zebrafish 0.4 Hz (2022 Q1),detrended + envelope-normalised,0.12188117753913554,0.4,1348,674,
engert_20220301_visualmagnet_b,zebrafish 0.4 Hz (2022 Q1),white,0.12188117753913554,0.4,1348,674,
engert_20220301_visualmagnet_b,zebrafish 0.4 Hz (2022 Q1),real,0.1248864668483197,0.4,1348,624,
engert_20220301_visualmagnet_b,zebrafish 0.4 Hz (2022 Q1),detrended + envelope-normalised,0.1248864668483197,0.4,1348,641,
engert_20220301_visualmagnet_b,zebrafish 0.4 Hz (2022 Q1),white,0.1248864668483197,0.4,1348,685,
engert_20220301_visualmagnet_b,zebrafish 0.4 Hz (2022 Q1),real,0.12789175615750387,0.4,1348,669,
engert_20220301_visualmagnet_b,zebrafish 0.4 Hz (2022 Q1),detrended + envelope-normalised,0.12789175615750387,0.4,1348,670,
engert_20220301_visualmagnet_b,zebrafish 0.4 Hz (2022 Q1),white,0.12789175615750387,0.4,1348,670,
engert_20220301_visualmagnet_b,zebrafish 0.4 Hz (2022 Q1),real,0.13123096650104182,0.4,1348,644,
engert_20220301_visualmagnet_b,zebrafish 0.4 Hz (2022 Q1),detrended + envelope-normalised,0.13123096650104182,0.4,1348,653,
engert_20220301_visualmagnet_b,zebrafish 0.4 Hz (2022 Q1),white,0.13123096650104182,0.4,1348,662,
engert_20220301_visualmagnet_b,zebrafish 0.4 Hz (2022 Q1),real,0.13457017684457978,0.4,1348,647,
engert_20220301_visualmagnet_b,zebrafish 0.4 Hz (2022 Q1),detrended + envelope-normalised,0.13457017684457978,0.4,1348,670,
engert_20220301_visualmagnet_b,zebrafish 0.4 Hz (2022 Q1),white,0.13457017684457978,0.4,1348,683,
engert_20220301_visualmagnet_b,zebrafish 0.4 Hz (2022 Q1),real,0.13790938718811774,0.4,1348,664,
engert_20220301_visualmagnet_b,zebrafish 0.4 Hz (2022 Q1),detrended + envelope-normalised,0.13790938718811774,0.4,1348,666,
engert_20220301_visualmagnet_b,zebrafish 0.4 Hz (2022 Q1),white,0.13790938718811774,0.4,1348,671,
engert_20220301_visualmagnet_b,zebrafish 0.4 Hz (2022 Q1),real,0.1412485975316557,0.4,1348,672,
engert_20220301_visualmagnet_b,zebrafish 0.4 Hz (2022 Q1),detrended + envelope-normalised,0.1412485975316557,0.4,1348,689,
engert_20220301_visualmagnet_b,zebrafish 0.4 Hz (2022 Q1),white,0.1412485975316557,0.4,1348,658,
engert_20220301_visualmagnet_b,zebrafish 0.4 Hz (2022 Q1),real,0.14492172890954746,0.4,1348,660,
engert_20220301_visualmagnet_b,zebrafish 0.4 Hz (2022 Q1),detrended + envelope-normalised,0.14492172890954746,0.4,1348,676,
engert_20220301_visualmagnet_b,zebrafish 0.4 Hz (2022 Q1),white,0.14492172890954746,0.4,1348,665,
engert_20220301_visualmagnet_b,zebrafish 0.4 Hz (2022 Q1),real,0.1485948602874392,0.4,1348,642,
engert_20220301_visualmagnet_b,zebrafish 0.4 Hz (2022 Q1),detrended + envelope-normalised,0.1485948602874392,0.4,1348,662,
engert_20220301_visualmagnet_b,zebrafish 0.4 Hz (2022 Q1),white,0.1485948602874392,0.4,1348,683,
engert_20220301_visualmagnet_b,zebrafish 0.4 Hz (2022 Q1),real,0.15226799166533098,0.4,1348,660,
engert_20220301_visualmagnet_b,zebrafish 0.4 Hz (2022 Q1),detrended + envelope-normalised,0.15226799166533098,0.4,1348,661,
engert_20220301_visualmagnet_b,zebrafish 0.4 Hz (2022 Q1),white,0.15226799166533098,0.4,1348,695,
engert_20220301_visualmagnet_b,zebrafish 0.4 Hz (2022 Q1),real,0.15594112304322272,0.4,1348,660,
engert_20220301_visualmagnet_b,zebrafish 0.4 Hz (2022 Q1),detrended + envelope-normalised,0.15594112304322272,0.4,1348,636,
engert_20220301_visualmagnet_b,zebrafish 0.4 Hz (2022 Q1),white,0.15594112304322272,0.4,1348,654,
engert_20220301_visualmagnet_b,zebrafish 0.4 Hz (2022 Q1),real,0.15994817545546827,0.4,1348,655,
engert_20220301_visualmagnet_b,zebrafish 0.4 Hz (2022 Q1),detrended + envelope-normalised,0.15994817545546827,0.4,1348,656,
engert_20220301_visualmagnet_b,zebrafish 0.4 Hz (2022 Q1),white,0.15994817545546827,0.4,1348,669,
engert_20220301_visualmagnet_b,zebrafish 0.4 Hz (2022 Q1),real,0.16395522786771383,0.4,1348,656,
engert_20220301_visualmagnet_b,zebrafish 0.4 Hz (2022 Q1),detrended + envelope-normalised,0.16395522786771383,0.4,1348,666,
engert_20220301_visualmagnet_b,zebrafish 0.4 Hz (2022 Q1),white,0.16395522786771383,0.4,1348,713,
engert_20220301_visualmagnet_b,zebrafish 0.4 Hz (2022 Q1),real,0.16796228027995938,0.4,1348,679,
engert_20220301_visualmagnet_b,zebrafish 0.4 Hz (2022 Q1),detrended + envelope-normalised,0.16796228027995938,0.4,1348,680,
engert_20220301_visualmagnet_b,zebrafish 0.4 Hz (2022 Q1),white,0.16796228027995938,0.4,1348,681,
engert_20220301_visualmagnet_b,zebrafish 0.4 Hz (2022 Q1),real,0.17230325372655872,0.4,1348,727,
engert_20220301_visualmagnet_b,zebrafish 0.4 Hz (2022 Q1),detrended + envelope-normalised,0.17230325372655872,0.4,1348,739,
engert_20220301_visualmagnet_b,zebrafish 0.4 Hz (2022 Q1),white,0.17230325372655872,0.4,1348,662,
engert_20220301_visualmagnet_b,zebrafish 0.4 Hz (2022 Q1),real,0.17664422717315809,0.4,1348,663,
engert_20220301_visualmagnet_b,zebrafish 0.4 Hz (2022 Q1),detrended + envelope-normalised,0.17664422717315809,0.4,1348,680,
engert_20220301_visualmagnet_b,zebrafish 0.4 Hz (2022 Q1),white,0.17664422717315809,0.4,1348,736,
engert_20220301_visualmagnet_b,zebrafish 0.4 Hz (2022 Q1),real,0.18098520061975742,0.4,1348,673,
engert_20220301_visualmagnet_b,zebrafish 0.4 Hz (2022 Q1),detrended + envelope-normalised,0.18098520061975742,0.4,1348,666,
engert_20220301_visualmagnet_b,zebrafish 0.4 Hz (2022 Q1),white,0.18098520061975742,0.4,1348,655,
engert_20220301_visualmagnet_b,zebrafish 0.4 Hz (2022 Q1),real,0.18532617406635676,0.4,1348,675,
engert_20220301_visualmagnet_b,zebrafish 0.4 Hz (2022 Q1),detrended + envelope-normalised,0.18532617406635676,0.4,1348,690,
engert_20220301_visualmagnet_b,zebrafish 0.4 Hz (2022 Q1),white,0.18532617406635676,0.4,1348,683,
engert_20220301_visualmagnet_b,zebrafish 0.4 Hz (2022 Q1),real,0.19000106854730991,0.4,1348,647,
engert_20220301_visualmagnet_b,zebrafish 0.4 Hz (2022 Q1),detrended + envelope-normalised,0.19000106854730991,0.4,1348,657,
engert_20220301_visualmagnet_b,zebrafish 0.4 Hz (2022 Q1),white,0.19000106854730991,0.4,1348,685,
engert_20220301_visualmagnet_b,zebrafish 0.4 Hz (2022 Q1),real,0.19467596302826307,0.4,1348,646,
engert_20220301_visualmagnet_b,zebrafish 0.4 Hz (2022 Q1),detrended + envelope-normalised,0.19467596302826307,0.4,1348,639,
engert_20220301_visualmagnet_b,zebrafish 0.4 Hz (2022 Q1),white,0.19467596302826307,0.4,1348,705,
engert_20220301_visualmagnet_b,zebrafish 0.4 Hz (2022 Q1),real,0.19968477854357,0.4,1348,656,
engert_20220301_visualmagnet_b,zebrafish 0.4 Hz (2022 Q1),detrended + envelope-normalised,0.19968477854357,0.4,1348,652,
engert_20220301_visualmagnet_b,zebrafish 0.4 Hz (2022 Q1),white,0.19968477854357,0.4,1348,675,
engert_20220301_visualmagnet_b,zebrafish 0.4 Hz (2022 Q1),real,0.20469359405887694,0.4,1348,689,
engert_20220301_visualmagnet_b,zebrafish 0.4 Hz (2022 Q1),detrended + envelope-normalised,0.20469359405887694,0.4,1348,682,
engert_20220301_visualmagnet_b,zebrafish 0.4 Hz (2022 Q1),white,0.20469359405887694,0.4,1348,671,
engert_20220301_visualmagnet_b,zebrafish 0.4 Hz (2022 Q1),real,0.20970240957418387,0.4,1348,637,
engert_20220301_visualmagnet_b,zebrafish 0.4 Hz (2022 Q1),detrended + envelope-normalised,0.20970240957418387,0.4,1348,638,
engert_20220301_visualmagnet_b,zebrafish 0.4 Hz (2022 Q1),white,0.20970240957418387,0.4,1348,684,
engert_20220301_visualmagnet_b,zebrafish 0.4 Hz (2022 Q1),real,0.21504514612384462,0.4,1348,698,
engert_20220301_visualmagnet_b,zebrafish 0.4 Hz (2022 Q1),detrended + envelope-normalised,0.21504514612384462,0.4,1348,675,
engert_20220301_visualmagnet_b,zebrafish 0.4 Hz (2022 Q1),white,0.21504514612384462,0.4,1348,676,
engert_20220301_visualmagnet_b,zebrafish 0.4 Hz (2022 Q1),real,0.22038788267350534,0.4,1348,671,
engert_20220301_visualmagnet_b,zebrafish 0.4 Hz (2022 Q1),detrended + envelope-normalised,0.22038788267350534,0.4,1348,656,
engert_20220301_visualmagnet_b,zebrafish 0.4 Hz (2022 Q1),white,0.22038788267350534,0.4,1348,686,
engert_20220301_visualmagnet_b,zebrafish 0.4 Hz (2022 Q1),real,0.22606454025751987,0.4,1348,663,
engert_20220301_visualmagnet_b,zebrafish 0.4 Hz (2022 Q1),detrended + envelope-normalised,0.22606454025751987,0.4,1348,668,
engert_20220301_visualmagnet_b,zebrafish 0.4 Hz (2022 Q1),white,0.22606454025751987,0.4,1348,656,
engert_20220301_visualmagnet_b,zebrafish 0.4 Hz (2022 Q1),real,0.2317411978415344,0.4,1348,655,
engert_20220301_visualmagnet_b,zebrafish 0.4 Hz (2022 Q1),detrended + envelope-normalised,0.2317411978415344,0.4,1348,659,
engert_20220301_visualmagnet_b,zebrafish 0.4 Hz (2022 Q1),white,0.2317411978415344,0.4,1348,675,
engert_20220301_visualmagnet_b,zebrafish 0.4 Hz (2022 Q1),real,0.23741785542554894,0.4,1348,660,
engert_20220301_visualmagnet_b,zebrafish 0.4 Hz (2022 Q1),detrended + envelope-normalised,0.23741785542554894,0.4,1348,664,
engert_20220301_visualmagnet_b,zebrafish 0.4 Hz (2022 Q1),white,0.23741785542554894,0.4,1348,638,
engert_20220301_visualmagnet_b,zebrafish 0.4 Hz (2022 Q1),real,0.24342843404391729,0.4,1348,662,
engert_20220301_visualmagnet_b,zebrafish 0.4 Hz (2022 Q1),detrended + envelope-normalised,0.24342843404391729,0.4,1348,649,
engert_20220301_visualmagnet_b,zebrafish 0.4 Hz (2022 Q1),white,0.24342843404391729,0.4,1348,662,
engert_20220301_visualmagnet_b,zebrafish 0.4 Hz (2022 Q1),real,0.2494390126622856,0.4,1348,708,
engert_20220301_visualmagnet_b,zebrafish 0.4 Hz (2022 Q1),detrended + envelope-normalised,0.2494390126622856,0.4,1348,709,
engert_20220301_visualmagnet_b,zebrafish 0.4 Hz (2022 Q1),white,0.2494390126622856,0.4,1348,658,
engert_20220301_visualmagnet_b,zebrafish 0.4 Hz (2022 Q1),real,0.25578351231500773,0.4,1348,676,
engert_20220301_visualmagnet_b,zebrafish 0.4 Hz (2022 Q1),detrended + envelope-normalised,0.25578351231500773,0.4,1348,681,
engert_20220301_visualmagnet_b,zebrafish 0.4 Hz (2022 Q1),white,0.25578351231500773,0.4,1348,656,
engert_20220301_visualmagnet_b,zebrafish 0.4 Hz (2022 Q1),real,0.26212801196772983,0.4,1348,652,
engert_20220301_visualmagnet_b,zebrafish 0.4 Hz (2022 Q1),detrended + envelope-normalised,0.26212801196772983,0.4,1348,643,
engert_20220301_visualmagnet_b,zebrafish 0.4 Hz (2022 Q1),white,0.26212801196772983,0.4,1348,663,
engert_20220301_visualmagnet_b,zebrafish 0.4 Hz (2022 Q1),real,0.268472511620452,0.4,1348,670,
engert_20220301_visualmagnet_b,zebrafish 0.4 Hz (2022 Q1),detrended + envelope-normalised,0.268472511620452,0.4,1348,673,
engert_20220301_visualmagnet_b,zebrafish 0.4 Hz (2022 Q1),white,0.268472511620452,0.4,1348,678,
engert_20220301_visualmagnet_b,zebrafish 0.4 Hz (2022 Q1),real,0.2751509323075279,0.4,1348,679,
engert_20220301_visualmagnet_b,zebrafish 0.4 Hz (2022 Q1),detrended + envelope-normalised,0.2751509323075279,0.4,1348,671,
engert_20220301_visualmagnet_b,zebrafish 0.4 Hz (2022 Q1),white,0.2751509323075279,0.4,1348,692,
engert_20220301_visualmagnet_b,zebrafish 0.4 Hz (2022 Q1),real,0.28216327402895763,0.4,1348,670,
engert_20220301_visualmagnet_b,zebrafish 0.4 Hz (2022 Q1),detrended + envelope-normalised,0.28216327402895763,0.4,1348,663,
engert_20220301_visualmagnet_b,zebrafish 0.4 Hz (2022 Q1),white,0.28216327402895763,0.4,1348,676,
engert_20220301_visualmagnet_b,zebrafish 0.4 Hz (2022 Q1),real,0.2891756157503873,0.4,1348,698,
engert_20220301_visualmagnet_b,zebrafish 0.4 Hz (2022 Q1),detrended + envelope-normalised,0.2891756157503873,0.4,1348,685,
engert_20220301_visualmagnet_b,zebrafish 0.4 Hz (2022 Q1),white,0.2891756157503873,0.4,1348,644,
engert_20220301_visualmagnet_b,zebrafish 0.4 Hz (2022 Q1),real,0.29652187850617084,0.4,1348,683,
engert_20220301_visualmagnet_b,zebrafish 0.4 Hz (2022 Q1),detrended + envelope-normalised,0.29652187850617084,0.4,1348,685,
engert_20220301_visualmagnet_b,zebrafish 0.4 Hz (2022 Q1),white,0.29652187850617084,0.4,1348,663,
engert_20220301_visualmagnet_b,zebrafish 0.4 Hz (2022 Q1),real,0.3038681412619543,0.4,1348,650,
engert_20220301_visualmagnet_b,zebrafish 0.4 Hz (2022 Q1),detrended + envelope-normalised,0.3038681412619543,0.4,1348,655,
engert_20220301_visualmagnet_b,zebrafish 0.4 Hz (2022 Q1),white,0.3038681412619543,0.4,1348,674,
engert_20220301_visualmagnet_b,zebrafish 0.4 Hz (2022 Q1),real,0.3115483250520917,0.4,1348,698,
engert_20220301_visualmagnet_b,zebrafish 0.4 Hz (2022 Q1),detrended + envelope-normalised,0.3115483250520917,0.4,1348,705,
engert_20220301_visualmagnet_b,zebrafish 0.4 Hz (2022 Q1),white,0.3115483250520917,0.4,1348,674,
engert_20220301_visualmagnet_b,zebrafish 0.4 Hz (2022 Q1),real,0.319228508842229,0.4,1348,670,
engert_20220301_visualmagnet_b,zebrafish 0.4 Hz (2022 Q1),detrended + envelope-normalised,0.319228508842229,0.4,1348,667,
engert_20220301_visualmagnet_b,zebrafish 0.4 Hz (2022 Q1),white,0.319228508842229,0.4,1348,686,
engert_20220301_visualmagnet_b,zebrafish 0.4 Hz (2022 Q1),real,0.3272426136667201,0.4,1348,655,
engert_20220301_visualmagnet_b,zebrafish 0.4 Hz (2022 Q1),detrended + envelope-normalised,0.3272426136667201,0.4,1348,645,
engert_20220301_visualmagnet_b,zebrafish 0.4 Hz (2022 Q1),white,0.3272426136667201,0.4,1348,664,
engert_20220301_visualmagnet_b,zebrafish 0.4 Hz (2022 Q1),real,0.3352567184912112,0.4,1348,684,
engert_20220301_visualmagnet_b,zebrafish 0.4 Hz (2022 Q1),detrended + envelope-normalised,0.3352567184912112,0.4,1348,676,
engert_20220301_visualmagnet_b,zebrafish 0.4 Hz (2022 Q1),white,0.3352567184912112,0.4,1348,701,
engert_20220301_visualmagnet_b,zebrafish 0.4 Hz (2022 Q1),real,0.34360474435005606,0.4,1348,632,
engert_20220301_visualmagnet_b,zebrafish 0.4 Hz (2022 Q1),detrended + envelope-normalised,0.34360474435005606,0.4,1348,641,
engert_20220301_visualmagnet_b,zebrafish 0.4 Hz (2022 Q1),white,0.34360474435005606,0.4,1348,680,
engert_20220301_visualmagnet_b,zebrafish 0.4 Hz (2022 Q1),real,0.3522866912432548,0.4,1348,709,
engert_20220301_visualmagnet_b,zebrafish 0.4 Hz (2022 Q1),detrended + envelope-normalised,0.3522866912432548,0.4,1348,707,
engert_20220301_visualmagnet_b,zebrafish 0.4 Hz (2022 Q1),white,0.3522866912432548,0.4,1348,686,
engert_20220301_visualmagnet_b,zebrafish 0.4 Hz (2022 Q1),real,0.3613025591708073,0.4,1348,712,
engert_20220301_visualmagnet_b,zebrafish 0.4 Hz (2022 Q1),detrended + envelope-normalised,0.3613025591708073,0.4,1348,716,
engert_20220301_visualmagnet_b,zebrafish 0.4 Hz (2022 Q1),white,0.3613025591708073,0.4,1348,658,
engert_20220301_visualmagnet_b,zebrafish 0.4 Hz (2022 Q1),real,0.37031842709835977,0.4,1348,684,
engert_20220301_visualmagnet_b,zebrafish 0.4 Hz (2022 Q1),detrended + envelope-normalised,0.37031842709835977,0.4,1348,678,
engert_20220301_visualmagnet_b,zebrafish 0.4 Hz (2022 Q1),white,0.37031842709835977,0.4,1348,632,
engert_20220301_visualmagnet_b,zebrafish 0.4 Hz (2022 Q1),real,0.37933429502591226,0.4,1348,646,
engert_20220301_visualmagnet_b,zebrafish 0.4 Hz (2022 Q1),detrended + envelope-normalised,0.37933429502591226,0.4,1348,659,
engert_20220301_visualmagnet_b,zebrafish 0.4 Hz (2022 Q1),white,0.37933429502591226,0.4,1348,668,
engert_20220301_visualmagnet_b,zebrafish 0.4 Hz (2022 Q1),real,0.3890180050221723,0.4,1348,680,
engert_20220301_visualmagnet_b,zebrafish 0.4 Hz (2022 Q1),detrended + envelope-normalised,0.3890180050221723,0.4,1348,691,
engert_20220301_visualmagnet_b,zebrafish 0.4 Hz (2022 Q1),white,0.3890180050221723,0.4,1348,675,
engert_20220301_visualmagnet_b,zebrafish 0.4 Hz (2022 Q1),real,0.39870171501843243,0.4,1348,677,
engert_20220301_visualmagnet_b,zebrafish 0.4 Hz (2022 Q1),detrended + envelope-normalised,0.39870171501843243,0.4,1348,692,
engert_20220301_visualmagnet_b,zebrafish 0.4 Hz (2022 Q1),white,0.39870171501843243,0.4,1348,684,
engert_20220301_visualmagnet_b,zebrafish 0.4 Hz (2022 Q1),real,0.4087193460490463,0.4,1348,699,
engert_20220301_visualmagnet_b,zebrafish 0.4 Hz (2022 Q1),detrended + envelope-normalised,0.4087193460490463,0.4,1348,687,
engert_20220301_visualmagnet_b,zebrafish 0.4 Hz (2022 Q1),white,0.4087193460490463,0.4,1348,684,
engert_20220301_visualmagnet_b,zebrafish 0.4 Hz (2022 Q1),real,0.4187369770796602,0.4,1348,656,
engert_20220301_visualmagnet_b,zebrafish 0.4 Hz (2022 Q1),detrended + envelope-normalised,0.4187369770796602,0.4,1348,656,
engert_20220301_visualmagnet_b,zebrafish 0.4 Hz (2022 Q1),white,0.4187369770796602,0.4,1348,666,
engert_20220301_visualmagnet_b,zebrafish 0.4 Hz (2022 Q1),real,0.4294224501789816,0.4,1348,678,
engert_20220301_visualmagnet_b,zebrafish 0.4 Hz (2022 Q1),detrended + envelope-normalised,0.4294224501789816,0.4,1348,662,
engert_20220301_visualmagnet_b,zebrafish 0.4 Hz (2022 Q1),white,0.4294224501789816,0.4,1348,662,
engert_20220301_visualmagnet_b,zebrafish 0.4 Hz (2022 Q1),near stimulus,0.3900197681252337,0.4,1348,756,-30.0
engert_20220301_visualmagnet_b,zebrafish 0.4 Hz (2022 Q1),near stimulus,0.3903536891595875,0.4,1348,710,-29.0
engert_20220301_visualmagnet_b,zebrafish 0.4 Hz (2022 Q1),near stimulus,0.3906876101939413,0.4,1348,699,-28.0
engert_20220301_visualmagnet_b,zebrafish 0.4 Hz (2022 Q1),near stimulus,0.3910215312282951,0.4,1348,703,-27.0
engert_20220301_visualmagnet_b,zebrafish 0.4 Hz (2022 Q1),near stimulus,0.3913554522626489,0.4,1348,639,-26.0
engert_20220301_visualmagnet_b,zebrafish 0.4 Hz (2022 Q1),near stimulus,0.3916893732970027,0.4,1348,655,-25.0
engert_20220301_visualmagnet_b,zebrafish 0.4 Hz (2022 Q1),near stimulus,0.39202329433135646,0.4,1348,637,-24.0
engert_20220301_visualmagnet_b,zebrafish 0.4 Hz (2022 Q1),near stimulus,0.3923572153657103,0.4,1348,671,-23.0
engert_20220301_visualmagnet_b,zebrafish 0.4 Hz (2022 Q1),near stimulus,0.3926911364000641,0.4,1348,679,-22.0
engert_20220301_visualmagnet_b,zebrafish 0.4 Hz (2022 Q1),near stimulus,0.3930250574344179,0.4,1348,660,-21.0
engert_20220301_visualmagnet_b,zebrafish 0.4 Hz (2022 Q1),near stimulus,0.39335897846877166,0.4,1348,641,-20.0
engert_20220301_visualmagnet_b,zebrafish 0.4 Hz (2022 Q1),near stimulus,0.39369289950312547,0.4,1348,638,-19.0
engert_20220301_visualmagnet_b,zebrafish 0.4 Hz (2022 Q1),near stimulus,0.3940268205374793,0.4,1348,656,-18.0
engert_20220301_visualmagnet_b,zebrafish 0.4 Hz (2022 Q1),near stimulus,0.39436074157183304,0.4,1348,699,-17.0
engert_20220301_visualmagnet_b,zebrafish 0.4 Hz (2022 Q1),near stimulus,0.39469466260618685,0.4,1348,648,-16.0
engert_20220301_visualmagnet_b,zebrafish 0.4 Hz (2022 Q1),near stimulus,0.39502858364054066,0.4,1348,678,-15.0
engert_20220301_visualmagnet_b,zebrafish 0.4 Hz (2022 Q1),near stimulus,0.3953625046748944,0.4,1348,650,-14.0
engert_20220301_visualmagnet_b,zebrafish 0.4 Hz (2022 Q1),near stimulus,0.39569642570924823,0.4,1348,649,-13.0
engert_20220301_visualmagnet_b,zebrafish 0.4 Hz (2022 Q1),near stimulus,0.39603034674360205,0.4,1348,659,-12.0
engert_20220301_visualmagnet_b,zebrafish 0.4 Hz (2022 Q1),near stimulus,0.39636426777795586,0.4,1348,674,-11.0
engert_20220301_visualmagnet_b,zebrafish 0.4 Hz (2022 Q1),near stimulus,0.3966981888123096,0.4,1348,670,-10.0
engert_20220301_visualmagnet_b,zebrafish 0.4 Hz (2022 Q1),near stimulus,0.39703210984666343,0.4,1348,722,-9.0
engert_20220301_visualmagnet_b,zebrafish 0.4 Hz (2022 Q1),near stimulus,0.39736603088101724,0.4,1348,796,-8.0
engert_20220301_visualmagnet_b,zebrafish 0.4 Hz (2022 Q1),near stimulus,0.397699951915371,0.4,1348,682,-7.0
engert_20220301_visualmagnet_b,zebrafish 0.4 Hz (2022 Q1),near stimulus,0.3980338729497248,0.4,1348,631,-6.0
engert_20220301_visualmagnet_b,zebrafish 0.4 Hz (2022 Q1),near stimulus,0.3983677939840786,0.4,1348,665,-5.0
engert_20220301_visualmagnet_b,zebrafish 0.4 Hz (2022 Q1),near stimulus,0.39870171501843243,0.4,1348,677,-4.0
engert_20220301_visualmagnet_b,zebrafish 0.4 Hz (2022 Q1),near stimulus,0.3990356360527862,0.4,1348,687,-3.0
engert_20220301_visualmagnet_b,zebrafish 0.4 Hz (2022 Q1),near stimulus,0.39936955708714,0.4,1348,694,-2.0
engert_20220301_visualmagnet_b,zebrafish 0.4 Hz (2022 Q1),near stimulus,0.3997034781214938,0.4,1348,654,-1.0
engert_20220301_visualmagnet_b,zebrafish 0.4 Hz (2022 Q1),near stimulus,0.4000373991558476,0.4,1348,763,0.0
engert_20220301_visualmagnet_b,zebrafish 0.4 Hz (2022 Q1),near stimulus,0.4003713201902014,0.4,1348,717,1.0
engert_20220301_visualmagnet_b,zebrafish 0.4 Hz (2022 Q1),near stimulus,0.4007052412245552,0.4,1348,689,2.0
engert_20220301_visualmagnet_b,zebrafish 0.4 Hz (2022 Q1),near stimulus,0.40103916225890895,0.4,1348,790,3.0
engert_20220301_visualmagnet_b,zebrafish 0.4 Hz (2022 Q1),near stimulus,0.40137308329326277,0.4,1348,663,4.0
engert_20220301_visualmagnet_b,zebrafish 0.4 Hz (2022 Q1),near stimulus,0.4017070043276166,0.4,1348,663,5.0
engert_20220301_visualmagnet_b,zebrafish 0.4 Hz (2022 Q1),near stimulus,0.4020409253619704,0.4,1348,651,6.0
engert_20220301_visualmagnet_b,zebrafish 0.4 Hz (2022 Q1),near stimulus,0.40237484639632415,0.4,1348,688,7.0
engert_20220301_visualmagnet_b,zebrafish 0.4 Hz (2022 Q1),near stimulus,0.40270876743067796,0.4,1348,682,8.0
engert_20220301_visualmagnet_b,zebrafish 0.4 Hz (2022 Q1),near stimulus,0.4030426884650318,0.4,1348,695,9.0
engert_20220301_visualmagnet_b,zebrafish 0.4 Hz (2022 Q1),near stimulus,0.40337660949938553,0.4,1348,675,10.0
engert_20220301_visualmagnet_b,zebrafish 0.4 Hz (2022 Q1),near stimulus,0.40371053053373934,0.4,1348,657,11.0
engert_20220301_visualmagnet_b,zebrafish 0.4 Hz (2022 Q1),near stimulus,0.40404445156809315,0.4,1348,662,12.0
engert_20220301_visualmagnet_b,zebrafish 0.4 Hz (2022 Q1),near stimulus,0.4043783726024469,0.4,1348,686,13.0
engert_20220301_visualmagnet_b,zebrafish 0.4 Hz (2022 Q1),near stimulus,0.4047122936368007,0.4,1348,709,14.0
engert_20220301_visualmagnet_b,zebrafish 0.4 Hz (2022 Q1),near stimulus,0.40504621467115454,0.4,1348,673,15.0
engert_20220301_visualmagnet_b,zebrafish 0.4 Hz (2022 Q1),near stimulus,0.40538013570550835,0.4,1348,656,16.0
engert_20220301_visualmagnet_b,zebrafish 0.4 Hz (2022 Q1),near stimulus,0.4057140567398621,0.4,1348,653,17.0
engert_20220301_visualmagnet_b,zebrafish 0.4 Hz (2022 Q1),near stimulus,0.4060479777742159,0.4,1348,703,18.0
engert_20220301_visualmagnet_b,zebrafish 0.4 Hz (2022 Q1),near stimulus,0.40638189880856973,0.4,1348,672,19.0
engert_20220301_visualmagnet_b,zebrafish 0.4 Hz (2022 Q1),near stimulus,0.4067158198429235,0.4,1348,662,20.0
engert_20220301_visualmagnet_b,zebrafish 0.4 Hz (2022 Q1),near stimulus,0.4070497408772773,0.4,1348,647,21.0
engert_20220301_visualmagnet_b,zebrafish 0.4 Hz (2022 Q1),near stimulus,0.4073836619116311,0.4,1348,665,22.0
engert_20220301_visualmagnet_b,zebrafish 0.4 Hz (2022 Q1),near stimulus,0.4077175829459849,0.4,1348,691,23.0
engert_20220301_visualmagnet_b,zebrafish 0.4 Hz (2022 Q1),near stimulus,0.4080515039803387,0.4,1348,661,24.0
engert_20220301_visualmagnet_b,zebrafish 0.4 Hz (2022 Q1),near stimulus,0.4083854250146925,0.4,1348,676,25.0
engert_20220301_visualmagnet_b,zebrafish 0.4 Hz (2022 Q1),near stimulus,0.4087193460490463,0.4,1348,699,26.0
engert_20220301_visualmagnet_b,zebrafish 0.4 Hz (2022 Q1),near stimulus,0.40905326708340006,0.4,1348,666,27.0
engert_20220301_visualmagnet_b,zebrafish 0.4 Hz (2022 Q1),near stimulus,0.4093871881177539,0.4,1348,704,28.0
engert_20220301_visualmagnet_b,zebrafish 0.4 Hz (2022 Q1),near stimulus,0.4097211091521077,0.4,1348,694,29.0
engert_20220301_visualmagnet_b,zebrafish 0.4 Hz (2022 Q1),near stimulus,0.41005503018646144,0.4,1348,677,30.0
engert_20220914_fish2_magneto_0,zebrafish 0.3 Hz,real,0.08571428571428572,0.3,150,77,
engert_20220914_fish2_magneto_0,zebrafish 0.3 Hz,detrended + envelope-normalised,0.08571428571428572,0.3,150,65,
engert_20220914_fish2_magneto_0,zebrafish 0.3 Hz,white,0.08571428571428572,0.3,150,72,
engert_20220914_fish2_magneto_0,zebrafish 0.3 Hz,real,0.0880952380952381,0.3,150,80,
engert_20220914_fish2_magneto_0,zebrafish 0.3 Hz,detrended + envelope-normalised,0.0880952380952381,0.3,150,69,
engert_20220914_fish2_magneto_0,zebrafish 0.3 Hz,white,0.0880952380952381,0.3,150,88,
engert_20220914_fish2_magneto_0,zebrafish 0.3 Hz,real,0.09047619047619047,0.3,150,81,
engert_20220914_fish2_magneto_0,zebrafish 0.3 Hz,detrended + envelope-normalised,0.09047619047619047,0.3,150,92,
engert_20220914_fish2_magneto_0,zebrafish 0.3 Hz,white,0.09047619047619047,0.3,150,81,
engert_20220914_fish2_magneto_0,zebrafish 0.3 Hz,real,0.09285714285714286,0.3,150,90,
engert_20220914_fish2_magneto_0,zebrafish 0.3 Hz,detrended + envelope-normalised,0.09285714285714286,0.3,150,84,
engert_20220914_fish2_magneto_0,zebrafish 0.3 Hz,white,0.09285714285714286,0.3,150,83,
engert_20220914_fish2_magneto_0,zebrafish 0.3 Hz,real,0.09523809523809523,0.3,150,93,
engert_20220914_fish2_magneto_0,zebrafish 0.3 Hz,detrended + envelope-normalised,0.09523809523809523,0.3,150,85,
engert_20220914_fish2_magneto_0,zebrafish 0.3 Hz,white,0.09523809523809523,0.3,150,84,
engert_20220914_fish2_magneto_0,zebrafish 0.3 Hz,real,0.09841269841269841,0.3,150,89,
engert_20220914_fish2_magneto_0,zebrafish 0.3 Hz,detrended + envelope-normalised,0.09841269841269841,0.3,150,65,
engert_20220914_fish2_magneto_0,zebrafish 0.3 Hz,white,0.09841269841269841,0.3,150,75,
engert_20220914_fish2_magneto_0,zebrafish 0.3 Hz,real,0.1007936507936508,0.3,150,95,
engert_20220914_fish2_magneto_0,zebrafish 0.3 Hz,detrended + envelope-normalised,0.1007936507936508,0.3,150,68,
engert_20220914_fish2_magneto_0,zebrafish 0.3 Hz,white,0.1007936507936508,0.3,150,77,
engert_20220914_fish2_magneto_0,zebrafish 0.3 Hz,real,0.10396825396825397,0.3,150,87,
engert_20220914_fish2_magneto_0,zebrafish 0.3 Hz,detrended + envelope-normalised,0.10396825396825397,0.3,150,82,
engert_20220914_fish2_magneto_0,zebrafish 0.3 Hz,white,0.10396825396825397,0.3,150,86,
engert_20220914_fish2_magneto_0,zebrafish 0.3 Hz,real,0.10714285714285714,0.3,150,85,
engert_20220914_fish2_magneto_0,zebrafish 0.3 Hz,detrended + envelope-normalised,0.10714285714285714,0.3,150,78,
engert_20220914_fish2_magneto_0,zebrafish 0.3 Hz,white,0.10714285714285714,0.3,150,74,
engert_20220914_fish2_magneto_0,zebrafish 0.3 Hz,real,0.11031746031746031,0.3,150,85,
engert_20220914_fish2_magneto_0,zebrafish 0.3 Hz,detrended + envelope-normalised,0.11031746031746031,0.3,150,69,
engert_20220914_fish2_magneto_0,zebrafish 0.3 Hz,white,0.11031746031746031,0.3,150,72,
engert_20220914_fish2_magneto_0,zebrafish 0.3 Hz,real,0.11349206349206349,0.3,150,87,
engert_20220914_fish2_magneto_0,zebrafish 0.3 Hz,detrended + envelope-normalised,0.11349206349206349,0.3,150,77,
engert_20220914_fish2_magneto_0,zebrafish 0.3 Hz,white,0.11349206349206349,0.3,150,79,
engert_20220914_fish2_magneto_0,zebrafish 0.3 Hz,real,0.11666666666666667,0.3,150,75,
engert_20220914_fish2_magneto_0,zebrafish 0.3 Hz,detrended + envelope-normalised,0.11666666666666667,0.3,150,78,
engert_20220914_fish2_magneto_0,zebrafish 0.3 Hz,white,0.11666666666666667,0.3,150,80,
engert_20220914_fish2_magneto_0,zebrafish 0.3 Hz,real,0.11984126984126985,0.3,150,81,
engert_20220914_fish2_magneto_0,zebrafish 0.3 Hz,detrended + envelope-normalised,0.11984126984126985,0.3,150,84,
engert_20220914_fish2_magneto_0,zebrafish 0.3 Hz,white,0.11984126984126985,0.3,150,81,
engert_20220914_fish2_magneto_0,zebrafish 0.3 Hz,real,0.12301587301587301,0.3,150,84,
engert_20220914_fish2_magneto_0,zebrafish 0.3 Hz,detrended + envelope-normalised,0.12301587301587301,0.3,150,90,
engert_20220914_fish2_magneto_0,zebrafish 0.3 Hz,white,0.12301587301587301,0.3,150,80,
engert_20220914_fish2_magneto_0,zebrafish 0.3 Hz,real,0.12698412698412698,0.3,150,81,
engert_20220914_fish2_magneto_0,zebrafish 0.3 Hz,detrended + envelope-normalised,0.12698412698412698,0.3,150,75,
engert_20220914_fish2_magneto_0,zebrafish 0.3 Hz,white,0.12698412698412698,0.3,150,77,
engert_20220914_fish2_magneto_0,zebrafish 0.3 Hz,real,0.13015873015873017,0.3,150,80,
engert_20220914_fish2_magneto_0,zebrafish 0.3 Hz,detrended + envelope-normalised,0.13015873015873017,0.3,150,86,
engert_20220914_fish2_magneto_0,zebrafish 0.3 Hz,white,0.13015873015873017,0.3,150,73,
engert_20220914_fish2_magneto_0,zebrafish 0.3 Hz,real,0.13412698412698412,0.3,150,85,
engert_20220914_fish2_magneto_0,zebrafish 0.3 Hz,detrended + envelope-normalised,0.13412698412698412,0.3,150,84,
engert_20220914_fish2_magneto_0,zebrafish 0.3 Hz,white,0.13412698412698412,0.3,150,82,
engert_20220914_fish2_magneto_0,zebrafish 0.3 Hz,real,0.1380952380952381,0.3,150,89,
engert_20220914_fish2_magneto_0,zebrafish 0.3 Hz,detrended + envelope-normalised,0.1380952380952381,0.3,150,78,
engert_20220914_fish2_magneto_0,zebrafish 0.3 Hz,white,0.1380952380952381,0.3,150,72,
engert_20220914_fish2_magneto_0,zebrafish 0.3 Hz,real,0.14206349206349206,0.3,150,78,
engert_20220914_fish2_magneto_0,zebrafish 0.3 Hz,detrended + envelope-normalised,0.14206349206349206,0.3,150,72,
engert_20220914_fish2_magneto_0,zebrafish 0.3 Hz,white,0.14206349206349206,0.3,150,78,
engert_20220914_fish2_magneto_0,zebrafish 0.3 Hz,real,0.14603174603174604,0.3,150,86,
engert_20220914_fish2_magneto_0,zebrafish 0.3 Hz,detrended + envelope-normalised,0.14603174603174604,0.3,150,76,
engert_20220914_fish2_magneto_0,zebrafish 0.3 Hz,white,0.14603174603174604,0.3,150,74,
engert_20220914_fish2_magneto_0,zebrafish 0.3 Hz,real,0.15,0.3,150,85,
engert_20220914_fish2_magneto_0,zebrafish 0.3 Hz,detrended + envelope-normalised,0.15,0.3,150,77,
engert_20220914_fish2_magneto_0,zebrafish 0.3 Hz,white,0.15,0.3,150,66,
engert_20220914_fish2_magneto_0,zebrafish 0.3 Hz,real,0.15476190476190477,0.3,150,88,
engert_20220914_fish2_magneto_0,zebrafish 0.3 Hz,detrended + envelope-normalised,0.15476190476190477,0.3,150,82,
engert_20220914_fish2_magneto_0,zebrafish 0.3 Hz,white,0.15476190476190477,0.3,150,78,
engert_20220914_fish2_magneto_0,zebrafish 0.3 Hz,real,0.15873015873015872,0.3,150,86,
engert_20220914_fish2_magneto_0,zebrafish 0.3 Hz,detrended + envelope-normalised,0.15873015873015872,0.3,150,82,
engert_20220914_fish2_magneto_0,zebrafish 0.3 Hz,white,0.15873015873015872,0.3,150,82,
engert_20220914_fish2_magneto_0,zebrafish 0.3 Hz,real,0.1634920634920635,0.3,150,83,
engert_20220914_fish2_magneto_0,zebrafish 0.3 Hz,detrended + envelope-normalised,0.1634920634920635,0.3,150,88,
engert_20220914_fish2_magneto_0,zebrafish 0.3 Hz,white,0.1634920634920635,0.3,150,77,
engert_20220914_fish2_magneto_0,zebrafish 0.3 Hz,real,0.16825396825396827,0.3,150,87,
engert_20220914_fish2_magneto_0,zebrafish 0.3 Hz,detrended + envelope-normalised,0.16825396825396827,0.3,150,89,
engert_20220914_fish2_magneto_0,zebrafish 0.3 Hz,white,0.16825396825396827,0.3,150,76,
engert_20220914_fish2_magneto_0,zebrafish 0.3 Hz,real,0.173015873015873,0.3,150,73,
engert_20220914_fish2_magneto_0,zebrafish 0.3 Hz,detrended + envelope-normalised,0.173015873015873,0.3,150,66,
engert_20220914_fish2_magneto_0,zebrafish 0.3 Hz,white,0.173015873015873,0.3,150,83,
engert_20220914_fish2_magneto_0,zebrafish 0.3 Hz,real,0.17777777777777778,0.3,150,93,
engert_20220914_fish2_magneto_0,zebrafish 0.3 Hz,detrended + envelope-normalised,0.17777777777777778,0.3,150,83,
engert_20220914_fish2_magneto_0,zebrafish 0.3 Hz,white,0.17777777777777778,0.3,150,79,
engert_20220914_fish2_magneto_0,zebrafish 0.3 Hz,real,0.18333333333333332,0.3,150,82,
engert_20220914_fish2_magneto_0,zebrafish 0.3 Hz,detrended + envelope-normalised,0.18333333333333332,0.3,150,80,
engert_20220914_fish2_magneto_0,zebrafish 0.3 Hz,white,0.18333333333333332,0.3,150,78,
engert_20220914_fish2_magneto_0,zebrafish 0.3 Hz,real,0.18888888888888888,0.3,150,79,
engert_20220914_fish2_magneto_0,zebrafish 0.3 Hz,detrended + envelope-normalised,0.18888888888888888,0.3,150,69,
engert_20220914_fish2_magneto_0,zebrafish 0.3 Hz,white,0.18888888888888888,0.3,150,83,
engert_20220914_fish2_magneto_0,zebrafish 0.3 Hz,real,0.19365079365079366,0.3,150,87,
engert_20220914_fish2_magneto_0,zebrafish 0.3 Hz,detrended + envelope-normalised,0.19365079365079366,0.3,150,81,
engert_20220914_fish2_magneto_0,zebrafish 0.3 Hz,white,0.19365079365079366,0.3,150,82,
engert_20220914_fish2_magneto_0,zebrafish 0.3 Hz,real,0.1992063492063492,0.3,150,89,
engert_20220914_fish2_magneto_0,zebrafish 0.3 Hz,detrended + envelope-normalised,0.1992063492063492,0.3,150,83,
engert_20220914_fish2_magneto_0,zebrafish 0.3 Hz,white,0.1992063492063492,0.3,150,75,
engert_20220914_fish2_magneto_0,zebrafish 0.3 Hz,real,0.20555555555555555,0.3,150,81,
engert_20220914_fish2_magneto_0,zebrafish 0.3 Hz,detrended + envelope-normalised,0.20555555555555555,0.3,150,82,
engert_20220914_fish2_magneto_0,zebrafish 0.3 Hz,white,0.20555555555555555,0.3,150,74,
engert_20220914_fish2_magneto_0,zebrafish 0.3 Hz,real,0.2111111111111111,0.3,150,86,
engert_20220914_fish2_magneto_0,zebrafish 0.3 Hz,detrended + envelope-normalised,0.2111111111111111,0.3,150,86,
engert_20220914_fish2_magneto_0,zebrafish 0.3 Hz,white,0.2111111111111111,0.3,150,77,
engert_20220914_fish2_magneto_0,zebrafish 0.3 Hz,real,0.21746031746031746,0.3,150,93,
engert_20220914_fish2_magneto_0,zebrafish 0.3 Hz,detrended + envelope-normalised,0.21746031746031746,0.3,150,90,
engert_20220914_fish2_magneto_0,zebrafish 0.3 Hz,white,0.21746031746031746,0.3,150,70,
engert_20220914_fish2_magneto_0,zebrafish 0.3 Hz,real,0.22301587301587303,0.3,150,83,
engert_20220914_fish2_magneto_0,zebrafish 0.3 Hz,detrended + envelope-normalised,0.22301587301587303,0.3,150,87,
engert_20220914_fish2_magneto_0,zebrafish 0.3 Hz,white,0.22301587301587303,0.3,150,81,
engert_20220914_fish2_magneto_0,zebrafish 0.3 Hz,real,0.23015873015873015,0.3,150,79,
engert_20220914_fish2_magneto_0,zebrafish 0.3 Hz,detrended + envelope-normalised,0.23015873015873015,0.3,150,83,
engert_20220914_fish2_magneto_0,zebrafish 0.3 Hz,white,0.23015873015873015,0.3,150,81,
engert_20220914_fish2_magneto_0,zebrafish 0.3 Hz,real,0.2365079365079365,0.3,150,90,
engert_20220914_fish2_magneto_0,zebrafish 0.3 Hz,detrended + envelope-normalised,0.2365079365079365,0.3,150,78,
engert_20220914_fish2_magneto_0,zebrafish 0.3 Hz,white,0.2365079365079365,0.3,150,75,
engert_20220914_fish2_magneto_0,zebrafish 0.3 Hz,real,0.24285714285714285,0.3,150,81,
engert_20220914_fish2_magneto_0,zebrafish 0.3 Hz,detrended + envelope-normalised,0.24285714285714285,0.3,150,80,
engert_20220914_fish2_magneto_0,zebrafish 0.3 Hz,white,0.24285714285714285,0.3,150,73,
engert_20220914_fish2_magneto_0,zebrafish 0.3 Hz,real,0.25,0.3,150,86,
engert_20220914_fish2_magneto_0,zebrafish 0.3 Hz,detrended + envelope-normalised,0.25,0.3,150,86,
engert_20220914_fish2_magneto_0,zebrafish 0.3 Hz,white,0.25,0.3,150,86,
engert_20220914_fish2_magneto_0,zebrafish 0.3 Hz,real,0.2571428571428571,0.3,150,73,
engert_20220914_fish2_magneto_0,zebrafish 0.3 Hz,detrended + envelope-normalised,0.2571428571428571,0.3,150,78,
engert_20220914_fish2_magneto_0,zebrafish 0.3 Hz,white,0.2571428571428571,0.3,150,65,
engert_20220914_fish2_magneto_0,zebrafish 0.3 Hz,real,0.2642857142857143,0.3,150,97,
engert_20220914_fish2_magneto_0,zebrafish 0.3 Hz,detrended + envelope-normalised,0.2642857142857143,0.3,150,91,
engert_20220914_fish2_magneto_0,zebrafish 0.3 Hz,white,0.2642857142857143,0.3,150,82,
engert_20220914_fish2_magneto_0,zebrafish 0.3 Hz,real,0.2722222222222222,0.3,150,84,
engert_20220914_fish2_magneto_0,zebrafish 0.3 Hz,detrended + envelope-normalised,0.2722222222222222,0.3,150,80,
engert_20220914_fish2_magneto_0,zebrafish 0.3 Hz,white,0.2722222222222222,0.3,150,73,
engert_20220914_fish2_magneto_0,zebrafish 0.3 Hz,real,0.28015873015873016,0.3,150,86,
engert_20220914_fish2_magneto_0,zebrafish 0.3 Hz,detrended + envelope-normalised,0.28015873015873016,0.3,150,86,
engert_20220914_fish2_magneto_0,zebrafish 0.3 Hz,white,0.28015873015873016,0.3,150,78,
engert_20220914_fish2_magneto_0,zebrafish 0.3 Hz,real,0.28809523809523807,0.3,150,90,
engert_20220914_fish2_magneto_0,zebrafish 0.3 Hz,detrended + envelope-normalised,0.28809523809523807,0.3,150,74,
engert_20220914_fish2_magneto_0,zebrafish 0.3 Hz,white,0.28809523809523807,0.3,150,71,
engert_20220914_fish2_magneto_0,zebrafish 0.3 Hz,real,0.29603174603174603,0.3,150,83,
engert_20220914_fish2_magneto_0,zebrafish 0.3 Hz,detrended + envelope-normalised,0.29603174603174603,0.3,150,79,
engert_20220914_fish2_magneto_0,zebrafish 0.3 Hz,white,0.29603174603174603,0.3,150,77,
engert_20220914_fish2_magneto_0,zebrafish 0.3 Hz,real,0.3047619047619048,0.3,150,98,
engert_20220914_fish2_magneto_0,zebrafish 0.3 Hz,detrended + envelope-normalised,0.3047619047619048,0.3,150,80,
engert_20220914_fish2_magneto_0,zebrafish 0.3 Hz,white,0.3047619047619048,0.3,150,87,
engert_20220914_fish2_magneto_0,zebrafish 0.3 Hz,real,0.3134920634920635,0.3,150,84,
engert_20220914_fish2_magneto_0,zebrafish 0.3 Hz,detrended + envelope-normalised,0.3134920634920635,0.3,150,74,
engert_20220914_fish2_magneto_0,zebrafish 0.3 Hz,white,0.3134920634920635,0.3,150,86,
engert_20220914_fish2_magneto_0,zebrafish 0.3 Hz,real,0.32222222222222224,0.3,150,83,
engert_20220914_fish2_magneto_0,zebrafish 0.3 Hz,detrended + envelope-normalised,0.32222222222222224,0.3,150,75,
engert_20220914_fish2_magneto_0,zebrafish 0.3 Hz,white,0.32222222222222224,0.3,150,73,
engert_20220914_fish2_magneto_0,zebrafish 0.3 Hz,real,0.33174603174603173,0.3,150,94,
engert_20220914_fish2_magneto_0,zebrafish 0.3 Hz,detrended + envelope-normalised,0.33174603174603173,0.3,150,84,
engert_20220914_fish2_magneto_0,zebrafish 0.3 Hz,white,0.33174603174603173,0.3,150,75,
engert_20220914_fish2_magneto_0,zebrafish 0.3 Hz,real,0.3412698412698413,0.3,150,74,
engert_20220914_fish2_magneto_0,zebrafish 0.3 Hz,detrended + envelope-normalised,0.3412698412698413,0.3,150,83,
engert_20220914_fish2_magneto_0,zebrafish 0.3 Hz,white,0.3412698412698413,0.3,150,68,
engert_20220914_fish2_magneto_0,zebrafish 0.3 Hz,real,0.35079365079365077,0.3,150,89,
engert_20220914_fish2_magneto_0,zebrafish 0.3 Hz,detrended + envelope-normalised,0.35079365079365077,0.3,150,90,
engert_20220914_fish2_magneto_0,zebrafish 0.3 Hz,white,0.35079365079365077,0.3,150,73,
engert_20220914_fish2_magneto_0,zebrafish 0.3 Hz,real,0.3611111111111111,0.3,150,86,
engert_20220914_fish2_magneto_0,zebrafish 0.3 Hz,detrended + envelope-normalised,0.3611111111111111,0.3,150,97,
engert_20220914_fish2_magneto_0,zebrafish 0.3 Hz,white,0.3611111111111111,0.3,150,78,
engert_20220914_fish2_magneto_0,zebrafish 0.3 Hz,real,0.37142857142857144,0.3,150,84,
engert_20220914_fish2_magneto_0,zebrafish 0.3 Hz,detrended + envelope-normalised,0.37142857142857144,0.3,150,81,
engert_20220914_fish2_magneto_0,zebrafish 0.3 Hz,white,0.37142857142857144,0.3,150,73,
engert_20220914_fish2_magneto_0,zebrafish 0.3 Hz,real,0.3825396825396825,0.3,150,85,
engert_20220914_fish2_magneto_0,zebrafish 0.3 Hz,detrended + envelope-normalised,0.3825396825396825,0.3,150,90,
engert_20220914_fish2_magneto_0,zebrafish 0.3 Hz,white,0.3825396825396825,0.3,150,69,
engert_20220914_fish2_magneto_0,zebrafish 0.3 Hz,real,0.39285714285714285,0.3,150,89,
engert_20220914_fish2_magneto_0,zebrafish 0.3 Hz,detrended + envelope-normalised,0.39285714285714285,0.3,150,79,
engert_20220914_fish2_magneto_0,zebrafish 0.3 Hz,white,0.39285714285714285,0.3,150,75,
engert_20220914_fish2_magneto_0,zebrafish 0.3 Hz,real,0.40476190476190477,0.3,150,86,
engert_20220914_fish2_magneto_0,zebrafish 0.3 Hz,detrended + envelope-normalised,0.40476190476190477,0.3,150,81,
engert_20220914_fish2_magneto_0,zebrafish 0.3 Hz,white,0.40476190476190477,0.3,150,71,
engert_20220914_fish2_magneto_0,zebrafish 0.3 Hz,real,0.4158730158730159,0.3,150,73,
engert_20220914_fish2_magneto_0,zebrafish 0.3 Hz,detrended + envelope-normalised,0.4158730158730159,0.3,150,70,
engert_20220914_fish2_magneto_0,zebrafish 0.3 Hz,white,0.4158730158730159,0.3,150,76,
engert_20220914_fish2_magneto_0,zebrafish 0.3 Hz,real,0.42777777777777776,0.3,150,75,
engert_20220914_fish2_magneto_0,zebrafish 0.3 Hz,detrended + envelope-normalised,0.42777777777777776,0.3,150,84,
engert_20220914_fish2_magneto_0,zebrafish 0.3 Hz,white,0.42777777777777776,0.3,150,75,
engert_20220914_fish2_magneto_0,zebrafish 0.3 Hz,real,0.44047619047619047,0.3,150,99,
engert_20220914_fish2_magneto_0,zebrafish 0.3 Hz,detrended + envelope-normalised,0.44047619047619047,0.3,150,96,
engert_20220914_fish2_magneto_0,zebrafish 0.3 Hz,white,0.44047619047619047,0.3,150,72,
engert_20220914_fish2_magneto_0,zebrafish 0.3 Hz,real,0.4531746031746032,0.3,150,79,
engert_20220914_fish2_magneto_0,zebrafish 0.3 Hz,detrended + envelope-normalised,0.4531746031746032,0.3,150,70,
engert_20220914_fish2_magneto_0,zebrafish 0.3 Hz,white,0.4531746031746032,0.3,150,64,
engert_20220914_fish2_magneto_0,zebrafish 0.3 Hz,near stimulus,0.2761904761904762,0.3,150,80,-30.0
engert_20220914_fish2_magneto_0,zebrafish 0.3 Hz,near stimulus,0.276984126984127,0.3,150,93,-29.0
engert_20220914_fish2_magneto_0,zebrafish 0.3 Hz,near stimulus,0.2777777777777778,0.3,150,88,-28.0
engert_20220914_fish2_magneto_0,zebrafish 0.3 Hz,near stimulus,0.2785714285714286,0.3,150,97,-27.0
engert_20220914_fish2_magneto_0,zebrafish 0.3 Hz,near stimulus,0.27936507936507937,0.3,150,90,-26.0
engert_20220914_fish2_magneto_0,zebrafish 0.3 Hz,near stimulus,0.28015873015873016,0.3,150,86,-25.0
engert_20220914_fish2_magneto_0,zebrafish 0.3 Hz,near stimulus,0.28095238095238095,0.3,150,86,-24.0
engert_20220914_fish2_magneto_0,zebrafish 0.3 Hz,near stimulus,0.28174603174603174,0.3,150,93,-23.0
engert_20220914_fish2_magneto_0,zebrafish 0.3 Hz,near stimulus,0.28253968253968254,0.3,150,89,-22.0
engert_20220914_fish2_magneto_0,zebrafish 0.3 Hz,near stimulus,0.2833333333333333,0.3,150,80,-21.0
engert_20220914_fish2_magneto_0,zebrafish 0.3 Hz,near stimulus,0.2841269841269841,0.3,150,85,-20.0
engert_20220914_fish2_magneto_0,zebrafish 0.3 Hz,near stimulus,0.2849206349206349,0.3,150,88,-19.0
engert_20220914_fish2_magneto_0,zebrafish 0.3 Hz,near stimulus,0.2857142857142857,0.3,150,89,-18.0
engert_20220914_fish2_magneto_0,zebrafish 0.3 Hz,near stimulus,0.2865079365079365,0.3,150,92,-17.0
engert_20220914_fish2_magneto_0,zebrafish 0.3 Hz,near stimulus,0.2873015873015873,0.3,150,84,-16.0
engert_20220914_fish2_magneto_0,zebrafish 0.3 Hz,near stimulus,0.28809523809523807,0.3,150,90,-15.0
engert_20220914_fish2_magneto_0,zebrafish 0.3 Hz,near stimulus,0.28888888888888886,0.3,150,80,-14.0
engert_20220914_fish2_magneto_0,zebrafish 0.3 Hz,near stimulus,0.2896825396825397,0.3,150,82,-13.0
engert_20220914_fish2_magneto_0,zebrafish 0.3 Hz,near stimulus,0.2904761904761905,0.3,150,78,-12.0
engert_20220914_fish2_magneto_0,zebrafish 0.3 Hz,near stimulus,0.2912698412698413,0.3,150,80,-11.0
engert_20220914_fish2_magneto_0,zebrafish 0.3 Hz,near stimulus,0.2920634920634921,0.3,150,81,-10.0
engert_20220914_fish2_magneto_0,zebrafish 0.3 Hz,near stimulus,0.29285714285714287,0.3,150,81,-9.0
engert_20220914_fish2_magneto_0,zebrafish 0.3 Hz,near stimulus,0.29365079365079366,0.3,150,85,-8.0
engert_20220914_fish2_magneto_0,zebrafish 0.3 Hz,near stimulus,0.29444444444444445,0.3,150,76,-7.0
engert_20220914_fish2_magneto_0,zebrafish 0.3 Hz,near stimulus,0.29523809523809524,0.3,150,89,-6.0
engert_20220914_fish2_magneto_0,zebrafish 0.3 Hz,near stimulus,0.29603174603174603,0.3,150,83,-5.0
engert_20220914_fish2_magneto_0,zebrafish 0.3 Hz,near stimulus,0.2968253968253968,0.3,150,86,-4.0
engert_20220914_fish2_magneto_0,zebrafish 0.3 Hz,near stimulus,0.2976190476190476,0.3,150,83,-3.0
engert_20220914_fish2_magneto_0,zebrafish 0.3 Hz,near stimulus,0.2984126984126984,0.3,150,84,-2.0
engert_20220914_fish2_magneto_0,zebrafish 0.3 Hz,near stimulus,0.2992063492063492,0.3,150,84,-1.0
engert_20220914_fish2_magneto_0,zebrafish 0.3 Hz,near stimulus,0.3,0.3,150,81,0.0
engert_20220914_fish2_magneto_0,zebrafish 0.3 Hz,near stimulus,0.3007936507936508,0.3,150,87,1.0
engert_20220914_fish2_magneto_0,zebrafish 0.3 Hz,near stimulus,0.30158730158730157,0.3,150,79,2.0
engert_20220914_fish2_magneto_0,zebrafish 0.3 Hz,near stimulus,0.30238095238095236,0.3,150,77,3.0
engert_20220914_fish2_magneto_0,zebrafish 0.3 Hz,near stimulus,0.30317460317460315,0.3,150,80,4.0
engert_20220914_fish2_magneto_0,zebrafish 0.3 Hz,near stimulus,0.30396825396825394,0.3,150,90,5.0
engert_20220914_fish2_magneto_0,zebrafish 0.3 Hz,near stimulus,0.3047619047619048,0.3,150,98,6.0
engert_20220914_fish2_magneto_0,zebrafish 0.3 Hz,near stimulus,0.3055555555555556,0.3,150,82,7.0
engert_20220914_fish2_magneto_0,zebrafish 0.3 Hz,near stimulus,0.30634920634920637,0.3,150,86,8.0
engert_20220914_fish2_magneto_0,zebrafish 0.3 Hz,near stimulus,0.30714285714285716,0.3,150,82,9.0
engert_20220914_fish2_magneto_0,zebrafish 0.3 Hz,near stimulus,0.30793650793650795,0.3,150,76,10.0
engert_20220914_fish2_magneto_0,zebrafish 0.3 Hz,near stimulus,0.30873015873015874,0.3,150,83,11.0
engert_20220914_fish2_magneto_0,zebrafish 0.3 Hz,near stimulus,0.30952380952380953,0.3,150,82,12.0
engert_20220914_fish2_magneto_0,zebrafish 0.3 Hz,near stimulus,0.3103174603174603,0.3,150,92,13.0
engert_20220914_fish2_magneto_0,zebrafish 0.3 Hz,near stimulus,0.3111111111111111,0.3,150,79,14.0
engert_20220914_fish2_magneto_0,zebrafish 0.3 Hz,near stimulus,0.3119047619047619,0.3,150,85,15.0
engert_20220914_fish2_magneto_0,zebrafish 0.3 Hz,near stimulus,0.3126984126984127,0.3,150,79,16.0
engert_20220914_fish2_magneto_0,zebrafish 0.3 Hz,near stimulus,0.3134920634920635,0.3,150,84,17.0
engert_20220914_fish2_magneto_0,zebrafish 0.3 Hz,near stimulus,0.3142857142857143,0.3,150,91,18.0
engert_20220914_fish2_magneto_0,zebrafish 0.3 Hz,near stimulus,0.31507936507936507,0.3,150,77,19.0
engert_20220914_fish2_magneto_0,zebrafish 0.3 Hz,near stimulus,0.31587301587301586,0.3,150,78,20.0
engert_20220914_fish2_magneto_0,zebrafish 0.3 Hz,near stimulus,0.31666666666666665,0.3,150,90,21.0
engert_20220914_fish2_magneto_0,zebrafish 0.3 Hz,near stimulus,0.31746031746031744,0.3,150,84,22.0
engert_20220914_fish2_magneto_0,zebrafish 0.3 Hz,near stimulus,0.31825396825396823,0.3,150,80,23.0
engert_20220914_fish2_magneto_0,zebrafish 0.3 Hz,near stimulus,0.319047619047619,0.3,150,80,24.0
engert_20220914_fish2_magneto_0,zebrafish 0.3 Hz,near stimulus,0.3198412698412698,0.3,150,75,25.0
engert_20220914_fish2_magneto_0,zebrafish 0.3 Hz,near stimulus,0.32063492063492066,0.3,150,83,26.0
engert_20220914_fish2_magneto_0,zebrafish 0.3 Hz,near stimulus,0.32142857142857145,0.3,150,87,27.0
engert_20220914_fish2_magneto_0,zebrafish 0.3 Hz,near stimulus,0.32222222222222224,0.3,150,83,28.0
engert_20220914_fish2_magneto_0,zebrafish 0.3 Hz,near stimulus,0.32301587301587303,0.3,150,82,29.0
engert_20220914_fish2_magneto_0,zebrafish 0.3 Hz,near stimulus,0.3238095238095238,0.3,150,99,30.0
engert_20220914_fish2_magneto_1,zebrafish 0.3 Hz,real,0.08571428571428572,0.3,223,114,
engert_20220914_fish2_magneto_1,zebrafish 0.3 Hz,detrended + envelope-normalised,0.08571428571428572,0.3,223,108,
engert_20220914_fish2_magneto_1,zebrafish 0.3 Hz,white,0.08571428571428572,0.3,223,114,
engert_20220914_fish2_magneto_1,zebrafish 0.3 Hz,real,0.0880952380952381,0.3,223,122,
engert_20220914_fish2_magneto_1,zebrafish 0.3 Hz,detrended + envelope-normalised,0.0880952380952381,0.3,223,124,
engert_20220914_fish2_magneto_1,zebrafish 0.3 Hz,white,0.0880952380952381,0.3,223,112,
engert_20220914_fish2_magneto_1,zebrafish 0.3 Hz,real,0.09047619047619047,0.3,223,117,
engert_20220914_fish2_magneto_1,zebrafish 0.3 Hz,detrended + envelope-normalised,0.09047619047619047,0.3,223,112,
engert_20220914_fish2_magneto_1,zebrafish 0.3 Hz,white,0.09047619047619047,0.3,223,137,
engert_20220914_fish2_magneto_1,zebrafish 0.3 Hz,real,0.09285714285714286,0.3,223,141,
engert_20220914_fish2_magneto_1,zebrafish 0.3 Hz,detrended + envelope-normalised,0.09285714285714286,0.3,223,129,
engert_20220914_fish2_magneto_1,zebrafish 0.3 Hz,white,0.09285714285714286,0.3,223,115,
engert_20220914_fish2_magneto_1,zebrafish 0.3 Hz,real,0.09523809523809523,0.3,223,116,
engert_20220914_fish2_magneto_1,zebrafish 0.3 Hz,detrended + envelope-normalised,0.09523809523809523,0.3,223,109,
engert_20220914_fish2_magneto_1,zebrafish 0.3 Hz,white,0.09523809523809523,0.3,223,104,
engert_20220914_fish2_magneto_1,zebrafish 0.3 Hz,real,0.09841269841269841,0.3,223,136,
engert_20220914_fish2_magneto_1,zebrafish 0.3 Hz,detrended + envelope-normalised,0.09841269841269841,0.3,223,108,
engert_20220914_fish2_magneto_1,zebrafish 0.3 Hz,white,0.09841269841269841,0.3,223,112,
engert_20220914_fish2_magneto_1,zebrafish 0.3 Hz,real,0.1007936507936508,0.3,223,113,
engert_20220914_fish2_magneto_1,zebrafish 0.3 Hz,detrended + envelope-normalised,0.1007936507936508,0.3,223,104,
engert_20220914_fish2_magneto_1,zebrafish 0.3 Hz,white,0.1007936507936508,0.3,223,104,
engert_20220914_fish2_magneto_1,zebrafish 0.3 Hz,real,0.10396825396825397,0.3,223,116,
engert_20220914_fish2_magneto_1,zebrafish 0.3 Hz,detrended + envelope-normalised,0.10396825396825397,0.3,223,108,
engert_20220914_fish2_magneto_1,zebrafish 0.3 Hz,white,0.10396825396825397,0.3,223,102,
engert_20220914_fish2_magneto_1,zebrafish 0.3 Hz,real,0.10714285714285714,0.3,223,128,
engert_20220914_fish2_magneto_1,zebrafish 0.3 Hz,detrended + envelope-normalised,0.10714285714285714,0.3,223,109,
engert_20220914_fish2_magneto_1,zebrafish 0.3 Hz,white,0.10714285714285714,0.3,223,110,
engert_20220914_fish2_magneto_1,zebrafish 0.3 Hz,real,0.11031746031746031,0.3,223,120,
engert_20220914_fish2_magneto_1,zebrafish 0.3 Hz,detrended + envelope-normalised,0.11031746031746031,0.3,223,114,
engert_20220914_fish2_magneto_1,zebrafish 0.3 Hz,white,0.11031746031746031,0.3,223,121,
engert_20220914_fish2_magneto_1,zebrafish 0.3 Hz,real,0.11349206349206349,0.3,223,116,
engert_20220914_fish2_magneto_1,zebrafish 0.3 Hz,detrended + envelope-normalised,0.11349206349206349,0.3,223,110,
engert_20220914_fish2_magneto_1,zebrafish 0.3 Hz,white,0.11349206349206349,0.3,223,123,
engert_20220914_fish2_magneto_1,zebrafish 0.3 Hz,real,0.11666666666666667,0.3,223,123,
engert_20220914_fish2_magneto_1,zebrafish 0.3 Hz,detrended + envelope-normalised,0.11666666666666667,0.3,223,115,
engert_20220914_fish2_magneto_1,zebrafish 0.3 Hz,white,0.11666666666666667,0.3,223,123,
engert_20220914_fish2_magneto_1,zebrafish 0.3 Hz,real,0.11984126984126985,0.3,223,124,
engert_20220914_fish2_magneto_1,zebrafish 0.3 Hz,detrended + envelope-normalised,0.11984126984126985,0.3,223,114,
engert_20220914_fish2_magneto_1,zebrafish 0.3 Hz,white,0.11984126984126985,0.3,223,118,
engert_20220914_fish2_magneto_1,zebrafish 0.3 Hz,real,0.12301587301587301,0.3,223,121,
engert_20220914_fish2_magneto_1,zebrafish 0.3 Hz,detrended + envelope-normalised,0.12301587301587301,0.3,223,125,
engert_20220914_fish2_magneto_1,zebrafish 0.3 Hz,white,0.12301587301587301,0.3,223,123,
engert_20220914_fish2_magneto_1,zebrafish 0.3 Hz,real,0.12698412698412698,0.3,223,132,
engert_20220914_fish2_magneto_1,zebrafish 0.3 Hz,detrended + envelope-normalised,0.12698412698412698,0.3,223,127,
engert_20220914_fish2_magneto_1,zebrafish 0.3 Hz,white,0.12698412698412698,0.3,223,107,
engert_20220914_fish2_magneto_1,zebrafish 0.3 Hz,real,0.13015873015873017,0.3,223,118,
engert_20220914_fish2_magneto_1,zebrafish 0.3 Hz,detrended + envelope-normalised,0.13015873015873017,0.3,223,110,
engert_20220914_fish2_magneto_1,zebrafish 0.3 Hz,white,0.13015873015873017,0.3,223,125,
engert_20220914_fish2_magneto_1,zebrafish 0.3 Hz,real,0.13412698412698412,0.3,223,120,
engert_20220914_fish2_magneto_1,zebrafish 0.3 Hz,detrended + envelope-normalised,0.13412698412698412,0.3,223,107,
engert_20220914_fish2_magneto_1,zebrafish 0.3 Hz,white,0.13412698412698412,0.3,223,115,
engert_20220914_fish2_magneto_1,zebrafish 0.3 Hz,real,0.1380952380952381,0.3,223,125,
engert_20220914_fish2_magneto_1,zebrafish 0.3 Hz,detrended + envelope-normalised,0.1380952380952381,0.3,223,125,
engert_20220914_fish2_magneto_1,zebrafish 0.3 Hz,white,0.1380952380952381,0.3,223,104,
engert_20220914_fish2_magneto_1,zebrafish 0.3 Hz,real,0.14206349206349206,0.3,223,112,
engert_20220914_fish2_magneto_1,zebrafish 0.3 Hz,detrended + envelope-normalised,0.14206349206349206,0.3,223,94,
engert_20220914_fish2_magneto_1,zebrafish 0.3 Hz,white,0.14206349206349206,0.3,223,102,
engert_20220914_fish2_magneto_1,zebrafish 0.3 Hz,real,0.14603174603174604,0.3,223,119,
engert_20220914_fish2_magneto_1,zebrafish 0.3 Hz,detrended + envelope-normalised,0.14603174603174604,0.3,223,118,
engert_20220914_fish2_magneto_1,zebrafish 0.3 Hz,white,0.14603174603174604,0.3,223,103,
engert_20220914_fish2_magneto_1,zebrafish 0.3 Hz,real,0.15,0.3,223,112,
engert_20220914_fish2_magneto_1,zebrafish 0.3 Hz,detrended + envelope-normalised,0.15,0.3,223,117,
engert_20220914_fish2_magneto_1,zebrafish 0.3 Hz,white,0.15,0.3,223,111,
engert_20220914_fish2_magneto_1,zebrafish 0.3 Hz,real,0.15476190476190477,0.3,223,123,
engert_20220914_fish2_magneto_1,zebrafish 0.3 Hz,detrended + envelope-normalised,0.15476190476190477,0.3,223,127,
engert_20220914_fish2_magneto_1,zebrafish 0.3 Hz,white,0.15476190476190477,0.3,223,108,
engert_20220914_fish2_magneto_1,zebrafish 0.3 Hz,real,0.15873015873015872,0.3,223,129,
engert_20220914_fish2_magneto_1,zebrafish 0.3 Hz,detrended + envelope-normalised,0.15873015873015872,0.3,223,119,
engert_20220914_fish2_magneto_1,zebrafish 0.3 Hz,white,0.15873015873015872,0.3,223,116,
engert_20220914_fish2_magneto_1,zebrafish 0.3 Hz,real,0.1634920634920635,0.3,223,121,
engert_20220914_fish2_magneto_1,zebrafish 0.3 Hz,detrended + envelope-normalised,0.1634920634920635,0.3,223,121,
engert_20220914_fish2_magneto_1,zebrafish 0.3 Hz,white,0.1634920634920635,0.3,223,123,
engert_20220914_fish2_magneto_1,zebrafish 0.3 Hz,real,0.16825396825396827,0.3,223,126,
engert_20220914_fish2_magneto_1,zebrafish 0.3 Hz,detrended + envelope-normalised,0.16825396825396827,0.3,223,117,
engert_20220914_fish2_magneto_1,zebrafish 0.3 Hz,white,0.16825396825396827,0.3,223,110,
engert_20220914_fish2_magneto_1,zebrafish 0.3 Hz,real,0.173015873015873,0.3,223,143,
engert_20220914_fish2_magneto_1,zebrafish 0.3 Hz,detrended + envelope-normalised,0.173015873015873,0.3,223,132,
engert_20220914_fish2_magneto_1,zebrafish 0.3 Hz,white,0.173015873015873,0.3,223,117,
engert_20220914_fish2_magneto_1,zebrafish 0.3 Hz,real,0.17777777777777778,0.3,223,128,
engert_20220914_fish2_magneto_1,zebrafish 0.3 Hz,detrended + envelope-normalised,0.17777777777777778,0.3,223,110,
engert_20220914_fish2_magneto_1,zebrafish 0.3 Hz,white,0.17777777777777778,0.3,223,118,
engert_20220914_fish2_magneto_1,zebrafish 0.3 Hz,real,0.18333333333333332,0.3,223,111,
engert_20220914_fish2_magneto_1,zebrafish 0.3 Hz,detrended + envelope-normalised,0.18333333333333332,0.3,223,104,
engert_20220914_fish2_magneto_1,zebrafish 0.3 Hz,white,0.18333333333333332,0.3,223,121,
engert_20220914_fish2_magneto_1,zebrafish 0.3 Hz,real,0.18888888888888888,0.3,223,110,
engert_20220914_fish2_magneto_1,zebrafish 0.3 Hz,detrended + envelope-normalised,0.18888888888888888,0.3,223,115,
engert_20220914_fish2_magneto_1,zebrafish 0.3 Hz,white,0.18888888888888888,0.3,223,104,
engert_20220914_fish2_magneto_1,zebrafish 0.3 Hz,real,0.19365079365079366,0.3,223,131,
engert_20220914_fish2_magneto_1,zebrafish 0.3 Hz,detrended + envelope-normalised,0.19365079365079366,0.3,223,124,
engert_20220914_fish2_magneto_1,zebrafish 0.3 Hz,white,0.19365079365079366,0.3,223,109,
engert_20220914_fish2_magneto_1,zebrafish 0.3 Hz,real,0.1992063492063492,0.3,223,120,
engert_20220914_fish2_magneto_1,zebrafish 0.3 Hz,detrended + envelope-normalised,0.1992063492063492,0.3,223,106,
engert_20220914_fish2_magneto_1,zebrafish 0.3 Hz,white,0.1992063492063492,0.3,223,113,
engert_20220914_fish2_magneto_1,zebrafish 0.3 Hz,real,0.20555555555555555,0.3,223,115,
engert_20220914_fish2_magneto_1,zebrafish 0.3 Hz,detrended + envelope-normalised,0.20555555555555555,0.3,223,114,
engert_20220914_fish2_magneto_1,zebrafish 0.3 Hz,white,0.20555555555555555,0.3,223,106,
engert_20220914_fish2_magneto_1,zebrafish 0.3 Hz,real,0.2111111111111111,0.3,223,127,
engert_20220914_fish2_magneto_1,zebrafish 0.3 Hz,detrended + envelope-normalised,0.2111111111111111,0.3,223,116,
engert_20220914_fish2_magneto_1,zebrafish 0.3 Hz,white,0.2111111111111111,0.3,223,103,
engert_20220914_fish2_magneto_1,zebrafish 0.3 Hz,real,0.21746031746031746,0.3,223,121,
engert_20220914_fish2_magneto_1,zebrafish 0.3 Hz,detrended + envelope-normalised,0.21746031746031746,0.3,223,104,
engert_20220914_fish2_magneto_1,zebrafish 0.3 Hz,white,0.21746031746031746,0.3,223,112,
engert_20220914_fish2_magneto_1,zebrafish 0.3 Hz,real,0.22301587301587303,0.3,223,118,
engert_20220914_fish2_magneto_1,zebrafish 0.3 Hz,detrended + envelope-normalised,0.22301587301587303,0.3,223,121,
engert_20220914_fish2_magneto_1,zebrafish 0.3 Hz,white,0.22301587301587303,0.3,223,108,
engert_20220914_fish2_magneto_1,zebrafish 0.3 Hz,real,0.23015873015873015,0.3,223,118,
engert_20220914_fish2_magneto_1,zebrafish 0.3 Hz,detrended + envelope-normalised,0.23015873015873015,0.3,223,123,
engert_20220914_fish2_magneto_1,zebrafish 0.3 Hz,white,0.23015873015873015,0.3,223,118,
engert_20220914_fish2_magneto_1,zebrafish 0.3 Hz,real,0.2365079365079365,0.3,223,120,
engert_20220914_fish2_magneto_1,zebrafish 0.3 Hz,detrended + envelope-normalised,0.2365079365079365,0.3,223,124,
engert_20220914_fish2_magneto_1,zebrafish 0.3 Hz,white,0.2365079365079365,0.3,223,106,
engert_20220914_fish2_magneto_1,zebrafish 0.3 Hz,real,0.24285714285714285,0.3,223,128,
engert_20220914_fish2_magneto_1,zebrafish 0.3 Hz,detrended + envelope-normalised,0.24285714285714285,0.3,223,113,
engert_20220914_fish2_magneto_1,zebrafish 0.3 Hz,white,0.24285714285714285,0.3,223,124,
engert_20220914_fish2_magneto_1,zebrafish 0.3 Hz,real,0.25,0.3,223,121,
engert_20220914_fish2_magneto_1,zebrafish 0.3 Hz,detrended + envelope-normalised,0.25,0.3,223,105,
engert_20220914_fish2_magneto_1,zebrafish 0.3 Hz,white,0.25,0.3,223,113,
engert_20220914_fish2_magneto_1,zebrafish 0.3 Hz,real,0.2571428571428571,0.3,223,121,
engert_20220914_fish2_magneto_1,zebrafish 0.3 Hz,detrended + envelope-normalised,0.2571428571428571,0.3,223,116,
engert_20220914_fish2_magneto_1,zebrafish 0.3 Hz,white,0.2571428571428571,0.3,223,115,
engert_20220914_fish2_magneto_1,zebrafish 0.3 Hz,real,0.2642857142857143,0.3,223,107,
engert_20220914_fish2_magneto_1,zebrafish 0.3 Hz,detrended + envelope-normalised,0.2642857142857143,0.3,223,122,
engert_20220914_fish2_magneto_1,zebrafish 0.3 Hz,white,0.2642857142857143,0.3,223,123,
engert_20220914_fish2_magneto_1,zebrafish 0.3 Hz,real,0.2722222222222222,0.3,223,121,
engert_20220914_fish2_magneto_1,zebrafish 0.3 Hz,detrended + envelope-normalised,0.2722222222222222,0.3,223,122,
engert_20220914_fish2_magneto_1,zebrafish 0.3 Hz,white,0.2722222222222222,0.3,223,107,
engert_20220914_fish2_magneto_1,zebrafish 0.3 Hz,real,0.28015873015873016,0.3,223,111,
engert_20220914_fish2_magneto_1,zebrafish 0.3 Hz,detrended + envelope-normalised,0.28015873015873016,0.3,223,115,
engert_20220914_fish2_magneto_1,zebrafish 0.3 Hz,white,0.28015873015873016,0.3,223,119,
engert_20220914_fish2_magneto_1,zebrafish 0.3 Hz,real,0.28809523809523807,0.3,223,125,
engert_20220914_fish2_magneto_1,zebrafish 0.3 Hz,detrended + envelope-normalised,0.28809523809523807,0.3,223,129,
engert_20220914_fish2_magneto_1,zebrafish 0.3 Hz,white,0.28809523809523807,0.3,223,111,
engert_20220914_fish2_magneto_1,zebrafish 0.3 Hz,real,0.29603174603174603,0.3,223,104,
engert_20220914_fish2_magneto_1,zebrafish 0.3 Hz,detrended + envelope-normalised,0.29603174603174603,0.3,223,107,
engert_20220914_fish2_magneto_1,zebrafish 0.3 Hz,white,0.29603174603174603,0.3,223,124,
engert_20220914_fish2_magneto_1,zebrafish 0.3 Hz,real,0.3047619047619048,0.3,223,128,
engert_20220914_fish2_magneto_1,zebrafish 0.3 Hz,detrended + envelope-normalised,0.3047619047619048,0.3,223,111,
engert_20220914_fish2_magneto_1,zebrafish 0.3 Hz,white,0.3047619047619048,0.3,223,103,
engert_20220914_fish2_magneto_1,zebrafish 0.3 Hz,real,0.3134920634920635,0.3,223,122,
engert_20220914_fish2_magneto_1,zebrafish 0.3 Hz,detrended + envelope-normalised,0.3134920634920635,0.3,223,119,
engert_20220914_fish2_magneto_1,zebrafish 0.3 Hz,white,0.3134920634920635,0.3,223,107,
engert_20220914_fish2_magneto_1,zebrafish 0.3 Hz,real,0.32222222222222224,0.3,223,120,
engert_20220914_fish2_magneto_1,zebrafish 0.3 Hz,detrended + envelope-normalised,0.32222222222222224,0.3,223,111,
engert_20220914_fish2_magneto_1,zebrafish 0.3 Hz,white,0.32222222222222224,0.3,223,107,
engert_20220914_fish2_magneto_1,zebrafish 0.3 Hz,real,0.33174603174603173,0.3,223,127,
engert_20220914_fish2_magneto_1,zebrafish 0.3 Hz,detrended + envelope-normalised,0.33174603174603173,0.3,223,109,
engert_20220914_fish2_magneto_1,zebrafish 0.3 Hz,white,0.33174603174603173,0.3,223,110,
engert_20220914_fish2_magneto_1,zebrafish 0.3 Hz,real,0.3412698412698413,0.3,223,117,
engert_20220914_fish2_magneto_1,zebrafish 0.3 Hz,detrended + envelope-normalised,0.3412698412698413,0.3,223,117,
engert_20220914_fish2_magneto_1,zebrafish 0.3 Hz,white,0.3412698412698413,0.3,223,114,
engert_20220914_fish2_magneto_1,zebrafish 0.3 Hz,real,0.35079365079365077,0.3,223,118,
engert_20220914_fish2_magneto_1,zebrafish 0.3 Hz,detrended + envelope-normalised,0.35079365079365077,0.3,223,118,
engert_20220914_fish2_magneto_1,zebrafish 0.3 Hz,white,0.35079365079365077,0.3,223,114,
engert_20220914_fish2_magneto_1,zebrafish 0.3 Hz,real,0.3611111111111111,0.3,223,103,
engert_20220914_fish2_magneto_1,zebrafish 0.3 Hz,detrended + envelope-normalised,0.3611111111111111,0.3,223,106,
engert_20220914_fish2_magneto_1,zebrafish 0.3 Hz,white,0.3611111111111111,0.3,223,120,
engert_20220914_fish2_magneto_1,zebrafish 0.3 Hz,real,0.37142857142857144,0.3,223,122,
engert_20220914_fish2_magneto_1,zebrafish 0.3 Hz,detrended + envelope-normalised,0.37142857142857144,0.3,223,115,
engert_20220914_fish2_magneto_1,zebrafish 0.3 Hz,white,0.37142857142857144,0.3,223,110,
engert_20220914_fish2_magneto_1,zebrafish 0.3 Hz,real,0.3825396825396825,0.3,223,121,
engert_20220914_fish2_magneto_1,zebrafish 0.3 Hz,detrended + envelope-normalised,0.3825396825396825,0.3,223,115,
engert_20220914_fish2_magneto_1,zebrafish 0.3 Hz,white,0.3825396825396825,0.3,223,102,
engert_20220914_fish2_magneto_1,zebrafish 0.3 Hz,real,0.39285714285714285,0.3,223,110,
engert_20220914_fish2_magneto_1,zebrafish 0.3 Hz,detrended + envelope-normalised,0.39285714285714285,0.3,223,116,
engert_20220914_fish2_magneto_1,zebrafish 0.3 Hz,white,0.39285714285714285,0.3,223,111,
engert_20220914_fish2_magneto_1,zebrafish 0.3 Hz,real,0.40476190476190477,0.3,223,133,
engert_20220914_fish2_magneto_1,zebrafish 0.3 Hz,detrended + envelope-normalised,0.40476190476190477,0.3,223,133,
engert_20220914_fish2_magneto_1,zebrafish 0.3 Hz,white,0.40476190476190477,0.3,223,111,
engert_20220914_fish2_magneto_1,zebrafish 0.3 Hz,real,0.4158730158730159,0.3,223,124,
engert_20220914_fish2_magneto_1,zebrafish 0.3 Hz,detrended + envelope-normalised,0.4158730158730159,0.3,223,114,
engert_20220914_fish2_magneto_1,zebrafish 0.3 Hz,white,0.4158730158730159,0.3,223,98,
engert_20220914_fish2_magneto_1,zebrafish 0.3 Hz,real,0.42777777777777776,0.3,223,131,
engert_20220914_fish2_magneto_1,zebrafish 0.3 Hz,detrended + envelope-normalised,0.42777777777777776,0.3,223,115,
engert_20220914_fish2_magneto_1,zebrafish 0.3 Hz,white,0.42777777777777776,0.3,223,121,
engert_20220914_fish2_magneto_1,zebrafish 0.3 Hz,real,0.44047619047619047,0.3,223,114,
engert_20220914_fish2_magneto_1,zebrafish 0.3 Hz,detrended + envelope-normalised,0.44047619047619047,0.3,223,108,
engert_20220914_fish2_magneto_1,zebrafish 0.3 Hz,white,0.44047619047619047,0.3,223,117,
engert_20220914_fish2_magneto_1,zebrafish 0.3 Hz,real,0.4531746031746032,0.3,223,125,
engert_20220914_fish2_magneto_1,zebrafish 0.3 Hz,detrended + envelope-normalised,0.4531746031746032,0.3,223,125,
engert_20220914_fish2_magneto_1,zebrafish 0.3 Hz,white,0.4531746031746032,0.3,223,117,
engert_20220914_fish2_magneto_1,zebrafish 0.3 Hz,near stimulus,0.2761904761904762,0.3,223,115,-30.0
engert_20220914_fish2_magneto_1,zebrafish 0.3 Hz,near stimulus,0.276984126984127,0.3,223,124,-29.0
engert_20220914_fish2_magneto_1,zebrafish 0.3 Hz,near stimulus,0.2777777777777778,0.3,223,131,-28.0
engert_20220914_fish2_magneto_1,zebrafish 0.3 Hz,near stimulus,0.2785714285714286,0.3,223,129,-27.0
engert_20220914_fish2_magneto_1,zebrafish 0.3 Hz,near stimulus,0.27936507936507937,0.3,223,109,-26.0
engert_20220914_fish2_magneto_1,zebrafish 0.3 Hz,near stimulus,0.28015873015873016,0.3,223,111,-25.0
engert_20220914_fish2_magneto_1,zebrafish 0.3 Hz,near stimulus,0.28095238095238095,0.3,223,127,-24.0
engert_20220914_fish2_magneto_1,zebrafish 0.3 Hz,near stimulus,0.28174603174603174,0.3,223,121,-23.0
engert_20220914_fish2_magneto_1,zebrafish 0.3 Hz,near stimulus,0.28253968253968254,0.3,223,107,-22.0
engert_20220914_fish2_magneto_1,zebrafish 0.3 Hz,near stimulus,0.2833333333333333,0.3,223,122,-21.0
engert_20220914_fish2_magneto_1,zebrafish 0.3 Hz,near stimulus,0.2841269841269841,0.3,223,131,-20.0
engert_20220914_fish2_magneto_1,zebrafish 0.3 Hz,near stimulus,0.2849206349206349,0.3,223,120,-19.0
engert_20220914_fish2_magneto_1,zebrafish 0.3 Hz,near stimulus,0.2857142857142857,0.3,223,120,-18.0
engert_20220914_fish2_magneto_1,zebrafish 0.3 Hz,near stimulus,0.2865079365079365,0.3,223,116,-17.0
engert_20220914_fish2_magneto_1,zebrafish 0.3 Hz,near stimulus,0.2873015873015873,0.3,223,108,-16.0
engert_20220914_fish2_magneto_1,zebrafish 0.3 Hz,near stimulus,0.28809523809523807,0.3,223,125,-15.0
engert_20220914_fish2_magneto_1,zebrafish 0.3 Hz,near stimulus,0.28888888888888886,0.3,223,119,-14.0
engert_20220914_fish2_magneto_1,zebrafish 0.3 Hz,near stimulus,0.2896825396825397,0.3,223,115,-13.0
engert_20220914_fish2_magneto_1,zebrafish 0.3 Hz,near stimulus,0.2904761904761905,0.3,223,119,-12.0
engert_20220914_fish2_magneto_1,zebrafish 0.3 Hz,near stimulus,0.2912698412698413,0.3,223,123,-11.0
engert_20220914_fish2_magneto_1,zebrafish 0.3 Hz,near stimulus,0.2920634920634921,0.3,223,115,-10.0
engert_20220914_fish2_magneto_1,zebrafish 0.3 Hz,near stimulus,0.29285714285714287,0.3,223,118,-9.0
engert_20220914_fish2_magneto_1,zebrafish 0.3 Hz,near stimulus,0.29365079365079366,0.3,223,109,-8.0
engert_20220914_fish2_magneto_1,zebrafish 0.3 Hz,near stimulus,0.29444444444444445,0.3,223,119,-7.0
engert_20220914_fish2_magneto_1,zebrafish 0.3 Hz,near stimulus,0.29523809523809524,0.3,223,121,-6.0
engert_20220914_fish2_magneto_1,zebrafish 0.3 Hz,near stimulus,0.29603174603174603,0.3,223,104,-5.0
engert_20220914_fish2_magneto_1,zebrafish 0.3 Hz,near stimulus,0.2968253968253968,0.3,223,117,-4.0
engert_20220914_fish2_magneto_1,zebrafish 0.3 Hz,near stimulus,0.2976190476190476,0.3,223,114,-3.0
engert_20220914_fish2_magneto_1,zebrafish 0.3 Hz,near stimulus,0.2984126984126984,0.3,223,123,-2.0
engert_20220914_fish2_magneto_1,zebrafish 0.3 Hz,near stimulus,0.2992063492063492,0.3,223,118,-1.0
engert_20220914_fish2_magneto_1,zebrafish 0.3 Hz,near stimulus,0.3,0.3,223,140,0.0
engert_20220914_fish2_magneto_1,zebrafish 0.3 Hz,near stimulus,0.3007936507936508,0.3,223,107,1.0
engert_20220914_fish2_magneto_1,zebrafish 0.3 Hz,near stimulus,0.30158730158730157,0.3,223,126,2.0
engert_20220914_fish2_magneto_1,zebrafish 0.3 Hz,near stimulus,0.30238095238095236,0.3,223,111,3.0
engert_20220914_fish2_magneto_1,zebrafish 0.3 Hz,near stimulus,0.30317460317460315,0.3,223,118,4.0
engert_20220914_fish2_magneto_1,zebrafish 0.3 Hz,near stimulus,0.30396825396825394,0.3,223,130,5.0
engert_20220914_fish2_magneto_1,zebrafish 0.3 Hz,near stimulus,0.3047619047619048,0.3,223,128,6.0
engert_20220914_fish2_magneto_1,zebrafish 0.3 Hz,near stimulus,0.3055555555555556,0.3,223,114,7.0
engert_20220914_fish2_magneto_1,zebrafish 0.3 Hz,near stimulus,0.30634920634920637,0.3,223,119,8.0
engert_20220914_fish2_magneto_1,zebrafish 0.3 Hz,near stimulus,0.30714285714285716,0.3,223,121,9.0
engert_20220914_fish2_magneto_1,zebrafish 0.3 Hz,near stimulus,0.30793650793650795,0.3,223,113,10.0
engert_20220914_fish2_magneto_1,zebrafish 0.3 Hz,near stimulus,0.30873015873015874,0.3,223,125,11.0
engert_20220914_fish2_magneto_1,zebrafish 0.3 Hz,near stimulus,0.30952380952380953,0.3,223,128,12.0
engert_20220914_fish2_magneto_1,zebrafish 0.3 Hz,near stimulus,0.3103174603174603,0.3,223,113,13.0
engert_20220914_fish2_magneto_1,zebrafish 0.3 Hz,near stimulus,0.3111111111111111,0.3,223,116,14.0
engert_20220914_fish2_magneto_1,zebrafish 0.3 Hz,near stimulus,0.3119047619047619,0.3,223,120,15.0
engert_20220914_fish2_magneto_1,zebrafish 0.3 Hz,near stimulus,0.3126984126984127,0.3,223,118,16.0
engert_20220914_fish2_magneto_1,zebrafish 0.3 Hz,near stimulus,0.3134920634920635,0.3,223,122,17.0
engert_20220914_fish2_magneto_1,zebrafish 0.3 Hz,near stimulus,0.3142857142857143,0.3,223,120,18.0
engert_20220914_fish2_magneto_1,zebrafish 0.3 Hz,near stimulus,0.31507936507936507,0.3,223,113,19.0
engert_20220914_fish2_magneto_1,zebrafish 0.3 Hz,near stimulus,0.31587301587301586,0.3,223,117,20.0
engert_20220914_fish2_magneto_1,zebrafish 0.3 Hz,near stimulus,0.31666666666666665,0.3,223,130,21.0
engert_20220914_fish2_magneto_1,zebrafish 0.3 Hz,near stimulus,0.31746031746031744,0.3,223,112,22.0
engert_20220914_fish2_magneto_1,zebrafish 0.3 Hz,near stimulus,0.31825396825396823,0.3,223,118,23.0
engert_20220914_fish2_magneto_1,zebrafish 0.3 Hz,near stimulus,0.319047619047619,0.3,223,115,24.0
engert_20220914_fish2_magneto_1,zebrafish 0.3 Hz,near stimulus,0.3198412698412698,0.3,223,116,25.0
engert_20220914_fish2_magneto_1,zebrafish 0.3 Hz,near stimulus,0.32063492063492066,0.3,223,119,26.0
engert_20220914_fish2_magneto_1,zebrafish 0.3 Hz,near stimulus,0.32142857142857145,0.3,223,122,27.0
engert_20220914_fish2_magneto_1,zebrafish 0.3 Hz,near stimulus,0.32222222222222224,0.3,223,120,28.0
engert_20220914_fish2_magneto_1,zebrafish 0.3 Hz,near stimulus,0.32301587301587303,0.3,223,127,29.0
engert_20220914_fish2_magneto_1,zebrafish 0.3 Hz,near stimulus,0.3238095238095238,0.3,223,129,30.0
engert_20220914_fish2_magneto_2,zebrafish 0.3 Hz,real,0.08571428571428572,0.3,240,135,
engert_20220914_fish2_magneto_2,zebrafish 0.3 Hz,detrended + envelope-normalised,0.08571428571428572,0.3,240,116,
engert_20220914_fish2_magneto_2,zebrafish 0.3 Hz,white,0.08571428571428572,0.3,240,129,
engert_20220914_fish2_magneto_2,zebrafish 0.3 Hz,real,0.0880952380952381,0.3,240,127,
engert_20220914_fish2_magneto_2,zebrafish 0.3 Hz,detrended + envelope-normalised,0.0880952380952381,0.3,240,110,
engert_20220914_fish2_magneto_2,zebrafish 0.3 Hz,white,0.0880952380952381,0.3,240,120,
engert_20220914_fish2_magneto_2,zebrafish 0.3 Hz,real,0.09047619047619047,0.3,240,119,
engert_20220914_fish2_magneto_2,zebrafish 0.3 Hz,detrended + envelope-normalised,0.09047619047619047,0.3,240,129,
engert_20220914_fish2_magneto_2,zebrafish 0.3 Hz,white,0.09047619047619047,0.3,240,119,
engert_20220914_fish2_magneto_2,zebrafish 0.3 Hz,real,0.09285714285714286,0.3,240,147,
engert_20220914_fish2_magneto_2,zebrafish 0.3 Hz,detrended + envelope-normalised,0.09285714285714286,0.3,240,136,
engert_20220914_fish2_magneto_2,zebrafish 0.3 Hz,white,0.09285714285714286,0.3,240,112,
engert_20220914_fish2_magneto_2,zebrafish 0.3 Hz,real,0.09523809523809523,0.3,240,137,
engert_20220914_fish2_magneto_2,zebrafish 0.3 Hz,detrended + envelope-normalised,0.09523809523809523,0.3,240,135,
engert_20220914_fish2_magneto_2,zebrafish 0.3 Hz,white,0.09523809523809523,0.3,240,127,
engert_20220914_fish2_magneto_2,zebrafish 0.3 Hz,real,0.09841269841269841,0.3,240,142,
engert_20220914_fish2_magneto_2,zebrafish 0.3 Hz,detrended + envelope-normalised,0.09841269841269841,0.3,240,119,
engert_20220914_fish2_magneto_2,zebrafish 0.3 Hz,white,0.09841269841269841,0.3,240,115,
engert_20220914_fish2_magneto_2,zebrafish 0.3 Hz,real,0.1007936507936508,0.3,240,139,
engert_20220914_fish2_magneto_2,zebrafish 0.3 Hz,detrended + envelope-normalised,0.1007936507936508,0.3,240,128,
engert_20220914_fish2_magneto_2,zebrafish 0.3 Hz,white,0.1007936507936508,0.3,240,128,
engert_20220914_fish2_magneto_2,zebrafish 0.3 Hz,real,0.10396825396825397,0.3,240,132,
engert_20220914_fish2_magneto_2,zebrafish 0.3 Hz,detrended + envelope-normalised,0.10396825396825397,0.3,240,120,
engert_20220914_fish2_magneto_2,zebrafish 0.3 Hz,white,0.10396825396825397,0.3,240,126,
engert_20220914_fish2_magneto_2,zebrafish 0.3 Hz,real,0.10714285714285714,0.3,240,130,
engert_20220914_fish2_magneto_2,zebrafish 0.3 Hz,detrended + envelope-normalised,0.10714285714285714,0.3,240,112,
engert_20220914_fish2_magneto_2,zebrafish 0.3 Hz,white,0.10714285714285714,0.3,240,107,
engert_20220914_fish2_magneto_2,zebrafish 0.3 Hz,real,0.11031746031746031,0.3,240,135,
engert_20220914_fish2_magneto_2,zebrafish 0.3 Hz,detrended + envelope-normalised,0.11031746031746031,0.3,240,123,
engert_20220914_fish2_magneto_2,zebrafish 0.3 Hz,white,0.11031746031746031,0.3,240,116,
engert_20220914_fish2_magneto_2,zebrafish 0.3 Hz,real,0.11349206349206349,0.3,240,148,
engert_20220914_fish2_magneto_2,zebrafish 0.3 Hz,detrended + envelope-normalised,0.11349206349206349,0.3,240,131,
engert_20220914_fish2_magneto_2,zebrafish 0.3 Hz,white,0.11349206349206349,0.3,240,106,
engert_20220914_fish2_magneto_2,zebrafish 0.3 Hz,real,0.11666666666666667,0.3,240,134,
engert_20220914_fish2_magneto_2,zebrafish 0.3 Hz,detrended + envelope-normalised,0.11666666666666667,0.3,240,137,
engert_20220914_fish2_magneto_2,zebrafish 0.3 Hz,white,0.11666666666666667,0.3,240,123,
engert_20220914_fish2_magneto_2,zebrafish 0.3 Hz,real,0.11984126984126985,0.3,240,106,
engert_20220914_fish2_magneto_2,zebrafish 0.3 Hz,detrended + envelope-normalised,0.11984126984126985,0.3,240,114,
engert_20220914_fish2_magneto_2,zebrafish 0.3 Hz,white,0.11984126984126985,0.3,240,121,
engert_20220914_fish2_magneto_2,zebrafish 0.3 Hz,real,0.12301587301587301,0.3,240,129,
engert_20220914_fish2_magneto_2,zebrafish 0.3 Hz,detrended + envelope-normalised,0.12301587301587301,0.3,240,118,
engert_20220914_fish2_magneto_2,zebrafish 0.3 Hz,white,0.12301587301587301,0.3,240,127,
engert_20220914_fish2_magneto_2,zebrafish 0.3 Hz,real,0.12698412698412698,0.3,240,126,
engert_20220914_fish2_magneto_2,zebrafish 0.3 Hz,detrended + envelope-normalised,0.12698412698412698,0.3,240,128,
engert_20220914_fish2_magneto_2,zebrafish 0.3 Hz,white,0.12698412698412698,0.3,240,122,
engert_20220914_fish2_magneto_2,zebrafish 0.3 Hz,real,0.13015873015873017,0.3,240,122,
engert_20220914_fish2_magneto_2,zebrafish 0.3 Hz,detrended + envelope-normalised,0.13015873015873017,0.3,240,113,
engert_20220914_fish2_magneto_2,zebrafish 0.3 Hz,white,0.13015873015873017,0.3,240,116,
engert_20220914_fish2_magneto_2,zebrafish 0.3 Hz,real,0.13412698412698412,0.3,240,136,
engert_20220914_fish2_magneto_2,zebrafish 0.3 Hz,detrended + envelope-normalised,0.13412698412698412,0.3,240,127,
engert_20220914_fish2_magneto_2,zebrafish 0.3 Hz,white,0.13412698412698412,0.3,240,127,
engert_20220914_fish2_magneto_2,zebrafish 0.3 Hz,real,0.1380952380952381,0.3,240,127,
engert_20220914_fish2_magneto_2,zebrafish 0.3 Hz,detrended + envelope-normalised,0.1380952380952381,0.3,240,128,
engert_20220914_fish2_magneto_2,zebrafish 0.3 Hz,white,0.1380952380952381,0.3,240,105,
engert_20220914_fish2_magneto_2,zebrafish 0.3 Hz,real,0.14206349206349206,0.3,240,129,
engert_20220914_fish2_magneto_2,zebrafish 0.3 Hz,detrended + envelope-normalised,0.14206349206349206,0.3,240,114,
engert_20220914_fish2_magneto_2,zebrafish 0.3 Hz,white,0.14206349206349206,0.3,240,112,
engert_20220914_fish2_magneto_2,zebrafish 0.3 Hz,real,0.14603174603174604,0.3,240,132,
engert_20220914_fish2_magneto_2,zebrafish 0.3 Hz,detrended + envelope-normalised,0.14603174603174604,0.3,240,132,
engert_20220914_fish2_magneto_2,zebrafish 0.3 Hz,white,0.14603174603174604,0.3,240,122,
engert_20220914_fish2_magneto_2,zebrafish 0.3 Hz,real,0.15,0.3,240,140,
engert_20220914_fish2_magneto_2,zebrafish 0.3 Hz,detrended + envelope-normalised,0.15,0.3,240,121,
engert_20220914_fish2_magneto_2,zebrafish 0.3 Hz,white,0.15,0.3,240,119,
engert_20220914_fish2_magneto_2,zebrafish 0.3 Hz,real,0.15476190476190477,0.3,240,137,
engert_20220914_fish2_magneto_2,zebrafish 0.3 Hz,detrended + envelope-normalised,0.15476190476190477,0.3,240,127,
engert_20220914_fish2_magneto_2,zebrafish 0.3 Hz,white,0.15476190476190477,0.3,240,112,
engert_20220914_fish2_magneto_2,zebrafish 0.3 Hz,real,0.15873015873015872,0.3,240,143,
engert_20220914_fish2_magneto_2,zebrafish 0.3 Hz,detrended + envelope-normalised,0.15873015873015872,0.3,240,136,
engert_20220914_fish2_magneto_2,zebrafish 0.3 Hz,white,0.15873015873015872,0.3,240,129,
engert_20220914_fish2_magneto_2,zebrafish 0.3 Hz,real,0.1634920634920635,0.3,240,127,
engert_20220914_fish2_magneto_2,zebrafish 0.3 Hz,detrended + envelope-normalised,0.1634920634920635,0.3,240,123,
engert_20220914_fish2_magneto_2,zebrafish 0.3 Hz,white,0.1634920634920635,0.3,240,115,
engert_20220914_fish2_magneto_2,zebrafish 0.3 Hz,real,0.16825396825396827,0.3,240,125,
engert_20220914_fish2_magneto_2,zebrafish 0.3 Hz,detrended + envelope-normalised,0.16825396825396827,0.3,240,118,
engert_20220914_fish2_magneto_2,zebrafish 0.3 Hz,white,0.16825396825396827,0.3,240,123,
engert_20220914_fish2_magneto_2,zebrafish 0.3 Hz,real,0.173015873015873,0.3,240,122,
engert_20220914_fish2_magneto_2,zebrafish 0.3 Hz,detrended + envelope-normalised,0.173015873015873,0.3,240,118,
engert_20220914_fish2_magneto_2,zebrafish 0.3 Hz,white,0.173015873015873,0.3,240,135,
engert_20220914_fish2_magneto_2,zebrafish 0.3 Hz,real,0.17777777777777778,0.3,240,120,
engert_20220914_fish2_magneto_2,zebrafish 0.3 Hz,detrended + envelope-normalised,0.17777777777777778,0.3,240,118,
engert_20220914_fish2_magneto_2,zebrafish 0.3 Hz,white,0.17777777777777778,0.3,240,118,
engert_20220914_fish2_magneto_2,zebrafish 0.3 Hz,real,0.18333333333333332,0.3,240,142,
engert_20220914_fish2_magneto_2,zebrafish 0.3 Hz,detrended + envelope-normalised,0.18333333333333332,0.3,240,137,
engert_20220914_fish2_magneto_2,zebrafish 0.3 Hz,white,0.18333333333333332,0.3,240,128,
engert_20220914_fish2_magneto_2,zebrafish 0.3 Hz,real,0.18888888888888888,0.3,240,134,
engert_20220914_fish2_magneto_2,zebrafish 0.3 Hz,detrended + envelope-normalised,0.18888888888888888,0.3,240,124,
engert_20220914_fish2_magneto_2,zebrafish 0.3 Hz,white,0.18888888888888888,0.3,240,119,
engert_20220914_fish2_magneto_2,zebrafish 0.3 Hz,real,0.19365079365079366,0.3,240,137,
engert_20220914_fish2_magneto_2,zebrafish 0.3 Hz,detrended + envelope-normalised,0.19365079365079366,0.3,240,125,
engert_20220914_fish2_magneto_2,zebrafish 0.3 Hz,white,0.19365079365079366,0.3,240,114,
engert_20220914_fish2_magneto_2,zebrafish 0.3 Hz,real,0.1992063492063492,0.3,240,134,
engert_20220914_fish2_magneto_2,zebrafish 0.3 Hz,detrended + envelope-normalised,0.1992063492063492,0.3,240,124,
engert_20220914_fish2_magneto_2,zebrafish 0.3 Hz,white,0.1992063492063492,0.3,240,114,
engert_20220914_fish2_magneto_2,zebrafish 0.3 Hz,real,0.20555555555555555,0.3,240,128,
engert_20220914_fish2_magneto_2,zebrafish 0.3 Hz,detrended + envelope-normalised,0.20555555555555555,0.3,240,132,
engert_20220914_fish2_magneto_2,zebrafish 0.3 Hz,white,0.20555555555555555,0.3,240,112,
engert_20220914_fish2_magneto_2,zebrafish 0.3 Hz,real,0.2111111111111111,0.3,240,132,
engert_20220914_fish2_magneto_2,zebrafish 0.3 Hz,detrended + envelope-normalised,0.2111111111111111,0.3,240,127,
engert_20220914_fish2_magneto_2,zebrafish 0.3 Hz,white,0.2111111111111111,0.3,240,124,
engert_20220914_fish2_magneto_2,zebrafish 0.3 Hz,real,0.21746031746031746,0.3,240,131,
engert_20220914_fish2_magneto_2,zebrafish 0.3 Hz,detrended + envelope-normalised,0.21746031746031746,0.3,240,134,
engert_20220914_fish2_magneto_2,zebrafish 0.3 Hz,white,0.21746031746031746,0.3,240,135,
engert_20220914_fish2_magneto_2,zebrafish 0.3 Hz,real,0.22301587301587303,0.3,240,129,
engert_20220914_fish2_magneto_2,zebrafish 0.3 Hz,detrended + envelope-normalised,0.22301587301587303,0.3,240,129,
engert_20220914_fish2_magneto_2,zebrafish 0.3 Hz,white,0.22301587301587303,0.3,240,125,
engert_20220914_fish2_magneto_2,zebrafish 0.3 Hz,real,0.23015873015873015,0.3,240,133,
engert_20220914_fish2_magneto_2,zebrafish 0.3 Hz,detrended + envelope-normalised,0.23015873015873015,0.3,240,123,
engert_20220914_fish2_magneto_2,zebrafish 0.3 Hz,white,0.23015873015873015,0.3,240,117,
engert_20220914_fish2_magneto_2,zebrafish 0.3 Hz,real,0.2365079365079365,0.3,240,130,
engert_20220914_fish2_magneto_2,zebrafish 0.3 Hz,detrended + envelope-normalised,0.2365079365079365,0.3,240,134,
engert_20220914_fish2_magneto_2,zebrafish 0.3 Hz,white,0.2365079365079365,0.3,240,113,
engert_20220914_fish2_magneto_2,zebrafish 0.3 Hz,real,0.24285714285714285,0.3,240,128,
engert_20220914_fish2_magneto_2,zebrafish 0.3 Hz,detrended + envelope-normalised,0.24285714285714285,0.3,240,120,
engert_20220914_fish2_magneto_2,zebrafish 0.3 Hz,white,0.24285714285714285,0.3,240,118,
engert_20220914_fish2_magneto_2,zebrafish 0.3 Hz,real,0.25,0.3,240,124,
engert_20220914_fish2_magneto_2,zebrafish 0.3 Hz,detrended + envelope-normalised,0.25,0.3,240,130,
engert_20220914_fish2_magneto_2,zebrafish 0.3 Hz,white,0.25,0.3,240,123,
engert_20220914_fish2_magneto_2,zebrafish 0.3 Hz,real,0.2571428571428571,0.3,240,131,
engert_20220914_fish2_magneto_2,zebrafish 0.3 Hz,detrended + envelope-normalised,0.2571428571428571,0.3,240,130,
engert_20220914_fish2_magneto_2,zebrafish 0.3 Hz,white,0.2571428571428571,0.3,240,114,
engert_20220914_fish2_magneto_2,zebrafish 0.3 Hz,real,0.2642857142857143,0.3,240,133,
engert_20220914_fish2_magneto_2,zebrafish 0.3 Hz,detrended + envelope-normalised,0.2642857142857143,0.3,240,119,
engert_20220914_fish2_magneto_2,zebrafish 0.3 Hz,white,0.2642857142857143,0.3,240,107,
engert_20220914_fish2_magneto_2,zebrafish 0.3 Hz,real,0.2722222222222222,0.3,240,130,
engert_20220914_fish2_magneto_2,zebrafish 0.3 Hz,detrended + envelope-normalised,0.2722222222222222,0.3,240,123,
engert_20220914_fish2_magneto_2,zebrafish 0.3 Hz,white,0.2722222222222222,0.3,240,129,
engert_20220914_fish2_magneto_2,zebrafish 0.3 Hz,real,0.28015873015873016,0.3,240,120,
engert_20220914_fish2_magneto_2,zebrafish 0.3 Hz,detrended + envelope-normalised,0.28015873015873016,0.3,240,116,
engert_20220914_fish2_magneto_2,zebrafish 0.3 Hz,white,0.28015873015873016,0.3,240,120,
engert_20220914_fish2_magneto_2,zebrafish 0.3 Hz,real,0.28809523809523807,0.3,240,138,
engert_20220914_fish2_magneto_2,zebrafish 0.3 Hz,detrended + envelope-normalised,0.28809523809523807,0.3,240,128,
engert_20220914_fish2_magneto_2,zebrafish 0.3 Hz,white,0.28809523809523807,0.3,240,113,
engert_20220914_fish2_magneto_2,zebrafish 0.3 Hz,real,0.29603174603174603,0.3,240,131,
engert_20220914_fish2_magneto_2,zebrafish 0.3 Hz,detrended + envelope-normalised,0.29603174603174603,0.3,240,129,
engert_20220914_fish2_magneto_2,zebrafish 0.3 Hz,white,0.29603174603174603,0.3,240,123,
engert_20220914_fish2_magneto_2,zebrafish 0.3 Hz,real,0.3047619047619048,0.3,240,129,
engert_20220914_fish2_magneto_2,zebrafish 0.3 Hz,detrended + envelope-normalised,0.3047619047619048,0.3,240,128,
engert_20220914_fish2_magneto_2,zebrafish 0.3 Hz,white,0.3047619047619048,0.3,240,109,
engert_20220914_fish2_magneto_2,zebrafish 0.3 Hz,real,0.3134920634920635,0.3,240,134,
engert_20220914_fish2_magneto_2,zebrafish 0.3 Hz,detrended + envelope-normalised,0.3134920634920635,0.3,240,134,
engert_20220914_fish2_magneto_2,zebrafish 0.3 Hz,white,0.3134920634920635,0.3,240,116,
engert_20220914_fish2_magneto_2,zebrafish 0.3 Hz,real,0.32222222222222224,0.3,240,134,
engert_20220914_fish2_magneto_2,zebrafish 0.3 Hz,detrended + envelope-normalised,0.32222222222222224,0.3,240,130,
engert_20220914_fish2_magneto_2,zebrafish 0.3 Hz,white,0.32222222222222224,0.3,240,133,
engert_20220914_fish2_magneto_2,zebrafish 0.3 Hz,real,0.33174603174603173,0.3,240,135,
engert_20220914_fish2_magneto_2,zebrafish 0.3 Hz,detrended + envelope-normalised,0.33174603174603173,0.3,240,117,
engert_20220914_fish2_magneto_2,zebrafish 0.3 Hz,white,0.33174603174603173,0.3,240,106,
engert_20220914_fish2_magneto_2,zebrafish 0.3 Hz,real,0.3412698412698413,0.3,240,128,
engert_20220914_fish2_magneto_2,zebrafish 0.3 Hz,detrended + envelope-normalised,0.3412698412698413,0.3,240,124,
engert_20220914_fish2_magneto_2,zebrafish 0.3 Hz,white,0.3412698412698413,0.3,240,132,
engert_20220914_fish2_magneto_2,zebrafish 0.3 Hz,real,0.35079365079365077,0.3,240,125,
engert_20220914_fish2_magneto_2,zebrafish 0.3 Hz,detrended + envelope-normalised,0.35079365079365077,0.3,240,132,
engert_20220914_fish2_magneto_2,zebrafish 0.3 Hz,white,0.35079365079365077,0.3,240,114,
engert_20220914_fish2_magneto_2,zebrafish 0.3 Hz,real,0.3611111111111111,0.3,240,140,
engert_20220914_fish2_magneto_2,zebrafish 0.3 Hz,detrended + envelope-normalised,0.3611111111111111,0.3,240,126,
engert_20220914_fish2_magneto_2,zebrafish 0.3 Hz,white,0.3611111111111111,0.3,240,127,
engert_20220914_fish2_magneto_2,zebrafish 0.3 Hz,real,0.37142857142857144,0.3,240,121,
engert_20220914_fish2_magneto_2,zebrafish 0.3 Hz,detrended + envelope-normalised,0.37142857142857144,0.3,240,123,
engert_20220914_fish2_magneto_2,zebrafish 0.3 Hz,white,0.37142857142857144,0.3,240,121,
engert_20220914_fish2_magneto_2,zebrafish 0.3 Hz,real,0.3825396825396825,0.3,240,137,
engert_20220914_fish2_magneto_2,zebrafish 0.3 Hz,detrended + envelope-normalised,0.3825396825396825,0.3,240,125,
engert_20220914_fish2_magneto_2,zebrafish 0.3 Hz,white,0.3825396825396825,0.3,240,121,
engert_20220914_fish2_magneto_2,zebrafish 0.3 Hz,real,0.39285714285714285,0.3,240,130,
engert_20220914_fish2_magneto_2,zebrafish 0.3 Hz,detrended + envelope-normalised,0.39285714285714285,0.3,240,131,
engert_20220914_fish2_magneto_2,zebrafish 0.3 Hz,white,0.39285714285714285,0.3,240,114,
engert_20220914_fish2_magneto_2,zebrafish 0.3 Hz,real,0.40476190476190477,0.3,240,142,
engert_20220914_fish2_magneto_2,zebrafish 0.3 Hz,detrended + envelope-normalised,0.40476190476190477,0.3,240,138,
engert_20220914_fish2_magneto_2,zebrafish 0.3 Hz,white,0.40476190476190477,0.3,240,123,
engert_20220914_fish2_magneto_2,zebrafish 0.3 Hz,real,0.4158730158730159,0.3,240,134,
engert_20220914_fish2_magneto_2,zebrafish 0.3 Hz,detrended + envelope-normalised,0.4158730158730159,0.3,240,133,
engert_20220914_fish2_magneto_2,zebrafish 0.3 Hz,white,0.4158730158730159,0.3,240,110,
engert_20220914_fish2_magneto_2,zebrafish 0.3 Hz,real,0.42777777777777776,0.3,240,123,
engert_20220914_fish2_magneto_2,zebrafish 0.3 Hz,detrended + envelope-normalised,0.42777777777777776,0.3,240,117,
engert_20220914_fish2_magneto_2,zebrafish 0.3 Hz,white,0.42777777777777776,0.3,240,129,
engert_20220914_fish2_magneto_2,zebrafish 0.3 Hz,real,0.44047619047619047,0.3,240,144,
engert_20220914_fish2_magneto_2,zebrafish 0.3 Hz,detrended + envelope-normalised,0.44047619047619047,0.3,240,130,
engert_20220914_fish2_magneto_2,zebrafish 0.3 Hz,white,0.44047619047619047,0.3,240,131,
engert_20220914_fish2_magneto_2,zebrafish 0.3 Hz,real,0.4531746031746032,0.3,240,135,
engert_20220914_fish2_magneto_2,zebrafish 0.3 Hz,detrended + envelope-normalised,0.4531746031746032,0.3,240,124,
engert_20220914_fish2_magneto_2,zebrafish 0.3 Hz,white,0.4531746031746032,0.3,240,105,
engert_20220914_fish2_magneto_2,zebrafish 0.3 Hz,near stimulus,0.2761904761904762,0.3,240,135,-30.0
engert_20220914_fish2_magneto_2,zebrafish 0.3 Hz,near stimulus,0.276984126984127,0.3,240,134,-29.0
engert_20220914_fish2_magneto_2,zebrafish 0.3 Hz,near stimulus,0.2777777777777778,0.3,240,121,-28.0
engert_20220914_fish2_magneto_2,zebrafish 0.3 Hz,near stimulus,0.2785714285714286,0.3,240,127,-27.0
engert_20220914_fish2_magneto_2,zebrafish 0.3 Hz,near stimulus,0.27936507936507937,0.3,240,124,-26.0
engert_20220914_fish2_magneto_2,zebrafish 0.3 Hz,near stimulus,0.28015873015873016,0.3,240,120,-25.0
engert_20220914_fish2_magneto_2,zebrafish 0.3 Hz,near stimulus,0.28095238095238095,0.3,240,123,-24.0
engert_20220914_fish2_magneto_2,zebrafish 0.3 Hz,near stimulus,0.28174603174603174,0.3,240,126,-23.0
engert_20220914_fish2_magneto_2,zebrafish 0.3 Hz,near stimulus,0.28253968253968254,0.3,240,128,-22.0
engert_20220914_fish2_magneto_2,zebrafish 0.3 Hz,near stimulus,0.2833333333333333,0.3,240,136,-21.0
engert_20220914_fish2_magneto_2,zebrafish 0.3 Hz,near stimulus,0.2841269841269841,0.3,240,134,-20.0
engert_20220914_fish2_magneto_2,zebrafish 0.3 Hz,near stimulus,0.2849206349206349,0.3,240,134,-19.0
engert_20220914_fish2_magneto_2,zebrafish 0.3 Hz,near stimulus,0.2857142857142857,0.3,240,128,-18.0
engert_20220914_fish2_magneto_2,zebrafish 0.3 Hz,near stimulus,0.2865079365079365,0.3,240,138,-17.0
engert_20220914_fish2_magneto_2,zebrafish 0.3 Hz,near stimulus,0.2873015873015873,0.3,240,140,-16.0
engert_20220914_fish2_magneto_2,zebrafish 0.3 Hz,near stimulus,0.28809523809523807,0.3,240,138,-15.0
engert_20220914_fish2_magneto_2,zebrafish 0.3 Hz,near stimulus,0.28888888888888886,0.3,240,136,-14.0
engert_20220914_fish2_magneto_2,zebrafish 0.3 Hz,near stimulus,0.2896825396825397,0.3,240,119,-13.0
engert_20220914_fish2_magneto_2,zebrafish 0.3 Hz,near stimulus,0.2904761904761905,0.3,240,128,-12.0
engert_20220914_fish2_magneto_2,zebrafish 0.3 Hz,near stimulus,0.2912698412698413,0.3,240,127,-11.0
engert_20220914_fish2_magneto_2,zebrafish 0.3 Hz,near stimulus,0.2920634920634921,0.3,240,128,-10.0
engert_20220914_fish2_magneto_2,zebrafish 0.3 Hz,near stimulus,0.29285714285714287,0.3,240,141,-9.0
engert_20220914_fish2_magneto_2,zebrafish 0.3 Hz,near stimulus,0.29365079365079366,0.3,240,145,-8.0
engert_20220914_fish2_magneto_2,zebrafish 0.3 Hz,near stimulus,0.29444444444444445,0.3,240,135,-7.0
engert_20220914_fish2_magneto_2,zebrafish 0.3 Hz,near stimulus,0.29523809523809524,0.3,240,127,-6.0
engert_20220914_fish2_magneto_2,zebrafish 0.3 Hz,near stimulus,0.29603174603174603,0.3,240,131,-5.0
engert_20220914_fish2_magneto_2,zebrafish 0.3 Hz,near stimulus,0.2968253968253968,0.3,240,131,-4.0
engert_20220914_fish2_magneto_2,zebrafish 0.3 Hz,near stimulus,0.2976190476190476,0.3,240,122,-3.0
engert_20220914_fish2_magneto_2,zebrafish 0.3 Hz,near stimulus,0.2984126984126984,0.3,240,135,-2.0
engert_20220914_fish2_magneto_2,zebrafish 0.3 Hz,near stimulus,0.2992063492063492,0.3,240,115,-1.0
engert_20220914_fish2_magneto_2,zebrafish 0.3 Hz,near stimulus,0.3,0.3,240,122,0.0
engert_20220914_fish2_magneto_2,zebrafish 0.3 Hz,near stimulus,0.3007936507936508,0.3,240,137,1.0
engert_20220914_fish2_magneto_2,zebrafish 0.3 Hz,near stimulus,0.30158730158730157,0.3,240,125,2.0
engert_20220914_fish2_magneto_2,zebrafish 0.3 Hz,near stimulus,0.30238095238095236,0.3,240,139,3.0
engert_20220914_fish2_magneto_2,zebrafish 0.3 Hz,near stimulus,0.30317460317460315,0.3,240,129,4.0
engert_20220914_fish2_magneto_2,zebrafish 0.3 Hz,near stimulus,0.30396825396825394,0.3,240,123,5.0
engert_20220914_fish2_magneto_2,zebrafish 0.3 Hz,near stimulus,0.3047619047619048,0.3,240,129,6.0
engert_20220914_fish2_magneto_2,zebrafish 0.3 Hz,near stimulus,0.3055555555555556,0.3,240,125,7.0
engert_20220914_fish2_magneto_2,zebrafish 0.3 Hz,near stimulus,0.30634920634920637,0.3,240,123,8.0
engert_20220914_fish2_magneto_2,zebrafish 0.3 Hz,near stimulus,0.30714285714285716,0.3,240,143,9.0
engert_20220914_fish2_magneto_2,zebrafish 0.3 Hz,near stimulus,0.30793650793650795,0.3,240,136,10.0
engert_20220914_fish2_magneto_2,zebrafish 0.3 Hz,near stimulus,0.30873015873015874,0.3,240,142,11.0
engert_20220914_fish2_magneto_2,zebrafish 0.3 Hz,near stimulus,0.30952380952380953,0.3,240,129,12.0
engert_20220914_fish2_magneto_2,zebrafish 0.3 Hz,near stimulus,0.3103174603174603,0.3,240,135,13.0
engert_20220914_fish2_magneto_2,zebrafish 0.3 Hz,near stimulus,0.3111111111111111,0.3,240,129,14.0
engert_20220914_fish2_magneto_2,zebrafish 0.3 Hz,near stimulus,0.3119047619047619,0.3,240,135,15.0
engert_20220914_fish2_magneto_2,zebrafish 0.3 Hz,near stimulus,0.3126984126984127,0.3,240,129,16.0
engert_20220914_fish2_magneto_2,zebrafish 0.3 Hz,near stimulus,0.3134920634920635,0.3,240,134,17.0
engert_20220914_fish2_magneto_2,zebrafish 0.3 Hz,near stimulus,0.3142857142857143,0.3,240,130,18.0
engert_20220914_fish2_magneto_2,zebrafish 0.3 Hz,near stimulus,0.31507936507936507,0.3,240,129,19.0
engert_20220914_fish2_magneto_2,zebrafish 0.3 Hz,near stimulus,0.31587301587301586,0.3,240,131,20.0
engert_20220914_fish2_magneto_2,zebrafish 0.3 Hz,near stimulus,0.31666666666666665,0.3,240,127,21.0
engert_20220914_fish2_magneto_2,zebrafish 0.3 Hz,near stimulus,0.31746031746031744,0.3,240,116,22.0
engert_20220914_fish2_magneto_2,zebrafish 0.3 Hz,near stimulus,0.31825396825396823,0.3,240,136,23.0
engert_20220914_fish2_magneto_2,zebrafish 0.3 Hz,near stimulus,0.319047619047619,0.3,240,120,24.0
engert_20220914_fish2_magneto_2,zebrafish 0.3 Hz,near stimulus,0.3198412698412698,0.3,240,138,25.0
engert_20220914_fish2_magneto_2,zebrafish 0.3 Hz,near stimulus,0.32063492063492066,0.3,240,123,26.0
engert_20220914_fish2_magneto_2,zebrafish 0.3 Hz,near stimulus,0.32142857142857145,0.3,240,128,27.0
engert_20220914_fish2_magneto_2,zebrafish 0.3 Hz,near stimulus,0.32222222222222224,0.3,240,134,28.0
engert_20220914_fish2_magneto_2,zebrafish 0.3 Hz,near stimulus,0.32301587301587303,0.3,240,134,29.0
engert_20220914_fish2_magneto_2,zebrafish 0.3 Hz,near stimulus,0.3238095238095238,0.3,240,136,30.0
engert_20220915_fish1_magneto_0,zebrafish 0.3 Hz,real,0.08571428571428572,0.3,57,28,
engert_20220915_fish1_magneto_0,zebrafish 0.3 Hz,detrended + envelope-normalised,0.08571428571428572,0.3,57,27,
engert_20220915_fish1_magneto_0,zebrafish 0.3 Hz,white,0.08571428571428572,0.3,57,23,
engert_20220915_fish1_magneto_0,zebrafish 0.3 Hz,real,0.0880952380952381,0.3,57,33,
engert_20220915_fish1_magneto_0,zebrafish 0.3 Hz,detrended + envelope-normalised,0.0880952380952381,0.3,57,33,
engert_20220915_fish1_magneto_0,zebrafish 0.3 Hz,white,0.0880952380952381,0.3,57,35,
engert_20220915_fish1_magneto_0,zebrafish 0.3 Hz,real,0.09047619047619047,0.3,57,30,
engert_20220915_fish1_magneto_0,zebrafish 0.3 Hz,detrended + envelope-normalised,0.09047619047619047,0.3,57,30,
engert_20220915_fish1_magneto_0,zebrafish 0.3 Hz,white,0.09047619047619047,0.3,57,32,
engert_20220915_fish1_magneto_0,zebrafish 0.3 Hz,real,0.09285714285714286,0.3,57,30,
engert_20220915_fish1_magneto_0,zebrafish 0.3 Hz,detrended + envelope-normalised,0.09285714285714286,0.3,57,33,
engert_20220915_fish1_magneto_0,zebrafish 0.3 Hz,white,0.09285714285714286,0.3,57,31,
engert_20220915_fish1_magneto_0,zebrafish 0.3 Hz,real,0.09523809523809523,0.3,57,30,
engert_20220915_fish1_magneto_0,zebrafish 0.3 Hz,detrended + envelope-normalised,0.09523809523809523,0.3,57,25,
engert_20220915_fish1_magneto_0,zebrafish 0.3 Hz,white,0.09523809523809523,0.3,57,29,
engert_20220915_fish1_magneto_0,zebrafish 0.3 Hz,real,0.09841269841269841,0.3,57,32,
engert_20220915_fish1_magneto_0,zebrafish 0.3 Hz,detrended + envelope-normalised,0.09841269841269841,0.3,57,30,
engert_20220915_fish1_magneto_0,zebrafish 0.3 Hz,white,0.09841269841269841,0.3,57,28,
engert_20220915_fish1_magneto_0,zebrafish 0.3 Hz,real,0.1007936507936508,0.3,57,35,
engert_20220915_fish1_magneto_0,zebrafish 0.3 Hz,detrended + envelope-normalised,0.1007936507936508,0.3,57,32,
engert_20220915_fish1_magneto_0,zebrafish 0.3 Hz,white,0.1007936507936508,0.3,57,35,
engert_20220915_fish1_magneto_0,zebrafish 0.3 Hz,real,0.10396825396825397,0.3,57,30,
engert_20220915_fish1_magneto_0,zebrafish 0.3 Hz,detrended + envelope-normalised,0.10396825396825397,0.3,57,30,
engert_20220915_fish1_magneto_0,zebrafish 0.3 Hz,white,0.10396825396825397,0.3,57,30,
engert_20220915_fish1_magneto_0,zebrafish 0.3 Hz,real,0.10714285714285714,0.3,57,27,
engert_20220915_fish1_magneto_0,zebrafish 0.3 Hz,detrended + envelope-normalised,0.10714285714285714,0.3,57,24,
engert_20220915_fish1_magneto_0,zebrafish 0.3 Hz,white,0.10714285714285714,0.3,57,31,
engert_20220915_fish1_magneto_0,zebrafish 0.3 Hz,real,0.11031746031746031,0.3,57,33,
engert_20220915_fish1_magneto_0,zebrafish 0.3 Hz,detrended + envelope-normalised,0.11031746031746031,0.3,57,29,
engert_20220915_fish1_magneto_0,zebrafish 0.3 Hz,white,0.11031746031746031,0.3,57,24,
engert_20220915_fish1_magneto_0,zebrafish 0.3 Hz,real,0.11349206349206349,0.3,57,26,
engert_20220915_fish1_magneto_0,zebrafish 0.3 Hz,detrended + envelope-normalised,0.11349206349206349,0.3,57,24,
engert_20220915_fish1_magneto_0,zebrafish 0.3 Hz,white,0.11349206349206349,0.3,57,34,
engert_20220915_fish1_magneto_0,zebrafish 0.3 Hz,real,0.11666666666666667,0.3,57,25,
engert_20220915_fish1_magneto_0,zebrafish 0.3 Hz,detrended + envelope-normalised,0.11666666666666667,0.3,57,30,
engert_20220915_fish1_magneto_0,zebrafish 0.3 Hz,white,0.11666666666666667,0.3,57,32,
engert_20220915_fish1_magneto_0,zebrafish 0.3 Hz,real,0.11984126984126985,0.3,57,30,
engert_20220915_fish1_magneto_0,zebrafish 0.3 Hz,detrended + envelope-normalised,0.11984126984126985,0.3,57,34,
engert_20220915_fish1_magneto_0,zebrafish 0.3 Hz,white,0.11984126984126985,0.3,57,31,
engert_20220915_fish1_magneto_0,zebrafish 0.3 Hz,real,0.12301587301587301,0.3,57,30,
engert_20220915_fish1_magneto_0,zebrafish 0.3 Hz,detrended + envelope-normalised,0.12301587301587301,0.3,57,38,
engert_20220915_fish1_magneto_0,zebrafish 0.3 Hz,white,0.12301587301587301,0.3,57,27,
engert_20220915_fish1_magneto_0,zebrafish 0.3 Hz,real,0.12698412698412698,0.3,57,34,
engert_20220915_fish1_magneto_0,zebrafish 0.3 Hz,detrended + envelope-normalised,0.12698412698412698,0.3,57,38,
engert_20220915_fish1_magneto_0,zebrafish 0.3 Hz,white,0.12698412698412698,0.3,57,24,
engert_20220915_fish1_magneto_0,zebrafish 0.3 Hz,real,0.13015873015873017,0.3,57,27,
engert_20220915_fish1_magneto_0,zebrafish 0.3 Hz,detrended + envelope-normalised,0.13015873015873017,0.3,57,25,
engert_20220915_fish1_magneto_0,zebrafish 0.3 Hz,white,0.13015873015873017,0.3,57,28,
engert_20220915_fish1_magneto_0,zebrafish 0.3 Hz,real,0.13412698412698412,0.3,57,33,
engert_20220915_fish1_magneto_0,zebrafish 0.3 Hz,detrended + envelope-normalised,0.13412698412698412,0.3,57,31,
engert_20220915_fish1_magneto_0,zebrafish 0.3 Hz,white,0.13412698412698412,0.3,57,37,
engert_20220915_fish1_magneto_0,zebrafish 0.3 Hz,real,0.1380952380952381,0.3,57,36,
engert_20220915_fish1_magneto_0,zebrafish 0.3 Hz,detrended + envelope-normalised,0.1380952380952381,0.3,57,38,
engert_20220915_fish1_magneto_0,zebrafish 0.3 Hz,white,0.1380952380952381,0.3,57,25,
engert_20220915_fish1_magneto_0,zebrafish 0.3 Hz,real,0.14206349206349206,0.3,57,35,
engert_20220915_fish1_magneto_0,zebrafish 0.3 Hz,detrended + envelope-normalised,0.14206349206349206,0.3,57,31,
engert_20220915_fish1_magneto_0,zebrafish 0.3 Hz,white,0.14206349206349206,0.3,57,24,
engert_20220915_fish1_magneto_0,zebrafish 0.3 Hz,real,0.14603174603174604,0.3,57,31,
engert_20220915_fish1_magneto_0,zebrafish 0.3 Hz,detrended + envelope-normalised,0.14603174603174604,0.3,57,31,
engert_20220915_fish1_magneto_0,zebrafish 0.3 Hz,white,0.14603174603174604,0.3,57,28,
engert_20220915_fish1_magneto_0,zebrafish 0.3 Hz,real,0.15,0.3,57,30,
engert_20220915_fish1_magneto_0,zebrafish 0.3 Hz,detrended + envelope-normalised,0.15,0.3,57,30,
engert_20220915_fish1_magneto_0,zebrafish 0.3 Hz,white,0.15,0.3,57,25,
engert_20220915_fish1_magneto_0,zebrafish 0.3 Hz,real,0.15476190476190477,0.3,57,36,
engert_20220915_fish1_magneto_0,zebrafish 0.3 Hz,detrended + envelope-normalised,0.15476190476190477,0.3,57,39,
engert_20220915_fish1_magneto_0,zebrafish 0.3 Hz,white,0.15476190476190477,0.3,57,27,
engert_20220915_fish1_magneto_0,zebrafish 0.3 Hz,real,0.15873015873015872,0.3,57,33,
engert_20220915_fish1_magneto_0,zebrafish 0.3 Hz,detrended + envelope-normalised,0.15873015873015872,0.3,57,31,
engert_20220915_fish1_magneto_0,zebrafish 0.3 Hz,white,0.15873015873015872,0.3,57,33,
engert_20220915_fish1_magneto_0,zebrafish 0.3 Hz,real,0.1634920634920635,0.3,57,31,
engert_20220915_fish1_magneto_0,zebrafish 0.3 Hz,detrended + envelope-normalised,0.1634920634920635,0.3,57,29,
engert_20220915_fish1_magneto_0,zebrafish 0.3 Hz,white,0.1634920634920635,0.3,57,33,
engert_20220915_fish1_magneto_0,zebrafish 0.3 Hz,real,0.16825396825396827,0.3,57,35,
engert_20220915_fish1_magneto_0,zebrafish 0.3 Hz,detrended + envelope-normalised,0.16825396825396827,0.3,57,27,
engert_20220915_fish1_magneto_0,zebrafish 0.3 Hz,white,0.16825396825396827,0.3,57,32,
engert_20220915_fish1_magneto_0,zebrafish 0.3 Hz,real,0.173015873015873,0.3,57,33,
engert_20220915_fish1_magneto_0,zebrafish 0.3 Hz,detrended + envelope-normalised,0.173015873015873,0.3,57,34,
engert_20220915_fish1_magneto_0,zebrafish 0.3 Hz,white,0.173015873015873,0.3,57,27,
engert_20220915_fish1_magneto_0,zebrafish 0.3 Hz,real,0.17777777777777778,0.3,57,35,
engert_20220915_fish1_magneto_0,zebrafish 0.3 Hz,detrended + envelope-normalised,0.17777777777777778,0.3,57,37,
engert_20220915_fish1_magneto_0,zebrafish 0.3 Hz,white,0.17777777777777778,0.3,57,25,
engert_20220915_fish1_magneto_0,zebrafish 0.3 Hz,real,0.18333333333333332,0.3,57,28,
engert_20220915_fish1_magneto_0,zebrafish 0.3 Hz,detrended + envelope-normalised,0.18333333333333332,0.3,57,33,
engert_20220915_fish1_magneto_0,zebrafish 0.3 Hz,white,0.18333333333333332,0.3,57,31,
engert_20220915_fish1_magneto_0,zebrafish 0.3 Hz,real,0.18888888888888888,0.3,57,29,
engert_20220915_fish1_magneto_0,zebrafish 0.3 Hz,detrended + envelope-normalised,0.18888888888888888,0.3,57,35,
engert_20220915_fish1_magneto_0,zebrafish 0.3 Hz,white,0.18888888888888888,0.3,57,30,
engert_20220915_fish1_magneto_0,zebrafish 0.3 Hz,real,0.19365079365079366,0.3,57,34,
engert_20220915_fish1_magneto_0,zebrafish 0.3 Hz,detrended + envelope-normalised,0.19365079365079366,0.3,57,35,
engert_20220915_fish1_magneto_0,zebrafish 0.3 Hz,white,0.19365079365079366,0.3,57,29,
engert_20220915_fish1_magneto_0,zebrafish 0.3 Hz,real,0.1992063492063492,0.3,57,31,
engert_20220915_fish1_magneto_0,zebrafish 0.3 Hz,detrended + envelope-normalised,0.1992063492063492,0.3,57,30,
engert_20220915_fish1_magneto_0,zebrafish 0.3 Hz,white,0.1992063492063492,0.3,57,33,
engert_20220915_fish1_magneto_0,zebrafish 0.3 Hz,real,0.20555555555555555,0.3,57,36,
engert_20220915_fish1_magneto_0,zebrafish 0.3 Hz,detrended + envelope-normalised,0.20555555555555555,0.3,57,40,
engert_20220915_fish1_magneto_0,zebrafish 0.3 Hz,white,0.20555555555555555,0.3,57,26,
engert_20220915_fish1_magneto_0,zebrafish 0.3 Hz,real,0.2111111111111111,0.3,57,31,
engert_20220915_fish1_magneto_0,zebrafish 0.3 Hz,detrended + envelope-normalised,0.2111111111111111,0.3,57,32,
engert_20220915_fish1_magneto_0,zebrafish 0.3 Hz,white,0.2111111111111111,0.3,57,28,
engert_20220915_fish1_magneto_0,zebrafish 0.3 Hz,real,0.21746031746031746,0.3,57,37,
engert_20220915_fish1_magneto_0,zebrafish 0.3 Hz,detrended + envelope-normalised,0.21746031746031746,0.3,57,33,
engert_20220915_fish1_magneto_0,zebrafish 0.3 Hz,white,0.21746031746031746,0.3,57,33,
engert_20220915_fish1_magneto_0,zebrafish 0.3 Hz,real,0.22301587301587303,0.3,57,29,
engert_20220915_fish1_magneto_0,zebrafish 0.3 Hz,detrended + envelope-normalised,0.22301587301587303,0.3,57,34,
engert_20220915_fish1_magneto_0,zebrafish 0.3 Hz,white,0.22301587301587303,0.3,57,27,
engert_20220915_fish1_magneto_0,zebrafish 0.3 Hz,real,0.23015873015873015,0.3,57,29,
engert_20220915_fish1_magneto_0,zebrafish 0.3 Hz,detrended + envelope-normalised,0.23015873015873015,0.3,57,36,
engert_20220915_fish1_magneto_0,zebrafish 0.3 Hz,white,0.23015873015873015,0.3,57,33,
engert_20220915_fish1_magneto_0,zebrafish 0.3 Hz,real,0.2365079365079365,0.3,57,33,
engert_20220915_fish1_magneto_0,zebrafish 0.3 Hz,detrended + envelope-normalised,0.2365079365079365,0.3,57,37,
engert_20220915_fish1_magneto_0,zebrafish 0.3 Hz,white,0.2365079365079365,0.3,57,28,
engert_20220915_fish1_magneto_0,zebrafish 0.3 Hz,real,0.24285714285714285,0.3,57,29,
engert_20220915_fish1_magneto_0,zebrafish 0.3 Hz,detrended + envelope-normalised,0.24285714285714285,0.3,57,31,
engert_20220915_fish1_magneto_0,zebrafish 0.3 Hz,white,0.24285714285714285,0.3,57,31,
engert_20220915_fish1_magneto_0,zebrafish 0.3 Hz,real,0.25,0.3,57,27,
engert_20220915_fish1_magneto_0,zebrafish 0.3 Hz,detrended + envelope-normalised,0.25,0.3,57,29,
engert_20220915_fish1_magneto_0,zebrafish 0.3 Hz,white,0.25,0.3,57,32,
engert_20220915_fish1_magneto_0,zebrafish 0.3 Hz,real,0.2571428571428571,0.3,57,33,
engert_20220915_fish1_magneto_0,zebrafish 0.3 Hz,detrended + envelope-normalised,0.2571428571428571,0.3,57,35,
engert_20220915_fish1_magneto_0,zebrafish 0.3 Hz,white,0.2571428571428571,0.3,57,32,
engert_20220915_fish1_magneto_0,zebrafish 0.3 Hz,real,0.2642857142857143,0.3,57,37,
engert_20220915_fish1_magneto_0,zebrafish 0.3 Hz,detrended + envelope-normalised,0.2642857142857143,0.3,57,31,
engert_20220915_fish1_magneto_0,zebrafish 0.3 Hz,white,0.2642857142857143,0.3,57,28,
engert_20220915_fish1_magneto_0,zebrafish 0.3 Hz,real,0.2722222222222222,0.3,57,31,
engert_20220915_fish1_magneto_0,zebrafish 0.3 Hz,detrended + envelope-normalised,0.2722222222222222,0.3,57,32,
engert_20220915_fish1_magneto_0,zebrafish 0.3 Hz,white,0.2722222222222222,0.3,57,31,
engert_20220915_fish1_magneto_0,zebrafish 0.3 Hz,real,0.28015873015873016,0.3,57,34,
engert_20220915_fish1_magneto_0,zebrafish 0.3 Hz,detrended + envelope-normalised,0.28015873015873016,0.3,57,37,
engert_20220915_fish1_magneto_0,zebrafish 0.3 Hz,white,0.28015873015873016,0.3,57,28,
engert_20220915_fish1_magneto_0,zebrafish 0.3 Hz,real,0.28809523809523807,0.3,57,33,
engert_20220915_fish1_magneto_0,zebrafish 0.3 Hz,detrended + envelope-normalised,0.28809523809523807,0.3,57,28,
engert_20220915_fish1_magneto_0,zebrafish 0.3 Hz,white,0.28809523809523807,0.3,57,29,
engert_20220915_fish1_magneto_0,zebrafish 0.3 Hz,real,0.29603174603174603,0.3,57,27,
engert_20220915_fish1_magneto_0,zebrafish 0.3 Hz,detrended + envelope-normalised,0.29603174603174603,0.3,57,34,
engert_20220915_fish1_magneto_0,zebrafish 0.3 Hz,white,0.29603174603174603,0.3,57,30,
engert_20220915_fish1_magneto_0,zebrafish 0.3 Hz,real,0.3047619047619048,0.3,57,31,
engert_20220915_fish1_magneto_0,zebrafish 0.3 Hz,detrended + envelope-normalised,0.3047619047619048,0.3,57,33,
engert_20220915_fish1_magneto_0,zebrafish 0.3 Hz,white,0.3047619047619048,0.3,57,33,
engert_20220915_fish1_magneto_0,zebrafish 0.3 Hz,real,0.3134920634920635,0.3,57,34,
engert_20220915_fish1_magneto_0,zebrafish 0.3 Hz,detrended + envelope-normalised,0.3134920634920635,0.3,57,35,
engert_20220915_fish1_magneto_0,zebrafish 0.3 Hz,white,0.3134920634920635,0.3,57,29,
engert_20220915_fish1_magneto_0,zebrafish 0.3 Hz,real,0.32222222222222224,0.3,57,35,
engert_20220915_fish1_magneto_0,zebrafish 0.3 Hz,detrended + envelope-normalised,0.32222222222222224,0.3,57,32,
engert_20220915_fish1_magneto_0,zebrafish 0.3 Hz,white,0.32222222222222224,0.3,57,26,
engert_20220915_fish1_magneto_0,zebrafish 0.3 Hz,real,0.33174603174603173,0.3,57,25,
engert_20220915_fish1_magneto_0,zebrafish 0.3 Hz,detrended + envelope-normalised,0.33174603174603173,0.3,57,26,
engert_20220915_fish1_magneto_0,zebrafish 0.3 Hz,white,0.33174603174603173,0.3,57,22,
engert_20220915_fish1_magneto_0,zebrafish 0.3 Hz,real,0.3412698412698413,0.3,57,29,
engert_20220915_fish1_magneto_0,zebrafish 0.3 Hz,detrended + envelope-normalised,0.3412698412698413,0.3,57,32,
engert_20220915_fish1_magneto_0,zebrafish 0.3 Hz,white,0.3412698412698413,0.3,57,34,
engert_20220915_fish1_magneto_0,zebrafish 0.3 Hz,real,0.35079365079365077,0.3,57,32,
engert_20220915_fish1_magneto_0,zebrafish 0.3 Hz,detrended + envelope-normalised,0.35079365079365077,0.3,57,31,
engert_20220915_fish1_magneto_0,zebrafish 0.3 Hz,white,0.35079365079365077,0.3,57,29,
engert_20220915_fish1_magneto_0,zebrafish 0.3 Hz,real,0.3611111111111111,0.3,57,27,
engert_20220915_fish1_magneto_0,zebrafish 0.3 Hz,detrended + envelope-normalised,0.3611111111111111,0.3,57,29,
engert_20220915_fish1_magneto_0,zebrafish 0.3 Hz,white,0.3611111111111111,0.3,57,26,
engert_20220915_fish1_magneto_0,zebrafish 0.3 Hz,real,0.37142857142857144,0.3,57,32,
engert_20220915_fish1_magneto_0,zebrafish 0.3 Hz,detrended + envelope-normalised,0.37142857142857144,0.3,57,28,
engert_20220915_fish1_magneto_0,zebrafish 0.3 Hz,white,0.37142857142857144,0.3,57,27,
engert_20220915_fish1_magneto_0,zebrafish 0.3 Hz,real,0.3825396825396825,0.3,57,33,
engert_20220915_fish1_magneto_0,zebrafish 0.3 Hz,detrended + envelope-normalised,0.3825396825396825,0.3,57,26,
engert_20220915_fish1_magneto_0,zebrafish 0.3 Hz,white,0.3825396825396825,0.3,57,28,
engert_20220915_fish1_magneto_0,zebrafish 0.3 Hz,real,0.39285714285714285,0.3,57,26,
engert_20220915_fish1_magneto_0,zebrafish 0.3 Hz,detrended + envelope-normalised,0.39285714285714285,0.3,57,23,
engert_20220915_fish1_magneto_0,zebrafish 0.3 Hz,white,0.39285714285714285,0.3,57,34,
engert_20220915_fish1_magneto_0,zebrafish 0.3 Hz,real,0.40476190476190477,0.3,57,33,
engert_20220915_fish1_magneto_0,zebrafish 0.3 Hz,detrended + envelope-normalised,0.40476190476190477,0.3,57,25,
engert_20220915_fish1_magneto_0,zebrafish 0.3 Hz,white,0.40476190476190477,0.3,57,33,
engert_20220915_fish1_magneto_0,zebrafish 0.3 Hz,real,0.4158730158730159,0.3,57,31,
engert_20220915_fish1_magneto_0,zebrafish 0.3 Hz,detrended + envelope-normalised,0.4158730158730159,0.3,57,37,
engert_20220915_fish1_magneto_0,zebrafish 0.3 Hz,white,0.4158730158730159,0.3,57,27,
engert_20220915_fish1_magneto_0,zebrafish 0.3 Hz,real,0.42777777777777776,0.3,57,34,
engert_20220915_fish1_magneto_0,zebrafish 0.3 Hz,detrended + envelope-normalised,0.42777777777777776,0.3,57,39,
engert_20220915_fish1_magneto_0,zebrafish 0.3 Hz,white,0.42777777777777776,0.3,57,28,
engert_20220915_fish1_magneto_0,zebrafish 0.3 Hz,real,0.44047619047619047,0.3,57,25,
engert_20220915_fish1_magneto_0,zebrafish 0.3 Hz,detrended + envelope-normalised,0.44047619047619047,0.3,57,26,
engert_20220915_fish1_magneto_0,zebrafish 0.3 Hz,white,0.44047619047619047,0.3,57,25,
engert_20220915_fish1_magneto_0,zebrafish 0.3 Hz,real,0.4531746031746032,0.3,57,35,
engert_20220915_fish1_magneto_0,zebrafish 0.3 Hz,detrended + envelope-normalised,0.4531746031746032,0.3,57,28,
engert_20220915_fish1_magneto_0,zebrafish 0.3 Hz,white,0.4531746031746032,0.3,57,30,
engert_20220915_fish1_magneto_0,zebrafish 0.3 Hz,near stimulus,0.2761904761904762,0.3,57,28,-30.0
engert_20220915_fish1_magneto_0,zebrafish 0.3 Hz,near stimulus,0.276984126984127,0.3,57,32,-29.0
engert_20220915_fish1_magneto_0,zebrafish 0.3 Hz,near stimulus,0.2777777777777778,0.3,57,32,-28.0
engert_20220915_fish1_magneto_0,zebrafish 0.3 Hz,near stimulus,0.2785714285714286,0.3,57,35,-27.0
engert_20220915_fish1_magneto_0,zebrafish 0.3 Hz,near stimulus,0.27936507936507937,0.3,57,30,-26.0
engert_20220915_fish1_magneto_0,zebrafish 0.3 Hz,near stimulus,0.28015873015873016,0.3,57,34,-25.0
engert_20220915_fish1_magneto_0,zebrafish 0.3 Hz,near stimulus,0.28095238095238095,0.3,57,36,-24.0
engert_20220915_fish1_magneto_0,zebrafish 0.3 Hz,near stimulus,0.28174603174603174,0.3,57,34,-23.0
engert_20220915_fish1_magneto_0,zebrafish 0.3 Hz,near stimulus,0.28253968253968254,0.3,57,31,-22.0
engert_20220915_fish1_magneto_0,zebrafish 0.3 Hz,near stimulus,0.2833333333333333,0.3,57,22,-21.0
engert_20220915_fish1_magneto_0,zebrafish 0.3 Hz,near stimulus,0.2841269841269841,0.3,57,30,-20.0
engert_20220915_fish1_magneto_0,zebrafish 0.3 Hz,near stimulus,0.2849206349206349,0.3,57,28,-19.0
engert_20220915_fish1_magneto_0,zebrafish 0.3 Hz,near stimulus,0.2857142857142857,0.3,57,35,-18.0
engert_20220915_fish1_magneto_0,zebrafish 0.3 Hz,near stimulus,0.2865079365079365,0.3,57,31,-17.0
engert_20220915_fish1_magneto_0,zebrafish 0.3 Hz,near stimulus,0.2873015873015873,0.3,57,32,-16.0
engert_20220915_fish1_magneto_0,zebrafish 0.3 Hz,near stimulus,0.28809523809523807,0.3,57,33,-15.0
engert_20220915_fish1_magneto_0,zebrafish 0.3 Hz,near stimulus,0.28888888888888886,0.3,57,31,-14.0
engert_20220915_fish1_magneto_0,zebrafish 0.3 Hz,near stimulus,0.2896825396825397,0.3,57,34,-13.0
engert_20220915_fish1_magneto_0,zebrafish 0.3 Hz,near stimulus,0.2904761904761905,0.3,57,29,-12.0
engert_20220915_fish1_magneto_0,zebrafish 0.3 Hz,near stimulus,0.2912698412698413,0.3,57,32,-11.0
engert_20220915_fish1_magneto_0,zebrafish 0.3 Hz,near stimulus,0.2920634920634921,0.3,57,33,-10.0
engert_20220915_fish1_magneto_0,zebrafish 0.3 Hz,near stimulus,0.29285714285714287,0.3,57,35,-9.0
engert_20220915_fish1_magneto_0,zebrafish 0.3 Hz,near stimulus,0.29365079365079366,0.3,57,32,-8.0
engert_20220915_fish1_magneto_0,zebrafish 0.3 Hz,near stimulus,0.29444444444444445,0.3,57,33,-7.0
engert_20220915_fish1_magneto_0,zebrafish 0.3 Hz,near stimulus,0.29523809523809524,0.3,57,34,-6.0
engert_20220915_fish1_magneto_0,zebrafish 0.3 Hz,near stimulus,0.29603174603174603,0.3,57,27,-5.0
engert_20220915_fish1_magneto_0,zebrafish 0.3 Hz,near stimulus,0.2968253968253968,0.3,57,27,-4.0
engert_20220915_fish1_magneto_0,zebrafish 0.3 Hz,near stimulus,0.2976190476190476,0.3,57,31,-3.0
engert_20220915_fish1_magneto_0,zebrafish 0.3 Hz,near stimulus,0.2984126984126984,0.3,57,37,-2.0
engert_20220915_fish1_magneto_0,zebrafish 0.3 Hz,near stimulus,0.2992063492063492,0.3,57,34,-1.0
engert_20220915_fish1_magneto_0,zebrafish 0.3 Hz,near stimulus,0.3,0.3,57,32,0.0
engert_20220915_fish1_magneto_0,zebrafish 0.3 Hz,near stimulus,0.3007936507936508,0.3,57,34,1.0
engert_20220915_fish1_magneto_0,zebrafish 0.3 Hz,near stimulus,0.30158730158730157,0.3,57,31,2.0
engert_20220915_fish1_magneto_0,zebrafish 0.3 Hz,near stimulus,0.30238095238095236,0.3,57,35,3.0
engert_20220915_fish1_magneto_0,zebrafish 0.3 Hz,near stimulus,0.30317460317460315,0.3,57,33,4.0
engert_20220915_fish1_magneto_0,zebrafish 0.3 Hz,near stimulus,0.30396825396825394,0.3,57,38,5.0
engert_20220915_fish1_magneto_0,zebrafish 0.3 Hz,near stimulus,0.3047619047619048,0.3,57,31,6.0
engert_20220915_fish1_magneto_0,zebrafish 0.3 Hz,near stimulus,0.3055555555555556,0.3,57,31,7.0
engert_20220915_fish1_magneto_0,zebrafish 0.3 Hz,near stimulus,0.30634920634920637,0.3,57,27,8.0
engert_20220915_fish1_magneto_0,zebrafish 0.3 Hz,near stimulus,0.30714285714285716,0.3,57,28,9.0
engert_20220915_fish1_magneto_0,zebrafish 0.3 Hz,near stimulus,0.30793650793650795,0.3,57,27,10.0
engert_20220915_fish1_magneto_0,zebrafish 0.3 Hz,near stimulus,0.30873015873015874,0.3,57,28,11.0
engert_20220915_fish1_magneto_0,zebrafish 0.3 Hz,near stimulus,0.30952380952380953,0.3,57,33,12.0
engert_20220915_fish1_magneto_0,zebrafish 0.3 Hz,near stimulus,0.3103174603174603,0.3,57,30,13.0
engert_20220915_fish1_magneto_0,zebrafish 0.3 Hz,near stimulus,0.3111111111111111,0.3,57,26,14.0
engert_20220915_fish1_magneto_0,zebrafish 0.3 Hz,near stimulus,0.3119047619047619,0.3,57,27,15.0
engert_20220915_fish1_magneto_0,zebrafish 0.3 Hz,near stimulus,0.3126984126984127,0.3,57,28,16.0
engert_20220915_fish1_magneto_0,zebrafish 0.3 Hz,near stimulus,0.3134920634920635,0.3,57,34,17.0
engert_20220915_fish1_magneto_0,zebrafish 0.3 Hz,near stimulus,0.3142857142857143,0.3,57,37,18.0
engert_20220915_fish1_magneto_0,zebrafish 0.3 Hz,near stimulus,0.31507936507936507,0.3,57,37,19.0
engert_20220915_fish1_magneto_0,zebrafish 0.3 Hz,near stimulus,0.31587301587301586,0.3,57,39,20.0
engert_20220915_fish1_magneto_0,zebrafish 0.3 Hz,near stimulus,0.31666666666666665,0.3,57,32,21.0
engert_20220915_fish1_magneto_0,zebrafish 0.3 Hz,near stimulus,0.31746031746031744,0.3,57,33,22.0
engert_20220915_fish1_magneto_0,zebrafish 0.3 Hz,near stimulus,0.31825396825396823,0.3,57,38,23.0
engert_20220915_fish1_magneto_0,zebrafish 0.3 Hz,near stimulus,0.319047619047619,0.3,57,38,24.0
engert_20220915_fish1_magneto_0,zebrafish 0.3 Hz,near stimulus,0.3198412698412698,0.3,57,34,25.0
engert_20220915_fish1_magneto_0,zebrafish 0.3 Hz,near stimulus,0.32063492063492066,0.3,57,37,26.0
engert_20220915_fish1_magneto_0,zebrafish 0.3 Hz,near stimulus,0.32142857142857145,0.3,57,32,27.0
engert_20220915_fish1_magneto_0,zebrafish 0.3 Hz,near stimulus,0.32222222222222224,0.3,57,35,28.0
engert_20220915_fish1_magneto_0,zebrafish 0.3 Hz,near stimulus,0.32301587301587303,0.3,57,27,29.0
engert_20220915_fish1_magneto_0,zebrafish 0.3 Hz,near stimulus,0.3238095238095238,0.3,57,24,30.0
engert_20220915_fish1_magneto_1,zebrafish 0.3 Hz,real,0.08571428571428572,0.3,92,52,
engert_20220915_fish1_magneto_1,zebrafish 0.3 Hz,detrended + envelope-normalised,0.08571428571428572,0.3,92,43,
engert_20220915_fish1_magneto_1,zebrafish 0.3 Hz,white,0.08571428571428572,0.3,92,48,
engert_20220915_fish1_magneto_1,zebrafish 0.3 Hz,real,0.0880952380952381,0.3,92,46,
engert_20220915_fish1_magneto_1,zebrafish 0.3 Hz,detrended + envelope-normalised,0.0880952380952381,0.3,92,45,
engert_20220915_fish1_magneto_1,zebrafish 0.3 Hz,white,0.0880952380952381,0.3,92,49,
engert_20220915_fish1_magneto_1,zebrafish 0.3 Hz,real,0.09047619047619047,0.3,92,48,
engert_20220915_fish1_magneto_1,zebrafish 0.3 Hz,detrended + envelope-normalised,0.09047619047619047,0.3,92,53,
engert_20220915_fish1_magneto_1,zebrafish 0.3 Hz,white,0.09047619047619047,0.3,92,50,
engert_20220915_fish1_magneto_1,zebrafish 0.3 Hz,real,0.09285714285714286,0.3,92,52,
engert_20220915_fish1_magneto_1,zebrafish 0.3 Hz,detrended + envelope-normalised,0.09285714285714286,0.3,92,49,
engert_20220915_fish1_magneto_1,zebrafish 0.3 Hz,white,0.09285714285714286,0.3,92,42,
engert_20220915_fish1_magneto_1,zebrafish 0.3 Hz,real,0.09523809523809523,0.3,92,46,
engert_20220915_fish1_magneto_1,zebrafish 0.3 Hz,detrended + envelope-normalised,0.09523809523809523,0.3,92,42,
engert_20220915_fish1_magneto_1,zebrafish 0.3 Hz,white,0.09523809523809523,0.3,92,42,
engert_20220915_fish1_magneto_1,zebrafish 0.3 Hz,real,0.09841269841269841,0.3,92,50,
engert_20220915_fish1_magneto_1,zebrafish 0.3 Hz,detrended + envelope-normalised,0.09841269841269841,0.3,92,55,
engert_20220915_fish1_magneto_1,zebrafish 0.3 Hz,white,0.09841269841269841,0.3,92,44,
engert_20220915_fish1_magneto_1,zebrafish 0.3 Hz,real,0.1007936507936508,0.3,92,48,
engert_20220915_fish1_magneto_1,zebrafish 0.3 Hz,detrended + envelope-normalised,0.1007936507936508,0.3,92,45,
engert_20220915_fish1_magneto_1,zebrafish 0.3 Hz,white,0.1007936507936508,0.3,92,54,
engert_20220915_fish1_magneto_1,zebrafish 0.3 Hz,real,0.10396825396825397,0.3,92,47,
engert_20220915_fish1_magneto_1,zebrafish 0.3 Hz,detrended + envelope-normalised,0.10396825396825397,0.3,92,48,
engert_20220915_fish1_magneto_1,zebrafish 0.3 Hz,white,0.10396825396825397,0.3,92,46,
engert_20220915_fish1_magneto_1,zebrafish 0.3 Hz,real,0.10714285714285714,0.3,92,43,
engert_20220915_fish1_magneto_1,zebrafish 0.3 Hz,detrended + envelope-normalised,0.10714285714285714,0.3,92,49,
engert_20220915_fish1_magneto_1,zebrafish 0.3 Hz,white,0.10714285714285714,0.3,92,36,
engert_20220915_fish1_magneto_1,zebrafish 0.3 Hz,real,0.11031746031746031,0.3,92,44,
engert_20220915_fish1_magneto_1,zebrafish 0.3 Hz,detrended + envelope-normalised,0.11031746031746031,0.3,92,42,
engert_20220915_fish1_magneto_1,zebrafish 0.3 Hz,white,0.11031746031746031,0.3,92,48,
engert_20220915_fish1_magneto_1,zebrafish 0.3 Hz,real,0.11349206349206349,0.3,92,49,
engert_20220915_fish1_magneto_1,zebrafish 0.3 Hz,detrended + envelope-normalised,0.11349206349206349,0.3,92,49,
engert_20220915_fish1_magneto_1,zebrafish 0.3 Hz,white,0.11349206349206349,0.3,92,45,
engert_20220915_fish1_magneto_1,zebrafish 0.3 Hz,real,0.11666666666666667,0.3,92,44,
engert_20220915_fish1_magneto_1,zebrafish 0.3 Hz,detrended + envelope-normalised,0.11666666666666667,0.3,92,48,
engert_20220915_fish1_magneto_1,zebrafish 0.3 Hz,white,0.11666666666666667,0.3,92,54,
engert_20220915_fish1_magneto_1,zebrafish 0.3 Hz,real,0.11984126984126985,0.3,92,42,
engert_20220915_fish1_magneto_1,zebrafish 0.3 Hz,detrended + envelope-normalised,0.11984126984126985,0.3,92,49,
engert_20220915_fish1_magneto_1,zebrafish 0.3 Hz,white,0.11984126984126985,0.3,92,52,
engert_20220915_fish1_magneto_1,zebrafish 0.3 Hz,real,0.12301587301587301,0.3,92,55,
engert_20220915_fish1_magneto_1,zebrafish 0.3 Hz,detrended + envelope-normalised,0.12301587301587301,0.3,92,55,
engert_20220915_fish1_magneto_1,zebrafish 0.3 Hz,white,0.12301587301587301,0.3,92,43,
engert_20220915_fish1_magneto_1,zebrafish 0.3 Hz,real,0.12698412698412698,0.3,92,47,
engert_20220915_fish1_magneto_1,zebrafish 0.3 Hz,detrended + envelope-normalised,0.12698412698412698,0.3,92,53,
engert_20220915_fish1_magneto_1,zebrafish 0.3 Hz,white,0.12698412698412698,0.3,92,48,
engert_20220915_fish1_magneto_1,zebrafish 0.3 Hz,real,0.13015873015873017,0.3,92,48,
engert_20220915_fish1_magneto_1,zebrafish 0.3 Hz,detrended + envelope-normalised,0.13015873015873017,0.3,92,46,
engert_20220915_fish1_magneto_1,zebrafish 0.3 Hz,white,0.13015873015873017,0.3,92,46,
engert_20220915_fish1_magneto_1,zebrafish 0.3 Hz,real,0.13412698412698412,0.3,92,44,
engert_20220915_fish1_magneto_1,zebrafish 0.3 Hz,detrended + envelope-normalised,0.13412698412698412,0.3,92,45,
engert_20220915_fish1_magneto_1,zebrafish 0.3 Hz,white,0.13412698412698412,0.3,92,41,
engert_20220915_fish1_magneto_1,zebrafish 0.3 Hz,real,0.1380952380952381,0.3,92,47,
engert_20220915_fish1_magneto_1,zebrafish 0.3 Hz,detrended + envelope-normalised,0.1380952380952381,0.3,92,52,
engert_20220915_fish1_magneto_1,zebrafish 0.3 Hz,white,0.1380952380952381,0.3,92,57,
engert_20220915_fish1_magneto_1,zebrafish 0.3 Hz,real,0.14206349206349206,0.3,92,51,
engert_20220915_fish1_magneto_1,zebrafish 0.3 Hz,detrended + envelope-normalised,0.14206349206349206,0.3,92,54,
engert_20220915_fish1_magneto_1,zebrafish 0.3 Hz,white,0.14206349206349206,0.3,92,47,
engert_20220915_fish1_magneto_1,zebrafish 0.3 Hz,real,0.14603174603174604,0.3,92,48,
engert_20220915_fish1_magneto_1,zebrafish 0.3 Hz,detrended + envelope-normalised,0.14603174603174604,0.3,92,51,
engert_20220915_fish1_magneto_1,zebrafish 0.3 Hz,white,0.14603174603174604,0.3,92,43,
engert_20220915_fish1_magneto_1,zebrafish 0.3 Hz,real,0.15,0.3,92,52,
engert_20220915_fish1_magneto_1,zebrafish 0.3 Hz,detrended + envelope-normalised,0.15,0.3,92,51,
engert_20220915_fish1_magneto_1,zebrafish 0.3 Hz,white,0.15,0.3,92,42,
engert_20220915_fish1_magneto_1,zebrafish 0.3 Hz,real,0.15476190476190477,0.3,92,42,
engert_20220915_fish1_magneto_1,zebrafish 0.3 Hz,detrended + envelope-normalised,0.15476190476190477,0.3,92,45,
engert_20220915_fish1_magneto_1,zebrafish 0.3 Hz,white,0.15476190476190477,0.3,92,50,
engert_20220915_fish1_magneto_1,zebrafish 0.3 Hz,real,0.15873015873015872,0.3,92,52,
engert_20220915_fish1_magneto_1,zebrafish 0.3 Hz,detrended + envelope-normalised,0.15873015873015872,0.3,92,49,
engert_20220915_fish1_magneto_1,zebrafish 0.3 Hz,white,0.15873015873015872,0.3,92,45,
engert_20220915_fish1_magneto_1,zebrafish 0.3 Hz,real,0.1634920634920635,0.3,92,58,
engert_20220915_fish1_magneto_1,zebrafish 0.3 Hz,detrended + envelope-normalised,0.1634920634920635,0.3,92,51,
engert_20220915_fish1_magneto_1,zebrafish 0.3 Hz,white,0.1634920634920635,0.3,92,48,
engert_20220915_fish1_magneto_1,zebrafish 0.3 Hz,real,0.16825396825396827,0.3,92,51,
engert_20220915_fish1_magneto_1,zebrafish 0.3 Hz,detrended + envelope-normalised,0.16825396825396827,0.3,92,57,
engert_20220915_fish1_magneto_1,zebrafish 0.3 Hz,white,0.16825396825396827,0.3,92,46,
engert_20220915_fish1_magneto_1,zebrafish 0.3 Hz,real,0.173015873015873,0.3,92,48,
engert_20220915_fish1_magneto_1,zebrafish 0.3 Hz,detrended + envelope-normalised,0.173015873015873,0.3,92,47,
engert_20220915_fish1_magneto_1,zebrafish 0.3 Hz,white,0.173015873015873,0.3,92,45,
engert_20220915_fish1_magneto_1,zebrafish 0.3 Hz,real,0.17777777777777778,0.3,92,51,
engert_20220915_fish1_magneto_1,zebrafish 0.3 Hz,detrended + envelope-normalised,0.17777777777777778,0.3,92,51,
engert_20220915_fish1_magneto_1,zebrafish 0.3 Hz,white,0.17777777777777778,0.3,92,43,
engert_20220915_fish1_magneto_1,zebrafish 0.3 Hz,real,0.18333333333333332,0.3,92,52,
engert_20220915_fish1_magneto_1,zebrafish 0.3 Hz,detrended + envelope-normalised,0.18333333333333332,0.3,92,48,
engert_20220915_fish1_magneto_1,zebrafish 0.3 Hz,white,0.18333333333333332,0.3,92,43,
engert_20220915_fish1_magneto_1,zebrafish 0.3 Hz,real,0.18888888888888888,0.3,92,54,
engert_20220915_fish1_magneto_1,zebrafish 0.3 Hz,detrended + envelope-normalised,0.18888888888888888,0.3,92,49,
engert_20220915_fish1_magneto_1,zebrafish 0.3 Hz,white,0.18888888888888888,0.3,92,48,
engert_20220915_fish1_magneto_1,zebrafish 0.3 Hz,real,0.19365079365079366,0.3,92,55,
engert_20220915_fish1_magneto_1,zebrafish 0.3 Hz,detrended + envelope-normalised,0.19365079365079366,0.3,92,50,
engert_20220915_fish1_magneto_1,zebrafish 0.3 Hz,white,0.19365079365079366,0.3,92,44,
engert_20220915_fish1_magneto_1,zebrafish 0.3 Hz,real,0.1992063492063492,0.3,92,46,
engert_20220915_fish1_magneto_1,zebrafish 0.3 Hz,detrended + envelope-normalised,0.1992063492063492,0.3,92,49,
engert_20220915_fish1_magneto_1,zebrafish 0.3 Hz,white,0.1992063492063492,0.3,92,44,
engert_20220915_fish1_magneto_1,zebrafish 0.3 Hz,real,0.20555555555555555,0.3,92,54,
engert_20220915_fish1_magneto_1,zebrafish 0.3 Hz,detrended + envelope-normalised,0.20555555555555555,0.3,92,49,
engert_20220915_fish1_magneto_1,zebrafish 0.3 Hz,white,0.20555555555555555,0.3,92,53,
engert_20220915_fish1_magneto_1,zebrafish 0.3 Hz,real,0.2111111111111111,0.3,92,52,
engert_20220915_fish1_magneto_1,zebrafish 0.3 Hz,detrended + envelope-normalised,0.2111111111111111,0.3,92,54,
engert_20220915_fish1_magneto_1,zebrafish 0.3 Hz,white,0.2111111111111111,0.3,92,49,
engert_20220915_fish1_magneto_1,zebrafish 0.3 Hz,real,0.21746031746031746,0.3,92,53,
engert_20220915_fish1_magneto_1,zebrafish 0.3 Hz,detrended + envelope-normalised,0.21746031746031746,0.3,92,51,
engert_20220915_fish1_magneto_1,zebrafish 0.3 Hz,white,0.21746031746031746,0.3,92,38,
engert_20220915_fish1_magneto_1,zebrafish 0.3 Hz,real,0.22301587301587303,0.3,92,57,
engert_20220915_fish1_magneto_1,zebrafish 0.3 Hz,detrended + envelope-normalised,0.22301587301587303,0.3,92,57,
engert_20220915_fish1_magneto_1,zebrafish 0.3 Hz,white,0.22301587301587303,0.3,92,50,
engert_20220915_fish1_magneto_1,zebrafish 0.3 Hz,real,0.23015873015873015,0.3,92,57,
engert_20220915_fish1_magneto_1,zebrafish 0.3 Hz,detrended + envelope-normalised,0.23015873015873015,0.3,92,56,
engert_20220915_fish1_magneto_1,zebrafish 0.3 Hz,white,0.23015873015873015,0.3,92,48,
engert_20220915_fish1_magneto_1,zebrafish 0.3 Hz,real,0.2365079365079365,0.3,92,52,
engert_20220915_fish1_magneto_1,zebrafish 0.3 Hz,detrended + envelope-normalised,0.2365079365079365,0.3,92,47,
engert_20220915_fish1_magneto_1,zebrafish 0.3 Hz,white,0.2365079365079365,0.3,92,50,
engert_20220915_fish1_magneto_1,zebrafish 0.3 Hz,real,0.24285714285714285,0.3,92,48,
engert_20220915_fish1_magneto_1,zebrafish 0.3 Hz,detrended + envelope-normalised,0.24285714285714285,0.3,92,46,
engert_20220915_fish1_magneto_1,zebrafish 0.3 Hz,white,0.24285714285714285,0.3,92,38,
engert_20220915_fish1_magneto_1,zebrafish 0.3 Hz,real,0.25,0.3,92,49,
engert_20220915_fish1_magneto_1,zebrafish 0.3 Hz,detrended + envelope-normalised,0.25,0.3,92,52,
engert_20220915_fish1_magneto_1,zebrafish 0.3 Hz,white,0.25,0.3,92,56,
engert_20220915_fish1_magneto_1,zebrafish 0.3 Hz,real,0.2571428571428571,0.3,92,51,
engert_20220915_fish1_magneto_1,zebrafish 0.3 Hz,detrended + envelope-normalised,0.2571428571428571,0.3,92,50,
engert_20220915_fish1_magneto_1,zebrafish 0.3 Hz,white,0.2571428571428571,0.3,92,49,
engert_20220915_fish1_magneto_1,zebrafish 0.3 Hz,real,0.2642857142857143,0.3,92,43,
engert_20220915_fish1_magneto_1,zebrafish 0.3 Hz,detrended + envelope-normalised,0.2642857142857143,0.3,92,44,
engert_20220915_fish1_magneto_1,zebrafish 0.3 Hz,white,0.2642857142857143,0.3,92,40,
engert_20220915_fish1_magneto_1,zebrafish 0.3 Hz,real,0.2722222222222222,0.3,92,53,
engert_20220915_fish1_magneto_1,zebrafish 0.3 Hz,detrended + envelope-normalised,0.2722222222222222,0.3,92,45,
engert_20220915_fish1_magneto_1,zebrafish 0.3 Hz,white,0.2722222222222222,0.3,92,41,
engert_20220915_fish1_magneto_1,zebrafish 0.3 Hz,real,0.28015873015873016,0.3,92,56,
engert_20220915_fish1_magneto_1,zebrafish 0.3 Hz,detrended + envelope-normalised,0.28015873015873016,0.3,92,52,
engert_20220915_fish1_magneto_1,zebrafish 0.3 Hz,white,0.28015873015873016,0.3,92,50,
engert_20220915_fish1_magneto_1,zebrafish 0.3 Hz,real,0.28809523809523807,0.3,92,54,
engert_20220915_fish1_magneto_1,zebrafish 0.3 Hz,detrended + envelope-normalised,0.28809523809523807,0.3,92,54,
engert_20220915_fish1_magneto_1,zebrafish 0.3 Hz,white,0.28809523809523807,0.3,92,41,
engert_20220915_fish1_magneto_1,zebrafish 0.3 Hz,real,0.29603174603174603,0.3,92,56,
engert_20220915_fish1_magneto_1,zebrafish 0.3 Hz,detrended + envelope-normalised,0.29603174603174603,0.3,92,54,
engert_20220915_fish1_magneto_1,zebrafish 0.3 Hz,white,0.29603174603174603,0.3,92,45,
engert_20220915_fish1_magneto_1,zebrafish 0.3 Hz,real,0.3047619047619048,0.3,92,51,
engert_20220915_fish1_magneto_1,zebrafish 0.3 Hz,detrended + envelope-normalised,0.3047619047619048,0.3,92,49,
engert_20220915_fish1_magneto_1,zebrafish 0.3 Hz,white,0.3047619047619048,0.3,92,53,
engert_20220915_fish1_magneto_1,zebrafish 0.3 Hz,real,0.3134920634920635,0.3,92,44,
engert_20220915_fish1_magneto_1,zebrafish 0.3 Hz,detrended + envelope-normalised,0.3134920634920635,0.3,92,48,
engert_20220915_fish1_magneto_1,zebrafish 0.3 Hz,white,0.3134920634920635,0.3,92,46,
engert_20220915_fish1_magneto_1,zebrafish 0.3 Hz,real,0.32222222222222224,0.3,92,58,
engert_20220915_fish1_magneto_1,zebrafish 0.3 Hz,detrended + envelope-normalised,0.32222222222222224,0.3,92,48,
engert_20220915_fish1_magneto_1,zebrafish 0.3 Hz,white,0.32222222222222224,0.3,92,49,
engert_20220915_fish1_magneto_1,zebrafish 0.3 Hz,real,0.33174603174603173,0.3,92,55,
engert_20220915_fish1_magneto_1,zebrafish 0.3 Hz,detrended + envelope-normalised,0.33174603174603173,0.3,92,49,
engert_20220915_fish1_magneto_1,zebrafish 0.3 Hz,white,0.33174603174603173,0.3,92,46,
engert_20220915_fish1_magneto_1,zebrafish 0.3 Hz,real,0.3412698412698413,0.3,92,48,
engert_20220915_fish1_magneto_1,zebrafish 0.3 Hz,detrended + envelope-normalised,0.3412698412698413,0.3,92,50,
engert_20220915_fish1_magneto_1,zebrafish 0.3 Hz,white,0.3412698412698413,0.3,92,55,
engert_20220915_fish1_magneto_1,zebrafish 0.3 Hz,real,0.35079365079365077,0.3,92,43,
engert_20220915_fish1_magneto_1,zebrafish 0.3 Hz,detrended + envelope-normalised,0.35079365079365077,0.3,92,49,
engert_20220915_fish1_magneto_1,zebrafish 0.3 Hz,white,0.35079365079365077,0.3,92,43,
engert_20220915_fish1_magneto_1,zebrafish 0.3 Hz,real,0.3611111111111111,0.3,92,48,
engert_20220915_fish1_magneto_1,zebrafish 0.3 Hz,detrended + envelope-normalised,0.3611111111111111,0.3,92,49,
engert_20220915_fish1_magneto_1,zebrafish 0.3 Hz,white,0.3611111111111111,0.3,92,48,
engert_20220915_fish1_magneto_1,zebrafish 0.3 Hz,real,0.37142857142857144,0.3,92,55,
engert_20220915_fish1_magneto_1,zebrafish 0.3 Hz,detrended + envelope-normalised,0.37142857142857144,0.3,92,54,
engert_20220915_fish1_magneto_1,zebrafish 0.3 Hz,white,0.37142857142857144,0.3,92,46,
engert_20220915_fish1_magneto_1,zebrafish 0.3 Hz,real,0.3825396825396825,0.3,92,48,
engert_20220915_fish1_magneto_1,zebrafish 0.3 Hz,detrended + envelope-normalised,0.3825396825396825,0.3,92,52,
engert_20220915_fish1_magneto_1,zebrafish 0.3 Hz,white,0.3825396825396825,0.3,92,38,
engert_20220915_fish1_magneto_1,zebrafish 0.3 Hz,real,0.39285714285714285,0.3,92,53,
engert_20220915_fish1_magneto_1,zebrafish 0.3 Hz,detrended + envelope-normalised,0.39285714285714285,0.3,92,49,
engert_20220915_fish1_magneto_1,zebrafish 0.3 Hz,white,0.39285714285714285,0.3,92,50,
engert_20220915_fish1_magneto_1,zebrafish 0.3 Hz,real,0.40476190476190477,0.3,92,46,
engert_20220915_fish1_magneto_1,zebrafish 0.3 Hz,detrended + envelope-normalised,0.40476190476190477,0.3,92,52,
engert_20220915_fish1_magneto_1,zebrafish 0.3 Hz,white,0.40476190476190477,0.3,92,57,
engert_20220915_fish1_magneto_1,zebrafish 0.3 Hz,real,0.4158730158730159,0.3,92,46,
engert_20220915_fish1_magneto_1,zebrafish 0.3 Hz,detrended + envelope-normalised,0.4158730158730159,0.3,92,44,
engert_20220915_fish1_magneto_1,zebrafish 0.3 Hz,white,0.4158730158730159,0.3,92,41,
engert_20220915_fish1_magneto_1,zebrafish 0.3 Hz,real,0.42777777777777776,0.3,92,54,
engert_20220915_fish1_magneto_1,zebrafish 0.3 Hz,detrended + envelope-normalised,0.42777777777777776,0.3,92,51,
engert_20220915_fish1_magneto_1,zebrafish 0.3 Hz,white,0.42777777777777776,0.3,92,51,
engert_20220915_fish1_magneto_1,zebrafish 0.3 Hz,real,0.44047619047619047,0.3,92,65,
engert_20220915_fish1_magneto_1,zebrafish 0.3 Hz,detrended + envelope-normalised,0.44047619047619047,0.3,92,60,
engert_20220915_fish1_magneto_1,zebrafish 0.3 Hz,white,0.44047619047619047,0.3,92,45,
engert_20220915_fish1_magneto_1,zebrafish 0.3 Hz,real,0.4531746031746032,0.3,92,57,
engert_20220915_fish1_magneto_1,zebrafish 0.3 Hz,detrended + envelope-normalised,0.4531746031746032,0.3,92,55,
engert_20220915_fish1_magneto_1,zebrafish 0.3 Hz,white,0.4531746031746032,0.3,92,40,
engert_20220915_fish1_magneto_1,zebrafish 0.3 Hz,near stimulus,0.2761904761904762,0.3,92,47,-30.0
engert_20220915_fish1_magneto_1,zebrafish 0.3 Hz,near stimulus,0.276984126984127,0.3,92,48,-29.0
engert_20220915_fish1_magneto_1,zebrafish 0.3 Hz,near stimulus,0.2777777777777778,0.3,92,50,-28.0
engert_20220915_fish1_magneto_1,zebrafish 0.3 Hz,near stimulus,0.2785714285714286,0.3,92,47,-27.0
engert_20220915_fish1_magneto_1,zebrafish 0.3 Hz,near stimulus,0.27936507936507937,0.3,92,47,-26.0
engert_20220915_fish1_magneto_1,zebrafish 0.3 Hz,near stimulus,0.28015873015873016,0.3,92,56,-25.0
engert_20220915_fish1_magneto_1,zebrafish 0.3 Hz,near stimulus,0.28095238095238095,0.3,92,51,-24.0
engert_20220915_fish1_magneto_1,zebrafish 0.3 Hz,near stimulus,0.28174603174603174,0.3,92,43,-23.0
engert_20220915_fish1_magneto_1,zebrafish 0.3 Hz,near stimulus,0.28253968253968254,0.3,92,46,-22.0
engert_20220915_fish1_magneto_1,zebrafish 0.3 Hz,near stimulus,0.2833333333333333,0.3,92,58,-21.0
engert_20220915_fish1_magneto_1,zebrafish 0.3 Hz,near stimulus,0.2841269841269841,0.3,92,60,-20.0
engert_20220915_fish1_magneto_1,zebrafish 0.3 Hz,near stimulus,0.2849206349206349,0.3,92,54,-19.0
engert_20220915_fish1_magneto_1,zebrafish 0.3 Hz,near stimulus,0.2857142857142857,0.3,92,57,-18.0
engert_20220915_fish1_magneto_1,zebrafish 0.3 Hz,near stimulus,0.2865079365079365,0.3,92,55,-17.0
engert_20220915_fish1_magneto_1,zebrafish 0.3 Hz,near stimulus,0.2873015873015873,0.3,92,58,-16.0
engert_20220915_fish1_magneto_1,zebrafish 0.3 Hz,near stimulus,0.28809523809523807,0.3,92,54,-15.0
engert_20220915_fish1_magneto_1,zebrafish 0.3 Hz,near stimulus,0.28888888888888886,0.3,92,52,-14.0
engert_20220915_fish1_magneto_1,zebrafish 0.3 Hz,near stimulus,0.2896825396825397,0.3,92,52,-13.0
engert_20220915_fish1_magneto_1,zebrafish 0.3 Hz,near stimulus,0.2904761904761905,0.3,92,57,-12.0
engert_20220915_fish1_magneto_1,zebrafish 0.3 Hz,near stimulus,0.2912698412698413,0.3,92,58,-11.0
engert_20220915_fish1_magneto_1,zebrafish 0.3 Hz,near stimulus,0.2920634920634921,0.3,92,57,-10.0
engert_20220915_fish1_magneto_1,zebrafish 0.3 Hz,near stimulus,0.29285714285714287,0.3,92,54,-9.0
engert_20220915_fish1_magneto_1,zebrafish 0.3 Hz,near stimulus,0.29365079365079366,0.3,92,54,-8.0
engert_20220915_fish1_magneto_1,zebrafish 0.3 Hz,near stimulus,0.29444444444444445,0.3,92,58,-7.0
engert_20220915_fish1_magneto_1,zebrafish 0.3 Hz,near stimulus,0.29523809523809524,0.3,92,56,-6.0
engert_20220915_fish1_magneto_1,zebrafish 0.3 Hz,near stimulus,0.29603174603174603,0.3,92,56,-5.0
engert_20220915_fish1_magneto_1,zebrafish 0.3 Hz,near stimulus,0.2968253968253968,0.3,92,53,-4.0
engert_20220915_fish1_magneto_1,zebrafish 0.3 Hz,near stimulus,0.2976190476190476,0.3,92,55,-3.0
engert_20220915_fish1_magneto_1,zebrafish 0.3 Hz,near stimulus,0.2984126984126984,0.3,92,55,-2.0
engert_20220915_fish1_magneto_1,zebrafish 0.3 Hz,near stimulus,0.2992063492063492,0.3,92,51,-1.0
engert_20220915_fish1_magneto_1,zebrafish 0.3 Hz,near stimulus,0.3,0.3,92,50,0.0
engert_20220915_fish1_magneto_1,zebrafish 0.3 Hz,near stimulus,0.3007936507936508,0.3,92,47,1.0
engert_20220915_fish1_magneto_1,zebrafish 0.3 Hz,near stimulus,0.30158730158730157,0.3,92,50,2.0
engert_20220915_fish1_magneto_1,zebrafish 0.3 Hz,near stimulus,0.30238095238095236,0.3,92,53,3.0
engert_20220915_fish1_magneto_1,zebrafish 0.3 Hz,near stimulus,0.30317460317460315,0.3,92,47,4.0
engert_20220915_fish1_magneto_1,zebrafish 0.3 Hz,near stimulus,0.30396825396825394,0.3,92,48,5.0
engert_20220915_fish1_magneto_1,zebrafish 0.3 Hz,near stimulus,0.3047619047619048,0.3,92,51,6.0
engert_20220915_fish1_magneto_1,zebrafish 0.3 Hz,near stimulus,0.3055555555555556,0.3,92,50,7.0
engert_20220915_fish1_magneto_1,zebrafish 0.3 Hz,near stimulus,0.30634920634920637,0.3,92,55,8.0
engert_20220915_fish1_magneto_1,zebrafish 0.3 Hz,near stimulus,0.30714285714285716,0.3,92,57,9.0
engert_20220915_fish1_magneto_1,zebrafish 0.3 Hz,near stimulus,0.30793650793650795,0.3,92,55,10.0
engert_20220915_fish1_magneto_1,zebrafish 0.3 Hz,near stimulus,0.30873015873015874,0.3,92,57,11.0
engert_20220915_fish1_magneto_1,zebrafish 0.3 Hz,near stimulus,0.30952380952380953,0.3,92,52,12.0
engert_20220915_fish1_magneto_1,zebrafish 0.3 Hz,near stimulus,0.3103174603174603,0.3,92,57,13.0
engert_20220915_fish1_magneto_1,zebrafish 0.3 Hz,near stimulus,0.3111111111111111,0.3,92,52,14.0
engert_20220915_fish1_magneto_1,zebrafish 0.3 Hz,near stimulus,0.3119047619047619,0.3,92,46,15.0
engert_20220915_fish1_magneto_1,zebrafish 0.3 Hz,near stimulus,0.3126984126984127,0.3,92,50,16.0
engert_20220915_fish1_magneto_1,zebrafish 0.3 Hz,near stimulus,0.3134920634920635,0.3,92,44,17.0
engert_20220915_fish1_magneto_1,zebrafish 0.3 Hz,near stimulus,0.3142857142857143,0.3,92,45,18.0
engert_20220915_fish1_magneto_1,zebrafish 0.3 Hz,near stimulus,0.31507936507936507,0.3,92,45,19.0
engert_20220915_fish1_magneto_1,zebrafish 0.3 Hz,near stimulus,0.31587301587301586,0.3,92,48,20.0
engert_20220915_fish1_magneto_1,zebrafish 0.3 Hz,near stimulus,0.31666666666666665,0.3,92,52,21.0
engert_20220915_fish1_magneto_1,zebrafish 0.3 Hz,near stimulus,0.31746031746031744,0.3,92,53,22.0
engert_20220915_fish1_magneto_1,zebrafish 0.3 Hz,near stimulus,0.31825396825396823,0.3,92,57,23.0
engert_20220915_fish1_magneto_1,zebrafish 0.3 Hz,near stimulus,0.319047619047619,0.3,92,50,24.0
engert_20220915_fish1_magneto_1,zebrafish 0.3 Hz,near stimulus,0.3198412698412698,0.3,92,52,25.0
engert_20220915_fish1_magneto_1,zebrafish 0.3 Hz,near stimulus,0.32063492063492066,0.3,92,55,26.0
engert_20220915_fish1_magneto_1,zebrafish 0.3 Hz,near stimulus,0.32142857142857145,0.3,92,53,27.0
engert_20220915_fish1_magneto_1,zebrafish 0.3 Hz,near stimulus,0.32222222222222224,0.3,92,58,28.0
engert_20220915_fish1_magneto_1,zebrafish 0.3 Hz,near stimulus,0.32301587301587303,0.3,92,53,29.0
engert_20220915_fish1_magneto_1,zebrafish 0.3 Hz,near stimulus,0.3238095238095238,0.3,92,49,30.0
engert_20220915_fish1_magneto_2,zebrafish 0.3 Hz,real,0.08571428571428572,0.3,95,56,
engert_20220915_fish1_magneto_2,zebrafish 0.3 Hz,detrended + envelope-normalised,0.08571428571428572,0.3,95,56,
engert_20220915_fish1_magneto_2,zebrafish 0.3 Hz,white,0.08571428571428572,0.3,95,44,
engert_20220915_fish1_magneto_2,zebrafish 0.3 Hz,real,0.0880952380952381,0.3,95,50,
engert_20220915_fish1_magneto_2,zebrafish 0.3 Hz,detrended + envelope-normalised,0.0880952380952381,0.3,95,44,
engert_20220915_fish1_magneto_2,zebrafish 0.3 Hz,white,0.0880952380952381,0.3,95,49,
engert_20220915_fish1_magneto_2,zebrafish 0.3 Hz,real,0.09047619047619047,0.3,95,45,
engert_20220915_fish1_magneto_2,zebrafish 0.3 Hz,detrended + envelope-normalised,0.09047619047619047,0.3,95,44,
engert_20220915_fish1_magneto_2,zebrafish 0.3 Hz,white,0.09047619047619047,0.3,95,49,
engert_20220915_fish1_magneto_2,zebrafish 0.3 Hz,real,0.09285714285714286,0.3,95,40,
engert_20220915_fish1_magneto_2,zebrafish 0.3 Hz,detrended + envelope-normalised,0.09285714285714286,0.3,95,45,
engert_20220915_fish1_magneto_2,zebrafish 0.3 Hz,white,0.09285714285714286,0.3,95,51,
engert_20220915_fish1_magneto_2,zebrafish 0.3 Hz,real,0.09523809523809523,0.3,95,51,
engert_20220915_fish1_magneto_2,zebrafish 0.3 Hz,detrended + envelope-normalised,0.09523809523809523,0.3,95,58,
engert_20220915_fish1_magneto_2,zebrafish 0.3 Hz,white,0.09523809523809523,0.3,95,49,
engert_20220915_fish1_magneto_2,zebrafish 0.3 Hz,real,0.09841269841269841,0.3,95,55,
engert_20220915_fish1_magneto_2,zebrafish 0.3 Hz,detrended + envelope-normalised,0.09841269841269841,0.3,95,53,
engert_20220915_fish1_magneto_2,zebrafish 0.3 Hz,white,0.09841269841269841,0.3,95,39,
engert_20220915_fish1_magneto_2,zebrafish 0.3 Hz,real,0.1007936507936508,0.3,95,54,
engert_20220915_fish1_magneto_2,zebrafish 0.3 Hz,detrended + envelope-normalised,0.1007936507936508,0.3,95,55,
engert_20220915_fish1_magneto_2,zebrafish 0.3 Hz,white,0.1007936507936508,0.3,95,44,
engert_20220915_fish1_magneto_2,zebrafish 0.3 Hz,real,0.10396825396825397,0.3,95,47,
engert_20220915_fish1_magneto_2,zebrafish 0.3 Hz,detrended + envelope-normalised,0.10396825396825397,0.3,95,47,
engert_20220915_fish1_magneto_2,zebrafish 0.3 Hz,white,0.10396825396825397,0.3,95,46,
engert_20220915_fish1_magneto_2,zebrafish 0.3 Hz,real,0.10714285714285714,0.3,95,50,
engert_20220915_fish1_magneto_2,zebrafish 0.3 Hz,detrended + envelope-normalised,0.10714285714285714,0.3,95,49,
engert_20220915_fish1_magneto_2,zebrafish 0.3 Hz,white,0.10714285714285714,0.3,95,55,
engert_20220915_fish1_magneto_2,zebrafish 0.3 Hz,real,0.11031746031746031,0.3,95,56,
engert_20220915_fish1_magneto_2,zebrafish 0.3 Hz,detrended + envelope-normalised,0.11031746031746031,0.3,95,49,
engert_20220915_fish1_magneto_2,zebrafish 0.3 Hz,white,0.11031746031746031,0.3,95,41,
engert_20220915_fish1_magneto_2,zebrafish 0.3 Hz,real,0.11349206349206349,0.3,95,55,
engert_20220915_fish1_magneto_2,zebrafish 0.3 Hz,detrended + envelope-normalised,0.11349206349206349,0.3,95,59,
engert_20220915_fish1_magneto_2,zebrafish 0.3 Hz,white,0.11349206349206349,0.3,95,46,
engert_20220915_fish1_magneto_2,zebrafish 0.3 Hz,real,0.11666666666666667,0.3,95,49,
engert_20220915_fish1_magneto_2,zebrafish 0.3 Hz,detrended + envelope-normalised,0.11666666666666667,0.3,95,54,
engert_20220915_fish1_magneto_2,zebrafish 0.3 Hz,white,0.11666666666666667,0.3,95,39,
engert_20220915_fish1_magneto_2,zebrafish 0.3 Hz,real,0.11984126984126985,0.3,95,54,
engert_20220915_fish1_magneto_2,zebrafish 0.3 Hz,detrended + envelope-normalised,0.11984126984126985,0.3,95,58,
engert_20220915_fish1_magneto_2,zebrafish 0.3 Hz,white,0.11984126984126985,0.3,95,49,
engert_20220915_fish1_magneto_2,zebrafish 0.3 Hz,real,0.12301587301587301,0.3,95,51,
engert_20220915_fish1_magneto_2,zebrafish 0.3 Hz,detrended + envelope-normalised,0.12301587301587301,0.3,95,55,
engert_20220915_fish1_magneto_2,zebrafish 0.3 Hz,white,0.12301587301587301,0.3,95,43,
engert_20220915_fish1_magneto_2,zebrafish 0.3 Hz,real,0.12698412698412698,0.3,95,54,
engert_20220915_fish1_magneto_2,zebrafish 0.3 Hz,detrended + envelope-normalised,0.12698412698412698,0.3,95,58,
engert_20220915_fish1_magneto_2,zebrafish 0.3 Hz,white,0.12698412698412698,0.3,95,59,
engert_20220915_fish1_magneto_2,zebrafish 0.3 Hz,real,0.13015873015873017,0.3,95,56,
engert_20220915_fish1_magneto_2,zebrafish 0.3 Hz,detrended + envelope-normalised,0.13015873015873017,0.3,95,56,
engert_20220915_fish1_magneto_2,zebrafish 0.3 Hz,white,0.13015873015873017,0.3,95,47,
engert_20220915_fish1_magneto_2,zebrafish 0.3 Hz,real,0.13412698412698412,0.3,95,61,
engert_20220915_fish1_magneto_2,zebrafish 0.3 Hz,detrended + envelope-normalised,0.13412698412698412,0.3,95,61,
engert_20220915_fish1_magneto_2,zebrafish 0.3 Hz,white,0.13412698412698412,0.3,95,49,
engert_20220915_fish1_magneto_2,zebrafish 0.3 Hz,real,0.1380952380952381,0.3,95,58,
engert_20220915_fish1_magneto_2,zebrafish 0.3 Hz,detrended + envelope-normalised,0.1380952380952381,0.3,95,52,
engert_20220915_fish1_magneto_2,zebrafish 0.3 Hz,white,0.1380952380952381,0.3,95,48,
engert_20220915_fish1_magneto_2,zebrafish 0.3 Hz,real,0.14206349206349206,0.3,95,50,
engert_20220915_fish1_magneto_2,zebrafish 0.3 Hz,detrended + envelope-normalised,0.14206349206349206,0.3,95,43,
engert_20220915_fish1_magneto_2,zebrafish 0.3 Hz,white,0.14206349206349206,0.3,95,51,
engert_20220915_fish1_magneto_2,zebrafish 0.3 Hz,real,0.14603174603174604,0.3,95,55,
engert_20220915_fish1_magneto_2,zebrafish 0.3 Hz,detrended + envelope-normalised,0.14603174603174604,0.3,95,42,
engert_20220915_fish1_magneto_2,zebrafish 0.3 Hz,white,0.14603174603174604,0.3,95,53,
engert_20220915_fish1_magneto_2,zebrafish 0.3 Hz,real,0.15,0.3,95,56,
engert_20220915_fish1_magneto_2,zebrafish 0.3 Hz,detrended + envelope-normalised,0.15,0.3,95,55,
engert_20220915_fish1_magneto_2,zebrafish 0.3 Hz,white,0.15,0.3,95,47,
engert_20220915_fish1_magneto_2,zebrafish 0.3 Hz,real,0.15476190476190477,0.3,95,55,
engert_20220915_fish1_magneto_2,zebrafish 0.3 Hz,detrended + envelope-normalised,0.15476190476190477,0.3,95,61,
engert_20220915_fish1_magneto_2,zebrafish 0.3 Hz,white,0.15476190476190477,0.3,95,54,
engert_20220915_fish1_magneto_2,zebrafish 0.3 Hz,real,0.15873015873015872,0.3,95,65,
engert_20220915_fish1_magneto_2,zebrafish 0.3 Hz,detrended + envelope-normalised,0.15873015873015872,0.3,95,54,
engert_20220915_fish1_magneto_2,zebrafish 0.3 Hz,white,0.15873015873015872,0.3,95,44,
engert_20220915_fish1_magneto_2,zebrafish 0.3 Hz,real,0.1634920634920635,0.3,95,59,
engert_20220915_fish1_magneto_2,zebrafish 0.3 Hz,detrended + envelope-normalised,0.1634920634920635,0.3,95,57,
engert_20220915_fish1_magneto_2,zebrafish 0.3 Hz,white,0.1634920634920635,0.3,95,54,
engert_20220915_fish1_magneto_2,zebrafish 0.3 Hz,real,0.16825396825396827,0.3,95,56,
engert_20220915_fish1_magneto_2,zebrafish 0.3 Hz,detrended + envelope-normalised,0.16825396825396827,0.3,95,49,
engert_20220915_fish1_magneto_2,zebrafish 0.3 Hz,white,0.16825396825396827,0.3,95,45,
engert_20220915_fish1_magneto_2,zebrafish 0.3 Hz,real,0.173015873015873,0.3,95,51,
engert_20220915_fish1_magneto_2,zebrafish 0.3 Hz,detrended + envelope-normalised,0.173015873015873,0.3,95,50,
engert_20220915_fish1_magneto_2,zebrafish 0.3 Hz,white,0.173015873015873,0.3,95,48,
engert_20220915_fish1_magneto_2,zebrafish 0.3 Hz,real,0.17777777777777778,0.3,95,51,
engert_20220915_fish1_magneto_2,zebrafish 0.3 Hz,detrended + envelope-normalised,0.17777777777777778,0.3,95,50,
engert_20220915_fish1_magneto_2,zebrafish 0.3 Hz,white,0.17777777777777778,0.3,95,38,
engert_20220915_fish1_magneto_2,zebrafish 0.3 Hz,real,0.18333333333333332,0.3,95,47,
engert_20220915_fish1_magneto_2,zebrafish 0.3 Hz,detrended + envelope-normalised,0.18333333333333332,0.3,95,45,
engert_20220915_fish1_magneto_2,zebrafish 0.3 Hz,white,0.18333333333333332,0.3,95,50,
engert_20220915_fish1_magneto_2,zebrafish 0.3 Hz,real,0.18888888888888888,0.3,95,54,
engert_20220915_fish1_magneto_2,zebrafish 0.3 Hz,detrended + envelope-normalised,0.18888888888888888,0.3,95,53,
engert_20220915_fish1_magneto_2,zebrafish 0.3 Hz,white,0.18888888888888888,0.3,95,41,
engert_20220915_fish1_magneto_2,zebrafish 0.3 Hz,real,0.19365079365079366,0.3,95,47,
engert_20220915_fish1_magneto_2,zebrafish 0.3 Hz,detrended + envelope-normalised,0.19365079365079366,0.3,95,51,
engert_20220915_fish1_magneto_2,zebrafish 0.3 Hz,white,0.19365079365079366,0.3,95,46,
engert_20220915_fish1_magneto_2,zebrafish 0.3 Hz,real,0.1992063492063492,0.3,95,48,
engert_20220915_fish1_magneto_2,zebrafish 0.3 Hz,detrended + envelope-normalised,0.1992063492063492,0.3,95,50,
engert_20220915_fish1_magneto_2,zebrafish 0.3 Hz,white,0.1992063492063492,0.3,95,52,
engert_20220915_fish1_magneto_2,zebrafish 0.3 Hz,real,0.20555555555555555,0.3,95,53,
engert_20220915_fish1_magneto_2,zebrafish 0.3 Hz,detrended + envelope-normalised,0.20555555555555555,0.3,95,51,
engert_20220915_fish1_magneto_2,zebrafish 0.3 Hz,white,0.20555555555555555,0.3,95,44,
engert_20220915_fish1_magneto_2,zebrafish 0.3 Hz,real,0.2111111111111111,0.3,95,59,
engert_20220915_fish1_magneto_2,zebrafish 0.3 Hz,detrended + envelope-normalised,0.2111111111111111,0.3,95,54,
engert_20220915_fish1_magneto_2,zebrafish 0.3 Hz,white,0.2111111111111111,0.3,95,50,
engert_20220915_fish1_magneto_2,zebrafish 0.3 Hz,real,0.21746031746031746,0.3,95,59,
engert_20220915_fish1_magneto_2,zebrafish 0.3 Hz,detrended + envelope-normalised,0.21746031746031746,0.3,95,54,
engert_20220915_fish1_magneto_2,zebrafish 0.3 Hz,white,0.21746031746031746,0.3,95,47,
engert_20220915_fish1_magneto_2,zebrafish 0.3 Hz,real,0.22301587301587303,0.3,95,53,
engert_20220915_fish1_magneto_2,zebrafish 0.3 Hz,detrended + envelope-normalised,0.22301587301587303,0.3,95,55,
engert_20220915_fish1_magneto_2,zebrafish 0.3 Hz,white,0.22301587301587303,0.3,95,52,
engert_20220915_fish1_magneto_2,zebrafish 0.3 Hz,real,0.23015873015873015,0.3,95,46,
engert_20220915_fish1_magneto_2,zebrafish 0.3 Hz,detrended + envelope-normalised,0.23015873015873015,0.3,95,45,
engert_20220915_fish1_magneto_2,zebrafish 0.3 Hz,white,0.23015873015873015,0.3,95,51,
engert_20220915_fish1_magneto_2,zebrafish 0.3 Hz,real,0.2365079365079365,0.3,95,43,
engert_20220915_fish1_magneto_2,zebrafish 0.3 Hz,detrended + envelope-normalised,0.2365079365079365,0.3,95,42,
engert_20220915_fish1_magneto_2,zebrafish 0.3 Hz,white,0.2365079365079365,0.3,95,45,
engert_20220915_fish1_magneto_2,zebrafish 0.3 Hz,real,0.24285714285714285,0.3,95,53,
engert_20220915_fish1_magneto_2,zebrafish 0.3 Hz,detrended + envelope-normalised,0.24285714285714285,0.3,95,48,
engert_20220915_fish1_magneto_2,zebrafish 0.3 Hz,white,0.24285714285714285,0.3,95,39,
engert_20220915_fish1_magneto_2,zebrafish 0.3 Hz,real,0.25,0.3,95,60,
engert_20220915_fish1_magneto_2,zebrafish 0.3 Hz,detrended + envelope-normalised,0.25,0.3,95,60,
engert_20220915_fish1_magneto_2,zebrafish 0.3 Hz,white,0.25,0.3,95,56,
engert_20220915_fish1_magneto_2,zebrafish 0.3 Hz,real,0.2571428571428571,0.3,95,54,
engert_20220915_fish1_magneto_2,zebrafish 0.3 Hz,detrended + envelope-normalised,0.2571428571428571,0.3,95,54,
engert_20220915_fish1_magneto_2,zebrafish 0.3 Hz,white,0.2571428571428571,0.3,95,45,
engert_20220915_fish1_magneto_2,zebrafish 0.3 Hz,real,0.2642857142857143,0.3,95,48,
engert_20220915_fish1_magneto_2,zebrafish 0.3 Hz,detrended + envelope-normalised,0.2642857142857143,0.3,95,42,
engert_20220915_fish1_magneto_2,zebrafish 0.3 Hz,white,0.2642857142857143,0.3,95,45,
engert_20220915_fish1_magneto_2,zebrafish 0.3 Hz,real,0.2722222222222222,0.3,95,51,
engert_20220915_fish1_magneto_2,zebrafish 0.3 Hz,detrended + envelope-normalised,0.2722222222222222,0.3,95,47,
engert_20220915_fish1_magneto_2,zebrafish 0.3 Hz,white,0.2722222222222222,0.3,95,41,
engert_20220915_fish1_magneto_2,zebrafish 0.3 Hz,real,0.28015873015873016,0.3,95,51,
engert_20220915_fish1_magneto_2,zebrafish 0.3 Hz,detrended + envelope-normalised,0.28015873015873016,0.3,95,40,
engert_20220915_fish1_magneto_2,zebrafish 0.3 Hz,white,0.28015873015873016,0.3,95,49,
engert_20220915_fish1_magneto_2,zebrafish 0.3 Hz,real,0.28809523809523807,0.3,95,65,
engert_20220915_fish1_magneto_2,zebrafish 0.3 Hz,detrended + envelope-normalised,0.28809523809523807,0.3,95,57,
engert_20220915_fish1_magneto_2,zebrafish 0.3 Hz,white,0.28809523809523807,0.3,95,56,
engert_20220915_fish1_magneto_2,zebrafish 0.3 Hz,real,0.29603174603174603,0.3,95,50,
engert_20220915_fish1_magneto_2,zebrafish 0.3 Hz,detrended + envelope-normalised,0.29603174603174603,0.3,95,55,
engert_20220915_fish1_magneto_2,zebrafish 0.3 Hz,white,0.29603174603174603,0.3,95,54,
engert_20220915_fish1_magneto_2,zebrafish 0.3 Hz,real,0.3047619047619048,0.3,95,63,
engert_20220915_fish1_magneto_2,zebrafish 0.3 Hz,detrended + envelope-normalised,0.3047619047619048,0.3,95,52,
engert_20220915_fish1_magneto_2,zebrafish 0.3 Hz,white,0.3047619047619048,0.3,95,45,
engert_20220915_fish1_magneto_2,zebrafish 0.3 Hz,real,0.3134920634920635,0.3,95,51,
engert_20220915_fish1_magneto_2,zebrafish 0.3 Hz,detrended + envelope-normalised,0.3134920634920635,0.3,95,47,
engert_20220915_fish1_magneto_2,zebrafish 0.3 Hz,white,0.3134920634920635,0.3,95,47,
engert_20220915_fish1_magneto_2,zebrafish 0.3 Hz,real,0.32222222222222224,0.3,95,59,
engert_20220915_fish1_magneto_2,zebrafish 0.3 Hz,detrended + envelope-normalised,0.32222222222222224,0.3,95,57,
engert_20220915_fish1_magneto_2,zebrafish 0.3 Hz,white,0.32222222222222224,0.3,95,45,
engert_20220915_fish1_magneto_2,zebrafish 0.3 Hz,real,0.33174603174603173,0.3,95,52,
engert_20220915_fish1_magneto_2,zebrafish 0.3 Hz,detrended + envelope-normalised,0.33174603174603173,0.3,95,56,
engert_20220915_fish1_magneto_2,zebrafish 0.3 Hz,white,0.33174603174603173,0.3,95,50,
engert_20220915_fish1_magneto_2,zebrafish 0.3 Hz,real,0.3412698412698413,0.3,95,52,
engert_20220915_fish1_magneto_2,zebrafish 0.3 Hz,detrended + envelope-normalised,0.3412698412698413,0.3,95,49,
engert_20220915_fish1_magneto_2,zebrafish 0.3 Hz,white,0.3412698412698413,0.3,95,45,
engert_20220915_fish1_magneto_2,zebrafish 0.3 Hz,real,0.35079365079365077,0.3,95,58,
engert_20220915_fish1_magneto_2,zebrafish 0.3 Hz,detrended + envelope-normalised,0.35079365079365077,0.3,95,54,
engert_20220915_fish1_magneto_2,zebrafish 0.3 Hz,white,0.35079365079365077,0.3,95,52,
engert_20220915_fish1_magneto_2,zebrafish 0.3 Hz,real,0.3611111111111111,0.3,95,52,
engert_20220915_fish1_magneto_2,zebrafish 0.3 Hz,detrended + envelope-normalised,0.3611111111111111,0.3,95,50,
engert_20220915_fish1_magneto_2,zebrafish 0.3 Hz,white,0.3611111111111111,0.3,95,53,
engert_20220915_fish1_magneto_2,zebrafish 0.3 Hz,real,0.37142857142857144,0.3,95,59,
engert_20220915_fish1_magneto_2,zebrafish 0.3 Hz,detrended + envelope-normalised,0.37142857142857144,0.3,95,49,
engert_20220915_fish1_magneto_2,zebrafish 0.3 Hz,white,0.37142857142857144,0.3,95,48,
engert_20220915_fish1_magneto_2,zebrafish 0.3 Hz,real,0.3825396825396825,0.3,95,63,
engert_20220915_fish1_magneto_2,zebrafish 0.3 Hz,detrended + envelope-normalised,0.3825396825396825,0.3,95,58,
engert_20220915_fish1_magneto_2,zebrafish 0.3 Hz,white,0.3825396825396825,0.3,95,47,
engert_20220915_fish1_magneto_2,zebrafish 0.3 Hz,real,0.39285714285714285,0.3,95,54,
engert_20220915_fish1_magneto_2,zebrafish 0.3 Hz,detrended + envelope-normalised,0.39285714285714285,0.3,95,45,
engert_20220915_fish1_magneto_2,zebrafish 0.3 Hz,white,0.39285714285714285,0.3,95,52,
engert_20220915_fish1_magneto_2,zebrafish 0.3 Hz,real,0.40476190476190477,0.3,95,45,
engert_20220915_fish1_magneto_2,zebrafish 0.3 Hz,detrended + envelope-normalised,0.40476190476190477,0.3,95,46,
engert_20220915_fish1_magneto_2,zebrafish 0.3 Hz,white,0.40476190476190477,0.3,95,51,
engert_20220915_fish1_magneto_2,zebrafish 0.3 Hz,real,0.4158730158730159,0.3,95,45,
engert_20220915_fish1_magneto_2,zebrafish 0.3 Hz,detrended + envelope-normalised,0.4158730158730159,0.3,95,44,
engert_20220915_fish1_magneto_2,zebrafish 0.3 Hz,white,0.4158730158730159,0.3,95,38,
engert_20220915_fish1_magneto_2,zebrafish 0.3 Hz,real,0.42777777777777776,0.3,95,57,
engert_20220915_fish1_magneto_2,zebrafish 0.3 Hz,detrended + envelope-normalised,0.42777777777777776,0.3,95,57,
engert_20220915_fish1_magneto_2,zebrafish 0.3 Hz,white,0.42777777777777776,0.3,95,45,
engert_20220915_fish1_magneto_2,zebrafish 0.3 Hz,real,0.44047619047619047,0.3,95,58,
engert_20220915_fish1_magneto_2,zebrafish 0.3 Hz,detrended + envelope-normalised,0.44047619047619047,0.3,95,51,
engert_20220915_fish1_magneto_2,zebrafish 0.3 Hz,white,0.44047619047619047,0.3,95,46,
engert_20220915_fish1_magneto_2,zebrafish 0.3 Hz,real,0.4531746031746032,0.3,95,56,
engert_20220915_fish1_magneto_2,zebrafish 0.3 Hz,detrended + envelope-normalised,0.4531746031746032,0.3,95,49,
engert_20220915_fish1_magneto_2,zebrafish 0.3 Hz,white,0.4531746031746032,0.3,95,40,
engert_20220915_fish1_magneto_2,zebrafish 0.3 Hz,near stimulus,0.2761904761904762,0.3,95,54,-30.0
engert_20220915_fish1_magneto_2,zebrafish 0.3 Hz,near stimulus,0.276984126984127,0.3,95,48,-29.0
engert_20220915_fish1_magneto_2,zebrafish 0.3 Hz,near stimulus,0.2777777777777778,0.3,95,55,-28.0
engert_20220915_fish1_magneto_2,zebrafish 0.3 Hz,near stimulus,0.2785714285714286,0.3,95,49,-27.0
engert_20220915_fish1_magneto_2,zebrafish 0.3 Hz,near stimulus,0.27936507936507937,0.3,95,57,-26.0
engert_20220915_fish1_magneto_2,zebrafish 0.3 Hz,near stimulus,0.28015873015873016,0.3,95,51,-25.0
engert_20220915_fish1_magneto_2,zebrafish 0.3 Hz,near stimulus,0.28095238095238095,0.3,95,51,-24.0
engert_20220915_fish1_magneto_2,zebrafish 0.3 Hz,near stimulus,0.28174603174603174,0.3,95,56,-23.0
engert_20220915_fish1_magneto_2,zebrafish 0.3 Hz,near stimulus,0.28253968253968254,0.3,95,56,-22.0
engert_20220915_fish1_magneto_2,zebrafish 0.3 Hz,near stimulus,0.2833333333333333,0.3,95,56,-21.0
engert_20220915_fish1_magneto_2,zebrafish 0.3 Hz,near stimulus,0.2841269841269841,0.3,95,59,-20.0
engert_20220915_fish1_magneto_2,zebrafish 0.3 Hz,near stimulus,0.2849206349206349,0.3,95,57,-19.0
engert_20220915_fish1_magneto_2,zebrafish 0.3 Hz,near stimulus,0.2857142857142857,0.3,95,58,-18.0
engert_20220915_fish1_magneto_2,zebrafish 0.3 Hz,near stimulus,0.2865079365079365,0.3,95,62,-17.0
engert_20220915_fish1_magneto_2,zebrafish 0.3 Hz,near stimulus,0.2873015873015873,0.3,95,65,-16.0
engert_20220915_fish1_magneto_2,zebrafish 0.3 Hz,near stimulus,0.28809523809523807,0.3,95,65,-15.0
engert_20220915_fish1_magneto_2,zebrafish 0.3 Hz,near stimulus,0.28888888888888886,0.3,95,60,-14.0
engert_20220915_fish1_magneto_2,zebrafish 0.3 Hz,near stimulus,0.2896825396825397,0.3,95,62,-13.0
engert_20220915_fish1_magneto_2,zebrafish 0.3 Hz,near stimulus,0.2904761904761905,0.3,95,62,-12.0
engert_20220915_fish1_magneto_2,zebrafish 0.3 Hz,near stimulus,0.2912698412698413,0.3,95,61,-11.0
engert_20220915_fish1_magneto_2,zebrafish 0.3 Hz,near stimulus,0.2920634920634921,0.3,95,61,-10.0
engert_20220915_fish1_magneto_2,zebrafish 0.3 Hz,near stimulus,0.29285714285714287,0.3,95,57,-9.0
engert_20220915_fish1_magneto_2,zebrafish 0.3 Hz,near stimulus,0.29365079365079366,0.3,95,55,-8.0
engert_20220915_fish1_magneto_2,zebrafish 0.3 Hz,near stimulus,0.29444444444444445,0.3,95,53,-7.0
engert_20220915_fish1_magneto_2,zebrafish 0.3 Hz,near stimulus,0.29523809523809524,0.3,95,49,-6.0
engert_20220915_fish1_magneto_2,zebrafish 0.3 Hz,near stimulus,0.29603174603174603,0.3,95,50,-5.0
engert_20220915_fish1_magneto_2,zebrafish 0.3 Hz,near stimulus,0.2968253968253968,0.3,95,52,-4.0
engert_20220915_fish1_magneto_2,zebrafish 0.3 Hz,near stimulus,0.2976190476190476,0.3,95,57,-3.0
engert_20220915_fish1_magneto_2,zebrafish 0.3 Hz,near stimulus,0.2984126984126984,0.3,95,56,-2.0
engert_20220915_fish1_magneto_2,zebrafish 0.3 Hz,near stimulus,0.2992063492063492,0.3,95,57,-1.0
engert_20220915_fish1_magneto_2,zebrafish 0.3 Hz,near stimulus,0.3,0.3,95,53,0.0
engert_20220915_fish1_magneto_2,zebrafish 0.3 Hz,near stimulus,0.3007936507936508,0.3,95,57,1.0
engert_20220915_fish1_magneto_2,zebrafish 0.3 Hz,near stimulus,0.30158730158730157,0.3,95,59,2.0
engert_20220915_fish1_magneto_2,zebrafish 0.3 Hz,near stimulus,0.30238095238095236,0.3,95,59,3.0
engert_20220915_fish1_magneto_2,zebrafish 0.3 Hz,near stimulus,0.30317460317460315,0.3,95,52,4.0
engert_20220915_fish1_magneto_2,zebrafish 0.3 Hz,near stimulus,0.30396825396825394,0.3,95,49,5.0
engert_20220915_fish1_magneto_2,zebrafish 0.3 Hz,near stimulus,0.3047619047619048,0.3,95,63,6.0
engert_20220915_fish1_magneto_2,zebrafish 0.3 Hz,near stimulus,0.3055555555555556,0.3,95,54,7.0
engert_20220915_fish1_magneto_2,zebrafish 0.3 Hz,near stimulus,0.30634920634920637,0.3,95,55,8.0
engert_20220915_fish1_magneto_2,zebrafish 0.3 Hz,near stimulus,0.30714285714285716,0.3,95,53,9.0
engert_20220915_fish1_magneto_2,zebrafish 0.3 Hz,near stimulus,0.30793650793650795,0.3,95,53,10.0
engert_20220915_fish1_magneto_2,zebrafish 0.3 Hz,near stimulus,0.30873015873015874,0.3,95,52,11.0
engert_20220915_fish1_magneto_2,zebrafish 0.3 Hz,near stimulus,0.30952380952380953,0.3,95,54,12.0
engert_20220915_fish1_magneto_2,zebrafish 0.3 Hz,near stimulus,0.3103174603174603,0.3,95,57,13.0
engert_20220915_fish1_magneto_2,zebrafish 0.3 Hz,near stimulus,0.3111111111111111,0.3,95,53,14.0
engert_20220915_fish1_magneto_2,zebrafish 0.3 Hz,near stimulus,0.3119047619047619,0.3,95,55,15.0
engert_20220915_fish1_magneto_2,zebrafish 0.3 Hz,near stimulus,0.3126984126984127,0.3,95,49,16.0
engert_20220915_fish1_magneto_2,zebrafish 0.3 Hz,near stimulus,0.3134920634920635,0.3,95,51,17.0
engert_20220915_fish1_magneto_2,zebrafish 0.3 Hz,near stimulus,0.3142857142857143,0.3,95,53,18.0
engert_20220915_fish1_magneto_2,zebrafish 0.3 Hz,near stimulus,0.31507936507936507,0.3,95,52,19.0
engert_20220915_fish1_magneto_2,zebrafish 0.3 Hz,near stimulus,0.31587301587301586,0.3,95,44,20.0
engert_20220915_fish1_magneto_2,zebrafish 0.3 Hz,near stimulus,0.31666666666666665,0.3,95,49,21.0
engert_20220915_fish1_magneto_2,zebrafish 0.3 Hz,near stimulus,0.31746031746031744,0.3,95,49,22.0
engert_20220915_fish1_magneto_2,zebrafish 0.3 Hz,near stimulus,0.31825396825396823,0.3,95,48,23.0
engert_20220915_fish1_magneto_2,zebrafish 0.3 Hz,near stimulus,0.319047619047619,0.3,95,55,24.0
engert_20220915_fish1_magneto_2,zebrafish 0.3 Hz,near stimulus,0.3198412698412698,0.3,95,49,25.0
engert_20220915_fish1_magneto_2,zebrafish 0.3 Hz,near stimulus,0.32063492063492066,0.3,95,51,26.0
engert_20220915_fish1_magneto_2,zebrafish 0.3 Hz,near stimulus,0.32142857142857145,0.3,95,56,27.0
engert_20220915_fish1_magneto_2,zebrafish 0.3 Hz,near stimulus,0.32222222222222224,0.3,95,59,28.0
engert_20220915_fish1_magneto_2,zebrafish 0.3 Hz,near stimulus,0.32301587301587303,0.3,95,63,29.0
engert_20220915_fish1_magneto_2,zebrafish 0.3 Hz,near stimulus,0.3238095238095238,0.3,95,53,30.0
engert_20221001_fish1_magneto_0,zebrafish 0.1 Hz,real,0.07037037037037037,0.1,378,214,
engert_20221001_fish1_magneto_0,zebrafish 0.1 Hz,detrended + envelope-normalised,0.07037037037037037,0.1,378,190,
engert_20221001_fish1_magneto_0,zebrafish 0.1 Hz,white,0.07037037037037037,0.1,378,192,
engert_20221001_fish1_magneto_0,zebrafish 0.1 Hz,real,0.07222222222222222,0.1,378,211,
engert_20221001_fish1_magneto_0,zebrafish 0.1 Hz,detrended + envelope-normalised,0.07222222222222222,0.1,378,177,
engert_20221001_fish1_magneto_0,zebrafish 0.1 Hz,white,0.07222222222222222,0.1,378,177,
engert_20221001_fish1_magneto_0,zebrafish 0.1 Hz,real,0.075,0.1,378,211,
engert_20221001_fish1_magneto_0,zebrafish 0.1 Hz,detrended + envelope-normalised,0.075,0.1,378,176,
engert_20221001_fish1_magneto_0,zebrafish 0.1 Hz,white,0.075,0.1,378,186,
engert_20221001_fish1_magneto_0,zebrafish 0.1 Hz,real,0.07685185185185185,0.1,378,200,
engert_20221001_fish1_magneto_0,zebrafish 0.1 Hz,detrended + envelope-normalised,0.07685185185185185,0.1,378,173,
engert_20221001_fish1_magneto_0,zebrafish 0.1 Hz,white,0.07685185185185185,0.1,378,201,
engert_20221001_fish1_magneto_0,zebrafish 0.1 Hz,real,0.07962962962962963,0.1,378,209,
engert_20221001_fish1_magneto_0,zebrafish 0.1 Hz,detrended + envelope-normalised,0.07962962962962963,0.1,378,198,
engert_20221001_fish1_magneto_0,zebrafish 0.1 Hz,white,0.07962962962962963,0.1,378,196,
engert_20221001_fish1_magneto_0,zebrafish 0.1 Hz,real,0.0824074074074074,0.1,378,210,
engert_20221001_fish1_magneto_0,zebrafish 0.1 Hz,detrended + envelope-normalised,0.0824074074074074,0.1,378,203,
engert_20221001_fish1_magneto_0,zebrafish 0.1 Hz,white,0.0824074074074074,0.1,378,192,
engert_20221001_fish1_magneto_0,zebrafish 0.1 Hz,real,0.08518518518518518,0.1,378,200,
engert_20221001_fish1_magneto_0,zebrafish 0.1 Hz,detrended + envelope-normalised,0.08518518518518518,0.1,378,200,
engert_20221001_fish1_magneto_0,zebrafish 0.1 Hz,white,0.08518518518518518,0.1,378,189,
engert_20221001_fish1_magneto_0,zebrafish 0.1 Hz,real,0.08796296296296297,0.1,378,231,
engert_20221001_fish1_magneto_0,zebrafish 0.1 Hz,detrended + envelope-normalised,0.08796296296296297,0.1,378,209,
engert_20221001_fish1_magneto_0,zebrafish 0.1 Hz,white,0.08796296296296297,0.1,378,201,
engert_20221001_fish1_magneto_0,zebrafish 0.1 Hz,real,0.09074074074074075,0.1,378,208,
engert_20221001_fish1_magneto_0,zebrafish 0.1 Hz,detrended + envelope-normalised,0.09074074074074075,0.1,378,209,
engert_20221001_fish1_magneto_0,zebrafish 0.1 Hz,white,0.09074074074074075,0.1,378,181,
engert_20221001_fish1_magneto_0,zebrafish 0.1 Hz,real,0.09351851851851851,0.1,378,211,
engert_20221001_fish1_magneto_0,zebrafish 0.1 Hz,detrended + envelope-normalised,0.09351851851851851,0.1,378,206,
engert_20221001_fish1_magneto_0,zebrafish 0.1 Hz,white,0.09351851851851851,0.1,378,192,
engert_20221001_fish1_magneto_0,zebrafish 0.1 Hz,real,0.0962962962962963,0.1,378,202,
engert_20221001_fish1_magneto_0,zebrafish 0.1 Hz,detrended + envelope-normalised,0.0962962962962963,0.1,378,193,
engert_20221001_fish1_magneto_0,zebrafish 0.1 Hz,white,0.0962962962962963,0.1,378,162,
engert_20221001_fish1_magneto_0,zebrafish 0.1 Hz,real,0.1,0.1,378,195,
engert_20221001_fish1_magneto_0,zebrafish 0.1 Hz,detrended + envelope-normalised,0.1,0.1,378,189,
engert_20221001_fish1_magneto_0,zebrafish 0.1 Hz,white,0.1,0.1,378,188,
engert_20221001_fish1_magneto_0,zebrafish 0.1 Hz,real,0.10277777777777777,0.1,378,194,
engert_20221001_fish1_magneto_0,zebrafish 0.1 Hz,detrended + envelope-normalised,0.10277777777777777,0.1,378,187,
engert_20221001_fish1_magneto_0,zebrafish 0.1 Hz,white,0.10277777777777777,0.1,378,192,
engert_20221001_fish1_magneto_0,zebrafish 0.1 Hz,real,0.10648148148148148,0.1,378,213,
engert_20221001_fish1_magneto_0,zebrafish 0.1 Hz,detrended + envelope-normalised,0.10648148148148148,0.1,378,180,
engert_20221001_fish1_magneto_0,zebrafish 0.1 Hz,white,0.10648148148148148,0.1,378,183,
engert_20221001_fish1_magneto_0,zebrafish 0.1 Hz,real,0.11018518518518519,0.1,378,203,
engert_20221001_fish1_magneto_0,zebrafish 0.1 Hz,detrended + envelope-normalised,0.11018518518518519,0.1,378,194,
engert_20221001_fish1_magneto_0,zebrafish 0.1 Hz,white,0.11018518518518519,0.1,378,181,
engert_20221001_fish1_magneto_0,zebrafish 0.1 Hz,real,0.11388888888888889,0.1,378,200,
engert_20221001_fish1_magneto_0,zebrafish 0.1 Hz,detrended + envelope-normalised,0.11388888888888889,0.1,378,196,
engert_20221001_fish1_magneto_0,zebrafish 0.1 Hz,white,0.11388888888888889,0.1,378,205,
engert_20221001_fish1_magneto_0,zebrafish 0.1 Hz,real,0.1175925925925926,0.1,378,224,
engert_20221001_fish1_magneto_0,zebrafish 0.1 Hz,detrended + envelope-normalised,0.1175925925925926,0.1,378,208,
engert_20221001_fish1_magneto_0,zebrafish 0.1 Hz,white,0.1175925925925926,0.1,378,205,
engert_20221001_fish1_magneto_0,zebrafish 0.1 Hz,real,0.12129629629629629,0.1,378,214,
engert_20221001_fish1_magneto_0,zebrafish 0.1 Hz,detrended + envelope-normalised,0.12129629629629629,0.1,378,196,
engert_20221001_fish1_magneto_0,zebrafish 0.1 Hz,white,0.12129629629629629,0.1,378,188,
engert_20221001_fish1_magneto_0,zebrafish 0.1 Hz,real,0.125,0.1,378,196,
engert_20221001_fish1_magneto_0,zebrafish 0.1 Hz,detrended + envelope-normalised,0.125,0.1,378,208,
engert_20221001_fish1_magneto_0,zebrafish 0.1 Hz,white,0.125,0.1,378,208,
engert_20221001_fish1_magneto_0,zebrafish 0.1 Hz,real,0.1287037037037037,0.1,378,218,
engert_20221001_fish1_magneto_0,zebrafish 0.1 Hz,detrended + envelope-normalised,0.1287037037037037,0.1,378,199,
engert_20221001_fish1_magneto_0,zebrafish 0.1 Hz,white,0.1287037037037037,0.1,378,197,
engert_20221001_fish1_magneto_0,zebrafish 0.1 Hz,real,0.13333333333333333,0.1,378,204,
engert_20221001_fish1_magneto_0,zebrafish 0.1 Hz,detrended + envelope-normalised,0.13333333333333333,0.1,378,194,
engert_20221001_fish1_magneto_0,zebrafish 0.1 Hz,white,0.13333333333333333,0.1,378,184,
engert_20221001_fish1_magneto_0,zebrafish 0.1 Hz,real,0.13796296296296295,0.1,378,210,
engert_20221001_fish1_magneto_0,zebrafish 0.1 Hz,detrended + envelope-normalised,0.13796296296296295,0.1,378,198,
engert_20221001_fish1_magneto_0,zebrafish 0.1 Hz,white,0.13796296296296295,0.1,378,185,
engert_20221001_fish1_magneto_0,zebrafish 0.1 Hz,real,0.1425925925925926,0.1,378,191,
engert_20221001_fish1_magneto_0,zebrafish 0.1 Hz,detrended + envelope-normalised,0.1425925925925926,0.1,378,190,
engert_20221001_fish1_magneto_0,zebrafish 0.1 Hz,white,0.1425925925925926,0.1,378,192,
engert_20221001_fish1_magneto_0,zebrafish 0.1 Hz,real,0.14722222222222223,0.1,378,197,
engert_20221001_fish1_magneto_0,zebrafish 0.1 Hz,detrended + envelope-normalised,0.14722222222222223,0.1,378,196,
engert_20221001_fish1_magneto_0,zebrafish 0.1 Hz,white,0.14722222222222223,0.1,378,180,
engert_20221001_fish1_magneto_0,zebrafish 0.1 Hz,real,0.15185185185185185,0.1,378,203,
engert_20221001_fish1_magneto_0,zebrafish 0.1 Hz,detrended + envelope-normalised,0.15185185185185185,0.1,378,218,
engert_20221001_fish1_magneto_0,zebrafish 0.1 Hz,white,0.15185185185185185,0.1,378,179,
engert_20221001_fish1_magneto_0,zebrafish 0.1 Hz,real,0.15648148148148147,0.1,378,222,
engert_20221001_fish1_magneto_0,zebrafish 0.1 Hz,detrended + envelope-normalised,0.15648148148148147,0.1,378,216,
engert_20221001_fish1_magneto_0,zebrafish 0.1 Hz,white,0.15648148148148147,0.1,378,210,
engert_20221001_fish1_magneto_0,zebrafish 0.1 Hz,real,0.16203703703703703,0.1,378,213,
engert_20221001_fish1_magneto_0,zebrafish 0.1 Hz,detrended + envelope-normalised,0.16203703703703703,0.1,378,201,
engert_20221001_fish1_magneto_0,zebrafish 0.1 Hz,white,0.16203703703703703,0.1,378,185,
engert_20221001_fish1_magneto_0,zebrafish 0.1 Hz,real,0.16666666666666666,0.1,378,229,
engert_20221001_fish1_magneto_0,zebrafish 0.1 Hz,detrended + envelope-normalised,0.16666666666666666,0.1,378,217,
engert_20221001_fish1_magneto_0,zebrafish 0.1 Hz,white,0.16666666666666666,0.1,378,199,
engert_20221001_fish1_magneto_0,zebrafish 0.1 Hz,real,0.17222222222222222,0.1,378,217,
engert_20221001_fish1_magneto_0,zebrafish 0.1 Hz,detrended + envelope-normalised,0.17222222222222222,0.1,378,191,
engert_20221001_fish1_magneto_0,zebrafish 0.1 Hz,white,0.17222222222222222,0.1,378,185,
engert_20221001_fish1_magneto_0,zebrafish 0.1 Hz,real,0.17777777777777778,0.1,378,205,
engert_20221001_fish1_magneto_0,zebrafish 0.1 Hz,detrended + envelope-normalised,0.17777777777777778,0.1,378,208,
engert_20221001_fish1_magneto_0,zebrafish 0.1 Hz,white,0.17777777777777778,0.1,378,202,
engert_20221001_fish1_magneto_0,zebrafish 0.1 Hz,real,0.18425925925925926,0.1,378,201,
engert_20221001_fish1_magneto_0,zebrafish 0.1 Hz,detrended + envelope-normalised,0.18425925925925926,0.1,378,211,
engert_20221001_fish1_magneto_0,zebrafish 0.1 Hz,white,0.18425925925925926,0.1,378,194,
engert_20221001_fish1_magneto_0,zebrafish 0.1 Hz,real,0.18981481481481483,0.1,378,204,
engert_20221001_fish1_magneto_0,zebrafish 0.1 Hz,detrended + envelope-normalised,0.18981481481481483,0.1,378,224,
engert_20221001_fish1_magneto_0,zebrafish 0.1 Hz,white,0.18981481481481483,0.1,378,189,
engert_20221001_fish1_magneto_0,zebrafish 0.1 Hz,real,0.1962962962962963,0.1,378,199,
engert_20221001_fish1_magneto_0,zebrafish 0.1 Hz,detrended + envelope-normalised,0.1962962962962963,0.1,378,207,
engert_20221001_fish1_magneto_0,zebrafish 0.1 Hz,white,0.1962962962962963,0.1,378,194,
engert_20221001_fish1_magneto_0,zebrafish 0.1 Hz,real,0.20277777777777778,0.1,378,214,
engert_20221001_fish1_magneto_0,zebrafish 0.1 Hz,detrended + envelope-normalised,0.20277777777777778,0.1,378,212,
engert_20221001_fish1_magneto_0,zebrafish 0.1 Hz,white,0.20277777777777778,0.1,378,177,
engert_20221001_fish1_magneto_0,zebrafish 0.1 Hz,real,0.20925925925925926,0.1,378,201,
engert_20221001_fish1_magneto_0,zebrafish 0.1 Hz,detrended + envelope-normalised,0.20925925925925926,0.1,378,178,
engert_20221001_fish1_magneto_0,zebrafish 0.1 Hz,white,0.20925925925925926,0.1,378,178,
engert_20221001_fish1_magneto_0,zebrafish 0.1 Hz,real,0.21666666666666667,0.1,378,184,
engert_20221001_fish1_magneto_0,zebrafish 0.1 Hz,detrended + envelope-normalised,0.21666666666666667,0.1,378,190,
engert_20221001_fish1_magneto_0,zebrafish 0.1 Hz,white,0.21666666666666667,0.1,378,175,
engert_20221001_fish1_magneto_0,zebrafish 0.1 Hz,real,0.22314814814814815,0.1,378,201,
engert_20221001_fish1_magneto_0,zebrafish 0.1 Hz,detrended + envelope-normalised,0.22314814814814815,0.1,378,193,
engert_20221001_fish1_magneto_0,zebrafish 0.1 Hz,white,0.22314814814814815,0.1,378,195,
engert_20221001_fish1_magneto_0,zebrafish 0.1 Hz,real,0.23055555555555557,0.1,378,204,
engert_20221001_fish1_magneto_0,zebrafish 0.1 Hz,detrended + envelope-normalised,0.23055555555555557,0.1,378,200,
engert_20221001_fish1_magneto_0,zebrafish 0.1 Hz,white,0.23055555555555557,0.1,378,195,
engert_20221001_fish1_magneto_0,zebrafish 0.1 Hz,real,0.23796296296296296,0.1,378,210,
engert_20221001_fish1_magneto_0,zebrafish 0.1 Hz,detrended + envelope-normalised,0.23796296296296296,0.1,378,208,
engert_20221001_fish1_magneto_0,zebrafish 0.1 Hz,white,0.23796296296296296,0.1,378,182,
engert_20221001_fish1_magneto_0,zebrafish 0.1 Hz,real,0.2462962962962963,0.1,378,205,
engert_20221001_fish1_magneto_0,zebrafish 0.1 Hz,detrended + envelope-normalised,0.2462962962962963,0.1,378,201,
engert_20221001_fish1_magneto_0,zebrafish 0.1 Hz,white,0.2462962962962963,0.1,378,190,
engert_20221001_fish1_magneto_0,zebrafish 0.1 Hz,real,0.2537037037037037,0.1,378,203,
engert_20221001_fish1_magneto_0,zebrafish 0.1 Hz,detrended + envelope-normalised,0.2537037037037037,0.1,378,213,
engert_20221001_fish1_magneto_0,zebrafish 0.1 Hz,white,0.2537037037037037,0.1,378,195,
engert_20221001_fish1_magneto_0,zebrafish 0.1 Hz,real,0.262037037037037,0.1,378,195,
engert_20221001_fish1_magneto_0,zebrafish 0.1 Hz,detrended + envelope-normalised,0.262037037037037,0.1,378,190,
engert_20221001_fish1_magneto_0,zebrafish 0.1 Hz,white,0.262037037037037,0.1,378,188,
engert_20221001_fish1_magneto_0,zebrafish 0.1 Hz,real,0.2712962962962963,0.1,378,195,
engert_20221001_fish1_magneto_0,zebrafish 0.1 Hz,detrended + envelope-normalised,0.2712962962962963,0.1,378,193,
engert_20221001_fish1_magneto_0,zebrafish 0.1 Hz,white,0.2712962962962963,0.1,378,185,
engert_20221001_fish1_magneto_0,zebrafish 0.1 Hz,real,0.2796296296296296,0.1,378,213,
engert_20221001_fish1_magneto_0,zebrafish 0.1 Hz,detrended + envelope-normalised,0.2796296296296296,0.1,378,197,
engert_20221001_fish1_magneto_0,zebrafish 0.1 Hz,white,0.2796296296296296,0.1,378,190,
engert_20221001_fish1_magneto_0,zebrafish 0.1 Hz,real,0.28888888888888886,0.1,378,202,
engert_20221001_fish1_magneto_0,zebrafish 0.1 Hz,detrended + envelope-normalised,0.28888888888888886,0.1,378,205,
engert_20221001_fish1_magneto_0,zebrafish 0.1 Hz,white,0.28888888888888886,0.1,378,206,
engert_20221001_fish1_magneto_0,zebrafish 0.1 Hz,real,0.29814814814814816,0.1,378,197,
engert_20221001_fish1_magneto_0,zebrafish 0.1 Hz,detrended + envelope-normalised,0.29814814814814816,0.1,378,221,
engert_20221001_fish1_magneto_0,zebrafish 0.1 Hz,white,0.29814814814814816,0.1,378,182,
engert_20221001_fish1_magneto_0,zebrafish 0.1 Hz,real,0.30833333333333335,0.1,378,216,
engert_20221001_fish1_magneto_0,zebrafish 0.1 Hz,detrended + envelope-normalised,0.30833333333333335,0.1,378,211,
engert_20221001_fish1_magneto_0,zebrafish 0.1 Hz,white,0.30833333333333335,0.1,378,205,
engert_20221001_fish1_magneto_0,zebrafish 0.1 Hz,real,0.31851851851851853,0.1,378,187,
engert_20221001_fish1_magneto_0,zebrafish 0.1 Hz,detrended + envelope-normalised,0.31851851851851853,0.1,378,185,
engert_20221001_fish1_magneto_0,zebrafish 0.1 Hz,white,0.31851851851851853,0.1,378,203,
engert_20221001_fish1_magneto_0,zebrafish 0.1 Hz,real,0.3287037037037037,0.1,378,201,
engert_20221001_fish1_magneto_0,zebrafish 0.1 Hz,detrended + envelope-normalised,0.3287037037037037,0.1,378,197,
engert_20221001_fish1_magneto_0,zebrafish 0.1 Hz,white,0.3287037037037037,0.1,378,202,
engert_20221001_fish1_magneto_0,zebrafish 0.1 Hz,real,0.3388888888888889,0.1,378,206,
engert_20221001_fish1_magneto_0,zebrafish 0.1 Hz,detrended + envelope-normalised,0.3388888888888889,0.1,378,195,
engert_20221001_fish1_magneto_0,zebrafish 0.1 Hz,white,0.3388888888888889,0.1,378,177,
engert_20221001_fish1_magneto_0,zebrafish 0.1 Hz,real,0.35,0.1,378,205,
engert_20221001_fish1_magneto_0,zebrafish 0.1 Hz,detrended + envelope-normalised,0.35,0.1,378,184,
engert_20221001_fish1_magneto_0,zebrafish 0.1 Hz,white,0.35,0.1,378,194,
engert_20221001_fish1_magneto_0,zebrafish 0.1 Hz,real,0.36203703703703705,0.1,378,224,
engert_20221001_fish1_magneto_0,zebrafish 0.1 Hz,detrended + envelope-normalised,0.36203703703703705,0.1,378,203,
engert_20221001_fish1_magneto_0,zebrafish 0.1 Hz,white,0.36203703703703705,0.1,378,176,
engert_20221001_fish1_magneto_0,zebrafish 0.1 Hz,real,0.37407407407407406,0.1,378,215,
engert_20221001_fish1_magneto_0,zebrafish 0.1 Hz,detrended + envelope-normalised,0.37407407407407406,0.1,378,201,
engert_20221001_fish1_magneto_0,zebrafish 0.1 Hz,white,0.37407407407407406,0.1,378,189,
engert_20221001_fish1_magneto_0,zebrafish 0.1 Hz,real,0.3861111111111111,0.1,378,206,
engert_20221001_fish1_magneto_0,zebrafish 0.1 Hz,detrended + envelope-normalised,0.3861111111111111,0.1,378,200,
engert_20221001_fish1_magneto_0,zebrafish 0.1 Hz,white,0.3861111111111111,0.1,378,199,
engert_20221001_fish1_magneto_0,zebrafish 0.1 Hz,real,0.39814814814814814,0.1,378,203,
engert_20221001_fish1_magneto_0,zebrafish 0.1 Hz,detrended + envelope-normalised,0.39814814814814814,0.1,378,213,
engert_20221001_fish1_magneto_0,zebrafish 0.1 Hz,white,0.39814814814814814,0.1,378,194,
engert_20221001_fish1_magneto_0,zebrafish 0.1 Hz,real,0.4111111111111111,0.1,378,209,
engert_20221001_fish1_magneto_0,zebrafish 0.1 Hz,detrended + envelope-normalised,0.4111111111111111,0.1,378,194,
engert_20221001_fish1_magneto_0,zebrafish 0.1 Hz,white,0.4111111111111111,0.1,378,203,
engert_20221001_fish1_magneto_0,zebrafish 0.1 Hz,real,0.425,0.1,378,202,
engert_20221001_fish1_magneto_0,zebrafish 0.1 Hz,detrended + envelope-normalised,0.425,0.1,378,199,
engert_20221001_fish1_magneto_0,zebrafish 0.1 Hz,white,0.425,0.1,378,175,
engert_20221001_fish1_magneto_0,zebrafish 0.1 Hz,real,0.4388888888888889,0.1,378,209,
engert_20221001_fish1_magneto_0,zebrafish 0.1 Hz,detrended + envelope-normalised,0.4388888888888889,0.1,378,202,
engert_20221001_fish1_magneto_0,zebrafish 0.1 Hz,white,0.4388888888888889,0.1,378,182,
engert_20221001_fish1_magneto_0,zebrafish 0.1 Hz,real,0.4527777777777778,0.1,378,208,
engert_20221001_fish1_magneto_0,zebrafish 0.1 Hz,detrended + envelope-normalised,0.4527777777777778,0.1,378,195,
engert_20221001_fish1_magneto_0,zebrafish 0.1 Hz,white,0.4527777777777778,0.1,378,189,
engert_20221001_fish1_magneto_0,zebrafish 0.1 Hz,real,0.4685185185185185,0.1,378,206,
engert_20221001_fish1_magneto_0,zebrafish 0.1 Hz,detrended + envelope-normalised,0.4685185185185185,0.1,378,197,
engert_20221001_fish1_magneto_0,zebrafish 0.1 Hz,white,0.4685185185185185,0.1,378,201,
engert_20221001_fish1_magneto_0,zebrafish 0.1 Hz,near stimulus,0.07222222222222222,0.1,378,211,-30.0
engert_20221001_fish1_magneto_0,zebrafish 0.1 Hz,near stimulus,0.07314814814814814,0.1,378,214,-29.0
engert_20221001_fish1_magneto_0,zebrafish 0.1 Hz,near stimulus,0.07407407407407407,0.1,378,217,-28.0
engert_20221001_fish1_magneto_0,zebrafish 0.1 Hz,near stimulus,0.075,0.1,378,211,-27.0
engert_20221001_fish1_magneto_0,zebrafish 0.1 Hz,near stimulus,0.07592592592592592,0.1,378,202,-26.0
engert_20221001_fish1_magneto_0,zebrafish 0.1 Hz,near stimulus,0.07685185185185185,0.1,378,200,-25.0
engert_20221001_fish1_magneto_0,zebrafish 0.1 Hz,near stimulus,0.07777777777777778,0.1,378,206,-24.0
engert_20221001_fish1_magneto_0,zebrafish 0.1 Hz,near stimulus,0.0787037037037037,0.1,378,211,-23.0
engert_20221001_fish1_magneto_0,zebrafish 0.1 Hz,near stimulus,0.07962962962962963,0.1,378,209,-22.0
engert_20221001_fish1_magneto_0,zebrafish 0.1 Hz,near stimulus,0.08055555555555556,0.1,378,206,-21.0
engert_20221001_fish1_magneto_0,zebrafish 0.1 Hz,near stimulus,0.08148148148148149,0.1,378,200,-20.0
engert_20221001_fish1_magneto_0,zebrafish 0.1 Hz,near stimulus,0.0824074074074074,0.1,378,210,-19.0
engert_20221001_fish1_magneto_0,zebrafish 0.1 Hz,near stimulus,0.08333333333333333,0.1,378,212,-18.0
engert_20221001_fish1_magneto_0,zebrafish 0.1 Hz,near stimulus,0.08425925925925926,0.1,378,211,-17.0
engert_20221001_fish1_magneto_0,zebrafish 0.1 Hz,near stimulus,0.08518518518518518,0.1,378,200,-16.0
engert_20221001_fish1_magneto_0,zebrafish 0.1 Hz,near stimulus,0.08611111111111111,0.1,378,216,-15.0
engert_20221001_fish1_magneto_0,zebrafish 0.1 Hz,near stimulus,0.08703703703703704,0.1,378,202,-14.0
engert_20221001_fish1_magneto_0,zebrafish 0.1 Hz,near stimulus,0.08796296296296297,0.1,378,231,-13.0
engert_20221001_fish1_magneto_0,zebrafish 0.1 Hz,near stimulus,0.08888888888888889,0.1,378,217,-12.0
engert_20221001_fish1_magneto_0,zebrafish 0.1 Hz,near stimulus,0.08981481481481482,0.1,378,209,-11.0
engert_20221001_fish1_magneto_0,zebrafish 0.1 Hz,near stimulus,0.09074074074074075,0.1,378,208,-10.0
engert_20221001_fish1_magneto_0,zebrafish 0.1 Hz,near stimulus,0.09166666666666666,0.1,378,210,-9.0
engert_20221001_fish1_magneto_0,zebrafish 0.1 Hz,near stimulus,0.09259259259259259,0.1,378,228,-8.0
engert_20221001_fish1_magneto_0,zebrafish 0.1 Hz,near stimulus,0.09351851851851851,0.1,378,211,-7.0
engert_20221001_fish1_magneto_0,zebrafish 0.1 Hz,near stimulus,0.09444444444444444,0.1,378,217,-6.0
engert_20221001_fish1_magneto_0,zebrafish 0.1 Hz,near stimulus,0.09537037037037037,0.1,378,228,-5.0
engert_20221001_fish1_magneto_0,zebrafish 0.1 Hz,near stimulus,0.0962962962962963,0.1,378,202,-4.0
engert_20221001_fish1_magneto_0,zebrafish 0.1 Hz,near stimulus,0.09722222222222222,0.1,378,199,-3.0
engert_20221001_fish1_magneto_0,zebrafish 0.1 Hz,near stimulus,0.09814814814814815,0.1,378,198,-2.0
engert_20221001_fish1_magneto_0,zebrafish 0.1 Hz,near stimulus,0.09907407407407408,0.1,378,199,-1.0
engert_20221001_fish1_magneto_0,zebrafish 0.1 Hz,near stimulus,0.1,0.1,378,195,0.0
engert_20221001_fish1_magneto_0,zebrafish 0.1 Hz,near stimulus,0.10092592592592593,0.1,378,196,1.0
engert_20221001_fish1_magneto_0,zebrafish 0.1 Hz,near stimulus,0.10185185185185185,0.1,378,201,2.0
engert_20221001_fish1_magneto_0,zebrafish 0.1 Hz,near stimulus,0.10277777777777777,0.1,378,194,3.0
engert_20221001_fish1_magneto_0,zebrafish 0.1 Hz,near stimulus,0.1037037037037037,0.1,378,205,4.0
engert_20221001_fish1_magneto_0,zebrafish 0.1 Hz,near stimulus,0.10462962962962963,0.1,378,202,5.0
engert_20221001_fish1_magneto_0,zebrafish 0.1 Hz,near stimulus,0.10555555555555556,0.1,378,209,6.0
engert_20221001_fish1_magneto_0,zebrafish 0.1 Hz,near stimulus,0.10648148148148148,0.1,378,213,7.0
engert_20221001_fish1_magneto_0,zebrafish 0.1 Hz,near stimulus,0.10740740740740741,0.1,378,201,8.0
engert_20221001_fish1_magneto_0,zebrafish 0.1 Hz,near stimulus,0.10833333333333334,0.1,378,214,9.0
engert_20221001_fish1_magneto_0,zebrafish 0.1 Hz,near stimulus,0.10925925925925926,0.1,378,200,10.0
engert_20221001_fish1_magneto_0,zebrafish 0.1 Hz,near stimulus,0.11018518518518519,0.1,378,203,11.0
engert_20221001_fish1_magneto_0,zebrafish 0.1 Hz,near stimulus,0.1111111111111111,0.1,378,211,12.0
engert_20221001_fish1_magneto_0,zebrafish 0.1 Hz,near stimulus,0.11203703703703703,0.1,378,212,13.0
engert_20221001_fish1_magneto_0,zebrafish 0.1 Hz,near stimulus,0.11296296296296296,0.1,378,198,14.0
engert_20221001_fish1_magneto_0,zebrafish 0.1 Hz,near stimulus,0.11388888888888889,0.1,378,200,15.0
engert_20221001_fish1_magneto_0,zebrafish 0.1 Hz,near stimulus,0.11481481481481481,0.1,378,205,16.0
engert_20221001_fish1_magneto_0,zebrafish 0.1 Hz,near stimulus,0.11574074074074074,0.1,378,207,17.0
engert_20221001_fish1_magneto_0,zebrafish 0.1 Hz,near stimulus,0.11666666666666667,0.1,378,199,18.0
engert_20221001_fish1_magneto_0,zebrafish 0.1 Hz,near stimulus,0.1175925925925926,0.1,378,224,19.0
engert_20221001_fish1_magneto_0,zebrafish 0.1 Hz,near stimulus,0.11851851851851852,0.1,378,207,20.0
engert_20221001_fish1_magneto_0,zebrafish 0.1 Hz,near stimulus,0.11944444444444445,0.1,378,221,21.0
engert_20221001_fish1_magneto_0,zebrafish 0.1 Hz,near stimulus,0.12037037037037036,0.1,378,203,22.0
engert_20221001_fish1_magneto_0,zebrafish 0.1 Hz,near stimulus,0.12129629629629629,0.1,378,214,23.0
engert_20221001_fish1_magneto_0,zebrafish 0.1 Hz,near stimulus,0.12222222222222222,0.1,378,190,24.0
engert_20221001_fish1_magneto_0,zebrafish 0.1 Hz,near stimulus,0.12314814814814815,0.1,378,185,25.0
engert_20221001_fish1_magneto_0,zebrafish 0.1 Hz,near stimulus,0.12407407407407407,0.1,378,204,26.0
engert_20221001_fish1_magneto_0,zebrafish 0.1 Hz,near stimulus,0.125,0.1,378,196,27.0
engert_20221001_fish1_magneto_0,zebrafish 0.1 Hz,near stimulus,0.1259259259259259,0.1,378,196,28.0
engert_20221001_fish1_magneto_0,zebrafish 0.1 Hz,near stimulus,0.12685185185185185,0.1,378,197,29.0
engert_20221001_fish1_magneto_0,zebrafish 0.1 Hz,near stimulus,0.12777777777777777,0.1,378,205,30.0
engert_20221001_fish1_magneto_1,zebrafish 0.1 Hz,real,0.07037037037037037,0.1,424,251,
engert_20221001_fish1_magneto_1,zebrafish 0.1 Hz,detrended + envelope-normalised,0.07037037037037037,0.1,424,211,
engert_20221001_fish1_magneto_1,zebrafish 0.1 Hz,white,0.07037037037037037,0.1,424,199,
engert_20221001_fish1_magneto_1,zebrafish 0.1 Hz,real,0.07222222222222222,0.1,424,232,
engert_20221001_fish1_magneto_1,zebrafish 0.1 Hz,detrended + envelope-normalised,0.07222222222222222,0.1,424,204,
engert_20221001_fish1_magneto_1,zebrafish 0.1 Hz,white,0.07222222222222222,0.1,424,211,
engert_20221001_fish1_magneto_1,zebrafish 0.1 Hz,real,0.075,0.1,424,219,
engert_20221001_fish1_magneto_1,zebrafish 0.1 Hz,detrended + envelope-normalised,0.075,0.1,424,192,
engert_20221001_fish1_magneto_1,zebrafish 0.1 Hz,white,0.075,0.1,424,217,
engert_20221001_fish1_magneto_1,zebrafish 0.1 Hz,real,0.07685185185185185,0.1,424,220,
engert_20221001_fish1_magneto_1,zebrafish 0.1 Hz,detrended + envelope-normalised,0.07685185185185185,0.1,424,191,
engert_20221001_fish1_magneto_1,zebrafish 0.1 Hz,white,0.07685185185185185,0.1,424,226,
engert_20221001_fish1_magneto_1,zebrafish 0.1 Hz,real,0.07962962962962963,0.1,424,219,
engert_20221001_fish1_magneto_1,zebrafish 0.1 Hz,detrended + envelope-normalised,0.07962962962962963,0.1,424,194,
engert_20221001_fish1_magneto_1,zebrafish 0.1 Hz,white,0.07962962962962963,0.1,424,200,
engert_20221001_fish1_magneto_1,zebrafish 0.1 Hz,real,0.0824074074074074,0.1,424,264,
engert_20221001_fish1_magneto_1,zebrafish 0.1 Hz,detrended + envelope-normalised,0.0824074074074074,0.1,424,233,
engert_20221001_fish1_magneto_1,zebrafish 0.1 Hz,white,0.0824074074074074,0.1,424,211,
engert_20221001_fish1_magneto_1,zebrafish 0.1 Hz,real,0.08518518518518518,0.1,424,244,
engert_20221001_fish1_magneto_1,zebrafish 0.1 Hz,detrended + envelope-normalised,0.08518518518518518,0.1,424,222,
engert_20221001_fish1_magneto_1,zebrafish 0.1 Hz,white,0.08518518518518518,0.1,424,206,
engert_20221001_fish1_magneto_1,zebrafish 0.1 Hz,real,0.08796296296296297,0.1,424,221,
engert_20221001_fish1_magneto_1,zebrafish 0.1 Hz,detrended + envelope-normalised,0.08796296296296297,0.1,424,223,
engert_20221001_fish1_magneto_1,zebrafish 0.1 Hz,white,0.08796296296296297,0.1,424,217,
engert_20221001_fish1_magneto_1,zebrafish 0.1 Hz,real,0.09074074074074075,0.1,424,235,
engert_20221001_fish1_magneto_1,zebrafish 0.1 Hz,detrended + envelope-normalised,0.09074074074074075,0.1,424,235,
engert_20221001_fish1_magneto_1,zebrafish 0.1 Hz,white,0.09074074074074075,0.1,424,214,
engert_20221001_fish1_magneto_1,zebrafish 0.1 Hz,real,0.09351851851851851,0.1,424,230,
engert_20221001_fish1_magneto_1,zebrafish 0.1 Hz,detrended + envelope-normalised,0.09351851851851851,0.1,424,219,
engert_20221001_fish1_magneto_1,zebrafish 0.1 Hz,white,0.09351851851851851,0.1,424,213,
engert_20221001_fish1_magneto_1,zebrafish 0.1 Hz,real,0.0962962962962963,0.1,424,233,
engert_20221001_fish1_magneto_1,zebrafish 0.1 Hz,detrended + envelope-normalised,0.0962962962962963,0.1,424,233,
engert_20221001_fish1_magneto_1,zebrafish 0.1 Hz,white,0.0962962962962963,0.1,424,230,
engert_20221001_fish1_magneto_1,zebrafish 0.1 Hz,real,0.1,0.1,424,246,
engert_20221001_fish1_magneto_1,zebrafish 0.1 Hz,detrended + envelope-normalised,0.1,0.1,424,231,
engert_20221001_fish1_magneto_1,zebrafish 0.1 Hz,white,0.1,0.1,424,216,
engert_20221001_fish1_magneto_1,zebrafish 0.1 Hz,real,0.10277777777777777,0.1,424,237,
engert_20221001_fish1_magneto_1,zebrafish 0.1 Hz,detrended + envelope-normalised,0.10277777777777777,0.1,424,204,
engert_20221001_fish1_magneto_1,zebrafish 0.1 Hz,white,0.10277777777777777,0.1,424,229,
engert_20221001_fish1_magneto_1,zebrafish 0.1 Hz,real,0.10648148148148148,0.1,424,229,
engert_20221001_fish1_magneto_1,zebrafish 0.1 Hz,detrended + envelope-normalised,0.10648148148148148,0.1,424,219,
engert_20221001_fish1_magneto_1,zebrafish 0.1 Hz,white,0.10648148148148148,0.1,424,221,
engert_20221001_fish1_magneto_1,zebrafish 0.1 Hz,real,0.11018518518518519,0.1,424,234,
engert_20221001_fish1_magneto_1,zebrafish 0.1 Hz,detrended + envelope-normalised,0.11018518518518519,0.1,424,220,
engert_20221001_fish1_magneto_1,zebrafish 0.1 Hz,white,0.11018518518518519,0.1,424,235,
engert_20221001_fish1_magneto_1,zebrafish 0.1 Hz,real,0.11388888888888889,0.1,424,205,
engert_20221001_fish1_magneto_1,zebrafish 0.1 Hz,detrended + envelope-normalised,0.11388888888888889,0.1,424,213,
engert_20221001_fish1_magneto_1,zebrafish 0.1 Hz,white,0.11388888888888889,0.1,424,205,
engert_20221001_fish1_magneto_1,zebrafish 0.1 Hz,real,0.1175925925925926,0.1,424,230,
engert_20221001_fish1_magneto_1,zebrafish 0.1 Hz,detrended + envelope-normalised,0.1175925925925926,0.1,424,231,
engert_20221001_fish1_magneto_1,zebrafish 0.1 Hz,white,0.1175925925925926,0.1,424,211,
engert_20221001_fish1_magneto_1,zebrafish 0.1 Hz,real,0.12129629629629629,0.1,424,237,
engert_20221001_fish1_magneto_1,zebrafish 0.1 Hz,detrended + envelope-normalised,0.12129629629629629,0.1,424,208,
engert_20221001_fish1_magneto_1,zebrafish 0.1 Hz,white,0.12129629629629629,0.1,424,213,
engert_20221001_fish1_magneto_1,zebrafish 0.1 Hz,real,0.125,0.1,424,240,
engert_20221001_fish1_magneto_1,zebrafish 0.1 Hz,detrended + envelope-normalised,0.125,0.1,424,230,
engert_20221001_fish1_magneto_1,zebrafish 0.1 Hz,white,0.125,0.1,424,209,
engert_20221001_fish1_magneto_1,zebrafish 0.1 Hz,real,0.1287037037037037,0.1,424,238,
engert_20221001_fish1_magneto_1,zebrafish 0.1 Hz,detrended + envelope-normalised,0.1287037037037037,0.1,424,237,
engert_20221001_fish1_magneto_1,zebrafish 0.1 Hz,white,0.1287037037037037,0.1,424,201,
engert_20221001_fish1_magneto_1,zebrafish 0.1 Hz,real,0.13333333333333333,0.1,424,239,
engert_20221001_fish1_magneto_1,zebrafish 0.1 Hz,detrended + envelope-normalised,0.13333333333333333,0.1,424,221,
engert_20221001_fish1_magneto_1,zebrafish 0.1 Hz,white,0.13333333333333333,0.1,424,209,
engert_20221001_fish1_magneto_1,zebrafish 0.1 Hz,real,0.13796296296296295,0.1,424,224,
engert_20221001_fish1_magneto_1,zebrafish 0.1 Hz,detrended + envelope-normalised,0.13796296296296295,0.1,424,203,
engert_20221001_fish1_magneto_1,zebrafish 0.1 Hz,white,0.13796296296296295,0.1,424,211,
engert_20221001_fish1_magneto_1,zebrafish 0.1 Hz,real,0.1425925925925926,0.1,424,220,
engert_20221001_fish1_magneto_1,zebrafish 0.1 Hz,detrended + envelope-normalised,0.1425925925925926,0.1,424,211,
engert_20221001_fish1_magneto_1,zebrafish 0.1 Hz,white,0.1425925925925926,0.1,424,214,
engert_20221001_fish1_magneto_1,zebrafish 0.1 Hz,real,0.14722222222222223,0.1,424,260,
engert_20221001_fish1_magneto_1,zebrafish 0.1 Hz,detrended + envelope-normalised,0.14722222222222223,0.1,424,254,
engert_20221001_fish1_magneto_1,zebrafish 0.1 Hz,white,0.14722222222222223,0.1,424,221,
engert_20221001_fish1_magneto_1,zebrafish 0.1 Hz,real,0.15185185185185185,0.1,424,236,
engert_20221001_fish1_magneto_1,zebrafish 0.1 Hz,detrended + envelope-normalised,0.15185185185185185,0.1,424,227,
engert_20221001_fish1_magneto_1,zebrafish 0.1 Hz,white,0.15185185185185185,0.1,424,204,
engert_20221001_fish1_magneto_1,zebrafish 0.1 Hz,real,0.15648148148148147,0.1,424,233,
engert_20221001_fish1_magneto_1,zebrafish 0.1 Hz,detrended + envelope-normalised,0.15648148148148147,0.1,424,224,
engert_20221001_fish1_magneto_1,zebrafish 0.1 Hz,white,0.15648148148148147,0.1,424,222,
engert_20221001_fish1_magneto_1,zebrafish 0.1 Hz,real,0.16203703703703703,0.1,424,207,
engert_20221001_fish1_magneto_1,zebrafish 0.1 Hz,detrended + envelope-normalised,0.16203703703703703,0.1,424,196,
engert_20221001_fish1_magneto_1,zebrafish 0.1 Hz,white,0.16203703703703703,0.1,424,187,
engert_20221001_fish1_magneto_1,zebrafish 0.1 Hz,real,0.16666666666666666,0.1,424,217,
engert_20221001_fish1_magneto_1,zebrafish 0.1 Hz,detrended + envelope-normalised,0.16666666666666666,0.1,424,212,
engert_20221001_fish1_magneto_1,zebrafish 0.1 Hz,white,0.16666666666666666,0.1,424,207,
engert_20221001_fish1_magneto_1,zebrafish 0.1 Hz,real,0.17222222222222222,0.1,424,238,
engert_20221001_fish1_magneto_1,zebrafish 0.1 Hz,detrended + envelope-normalised,0.17222222222222222,0.1,424,229,
engert_20221001_fish1_magneto_1,zebrafish 0.1 Hz,white,0.17222222222222222,0.1,424,205,
engert_20221001_fish1_magneto_1,zebrafish 0.1 Hz,real,0.17777777777777778,0.1,424,232,
engert_20221001_fish1_magneto_1,zebrafish 0.1 Hz,detrended + envelope-normalised,0.17777777777777778,0.1,424,207,
engert_20221001_fish1_magneto_1,zebrafish 0.1 Hz,white,0.17777777777777778,0.1,424,218,
engert_20221001_fish1_magneto_1,zebrafish 0.1 Hz,real,0.18425925925925926,0.1,424,224,
engert_20221001_fish1_magneto_1,zebrafish 0.1 Hz,detrended + envelope-normalised,0.18425925925925926,0.1,424,213,
engert_20221001_fish1_magneto_1,zebrafish 0.1 Hz,white,0.18425925925925926,0.1,424,204,
engert_20221001_fish1_magneto_1,zebrafish 0.1 Hz,real,0.18981481481481483,0.1,424,239,
engert_20221001_fish1_magneto_1,zebrafish 0.1 Hz,detrended + envelope-normalised,0.18981481481481483,0.1,424,243,
engert_20221001_fish1_magneto_1,zebrafish 0.1 Hz,white,0.18981481481481483,0.1,424,209,
engert_20221001_fish1_magneto_1,zebrafish 0.1 Hz,real,0.1962962962962963,0.1,424,242,
engert_20221001_fish1_magneto_1,zebrafish 0.1 Hz,detrended + envelope-normalised,0.1962962962962963,0.1,424,235,
engert_20221001_fish1_magneto_1,zebrafish 0.1 Hz,white,0.1962962962962963,0.1,424,228,
engert_20221001_fish1_magneto_1,zebrafish 0.1 Hz,real,0.20277777777777778,0.1,424,241,
engert_20221001_fish1_magneto_1,zebrafish 0.1 Hz,detrended + envelope-normalised,0.20277777777777778,0.1,424,229,
engert_20221001_fish1_magneto_1,zebrafish 0.1 Hz,white,0.20277777777777778,0.1,424,218,
engert_20221001_fish1_magneto_1,zebrafish 0.1 Hz,real,0.20925925925925926,0.1,424,229,
engert_20221001_fish1_magneto_1,zebrafish 0.1 Hz,detrended + envelope-normalised,0.20925925925925926,0.1,424,224,
engert_20221001_fish1_magneto_1,zebrafish 0.1 Hz,white,0.20925925925925926,0.1,424,218,
engert_20221001_fish1_magneto_1,zebrafish 0.1 Hz,real,0.21666666666666667,0.1,424,244,
engert_20221001_fish1_magneto_1,zebrafish 0.1 Hz,detrended + envelope-normalised,0.21666666666666667,0.1,424,230,
engert_20221001_fish1_magneto_1,zebrafish 0.1 Hz,white,0.21666666666666667,0.1,424,218,
engert_20221001_fish1_magneto_1,zebrafish 0.1 Hz,real,0.22314814814814815,0.1,424,237,
engert_20221001_fish1_magneto_1,zebrafish 0.1 Hz,detrended + envelope-normalised,0.22314814814814815,0.1,424,215,
engert_20221001_fish1_magneto_1,zebrafish 0.1 Hz,white,0.22314814814814815,0.1,424,215,
engert_20221001_fish1_magneto_1,zebrafish 0.1 Hz,real,0.23055555555555557,0.1,424,234,
engert_20221001_fish1_magneto_1,zebrafish 0.1 Hz,detrended + envelope-normalised,0.23055555555555557,0.1,424,212,
engert_20221001_fish1_magneto_1,zebrafish 0.1 Hz,white,0.23055555555555557,0.1,424,203,
engert_20221001_fish1_magneto_1,zebrafish 0.1 Hz,real,0.23796296296296296,0.1,424,227,
engert_20221001_fish1_magneto_1,zebrafish 0.1 Hz,detrended + envelope-normalised,0.23796296296296296,0.1,424,213,
engert_20221001_fish1_magneto_1,zebrafish 0.1 Hz,white,0.23796296296296296,0.1,424,217,
engert_20221001_fish1_magneto_1,zebrafish 0.1 Hz,real,0.2462962962962963,0.1,424,233,
engert_20221001_fish1_magneto_1,zebrafish 0.1 Hz,detrended + envelope-normalised,0.2462962962962963,0.1,424,206,
engert_20221001_fish1_magneto_1,zebrafish 0.1 Hz,white,0.2462962962962963,0.1,424,212,
engert_20221001_fish1_magneto_1,zebrafish 0.1 Hz,real,0.2537037037037037,0.1,424,224,
engert_20221001_fish1_magneto_1,zebrafish 0.1 Hz,detrended + envelope-normalised,0.2537037037037037,0.1,424,223,
engert_20221001_fish1_magneto_1,zebrafish 0.1 Hz,white,0.2537037037037037,0.1,424,202,
engert_20221001_fish1_magneto_1,zebrafish 0.1 Hz,real,0.262037037037037,0.1,424,241,
engert_20221001_fish1_magneto_1,zebrafish 0.1 Hz,detrended + envelope-normalised,0.262037037037037,0.1,424,226,
engert_20221001_fish1_magneto_1,zebrafish 0.1 Hz,white,0.262037037037037,0.1,424,203,
engert_20221001_fish1_magneto_1,zebrafish 0.1 Hz,real,0.2712962962962963,0.1,424,237,
engert_20221001_fish1_magneto_1,zebrafish 0.1 Hz,detrended + envelope-normalised,0.2712962962962963,0.1,424,212,
engert_20221001_fish1_magneto_1,zebrafish 0.1 Hz,white,0.2712962962962963,0.1,424,206,
engert_20221001_fish1_magneto_1,zebrafish 0.1 Hz,real,0.2796296296296296,0.1,424,217,
engert_20221001_fish1_magneto_1,zebrafish 0.1 Hz,detrended + envelope-normalised,0.2796296296296296,0.1,424,203,
engert_20221001_fish1_magneto_1,zebrafish 0.1 Hz,white,0.2796296296296296,0.1,424,213,
engert_20221001_fish1_magneto_1,zebrafish 0.1 Hz,real,0.28888888888888886,0.1,424,239,
engert_20221001_fish1_magneto_1,zebrafish 0.1 Hz,detrended + envelope-normalised,0.28888888888888886,0.1,424,228,
engert_20221001_fish1_magneto_1,zebrafish 0.1 Hz,white,0.28888888888888886,0.1,424,224,
engert_20221001_fish1_magneto_1,zebrafish 0.1 Hz,real,0.29814814814814816,0.1,424,239,
engert_20221001_fish1_magneto_1,zebrafish 0.1 Hz,detrended + envelope-normalised,0.29814814814814816,0.1,424,217,
engert_20221001_fish1_magneto_1,zebrafish 0.1 Hz,white,0.29814814814814816,0.1,424,214,
engert_20221001_fish1_magneto_1,zebrafish 0.1 Hz,real,0.30833333333333335,0.1,424,234,
engert_20221001_fish1_magneto_1,zebrafish 0.1 Hz,detrended + envelope-normalised,0.30833333333333335,0.1,424,223,
engert_20221001_fish1_magneto_1,zebrafish 0.1 Hz,white,0.30833333333333335,0.1,424,211,
engert_20221001_fish1_magneto_1,zebrafish 0.1 Hz,real,0.31851851851851853,0.1,424,236,
engert_20221001_fish1_magneto_1,zebrafish 0.1 Hz,detrended + envelope-normalised,0.31851851851851853,0.1,424,231,
engert_20221001_fish1_magneto_1,zebrafish 0.1 Hz,white,0.31851851851851853,0.1,424,228,
engert_20221001_fish1_magneto_1,zebrafish 0.1 Hz,real,0.3287037037037037,0.1,424,245,
engert_20221001_fish1_magneto_1,zebrafish 0.1 Hz,detrended + envelope-normalised,0.3287037037037037,0.1,424,229,
engert_20221001_fish1_magneto_1,zebrafish 0.1 Hz,white,0.3287037037037037,0.1,424,226,
engert_20221001_fish1_magneto_1,zebrafish 0.1 Hz,real,0.3388888888888889,0.1,424,240,
engert_20221001_fish1_magneto_1,zebrafish 0.1 Hz,detrended + envelope-normalised,0.3388888888888889,0.1,424,235,
engert_20221001_fish1_magneto_1,zebrafish 0.1 Hz,white,0.3388888888888889,0.1,424,217,
engert_20221001_fish1_magneto_1,zebrafish 0.1 Hz,real,0.35,0.1,424,234,
engert_20221001_fish1_magneto_1,zebrafish 0.1 Hz,detrended + envelope-normalised,0.35,0.1,424,214,
engert_20221001_fish1_magneto_1,zebrafish 0.1 Hz,white,0.35,0.1,424,199,
engert_20221001_fish1_magneto_1,zebrafish 0.1 Hz,real,0.36203703703703705,0.1,424,228,
engert_20221001_fish1_magneto_1,zebrafish 0.1 Hz,detrended + envelope-normalised,0.36203703703703705,0.1,424,227,
engert_20221001_fish1_magneto_1,zebrafish 0.1 Hz,white,0.36203703703703705,0.1,424,231,
engert_20221001_fish1_magneto_1,zebrafish 0.1 Hz,real,0.37407407407407406,0.1,424,230,
engert_20221001_fish1_magneto_1,zebrafish 0.1 Hz,detrended + envelope-normalised,0.37407407407407406,0.1,424,213,
engert_20221001_fish1_magneto_1,zebrafish 0.1 Hz,white,0.37407407407407406,0.1,424,216,
engert_20221001_fish1_magneto_1,zebrafish 0.1 Hz,real,0.3861111111111111,0.1,424,226,
engert_20221001_fish1_magneto_1,zebrafish 0.1 Hz,detrended + envelope-normalised,0.3861111111111111,0.1,424,221,
engert_20221001_fish1_magneto_1,zebrafish 0.1 Hz,white,0.3861111111111111,0.1,424,242,
engert_20221001_fish1_magneto_1,zebrafish 0.1 Hz,real,0.39814814814814814,0.1,424,227,
engert_20221001_fish1_magneto_1,zebrafish 0.1 Hz,detrended + envelope-normalised,0.39814814814814814,0.1,424,227,
engert_20221001_fish1_magneto_1,zebrafish 0.1 Hz,white,0.39814814814814814,0.1,424,214,
engert_20221001_fish1_magneto_1,zebrafish 0.1 Hz,real,0.4111111111111111,0.1,424,235,
engert_20221001_fish1_magneto_1,zebrafish 0.1 Hz,detrended + envelope-normalised,0.4111111111111111,0.1,424,225,
engert_20221001_fish1_magneto_1,zebrafish 0.1 Hz,white,0.4111111111111111,0.1,424,201,
engert_20221001_fish1_magneto_1,zebrafish 0.1 Hz,real,0.425,0.1,424,231,
engert_20221001_fish1_magneto_1,zebrafish 0.1 Hz,detrended + envelope-normalised,0.425,0.1,424,207,
engert_20221001_fish1_magneto_1,zebrafish 0.1 Hz,white,0.425,0.1,424,230,
engert_20221001_fish1_magneto_1,zebrafish 0.1 Hz,real,0.4388888888888889,0.1,424,228,
engert_20221001_fish1_magneto_1,zebrafish 0.1 Hz,detrended + envelope-normalised,0.4388888888888889,0.1,424,213,
engert_20221001_fish1_magneto_1,zebrafish 0.1 Hz,white,0.4388888888888889,0.1,424,220,
engert_20221001_fish1_magneto_1,zebrafish 0.1 Hz,real,0.4527777777777778,0.1,424,249,
engert_20221001_fish1_magneto_1,zebrafish 0.1 Hz,detrended + envelope-normalised,0.4527777777777778,0.1,424,230,
engert_20221001_fish1_magneto_1,zebrafish 0.1 Hz,white,0.4527777777777778,0.1,424,226,
engert_20221001_fish1_magneto_1,zebrafish 0.1 Hz,real,0.4685185185185185,0.1,424,242,
engert_20221001_fish1_magneto_1,zebrafish 0.1 Hz,detrended + envelope-normalised,0.4685185185185185,0.1,424,216,
engert_20221001_fish1_magneto_1,zebrafish 0.1 Hz,white,0.4685185185185185,0.1,424,229,
engert_20221001_fish1_magneto_1,zebrafish 0.1 Hz,near stimulus,0.07222222222222222,0.1,424,232,-30.0
engert_20221001_fish1_magneto_1,zebrafish 0.1 Hz,near stimulus,0.07314814814814814,0.1,424,210,-29.0
engert_20221001_fish1_magneto_1,zebrafish 0.1 Hz,near stimulus,0.07407407407407407,0.1,424,226,-28.0
engert_20221001_fish1_magneto_1,zebrafish 0.1 Hz,near stimulus,0.075,0.1,424,219,-27.0
engert_20221001_fish1_magneto_1,zebrafish 0.1 Hz,near stimulus,0.07592592592592592,0.1,424,217,-26.0
engert_20221001_fish1_magneto_1,zebrafish 0.1 Hz,near stimulus,0.07685185185185185,0.1,424,220,-25.0
engert_20221001_fish1_magneto_1,zebrafish 0.1 Hz,near stimulus,0.07777777777777778,0.1,424,219,-24.0
engert_20221001_fish1_magneto_1,zebrafish 0.1 Hz,near stimulus,0.0787037037037037,0.1,424,229,-23.0
engert_20221001_fish1_magneto_1,zebrafish 0.1 Hz,near stimulus,0.07962962962962963,0.1,424,219,-22.0
engert_20221001_fish1_magneto_1,zebrafish 0.1 Hz,near stimulus,0.08055555555555556,0.1,424,237,-21.0
engert_20221001_fish1_magneto_1,zebrafish 0.1 Hz,near stimulus,0.08148148148148149,0.1,424,222,-20.0
engert_20221001_fish1_magneto_1,zebrafish 0.1 Hz,near stimulus,0.0824074074074074,0.1,424,264,-19.0
engert_20221001_fish1_magneto_1,zebrafish 0.1 Hz,near stimulus,0.08333333333333333,0.1,424,244,-18.0
engert_20221001_fish1_magneto_1,zebrafish 0.1 Hz,near stimulus,0.08425925925925926,0.1,424,232,-17.0
engert_20221001_fish1_magneto_1,zebrafish 0.1 Hz,near stimulus,0.08518518518518518,0.1,424,244,-16.0
engert_20221001_fish1_magneto_1,zebrafish 0.1 Hz,near stimulus,0.08611111111111111,0.1,424,227,-15.0
engert_20221001_fish1_magneto_1,zebrafish 0.1 Hz,near stimulus,0.08703703703703704,0.1,424,233,-14.0
engert_20221001_fish1_magneto_1,zebrafish 0.1 Hz,near stimulus,0.08796296296296297,0.1,424,221,-13.0
engert_20221001_fish1_magneto_1,zebrafish 0.1 Hz,near stimulus,0.08888888888888889,0.1,424,222,-12.0
engert_20221001_fish1_magneto_1,zebrafish 0.1 Hz,near stimulus,0.08981481481481482,0.1,424,222,-11.0
engert_20221001_fish1_magneto_1,zebrafish 0.1 Hz,near stimulus,0.09074074074074075,0.1,424,235,-10.0
engert_20221001_fish1_magneto_1,zebrafish 0.1 Hz,near stimulus,0.09166666666666666,0.1,424,225,-9.0
engert_20221001_fish1_magneto_1,zebrafish 0.1 Hz,near stimulus,0.09259259259259259,0.1,424,232,-8.0
engert_20221001_fish1_magneto_1,zebrafish 0.1 Hz,near stimulus,0.09351851851851851,0.1,424,230,-7.0
engert_20221001_fish1_magneto_1,zebrafish 0.1 Hz,near stimulus,0.09444444444444444,0.1,424,232,-6.0
engert_20221001_fish1_magneto_1,zebrafish 0.1 Hz,near stimulus,0.09537037037037037,0.1,424,232,-5.0
engert_20221001_fish1_magneto_1,zebrafish 0.1 Hz,near stimulus,0.0962962962962963,0.1,424,233,-4.0
engert_20221001_fish1_magneto_1,zebrafish 0.1 Hz,near stimulus,0.09722222222222222,0.1,424,226,-3.0
engert_20221001_fish1_magneto_1,zebrafish 0.1 Hz,near stimulus,0.09814814814814815,0.1,424,215,-2.0
engert_20221001_fish1_magneto_1,zebrafish 0.1 Hz,near stimulus,0.09907407407407408,0.1,424,245,-1.0
engert_20221001_fish1_magneto_1,zebrafish 0.1 Hz,near stimulus,0.1,0.1,424,246,0.0
engert_20221001_fish1_magneto_1,zebrafish 0.1 Hz,near stimulus,0.10092592592592593,0.1,424,240,1.0
engert_20221001_fish1_magneto_1,zebrafish 0.1 Hz,near stimulus,0.10185185185185185,0.1,424,238,2.0
engert_20221001_fish1_magneto_1,zebrafish 0.1 Hz,near stimulus,0.10277777777777777,0.1,424,237,3.0
engert_20221001_fish1_magneto_1,zebrafish 0.1 Hz,near stimulus,0.1037037037037037,0.1,424,223,4.0
engert_20221001_fish1_magneto_1,zebrafish 0.1 Hz,near stimulus,0.10462962962962963,0.1,424,213,5.0
engert_20221001_fish1_magneto_1,zebrafish 0.1 Hz,near stimulus,0.10555555555555556,0.1,424,224,6.0
engert_20221001_fish1_magneto_1,zebrafish 0.1 Hz,near stimulus,0.10648148148148148,0.1,424,229,7.0
engert_20221001_fish1_magneto_1,zebrafish 0.1 Hz,near stimulus,0.10740740740740741,0.1,424,237,8.0
engert_20221001_fish1_magneto_1,zebrafish 0.1 Hz,near stimulus,0.10833333333333334,0.1,424,243,9.0
engert_20221001_fish1_magneto_1,zebrafish 0.1 Hz,near stimulus,0.10925925925925926,0.1,424,229,10.0
engert_20221001_fish1_magneto_1,zebrafish 0.1 Hz,near stimulus,0.11018518518518519,0.1,424,234,11.0
engert_20221001_fish1_magneto_1,zebrafish 0.1 Hz,near stimulus,0.1111111111111111,0.1,424,225,12.0
engert_20221001_fish1_magneto_1,zebrafish 0.1 Hz,near stimulus,0.11203703703703703,0.1,424,229,13.0
engert_20221001_fish1_magneto_1,zebrafish 0.1 Hz,near stimulus,0.11296296296296296,0.1,424,233,14.0
engert_20221001_fish1_magneto_1,zebrafish 0.1 Hz,near stimulus,0.11388888888888889,0.1,424,205,15.0
engert_20221001_fish1_magneto_1,zebrafish 0.1 Hz,near stimulus,0.11481481481481481,0.1,424,234,16.0
engert_20221001_fish1_magneto_1,zebrafish 0.1 Hz,near stimulus,0.11574074074074074,0.1,424,218,17.0
engert_20221001_fish1_magneto_1,zebrafish 0.1 Hz,near stimulus,0.11666666666666667,0.1,424,223,18.0
engert_20221001_fish1_magneto_1,zebrafish 0.1 Hz,near stimulus,0.1175925925925926,0.1,424,230,19.0
engert_20221001_fish1_magneto_1,zebrafish 0.1 Hz,near stimulus,0.11851851851851852,0.1,424,241,20.0
engert_20221001_fish1_magneto_1,zebrafish 0.1 Hz,near stimulus,0.11944444444444445,0.1,424,234,21.0
engert_20221001_fish1_magneto_1,zebrafish 0.1 Hz,near stimulus,0.12037037037037036,0.1,424,234,22.0
engert_20221001_fish1_magneto_1,zebrafish 0.1 Hz,near stimulus,0.12129629629629629,0.1,424,237,23.0
engert_20221001_fish1_magneto_1,zebrafish 0.1 Hz,near stimulus,0.12222222222222222,0.1,424,219,24.0
engert_20221001_fish1_magneto_1,zebrafish 0.1 Hz,near stimulus,0.12314814814814815,0.1,424,236,25.0
engert_20221001_fish1_magneto_1,zebrafish 0.1 Hz,near stimulus,0.12407407407407407,0.1,424,242,26.0
engert_20221001_fish1_magneto_1,zebrafish 0.1 Hz,near stimulus,0.125,0.1,424,240,27.0
engert_20221001_fish1_magneto_1,zebrafish 0.1 Hz,near stimulus,0.1259259259259259,0.1,424,239,28.0
engert_20221001_fish1_magneto_1,zebrafish 0.1 Hz,near stimulus,0.12685185185185185,0.1,424,234,29.0
engert_20221001_fish1_magneto_1,zebrafish 0.1 Hz,near stimulus,0.12777777777777777,0.1,424,225,30.0
engert_20221001_fish1_magneto_2,zebrafish 0.1 Hz,real,0.07037037037037037,0.1,418,223,
engert_20221001_fish1_magneto_2,zebrafish 0.1 Hz,detrended + envelope-normalised,0.07037037037037037,0.1,418,192,
engert_20221001_fish1_magneto_2,zebrafish 0.1 Hz,white,0.07037037037037037,0.1,418,220,
engert_20221001_fish1_magneto_2,zebrafish 0.1 Hz,real,0.07222222222222222,0.1,418,228,
engert_20221001_fish1_magneto_2,zebrafish 0.1 Hz,detrended + envelope-normalised,0.07222222222222222,0.1,418,196,
engert_20221001_fish1_magneto_2,zebrafish 0.1 Hz,white,0.07222222222222222,0.1,418,213,
engert_20221001_fish1_magneto_2,zebrafish 0.1 Hz,real,0.075,0.1,418,242,
engert_20221001_fish1_magneto_2,zebrafish 0.1 Hz,detrended + envelope-normalised,0.075,0.1,418,194,
engert_20221001_fish1_magneto_2,zebrafish 0.1 Hz,white,0.075,0.1,418,202,
engert_20221001_fish1_magneto_2,zebrafish 0.1 Hz,real,0.07685185185185185,0.1,418,229,
engert_20221001_fish1_magneto_2,zebrafish 0.1 Hz,detrended + envelope-normalised,0.07685185185185185,0.1,418,192,
engert_20221001_fish1_magneto_2,zebrafish 0.1 Hz,white,0.07685185185185185,0.1,418,204,
engert_20221001_fish1_magneto_2,zebrafish 0.1 Hz,real,0.07962962962962963,0.1,418,230,
engert_20221001_fish1_magneto_2,zebrafish 0.1 Hz,detrended + envelope-normalised,0.07962962962962963,0.1,418,202,
engert_20221001_fish1_magneto_2,zebrafish 0.1 Hz,white,0.07962962962962963,0.1,418,232,
engert_20221001_fish1_magneto_2,zebrafish 0.1 Hz,real,0.0824074074074074,0.1,418,221,
engert_20221001_fish1_magneto_2,zebrafish 0.1 Hz,detrended + envelope-normalised,0.0824074074074074,0.1,418,240,
engert_20221001_fish1_magneto_2,zebrafish 0.1 Hz,white,0.0824074074074074,0.1,418,208,
engert_20221001_fish1_magneto_2,zebrafish 0.1 Hz,real,0.08518518518518518,0.1,418,220,
engert_20221001_fish1_magneto_2,zebrafish 0.1 Hz,detrended + envelope-normalised,0.08518518518518518,0.1,418,211,
engert_20221001_fish1_magneto_2,zebrafish 0.1 Hz,white,0.08518518518518518,0.1,418,200,
engert_20221001_fish1_magneto_2,zebrafish 0.1 Hz,real,0.08796296296296297,0.1,418,229,
engert_20221001_fish1_magneto_2,zebrafish 0.1 Hz,detrended + envelope-normalised,0.08796296296296297,0.1,418,223,
engert_20221001_fish1_magneto_2,zebrafish 0.1 Hz,white,0.08796296296296297,0.1,418,213,
engert_20221001_fish1_magneto_2,zebrafish 0.1 Hz,real,0.09074074074074075,0.1,418,217,
engert_20221001_fish1_magneto_2,zebrafish 0.1 Hz,detrended + envelope-normalised,0.09074074074074075,0.1,418,219,
engert_20221001_fish1_magneto_2,zebrafish 0.1 Hz,white,0.09074074074074075,0.1,418,214,
engert_20221001_fish1_magneto_2,zebrafish 0.1 Hz,real,0.09351851851851851,0.1,418,221,
engert_20221001_fish1_magneto_2,zebrafish 0.1 Hz,detrended + envelope-normalised,0.09351851851851851,0.1,418,216,
engert_20221001_fish1_magneto_2,zebrafish 0.1 Hz,white,0.09351851851851851,0.1,418,194,
engert_20221001_fish1_magneto_2,zebrafish 0.1 Hz,real,0.0962962962962963,0.1,418,218,
engert_20221001_fish1_magneto_2,zebrafish 0.1 Hz,detrended + envelope-normalised,0.0962962962962963,0.1,418,211,
engert_20221001_fish1_magneto_2,zebrafish 0.1 Hz,white,0.0962962962962963,0.1,418,215,
engert_20221001_fish1_magneto_2,zebrafish 0.1 Hz,real,0.1,0.1,418,208,
engert_20221001_fish1_magneto_2,zebrafish 0.1 Hz,detrended + envelope-normalised,0.1,0.1,418,214,
engert_20221001_fish1_magneto_2,zebrafish 0.1 Hz,white,0.1,0.1,418,213,
engert_20221001_fish1_magneto_2,zebrafish 0.1 Hz,real,0.10277777777777777,0.1,418,242,
engert_20221001_fish1_magneto_2,zebrafish 0.1 Hz,detrended + envelope-normalised,0.10277777777777777,0.1,418,213,
engert_20221001_fish1_magneto_2,zebrafish 0.1 Hz,white,0.10277777777777777,0.1,418,203,
engert_20221001_fish1_magneto_2,zebrafish 0.1 Hz,real,0.10648148148148148,0.1,418,220,
engert_20221001_fish1_magneto_2,zebrafish 0.1 Hz,detrended + envelope-normalised,0.10648148148148148,0.1,418,208,
engert_20221001_fish1_magneto_2,zebrafish 0.1 Hz,white,0.10648148148148148,0.1,418,217,
engert_20221001_fish1_magneto_2,zebrafish 0.1 Hz,real,0.11018518518518519,0.1,418,235,
engert_20221001_fish1_magneto_2,zebrafish 0.1 Hz,detrended + envelope-normalised,0.11018518518518519,0.1,418,217,
engert_20221001_fish1_magneto_2,zebrafish 0.1 Hz,white,0.11018518518518519,0.1,418,219,
engert_20221001_fish1_magneto_2,zebrafish 0.1 Hz,real,0.11388888888888889,0.1,418,226,
engert_20221001_fish1_magneto_2,zebrafish 0.1 Hz,detrended + envelope-normalised,0.11388888888888889,0.1,418,219,
engert_20221001_fish1_magneto_2,zebrafish 0.1 Hz,white,0.11388888888888889,0.1,418,209,
engert_20221001_fish1_magneto_2,zebrafish 0.1 Hz,real,0.1175925925925926,0.1,418,226,
engert_20221001_fish1_magneto_2,zebrafish 0.1 Hz,detrended + envelope-normalised,0.1175925925925926,0.1,418,221,
engert_20221001_fish1_magneto_2,zebrafish 0.1 Hz,white,0.1175925925925926,0.1,418,217,
engert_20221001_fish1_magneto_2,zebrafish 0.1 Hz,real,0.12129629629629629,0.1,418,236,
engert_20221001_fish1_magneto_2,zebrafish 0.1 Hz,detrended + envelope-normalised,0.12129629629629629,0.1,418,195,
engert_20221001_fish1_magneto_2,zebrafish 0.1 Hz,white,0.12129629629629629,0.1,418,207,
engert_20221001_fish1_magneto_2,zebrafish 0.1 Hz,real,0.125,0.1,418,221,
engert_20221001_fish1_magneto_2,zebrafish 0.1 Hz,detrended + envelope-normalised,0.125,0.1,418,230,
engert_20221001_fish1_magneto_2,zebrafish 0.1 Hz,white,0.125,0.1,418,201,
engert_20221001_fish1_magneto_2,zebrafish 0.1 Hz,real,0.1287037037037037,0.1,418,218,
engert_20221001_fish1_magneto_2,zebrafish 0.1 Hz,detrended + envelope-normalised,0.1287037037037037,0.1,418,217,
engert_20221001_fish1_magneto_2,zebrafish 0.1 Hz,white,0.1287037037037037,0.1,418,218,
engert_20221001_fish1_magneto_2,zebrafish 0.1 Hz,real,0.13333333333333333,0.1,418,230,
engert_20221001_fish1_magneto_2,zebrafish 0.1 Hz,detrended + envelope-normalised,0.13333333333333333,0.1,418,216,
engert_20221001_fish1_magneto_2,zebrafish 0.1 Hz,white,0.13333333333333333,0.1,418,203,
engert_20221001_fish1_magneto_2,zebrafish 0.1 Hz,real,0.13796296296296295,0.1,418,207,
engert_20221001_fish1_magneto_2,zebrafish 0.1 Hz,detrended + envelope-normalised,0.13796296296296295,0.1,418,205,
engert_20221001_fish1_magneto_2,zebrafish 0.1 Hz,white,0.13796296296296295,0.1,418,200,
engert_20221001_fish1_magneto_2,zebrafish 0.1 Hz,real,0.1425925925925926,0.1,418,225,
engert_20221001_fish1_magneto_2,zebrafish 0.1 Hz,detrended + envelope-normalised,0.1425925925925926,0.1,418,215,
engert_20221001_fish1_magneto_2,zebrafish 0.1 Hz,white,0.1425925925925926,0.1,418,212,
engert_20221001_fish1_magneto_2,zebrafish 0.1 Hz,real,0.14722222222222223,0.1,418,227,
engert_20221001_fish1_magneto_2,zebrafish 0.1 Hz,detrended + envelope-normalised,0.14722222222222223,0.1,418,205,
engert_20221001_fish1_magneto_2,zebrafish 0.1 Hz,white,0.14722222222222223,0.1,418,203,
engert_20221001_fish1_magneto_2,zebrafish 0.1 Hz,real,0.15185185185185185,0.1,418,230,
engert_20221001_fish1_magneto_2,zebrafish 0.1 Hz,detrended + envelope-normalised,0.15185185185185185,0.1,418,224,
engert_20221001_fish1_magneto_2,zebrafish 0.1 Hz,white,0.15185185185185185,0.1,418,201,
engert_20221001_fish1_magneto_2,zebrafish 0.1 Hz,real,0.15648148148148147,0.1,418,237,
engert_20221001_fish1_magneto_2,zebrafish 0.1 Hz,detrended + envelope-normalised,0.15648148148148147,0.1,418,227,
engert_20221001_fish1_magneto_2,zebrafish 0.1 Hz,white,0.15648148148148147,0.1,418,215,
engert_20221001_fish1_magneto_2,zebrafish 0.1 Hz,real,0.16203703703703703,0.1,418,213,
engert_20221001_fish1_magneto_2,zebrafish 0.1 Hz,detrended + envelope-normalised,0.16203703703703703,0.1,418,212,
engert_20221001_fish1_magneto_2,zebrafish 0.1 Hz,white,0.16203703703703703,0.1,418,232,
engert_20221001_fish1_magneto_2,zebrafish 0.1 Hz,real,0.16666666666666666,0.1,418,240,
engert_20221001_fish1_magneto_2,zebrafish 0.1 Hz,detrended + envelope-normalised,0.16666666666666666,0.1,418,222,
engert_20221001_fish1_magneto_2,zebrafish 0.1 Hz,white,0.16666666666666666,0.1,418,207,
engert_20221001_fish1_magneto_2,zebrafish 0.1 Hz,real,0.17222222222222222,0.1,418,224,
engert_20221001_fish1_magneto_2,zebrafish 0.1 Hz,detrended + envelope-normalised,0.17222222222222222,0.1,418,216,
engert_20221001_fish1_magneto_2,zebrafish 0.1 Hz,white,0.17222222222222222,0.1,418,217,
engert_20221001_fish1_magneto_2,zebrafish 0.1 Hz,real,0.17777777777777778,0.1,418,219,
engert_20221001_fish1_magneto_2,zebrafish 0.1 Hz,detrended + envelope-normalised,0.17777777777777778,0.1,418,212,
engert_20221001_fish1_magneto_2,zebrafish 0.1 Hz,white,0.17777777777777778,0.1,418,211,
engert_20221001_fish1_magneto_2,zebrafish 0.1 Hz,real,0.18425925925925926,0.1,418,212,
engert_20221001_fish1_magneto_2,zebrafish 0.1 Hz,detrended + envelope-normalised,0.18425925925925926,0.1,418,208,
engert_20221001_fish1_magneto_2,zebrafish 0.1 Hz,white,0.18425925925925926,0.1,418,193,
engert_20221001_fish1_magneto_2,zebrafish 0.1 Hz,real,0.18981481481481483,0.1,418,249,
engert_20221001_fish1_magneto_2,zebrafish 0.1 Hz,detrended + envelope-normalised,0.18981481481481483,0.1,418,225,
engert_20221001_fish1_magneto_2,zebrafish 0.1 Hz,white,0.18981481481481483,0.1,418,221,
engert_20221001_fish1_magneto_2,zebrafish 0.1 Hz,real,0.1962962962962963,0.1,418,235,
engert_20221001_fish1_magneto_2,zebrafish 0.1 Hz,detrended + envelope-normalised,0.1962962962962963,0.1,418,233,
engert_20221001_fish1_magneto_2,zebrafish 0.1 Hz,white,0.1962962962962963,0.1,418,221,
engert_20221001_fish1_magneto_2,zebrafish 0.1 Hz,real,0.20277777777777778,0.1,418,228,
engert_20221001_fish1_magneto_2,zebrafish 0.1 Hz,detrended + envelope-normalised,0.20277777777777778,0.1,418,224,
engert_20221001_fish1_magneto_2,zebrafish 0.1 Hz,white,0.20277777777777778,0.1,418,209,
engert_20221001_fish1_magneto_2,zebrafish 0.1 Hz,real,0.20925925925925926,0.1,418,223,
engert_20221001_fish1_magneto_2,zebrafish 0.1 Hz,detrended + envelope-normalised,0.20925925925925926,0.1,418,206,
engert_20221001_fish1_magneto_2,zebrafish 0.1 Hz,white,0.20925925925925926,0.1,418,200,
engert_20221001_fish1_magneto_2,zebrafish 0.1 Hz,real,0.21666666666666667,0.1,418,231,
engert_20221001_fish1_magneto_2,zebrafish 0.1 Hz,detrended + envelope-normalised,0.21666666666666667,0.1,418,219,
engert_20221001_fish1_magneto_2,zebrafish 0.1 Hz,white,0.21666666666666667,0.1,418,202,
engert_20221001_fish1_magneto_2,zebrafish 0.1 Hz,real,0.22314814814814815,0.1,418,222,
engert_20221001_fish1_magneto_2,zebrafish 0.1 Hz,detrended + envelope-normalised,0.22314814814814815,0.1,418,211,
engert_20221001_fish1_magneto_2,zebrafish 0.1 Hz,white,0.22314814814814815,0.1,418,217,
engert_20221001_fish1_magneto_2,zebrafish 0.1 Hz,real,0.23055555555555557,0.1,418,233,
engert_20221001_fish1_magneto_2,zebrafish 0.1 Hz,detrended + envelope-normalised,0.23055555555555557,0.1,418,218,
engert_20221001_fish1_magneto_2,zebrafish 0.1 Hz,white,0.23055555555555557,0.1,418,209,
engert_20221001_fish1_magneto_2,zebrafish 0.1 Hz,real,0.23796296296296296,0.1,418,239,
engert_20221001_fish1_magneto_2,zebrafish 0.1 Hz,detrended + envelope-normalised,0.23796296296296296,0.1,418,223,
engert_20221001_fish1_magneto_2,zebrafish 0.1 Hz,white,0.23796296296296296,0.1,418,233,
engert_20221001_fish1_magneto_2,zebrafish 0.1 Hz,real,0.2462962962962963,0.1,418,231,
engert_20221001_fish1_magneto_2,zebrafish 0.1 Hz,detrended + envelope-normalised,0.2462962962962963,0.1,418,236,
engert_20221001_fish1_magneto_2,zebrafish 0.1 Hz,white,0.2462962962962963,0.1,418,217,
engert_20221001_fish1_magneto_2,zebrafish 0.1 Hz,real,0.2537037037037037,0.1,418,224,
engert_20221001_fish1_magneto_2,zebrafish 0.1 Hz,detrended + envelope-normalised,0.2537037037037037,0.1,418,227,
engert_20221001_fish1_magneto_2,zebrafish 0.1 Hz,white,0.2537037037037037,0.1,418,216,
engert_20221001_fish1_magneto_2,zebrafish 0.1 Hz,real,0.262037037037037,0.1,418,216,
engert_20221001_fish1_magneto_2,zebrafish 0.1 Hz,detrended + envelope-normalised,0.262037037037037,0.1,418,219,
engert_20221001_fish1_magneto_2,zebrafish 0.1 Hz,white,0.262037037037037,0.1,418,198,
engert_20221001_fish1_magneto_2,zebrafish 0.1 Hz,real,0.2712962962962963,0.1,418,235,
engert_20221001_fish1_magneto_2,zebrafish 0.1 Hz,detrended + envelope-normalised,0.2712962962962963,0.1,418,214,
engert_20221001_fish1_magneto_2,zebrafish 0.1 Hz,white,0.2712962962962963,0.1,418,202,
engert_20221001_fish1_magneto_2,zebrafish 0.1 Hz,real,0.2796296296296296,0.1,418,233,
engert_20221001_fish1_magneto_2,zebrafish 0.1 Hz,detrended + envelope-normalised,0.2796296296296296,0.1,418,224,
engert_20221001_fish1_magneto_2,zebrafish 0.1 Hz,white,0.2796296296296296,0.1,418,221,
engert_20221001_fish1_magneto_2,zebrafish 0.1 Hz,real,0.28888888888888886,0.1,418,223,
engert_20221001_fish1_magneto_2,zebrafish 0.1 Hz,detrended + envelope-normalised,0.28888888888888886,0.1,418,213,
engert_20221001_fish1_magneto_2,zebrafish 0.1 Hz,white,0.28888888888888886,0.1,418,192,
engert_20221001_fish1_magneto_2,zebrafish 0.1 Hz,real,0.29814814814814816,0.1,418,215,
engert_20221001_fish1_magneto_2,zebrafish 0.1 Hz,detrended + envelope-normalised,0.29814814814814816,0.1,418,199,
engert_20221001_fish1_magneto_2,zebrafish 0.1 Hz,white,0.29814814814814816,0.1,418,217,
engert_20221001_fish1_magneto_2,zebrafish 0.1 Hz,real,0.30833333333333335,0.1,418,233,
engert_20221001_fish1_magneto_2,zebrafish 0.1 Hz,detrended + envelope-normalised,0.30833333333333335,0.1,418,218,
engert_20221001_fish1_magneto_2,zebrafish 0.1 Hz,white,0.30833333333333335,0.1,418,212,
engert_20221001_fish1_magneto_2,zebrafish 0.1 Hz,real,0.31851851851851853,0.1,418,241,
engert_20221001_fish1_magneto_2,zebrafish 0.1 Hz,detrended + envelope-normalised,0.31851851851851853,0.1,418,213,
engert_20221001_fish1_magneto_2,zebrafish 0.1 Hz,white,0.31851851851851853,0.1,418,205,
engert_20221001_fish1_magneto_2,zebrafish 0.1 Hz,real,0.3287037037037037,0.1,418,219,
engert_20221001_fish1_magneto_2,zebrafish 0.1 Hz,detrended + envelope-normalised,0.3287037037037037,0.1,418,202,
engert_20221001_fish1_magneto_2,zebrafish 0.1 Hz,white,0.3287037037037037,0.1,418,211,
engert_20221001_fish1_magneto_2,zebrafish 0.1 Hz,real,0.3388888888888889,0.1,418,243,
engert_20221001_fish1_magneto_2,zebrafish 0.1 Hz,detrended + envelope-normalised,0.3388888888888889,0.1,418,225,
engert_20221001_fish1_magneto_2,zebrafish 0.1 Hz,white,0.3388888888888889,0.1,418,217,
engert_20221001_fish1_magneto_2,zebrafish 0.1 Hz,real,0.35,0.1,418,219,
engert_20221001_fish1_magneto_2,zebrafish 0.1 Hz,detrended + envelope-normalised,0.35,0.1,418,220,
engert_20221001_fish1_magneto_2,zebrafish 0.1 Hz,white,0.35,0.1,418,223,
engert_20221001_fish1_magneto_2,zebrafish 0.1 Hz,real,0.36203703703703705,0.1,418,220,
engert_20221001_fish1_magneto_2,zebrafish 0.1 Hz,detrended + envelope-normalised,0.36203703703703705,0.1,418,216,
engert_20221001_fish1_magneto_2,zebrafish 0.1 Hz,white,0.36203703703703705,0.1,418,195,
engert_20221001_fish1_magneto_2,zebrafish 0.1 Hz,real,0.37407407407407406,0.1,418,231,
engert_20221001_fish1_magneto_2,zebrafish 0.1 Hz,detrended + envelope-normalised,0.37407407407407406,0.1,418,219,
engert_20221001_fish1_magneto_2,zebrafish 0.1 Hz,white,0.37407407407407406,0.1,418,213,
engert_20221001_fish1_magneto_2,zebrafish 0.1 Hz,real,0.3861111111111111,0.1,418,230,
engert_20221001_fish1_magneto_2,zebrafish 0.1 Hz,detrended + envelope-normalised,0.3861111111111111,0.1,418,210,
engert_20221001_fish1_magneto_2,zebrafish 0.1 Hz,white,0.3861111111111111,0.1,418,199,
engert_20221001_fish1_magneto_2,zebrafish 0.1 Hz,real,0.39814814814814814,0.1,418,244,
engert_20221001_fish1_magneto_2,zebrafish 0.1 Hz,detrended + envelope-normalised,0.39814814814814814,0.1,418,225,
engert_20221001_fish1_magneto_2,zebrafish 0.1 Hz,white,0.39814814814814814,0.1,418,190,
engert_20221001_fish1_magneto_2,zebrafish 0.1 Hz,real,0.4111111111111111,0.1,418,244,
engert_20221001_fish1_magneto_2,zebrafish 0.1 Hz,detrended + envelope-normalised,0.4111111111111111,0.1,418,215,
engert_20221001_fish1_magneto_2,zebrafish 0.1 Hz,white,0.4111111111111111,0.1,418,209,
engert_20221001_fish1_magneto_2,zebrafish 0.1 Hz,real,0.425,0.1,418,211,
engert_20221001_fish1_magneto_2,zebrafish 0.1 Hz,detrended + envelope-normalised,0.425,0.1,418,216,
engert_20221001_fish1_magneto_2,zebrafish 0.1 Hz,white,0.425,0.1,418,201,
engert_20221001_fish1_magneto_2,zebrafish 0.1 Hz,real,0.4388888888888889,0.1,418,214,
engert_20221001_fish1_magneto_2,zebrafish 0.1 Hz,detrended + envelope-normalised,0.4388888888888889,0.1,418,204,
engert_20221001_fish1_magneto_2,zebrafish 0.1 Hz,white,0.4388888888888889,0.1,418,223,
engert_20221001_fish1_magneto_2,zebrafish 0.1 Hz,real,0.4527777777777778,0.1,418,226,
engert_20221001_fish1_magneto_2,zebrafish 0.1 Hz,detrended + envelope-normalised,0.4527777777777778,0.1,418,231,
engert_20221001_fish1_magneto_2,zebrafish 0.1 Hz,white,0.4527777777777778,0.1,418,215,
engert_20221001_fish1_magneto_2,zebrafish 0.1 Hz,real,0.4685185185185185,0.1,418,249,
engert_20221001_fish1_magneto_2,zebrafish 0.1 Hz,detrended + envelope-normalised,0.4685185185185185,0.1,418,222,
engert_20221001_fish1_magneto_2,zebrafish 0.1 Hz,white,0.4685185185185185,0.1,418,218,
engert_20221001_fish1_magneto_2,zebrafish 0.1 Hz,near stimulus,0.07222222222222222,0.1,418,228,-30.0
engert_20221001_fish1_magneto_2,zebrafish 0.1 Hz,near stimulus,0.07314814814814814,0.1,418,239,-29.0
engert_20221001_fish1_magneto_2,zebrafish 0.1 Hz,near stimulus,0.07407407407407407,0.1,418,211,-28.0
engert_20221001_fish1_magneto_2,zebrafish 0.1 Hz,near stimulus,0.075,0.1,418,242,-27.0
engert_20221001_fish1_magneto_2,zebrafish 0.1 Hz,near stimulus,0.07592592592592592,0.1,418,242,-26.0
engert_20221001_fish1_magneto_2,zebrafish 0.1 Hz,near stimulus,0.07685185185185185,0.1,418,229,-25.0
engert_20221001_fish1_magneto_2,zebrafish 0.1 Hz,near stimulus,0.07777777777777778,0.1,418,242,-24.0
engert_20221001_fish1_magneto_2,zebrafish 0.1 Hz,near stimulus,0.0787037037037037,0.1,418,224,-23.0
engert_20221001_fish1_magneto_2,zebrafish 0.1 Hz,near stimulus,0.07962962962962963,0.1,418,230,-22.0
engert_20221001_fish1_magneto_2,zebrafish 0.1 Hz,near stimulus,0.08055555555555556,0.1,418,231,-21.0
engert_20221001_fish1_magneto_2,zebrafish 0.1 Hz,near stimulus,0.08148148148148149,0.1,418,235,-20.0
engert_20221001_fish1_magneto_2,zebrafish 0.1 Hz,near stimulus,0.0824074074074074,0.1,418,221,-19.0
engert_20221001_fish1_magneto_2,zebrafish 0.1 Hz,near stimulus,0.08333333333333333,0.1,418,234,-18.0
engert_20221001_fish1_magneto_2,zebrafish 0.1 Hz,near stimulus,0.08425925925925926,0.1,418,244,-17.0
engert_20221001_fish1_magneto_2,zebrafish 0.1 Hz,near stimulus,0.08518518518518518,0.1,418,220,-16.0
engert_20221001_fish1_magneto_2,zebrafish 0.1 Hz,near stimulus,0.08611111111111111,0.1,418,231,-15.0
engert_20221001_fish1_magneto_2,zebrafish 0.1 Hz,near stimulus,0.08703703703703704,0.1,418,225,-14.0
engert_20221001_fish1_magneto_2,zebrafish 0.1 Hz,near stimulus,0.08796296296296297,0.1,418,229,-13.0
engert_20221001_fish1_magneto_2,zebrafish 0.1 Hz,near stimulus,0.08888888888888889,0.1,418,234,-12.0
engert_20221001_fish1_magneto_2,zebrafish 0.1 Hz,near stimulus,0.08981481481481482,0.1,418,229,-11.0
engert_20221001_fish1_magneto_2,zebrafish 0.1 Hz,near stimulus,0.09074074074074075,0.1,418,217,-10.0
engert_20221001_fish1_magneto_2,zebrafish 0.1 Hz,near stimulus,0.09166666666666666,0.1,418,218,-9.0
engert_20221001_fish1_magneto_2,zebrafish 0.1 Hz,near stimulus,0.09259259259259259,0.1,418,232,-8.0
engert_20221001_fish1_magneto_2,zebrafish 0.1 Hz,near stimulus,0.09351851851851851,0.1,418,221,-7.0
engert_20221001_fish1_magneto_2,zebrafish 0.1 Hz,near stimulus,0.09444444444444444,0.1,418,218,-6.0
engert_20221001_fish1_magneto_2,zebrafish 0.1 Hz,near stimulus,0.09537037037037037,0.1,418,217,-5.0
engert_20221001_fish1_magneto_2,zebrafish 0.1 Hz,near stimulus,0.0962962962962963,0.1,418,218,-4.0
engert_20221001_fish1_magneto_2,zebrafish 0.1 Hz,near stimulus,0.09722222222222222,0.1,418,222,-3.0
engert_20221001_fish1_magneto_2,zebrafish 0.1 Hz,near stimulus,0.09814814814814815,0.1,418,211,-2.0
engert_20221001_fish1_magneto_2,zebrafish 0.1 Hz,near stimulus,0.09907407407407408,0.1,418,206,-1.0
engert_20221001_fish1_magneto_2,zebrafish 0.1 Hz,near stimulus,0.1,0.1,418,208,0.0
engert_20221001_fish1_magneto_2,zebrafish 0.1 Hz,near stimulus,0.10092592592592593,0.1,418,224,1.0
engert_20221001_fish1_magneto_2,zebrafish 0.1 Hz,near stimulus,0.10185185185185185,0.1,418,212,2.0
engert_20221001_fish1_magneto_2,zebrafish 0.1 Hz,near stimulus,0.10277777777777777,0.1,418,242,3.0
engert_20221001_fish1_magneto_2,zebrafish 0.1 Hz,near stimulus,0.1037037037037037,0.1,418,241,4.0
engert_20221001_fish1_magneto_2,zebrafish 0.1 Hz,near stimulus,0.10462962962962963,0.1,418,235,5.0
engert_20221001_fish1_magneto_2,zebrafish 0.1 Hz,near stimulus,0.10555555555555556,0.1,418,237,6.0
engert_20221001_fish1_magneto_2,zebrafish 0.1 Hz,near stimulus,0.10648148148148148,0.1,418,220,7.0
engert_20221001_fish1_magneto_2,zebrafish 0.1 Hz,near stimulus,0.10740740740740741,0.1,418,227,8.0
engert_20221001_fish1_magneto_2,zebrafish 0.1 Hz,near stimulus,0.10833333333333334,0.1,418,223,9.0
engert_20221001_fish1_magneto_2,zebrafish 0.1 Hz,near stimulus,0.10925925925925926,0.1,418,247,10.0
engert_20221001_fish1_magneto_2,zebrafish 0.1 Hz,near stimulus,0.11018518518518519,0.1,418,235,11.0
engert_20221001_fish1_magneto_2,zebrafish 0.1 Hz,near stimulus,0.1111111111111111,0.1,418,237,12.0
engert_20221001_fish1_magneto_2,zebrafish 0.1 Hz,near stimulus,0.11203703703703703,0.1,418,240,13.0
engert_20221001_fish1_magneto_2,zebrafish 0.1 Hz,near stimulus,0.11296296296296296,0.1,418,234,14.0
engert_20221001_fish1_magneto_2,zebrafish 0.1 Hz,near stimulus,0.11388888888888889,0.1,418,226,15.0
engert_20221001_fish1_magneto_2,zebrafish 0.1 Hz,near stimulus,0.11481481481481481,0.1,418,223,16.0
engert_20221001_fish1_magneto_2,zebrafish 0.1 Hz,near stimulus,0.11574074074074074,0.1,418,213,17.0
engert_20221001_fish1_magneto_2,zebrafish 0.1 Hz,near stimulus,0.11666666666666667,0.1,418,231,18.0
engert_20221001_fish1_magneto_2,zebrafish 0.1 Hz,near stimulus,0.1175925925925926,0.1,418,226,19.0
engert_20221001_fish1_magneto_2,zebrafish 0.1 Hz,near stimulus,0.11851851851851852,0.1,418,225,20.0
engert_20221001_fish1_magneto_2,zebrafish 0.1 Hz,near stimulus,0.11944444444444445,0.1,418,250,21.0
engert_20221001_fish1_magneto_2,zebrafish 0.1 Hz,near stimulus,0.12037037037037036,0.1,418,243,22.0
engert_20221001_fish1_magneto_2,zebrafish 0.1 Hz,near stimulus,0.12129629629629629,0.1,418,236,23.0
engert_20221001_fish1_magneto_2,zebrafish 0.1 Hz,near stimulus,0.12222222222222222,0.1,418,230,24.0
engert_20221001_fish1_magneto_2,zebrafish 0.1 Hz,near stimulus,0.12314814814814815,0.1,418,246,25.0
engert_20221001_fish1_magneto_2,zebrafish 0.1 Hz,near stimulus,0.12407407407407407,0.1,418,243,26.0
engert_20221001_fish1_magneto_2,zebrafish 0.1 Hz,near stimulus,0.125,0.1,418,221,27.0
engert_20221001_fish1_magneto_2,zebrafish 0.1 Hz,near stimulus,0.1259259259259259,0.1,418,211,28.0
engert_20221001_fish1_magneto_2,zebrafish 0.1 Hz,near stimulus,0.12685185185185185,0.1,418,229,29.0
engert_20221001_fish1_magneto_2,zebrafish 0.1 Hz,near stimulus,0.12777777777777777,0.1,418,207,30.0
engert_20221001_fish2_magneto_0,zebrafish 0.1 Hz,real,0.07037037037037037,0.1,250,144,
engert_20221001_fish2_magneto_0,zebrafish 0.1 Hz,detrended + envelope-normalised,0.07037037037037037,0.1,250,125,
engert_20221001_fish2_magneto_0,zebrafish 0.1 Hz,white,0.07037037037037037,0.1,250,134,
engert_20221001_fish2_magneto_0,zebrafish 0.1 Hz,real,0.07222222222222222,0.1,250,144,
engert_20221001_fish2_magneto_0,zebrafish 0.1 Hz,detrended + envelope-normalised,0.07222222222222222,0.1,250,119,
engert_20221001_fish2_magneto_0,zebrafish 0.1 Hz,white,0.07222222222222222,0.1,250,139,
engert_20221001_fish2_magneto_0,zebrafish 0.1 Hz,real,0.075,0.1,250,136,
engert_20221001_fish2_magneto_0,zebrafish 0.1 Hz,detrended + envelope-normalised,0.075,0.1,250,105,
engert_20221001_fish2_magneto_0,zebrafish 0.1 Hz,white,0.075,0.1,250,123,
engert_20221001_fish2_magneto_0,zebrafish 0.1 Hz,real,0.07685185185185185,0.1,250,133,
engert_20221001_fish2_magneto_0,zebrafish 0.1 Hz,detrended + envelope-normalised,0.07685185185185185,0.1,250,111,
engert_20221001_fish2_magneto_0,zebrafish 0.1 Hz,white,0.07685185185185185,0.1,250,128,
engert_20221001_fish2_magneto_0,zebrafish 0.1 Hz,real,0.07962962962962963,0.1,250,130,
engert_20221001_fish2_magneto_0,zebrafish 0.1 Hz,detrended + envelope-normalised,0.07962962962962963,0.1,250,117,
engert_20221001_fish2_magneto_0,zebrafish 0.1 Hz,white,0.07962962962962963,0.1,250,124,
engert_20221001_fish2_magneto_0,zebrafish 0.1 Hz,real,0.0824074074074074,0.1,250,131,
engert_20221001_fish2_magneto_0,zebrafish 0.1 Hz,detrended + envelope-normalised,0.0824074074074074,0.1,250,133,
engert_20221001_fish2_magneto_0,zebrafish 0.1 Hz,white,0.0824074074074074,0.1,250,132,
engert_20221001_fish2_magneto_0,zebrafish 0.1 Hz,real,0.08518518518518518,0.1,250,130,
engert_20221001_fish2_magneto_0,zebrafish 0.1 Hz,detrended + envelope-normalised,0.08518518518518518,0.1,250,142,
engert_20221001_fish2_magneto_0,zebrafish 0.1 Hz,white,0.08518518518518518,0.1,250,126,
engert_20221001_fish2_magneto_0,zebrafish 0.1 Hz,real,0.08796296296296297,0.1,250,136,
engert_20221001_fish2_magneto_0,zebrafish 0.1 Hz,detrended + envelope-normalised,0.08796296296296297,0.1,250,133,
engert_20221001_fish2_magneto_0,zebrafish 0.1 Hz,white,0.08796296296296297,0.1,250,127,
engert_20221001_fish2_magneto_0,zebrafish 0.1 Hz,real,0.09074074074074075,0.1,250,143,
engert_20221001_fish2_magneto_0,zebrafish 0.1 Hz,detrended + envelope-normalised,0.09074074074074075,0.1,250,146,
engert_20221001_fish2_magneto_0,zebrafish 0.1 Hz,white,0.09074074074074075,0.1,250,147,
engert_20221001_fish2_magneto_0,zebrafish 0.1 Hz,real,0.09351851851851851,0.1,250,143,
engert_20221001_fish2_magneto_0,zebrafish 0.1 Hz,detrended + envelope-normalised,0.09351851851851851,0.1,250,141,
engert_20221001_fish2_magneto_0,zebrafish 0.1 Hz,white,0.09351851851851851,0.1,250,115,
engert_20221001_fish2_magneto_0,zebrafish 0.1 Hz,real,0.0962962962962963,0.1,250,139,
engert_20221001_fish2_magneto_0,zebrafish 0.1 Hz,detrended + envelope-normalised,0.0962962962962963,0.1,250,140,
engert_20221001_fish2_magneto_0,zebrafish 0.1 Hz,white,0.0962962962962963,0.1,250,134,
engert_20221001_fish2_magneto_0,zebrafish 0.1 Hz,real,0.1,0.1,250,140,
engert_20221001_fish2_magneto_0,zebrafish 0.1 Hz,detrended + envelope-normalised,0.1,0.1,250,139,
engert_20221001_fish2_magneto_0,zebrafish 0.1 Hz,white,0.1,0.1,250,127,
engert_20221001_fish2_magneto_0,zebrafish 0.1 Hz,real,0.10277777777777777,0.1,250,144,
engert_20221001_fish2_magneto_0,zebrafish 0.1 Hz,detrended + envelope-normalised,0.10277777777777777,0.1,250,135,
engert_20221001_fish2_magneto_0,zebrafish 0.1 Hz,white,0.10277777777777777,0.1,250,115,
engert_20221001_fish2_magneto_0,zebrafish 0.1 Hz,real,0.10648148148148148,0.1,250,136,
engert_20221001_fish2_magneto_0,zebrafish 0.1 Hz,detrended + envelope-normalised,0.10648148148148148,0.1,250,130,
engert_20221001_fish2_magneto_0,zebrafish 0.1 Hz,white,0.10648148148148148,0.1,250,128,
engert_20221001_fish2_magneto_0,zebrafish 0.1 Hz,real,0.11018518518518519,0.1,250,126,
engert_20221001_fish2_magneto_0,zebrafish 0.1 Hz,detrended + envelope-normalised,0.11018518518518519,0.1,250,117,
engert_20221001_fish2_magneto_0,zebrafish 0.1 Hz,white,0.11018518518518519,0.1,250,148,
engert_20221001_fish2_magneto_0,zebrafish 0.1 Hz,real,0.11388888888888889,0.1,250,127,
engert_20221001_fish2_magneto_0,zebrafish 0.1 Hz,detrended + envelope-normalised,0.11388888888888889,0.1,250,118,
engert_20221001_fish2_magneto_0,zebrafish 0.1 Hz,white,0.11388888888888889,0.1,250,126,
engert_20221001_fish2_magneto_0,zebrafish 0.1 Hz,real,0.1175925925925926,0.1,250,123,
engert_20221001_fish2_magneto_0,zebrafish 0.1 Hz,detrended + envelope-normalised,0.1175925925925926,0.1,250,125,
engert_20221001_fish2_magneto_0,zebrafish 0.1 Hz,white,0.1175925925925926,0.1,250,136,
engert_20221001_fish2_magneto_0,zebrafish 0.1 Hz,real,0.12129629629629629,0.1,250,142,
engert_20221001_fish2_magneto_0,zebrafish 0.1 Hz,detrended + envelope-normalised,0.12129629629629629,0.1,250,127,
engert_20221001_fish2_magneto_0,zebrafish 0.1 Hz,white,0.12129629629629629,0.1,250,130,
engert_20221001_fish2_magneto_0,zebrafish 0.1 Hz,real,0.125,0.1,250,127,
engert_20221001_fish2_magneto_0,zebrafish 0.1 Hz,detrended + envelope-normalised,0.125,0.1,250,129,
engert_20221001_fish2_magneto_0,zebrafish 0.1 Hz,white,0.125,0.1,250,137,
engert_20221001_fish2_magneto_0,zebrafish 0.1 Hz,real,0.1287037037037037,0.1,250,120,
engert_20221001_fish2_magneto_0,zebrafish 0.1 Hz,detrended + envelope-normalised,0.1287037037037037,0.1,250,127,
engert_20221001_fish2_magneto_0,zebrafish 0.1 Hz,white,0.1287037037037037,0.1,250,131,
engert_20221001_fish2_magneto_0,zebrafish 0.1 Hz,real,0.13333333333333333,0.1,250,143,
engert_20221001_fish2_magneto_0,zebrafish 0.1 Hz,detrended + envelope-normalised,0.13333333333333333,0.1,250,135,
engert_20221001_fish2_magneto_0,zebrafish 0.1 Hz,white,0.13333333333333333,0.1,250,119,
engert_20221001_fish2_magneto_0,zebrafish 0.1 Hz,real,0.13796296296296295,0.1,250,142,
engert_20221001_fish2_magneto_0,zebrafish 0.1 Hz,detrended + envelope-normalised,0.13796296296296295,0.1,250,133,
engert_20221001_fish2_magneto_0,zebrafish 0.1 Hz,white,0.13796296296296295,0.1,250,117,
engert_20221001_fish2_magneto_0,zebrafish 0.1 Hz,real,0.1425925925925926,0.1,250,129,
engert_20221001_fish2_magneto_0,zebrafish 0.1 Hz,detrended + envelope-normalised,0.1425925925925926,0.1,250,129,
engert_20221001_fish2_magneto_0,zebrafish 0.1 Hz,white,0.1425925925925926,0.1,250,141,
engert_20221001_fish2_magneto_0,zebrafish 0.1 Hz,real,0.14722222222222223,0.1,250,137,
engert_20221001_fish2_magneto_0,zebrafish 0.1 Hz,detrended + envelope-normalised,0.14722222222222223,0.1,250,134,
engert_20221001_fish2_magneto_0,zebrafish 0.1 Hz,white,0.14722222222222223,0.1,250,127,
engert_20221001_fish2_magneto_0,zebrafish 0.1 Hz,real,0.15185185185185185,0.1,250,127,
engert_20221001_fish2_magneto_0,zebrafish 0.1 Hz,detrended + envelope-normalised,0.15185185185185185,0.1,250,144,
engert_20221001_fish2_magneto_0,zebrafish 0.1 Hz,white,0.15185185185185185,0.1,250,115,
engert_20221001_fish2_magneto_0,zebrafish 0.1 Hz,real,0.15648148148148147,0.1,250,127,
engert_20221001_fish2_magneto_0,zebrafish 0.1 Hz,detrended + envelope-normalised,0.15648148148148147,0.1,250,142,
engert_20221001_fish2_magneto_0,zebrafish 0.1 Hz,white,0.15648148148148147,0.1,250,141,
engert_20221001_fish2_magneto_0,zebrafish 0.1 Hz,real,0.16203703703703703,0.1,250,142,
engert_20221001_fish2_magneto_0,zebrafish 0.1 Hz,detrended + envelope-normalised,0.16203703703703703,0.1,250,143,
engert_20221001_fish2_magneto_0,zebrafish 0.1 Hz,white,0.16203703703703703,0.1,250,116,
engert_20221001_fish2_magneto_0,zebrafish 0.1 Hz,real,0.16666666666666666,0.1,250,134,
engert_20221001_fish2_magneto_0,zebrafish 0.1 Hz,detrended + envelope-normalised,0.16666666666666666,0.1,250,116,
engert_20221001_fish2_magneto_0,zebrafish 0.1 Hz,white,0.16666666666666666,0.1,250,113,
engert_20221001_fish2_magneto_0,zebrafish 0.1 Hz,real,0.17222222222222222,0.1,250,141,
engert_20221001_fish2_magneto_0,zebrafish 0.1 Hz,detrended + envelope-normalised,0.17222222222222222,0.1,250,125,
engert_20221001_fish2_magneto_0,zebrafish 0.1 Hz,white,0.17222222222222222,0.1,250,133,
engert_20221001_fish2_magneto_0,zebrafish 0.1 Hz,real,0.17777777777777778,0.1,250,151,
engert_20221001_fish2_magneto_0,zebrafish 0.1 Hz,detrended + envelope-normalised,0.17777777777777778,0.1,250,136,
engert_20221001_fish2_magneto_0,zebrafish 0.1 Hz,white,0.17777777777777778,0.1,250,119,
engert_20221001_fish2_magneto_0,zebrafish 0.1 Hz,real,0.18425925925925926,0.1,250,151,
engert_20221001_fish2_magneto_0,zebrafish 0.1 Hz,detrended + envelope-normalised,0.18425925925925926,0.1,250,147,
engert_20221001_fish2_magneto_0,zebrafish 0.1 Hz,white,0.18425925925925926,0.1,250,126,
engert_20221001_fish2_magneto_0,zebrafish 0.1 Hz,real,0.18981481481481483,0.1,250,135,
engert_20221001_fish2_magneto_0,zebrafish 0.1 Hz,detrended + envelope-normalised,0.18981481481481483,0.1,250,142,
engert_20221001_fish2_magneto_0,zebrafish 0.1 Hz,white,0.18981481481481483,0.1,250,125,
engert_20221001_fish2_magneto_0,zebrafish 0.1 Hz,real,0.1962962962962963,0.1,250,125,
engert_20221001_fish2_magneto_0,zebrafish 0.1 Hz,detrended + envelope-normalised,0.1962962962962963,0.1,250,136,
engert_20221001_fish2_magneto_0,zebrafish 0.1 Hz,white,0.1962962962962963,0.1,250,128,
engert_20221001_fish2_magneto_0,zebrafish 0.1 Hz,real,0.20277777777777778,0.1,250,133,
engert_20221001_fish2_magneto_0,zebrafish 0.1 Hz,detrended + envelope-normalised,0.20277777777777778,0.1,250,146,
engert_20221001_fish2_magneto_0,zebrafish 0.1 Hz,white,0.20277777777777778,0.1,250,131,
engert_20221001_fish2_magneto_0,zebrafish 0.1 Hz,real,0.20925925925925926,0.1,250,142,
engert_20221001_fish2_magneto_0,zebrafish 0.1 Hz,detrended + envelope-normalised,0.20925925925925926,0.1,250,130,
engert_20221001_fish2_magneto_0,zebrafish 0.1 Hz,white,0.20925925925925926,0.1,250,131,
engert_20221001_fish2_magneto_0,zebrafish 0.1 Hz,real,0.21666666666666667,0.1,250,133,
engert_20221001_fish2_magneto_0,zebrafish 0.1 Hz,detrended + envelope-normalised,0.21666666666666667,0.1,250,142,
engert_20221001_fish2_magneto_0,zebrafish 0.1 Hz,white,0.21666666666666667,0.1,250,125,
engert_20221001_fish2_magneto_0,zebrafish 0.1 Hz,real,0.22314814814814815,0.1,250,131,
engert_20221001_fish2_magneto_0,zebrafish 0.1 Hz,detrended + envelope-normalised,0.22314814814814815,0.1,250,123,
engert_20221001_fish2_magneto_0,zebrafish 0.1 Hz,white,0.22314814814814815,0.1,250,132,
engert_20221001_fish2_magneto_0,zebrafish 0.1 Hz,real,0.23055555555555557,0.1,250,136,
engert_20221001_fish2_magneto_0,zebrafish 0.1 Hz,detrended + envelope-normalised,0.23055555555555557,0.1,250,135,
engert_20221001_fish2_magneto_0,zebrafish 0.1 Hz,white,0.23055555555555557,0.1,250,125,
engert_20221001_fish2_magneto_0,zebrafish 0.1 Hz,real,0.23796296296296296,0.1,250,121,
engert_20221001_fish2_magneto_0,zebrafish 0.1 Hz,detrended + envelope-normalised,0.23796296296296296,0.1,250,117,
engert_20221001_fish2_magneto_0,zebrafish 0.1 Hz,white,0.23796296296296296,0.1,250,128,
engert_20221001_fish2_magneto_0,zebrafish 0.1 Hz,real,0.2462962962962963,0.1,250,144,
engert_20221001_fish2_magneto_0,zebrafish 0.1 Hz,detrended + envelope-normalised,0.2462962962962963,0.1,250,139,
engert_20221001_fish2_magneto_0,zebrafish 0.1 Hz,white,0.2462962962962963,0.1,250,115,
engert_20221001_fish2_magneto_0,zebrafish 0.1 Hz,real,0.2537037037037037,0.1,250,139,
engert_20221001_fish2_magneto_0,zebrafish 0.1 Hz,detrended + envelope-normalised,0.2537037037037037,0.1,250,130,
engert_20221001_fish2_magneto_0,zebrafish 0.1 Hz,white,0.2537037037037037,0.1,250,129,
engert_20221001_fish2_magneto_0,zebrafish 0.1 Hz,real,0.262037037037037,0.1,250,133,
engert_20221001_fish2_magneto_0,zebrafish 0.1 Hz,detrended + envelope-normalised,0.262037037037037,0.1,250,123,
engert_20221001_fish2_magneto_0,zebrafish 0.1 Hz,white,0.262037037037037,0.1,250,128,
engert_20221001_fish2_magneto_0,zebrafish 0.1 Hz,real,0.2712962962962963,0.1,250,152,
engert_20221001_fish2_magneto_0,zebrafish 0.1 Hz,detrended + envelope-normalised,0.2712962962962963,0.1,250,143,
engert_20221001_fish2_magneto_0,zebrafish 0.1 Hz,white,0.2712962962962963,0.1,250,131,
engert_20221001_fish2_magneto_0,zebrafish 0.1 Hz,real,0.2796296296296296,0.1,250,130,
engert_20221001_fish2_magneto_0,zebrafish 0.1 Hz,detrended + envelope-normalised,0.2796296296296296,0.1,250,124,
engert_20221001_fish2_magneto_0,zebrafish 0.1 Hz,white,0.2796296296296296,0.1,250,113,
engert_20221001_fish2_magneto_0,zebrafish 0.1 Hz,real,0.28888888888888886,0.1,250,149,
engert_20221001_fish2_magneto_0,zebrafish 0.1 Hz,detrended + envelope-normalised,0.28888888888888886,0.1,250,142,
engert_20221001_fish2_magneto_0,zebrafish 0.1 Hz,white,0.28888888888888886,0.1,250,130,
engert_20221001_fish2_magneto_0,zebrafish 0.1 Hz,real,0.29814814814814816,0.1,250,130,
engert_20221001_fish2_magneto_0,zebrafish 0.1 Hz,detrended + envelope-normalised,0.29814814814814816,0.1,250,126,
engert_20221001_fish2_magneto_0,zebrafish 0.1 Hz,white,0.29814814814814816,0.1,250,131,
engert_20221001_fish2_magneto_0,zebrafish 0.1 Hz,real,0.30833333333333335,0.1,250,141,
engert_20221001_fish2_magneto_0,zebrafish 0.1 Hz,detrended + envelope-normalised,0.30833333333333335,0.1,250,130,
engert_20221001_fish2_magneto_0,zebrafish 0.1 Hz,white,0.30833333333333335,0.1,250,139,
engert_20221001_fish2_magneto_0,zebrafish 0.1 Hz,real,0.31851851851851853,0.1,250,148,
engert_20221001_fish2_magneto_0,zebrafish 0.1 Hz,detrended + envelope-normalised,0.31851851851851853,0.1,250,139,
engert_20221001_fish2_magneto_0,zebrafish 0.1 Hz,white,0.31851851851851853,0.1,250,127,
engert_20221001_fish2_magneto_0,zebrafish 0.1 Hz,real,0.3287037037037037,0.1,250,144,
engert_20221001_fish2_magneto_0,zebrafish 0.1 Hz,detrended + envelope-normalised,0.3287037037037037,0.1,250,141,
engert_20221001_fish2_magneto_0,zebrafish 0.1 Hz,white,0.3287037037037037,0.1,250,129,
engert_20221001_fish2_magneto_0,zebrafish 0.1 Hz,real,0.3388888888888889,0.1,250,138,
engert_20221001_fish2_magneto_0,zebrafish 0.1 Hz,detrended + envelope-normalised,0.3388888888888889,0.1,250,129,
engert_20221001_fish2_magneto_0,zebrafish 0.1 Hz,white,0.3388888888888889,0.1,250,116,
engert_20221001_fish2_magneto_0,zebrafish 0.1 Hz,real,0.35,0.1,250,146,
engert_20221001_fish2_magneto_0,zebrafish 0.1 Hz,detrended + envelope-normalised,0.35,0.1,250,137,
engert_20221001_fish2_magneto_0,zebrafish 0.1 Hz,white,0.35,0.1,250,120,
engert_20221001_fish2_magneto_0,zebrafish 0.1 Hz,real,0.36203703703703705,0.1,250,155,
engert_20221001_fish2_magneto_0,zebrafish 0.1 Hz,detrended + envelope-normalised,0.36203703703703705,0.1,250,140,
engert_20221001_fish2_magneto_0,zebrafish 0.1 Hz,white,0.36203703703703705,0.1,250,116,
engert_20221001_fish2_magneto_0,zebrafish 0.1 Hz,real,0.37407407407407406,0.1,250,129,
engert_20221001_fish2_magneto_0,zebrafish 0.1 Hz,detrended + envelope-normalised,0.37407407407407406,0.1,250,128,
engert_20221001_fish2_magneto_0,zebrafish 0.1 Hz,white,0.37407407407407406,0.1,250,129,
engert_20221001_fish2_magneto_0,zebrafish 0.1 Hz,real,0.3861111111111111,0.1,250,130,
engert_20221001_fish2_magneto_0,zebrafish 0.1 Hz,detrended + envelope-normalised,0.3861111111111111,0.1,250,134,
engert_20221001_fish2_magneto_0,zebrafish 0.1 Hz,white,0.3861111111111111,0.1,250,140,
engert_20221001_fish2_magneto_0,zebrafish 0.1 Hz,real,0.39814814814814814,0.1,250,138,
engert_20221001_fish2_magneto_0,zebrafish 0.1 Hz,detrended + envelope-normalised,0.39814814814814814,0.1,250,130,
engert_20221001_fish2_magneto_0,zebrafish 0.1 Hz,white,0.39814814814814814,0.1,250,122,
engert_20221001_fish2_magneto_0,zebrafish 0.1 Hz,real,0.4111111111111111,0.1,250,141,
engert_20221001_fish2_magneto_0,zebrafish 0.1 Hz,detrended + envelope-normalised,0.4111111111111111,0.1,250,132,
engert_20221001_fish2_magneto_0,zebrafish 0.1 Hz,white,0.4111111111111111,0.1,250,128,
engert_20221001_fish2_magneto_0,zebrafish 0.1 Hz,real,0.425,0.1,250,146,
engert_20221001_fish2_magneto_0,zebrafish 0.1 Hz,detrended + envelope-normalised,0.425,0.1,250,131,
engert_20221001_fish2_magneto_0,zebrafish 0.1 Hz,white,0.425,0.1,250,117,
engert_20221001_fish2_magneto_0,zebrafish 0.1 Hz,real,0.4388888888888889,0.1,250,138,
engert_20221001_fish2_magneto_0,zebrafish 0.1 Hz,detrended + envelope-normalised,0.4388888888888889,0.1,250,137,
engert_20221001_fish2_magneto_0,zebrafish 0.1 Hz,white,0.4388888888888889,0.1,250,125,
engert_20221001_fish2_magneto_0,zebrafish 0.1 Hz,real,0.4527777777777778,0.1,250,151,
engert_20221001_fish2_magneto_0,zebrafish 0.1 Hz,detrended + envelope-normalised,0.4527777777777778,0.1,250,139,
engert_20221001_fish2_magneto_0,zebrafish 0.1 Hz,white,0.4527777777777778,0.1,250,134,
engert_20221001_fish2_magneto_0,zebrafish 0.1 Hz,real,0.4685185185185185,0.1,250,139,
engert_20221001_fish2_magneto_0,zebrafish 0.1 Hz,detrended + envelope-normalised,0.4685185185185185,0.1,250,123,
engert_20221001_fish2_magneto_0,zebrafish 0.1 Hz,white,0.4685185185185185,0.1,250,115,
engert_20221001_fish2_magneto_0,zebrafish 0.1 Hz,near stimulus,0.07222222222222222,0.1,250,144,-30.0
engert_20221001_fish2_magneto_0,zebrafish 0.1 Hz,near stimulus,0.07314814814814814,0.1,250,135,-29.0
engert_20221001_fish2_magneto_0,zebrafish 0.1 Hz,near stimulus,0.07407407407407407,0.1,250,138,-28.0
engert_20221001_fish2_magneto_0,zebrafish 0.1 Hz,near stimulus,0.075,0.1,250,136,-27.0
engert_20221001_fish2_magneto_0,zebrafish 0.1 Hz,near stimulus,0.07592592592592592,0.1,250,126,-26.0
engert_20221001_fish2_magneto_0,zebrafish 0.1 Hz,near stimulus,0.07685185185185185,0.1,250,133,-25.0
engert_20221001_fish2_magneto_0,zebrafish 0.1 Hz,near stimulus,0.07777777777777778,0.1,250,124,-24.0
engert_20221001_fish2_magneto_0,zebrafish 0.1 Hz,near stimulus,0.0787037037037037,0.1,250,136,-23.0
engert_20221001_fish2_magneto_0,zebrafish 0.1 Hz,near stimulus,0.07962962962962963,0.1,250,130,-22.0
engert_20221001_fish2_magneto_0,zebrafish 0.1 Hz,near stimulus,0.08055555555555556,0.1,250,130,-21.0
engert_20221001_fish2_magneto_0,zebrafish 0.1 Hz,near stimulus,0.08148148148148149,0.1,250,127,-20.0
engert_20221001_fish2_magneto_0,zebrafish 0.1 Hz,near stimulus,0.0824074074074074,0.1,250,131,-19.0
engert_20221001_fish2_magneto_0,zebrafish 0.1 Hz,near stimulus,0.08333333333333333,0.1,250,127,-18.0
engert_20221001_fish2_magneto_0,zebrafish 0.1 Hz,near stimulus,0.08425925925925926,0.1,250,121,-17.0
engert_20221001_fish2_magneto_0,zebrafish 0.1 Hz,near stimulus,0.08518518518518518,0.1,250,130,-16.0
engert_20221001_fish2_magneto_0,zebrafish 0.1 Hz,near stimulus,0.08611111111111111,0.1,250,129,-15.0
engert_20221001_fish2_magneto_0,zebrafish 0.1 Hz,near stimulus,0.08703703703703704,0.1,250,132,-14.0
engert_20221001_fish2_magneto_0,zebrafish 0.1 Hz,near stimulus,0.08796296296296297,0.1,250,136,-13.0
engert_20221001_fish2_magneto_0,zebrafish 0.1 Hz,near stimulus,0.08888888888888889,0.1,250,126,-12.0
engert_20221001_fish2_magneto_0,zebrafish 0.1 Hz,near stimulus,0.08981481481481482,0.1,250,127,-11.0
engert_20221001_fish2_magneto_0,zebrafish 0.1 Hz,near stimulus,0.09074074074074075,0.1,250,143,-10.0
engert_20221001_fish2_magneto_0,zebrafish 0.1 Hz,near stimulus,0.09166666666666666,0.1,250,131,-9.0
engert_20221001_fish2_magneto_0,zebrafish 0.1 Hz,near stimulus,0.09259259259259259,0.1,250,133,-8.0
engert_20221001_fish2_magneto_0,zebrafish 0.1 Hz,near stimulus,0.09351851851851851,0.1,250,143,-7.0
engert_20221001_fish2_magneto_0,zebrafish 0.1 Hz,near stimulus,0.09444444444444444,0.1,250,143,-6.0
engert_20221001_fish2_magneto_0,zebrafish 0.1 Hz,near stimulus,0.09537037037037037,0.1,250,152,-5.0
engert_20221001_fish2_magneto_0,zebrafish 0.1 Hz,near stimulus,0.0962962962962963,0.1,250,139,-4.0
engert_20221001_fish2_magneto_0,zebrafish 0.1 Hz,near stimulus,0.09722222222222222,0.1,250,121,-3.0
engert_20221001_fish2_magneto_0,zebrafish 0.1 Hz,near stimulus,0.09814814814814815,0.1,250,139,-2.0
engert_20221001_fish2_magneto_0,zebrafish 0.1 Hz,near stimulus,0.09907407407407408,0.1,250,125,-1.0
engert_20221001_fish2_magneto_0,zebrafish 0.1 Hz,near stimulus,0.1,0.1,250,140,0.0
engert_20221001_fish2_magneto_0,zebrafish 0.1 Hz,near stimulus,0.10092592592592593,0.1,250,133,1.0
engert_20221001_fish2_magneto_0,zebrafish 0.1 Hz,near stimulus,0.10185185185185185,0.1,250,135,2.0
engert_20221001_fish2_magneto_0,zebrafish 0.1 Hz,near stimulus,0.10277777777777777,0.1,250,144,3.0
engert_20221001_fish2_magneto_0,zebrafish 0.1 Hz,near stimulus,0.1037037037037037,0.1,250,143,4.0
engert_20221001_fish2_magneto_0,zebrafish 0.1 Hz,near stimulus,0.10462962962962963,0.1,250,132,5.0
engert_20221001_fish2_magneto_0,zebrafish 0.1 Hz,near stimulus,0.10555555555555556,0.1,250,151,6.0
engert_20221001_fish2_magneto_0,zebrafish 0.1 Hz,near stimulus,0.10648148148148148,0.1,250,136,7.0
engert_20221001_fish2_magneto_0,zebrafish 0.1 Hz,near stimulus,0.10740740740740741,0.1,250,141,8.0
engert_20221001_fish2_magneto_0,zebrafish 0.1 Hz,near stimulus,0.10833333333333334,0.1,250,143,9.0
engert_20221001_fish2_magneto_0,zebrafish 0.1 Hz,near stimulus,0.10925925925925926,0.1,250,140,10.0
engert_20221001_fish2_magneto_0,zebrafish 0.1 Hz,near stimulus,0.11018518518518519,0.1,250,126,11.0
engert_20221001_fish2_magneto_0,zebrafish 0.1 Hz,near stimulus,0.1111111111111111,0.1,250,137,12.0
engert_20221001_fish2_magneto_0,zebrafish 0.1 Hz,near stimulus,0.11203703703703703,0.1,250,134,13.0
engert_20221001_fish2_magneto_0,zebrafish 0.1 Hz,near stimulus,0.11296296296296296,0.1,250,149,14.0
engert_20221001_fish2_magneto_0,zebrafish 0.1 Hz,near stimulus,0.11388888888888889,0.1,250,127,15.0
engert_20221001_fish2_magneto_0,zebrafish 0.1 Hz,near stimulus,0.11481481481481481,0.1,250,141,16.0
engert_20221001_fish2_magneto_0,zebrafish 0.1 Hz,near stimulus,0.11574074074074074,0.1,250,136,17.0
engert_20221001_fish2_magneto_0,zebrafish 0.1 Hz,near stimulus,0.11666666666666667,0.1,250,135,18.0
engert_20221001_fish2_magneto_0,zebrafish 0.1 Hz,near stimulus,0.1175925925925926,0.1,250,123,19.0
engert_20221001_fish2_magneto_0,zebrafish 0.1 Hz,near stimulus,0.11851851851851852,0.1,250,138,20.0
engert_20221001_fish2_magneto_0,zebrafish 0.1 Hz,near stimulus,0.11944444444444445,0.1,250,148,21.0
engert_20221001_fish2_magneto_0,zebrafish 0.1 Hz,near stimulus,0.12037037037037036,0.1,250,142,22.0
engert_20221001_fish2_magneto_0,zebrafish 0.1 Hz,near stimulus,0.12129629629629629,0.1,250,142,23.0
engert_20221001_fish2_magneto_0,zebrafish 0.1 Hz,near stimulus,0.12222222222222222,0.1,250,140,24.0
engert_20221001_fish2_magneto_0,zebrafish 0.1 Hz,near stimulus,0.12314814814814815,0.1,250,123,25.0
engert_20221001_fish2_magneto_0,zebrafish 0.1 Hz,near stimulus,0.12407407407407407,0.1,250,122,26.0
engert_20221001_fish2_magneto_0,zebrafish 0.1 Hz,near stimulus,0.125,0.1,250,127,27.0
engert_20221001_fish2_magneto_0,zebrafish 0.1 Hz,near stimulus,0.1259259259259259,0.1,250,130,28.0
engert_20221001_fish2_magneto_0,zebrafish 0.1 Hz,near stimulus,0.12685185185185185,0.1,250,129,29.0
engert_20221001_fish2_magneto_0,zebrafish 0.1 Hz,near stimulus,0.12777777777777777,0.1,250,125,30.0
engert_20221001_fish2_magneto_1,zebrafish 0.1 Hz,real,0.07037037037037037,0.1,275,143,
engert_20221001_fish2_magneto_1,zebrafish 0.1 Hz,detrended + envelope-normalised,0.07037037037037037,0.1,275,136,
engert_20221001_fish2_magneto_1,zebrafish 0.1 Hz,white,0.07037037037037037,0.1,275,134,
engert_20221001_fish2_magneto_1,zebrafish 0.1 Hz,real,0.07222222222222222,0.1,275,136,
engert_20221001_fish2_magneto_1,zebrafish 0.1 Hz,detrended + envelope-normalised,0.07222222222222222,0.1,275,124,
engert_20221001_fish2_magneto_1,zebrafish 0.1 Hz,white,0.07222222222222222,0.1,275,136,
engert_20221001_fish2_magneto_1,zebrafish 0.1 Hz,real,0.075,0.1,275,135,
engert_20221001_fish2_magneto_1,zebrafish 0.1 Hz,detrended + envelope-normalised,0.075,0.1,275,123,
engert_20221001_fish2_magneto_1,zebrafish 0.1 Hz,white,0.075,0.1,275,147,
engert_20221001_fish2_magneto_1,zebrafish 0.1 Hz,real,0.07685185185185185,0.1,275,143,
engert_20221001_fish2_magneto_1,zebrafish 0.1 Hz,detrended + envelope-normalised,0.07685185185185185,0.1,275,132,
engert_20221001_fish2_magneto_1,zebrafish 0.1 Hz,white,0.07685185185185185,0.1,275,130,
engert_20221001_fish2_magneto_1,zebrafish 0.1 Hz,real,0.07962962962962963,0.1,275,130,
engert_20221001_fish2_magneto_1,zebrafish 0.1 Hz,detrended + envelope-normalised,0.07962962962962963,0.1,275,128,
engert_20221001_fish2_magneto_1,zebrafish 0.1 Hz,white,0.07962962962962963,0.1,275,152,
engert_20221001_fish2_magneto_1,zebrafish 0.1 Hz,real,0.0824074074074074,0.1,275,142,
engert_20221001_fish2_magneto_1,zebrafish 0.1 Hz,detrended + envelope-normalised,0.0824074074074074,0.1,275,140,
engert_20221001_fish2_magneto_1,zebrafish 0.1 Hz,white,0.0824074074074074,0.1,275,137,
engert_20221001_fish2_magneto_1,zebrafish 0.1 Hz,real,0.08518518518518518,0.1,275,149,
engert_20221001_fish2_magneto_1,zebrafish 0.1 Hz,detrended + envelope-normalised,0.08518518518518518,0.1,275,130,
engert_20221001_fish2_magneto_1,zebrafish 0.1 Hz,white,0.08518518518518518,0.1,275,143,
engert_20221001_fish2_magneto_1,zebrafish 0.1 Hz,real,0.08796296296296297,0.1,275,146,
engert_20221001_fish2_magneto_1,zebrafish 0.1 Hz,detrended + envelope-normalised,0.08796296296296297,0.1,275,148,
engert_20221001_fish2_magneto_1,zebrafish 0.1 Hz,white,0.08796296296296297,0.1,275,137,
engert_20221001_fish2_magneto_1,zebrafish 0.1 Hz,real,0.09074074074074075,0.1,275,142,
engert_20221001_fish2_magneto_1,zebrafish 0.1 Hz,detrended + envelope-normalised,0.09074074074074075,0.1,275,142,
engert_20221001_fish2_magneto_1,zebrafish 0.1 Hz,white,0.09074074074074075,0.1,275,134,
engert_20221001_fish2_magneto_1,zebrafish 0.1 Hz,real,0.09351851851851851,0.1,275,147,
engert_20221001_fish2_magneto_1,zebrafish 0.1 Hz,detrended + envelope-normalised,0.09351851851851851,0.1,275,138,
engert_20221001_fish2_magneto_1,zebrafish 0.1 Hz,white,0.09351851851851851,0.1,275,129,
engert_20221001_fish2_magneto_1,zebrafish 0.1 Hz,real,0.0962962962962963,0.1,275,134,
engert_20221001_fish2_magneto_1,zebrafish 0.1 Hz,detrended + envelope-normalised,0.0962962962962963,0.1,275,141,
engert_20221001_fish2_magneto_1,zebrafish 0.1 Hz,white,0.0962962962962963,0.1,275,136,
engert_20221001_fish2_magneto_1,zebrafish 0.1 Hz,real,0.1,0.1,275,145,
engert_20221001_fish2_magneto_1,zebrafish 0.1 Hz,detrended + envelope-normalised,0.1,0.1,275,148,
engert_20221001_fish2_magneto_1,zebrafish 0.1 Hz,white,0.1,0.1,275,146,
engert_20221001_fish2_magneto_1,zebrafish 0.1 Hz,real,0.10277777777777777,0.1,275,137,
engert_20221001_fish2_magneto_1,zebrafish 0.1 Hz,detrended + envelope-normalised,0.10277777777777777,0.1,275,137,
engert_20221001_fish2_magneto_1,zebrafish 0.1 Hz,white,0.10277777777777777,0.1,275,135,
engert_20221001_fish2_magneto_1,zebrafish 0.1 Hz,real,0.10648148148148148,0.1,275,143,
engert_20221001_fish2_magneto_1,zebrafish 0.1 Hz,detrended + envelope-normalised,0.10648148148148148,0.1,275,123,
engert_20221001_fish2_magneto_1,zebrafish 0.1 Hz,white,0.10648148148148148,0.1,275,132,
engert_20221001_fish2_magneto_1,zebrafish 0.1 Hz,real,0.11018518518518519,0.1,275,148,
engert_20221001_fish2_magneto_1,zebrafish 0.1 Hz,detrended + envelope-normalised,0.11018518518518519,0.1,275,124,
engert_20221001_fish2_magneto_1,zebrafish 0.1 Hz,white,0.11018518518518519,0.1,275,144,
engert_20221001_fish2_magneto_1,zebrafish 0.1 Hz,real,0.11388888888888889,0.1,275,137,
engert_20221001_fish2_magneto_1,zebrafish 0.1 Hz,detrended + envelope-normalised,0.11388888888888889,0.1,275,128,
engert_20221001_fish2_magneto_1,zebrafish 0.1 Hz,white,0.11388888888888889,0.1,275,124,
engert_20221001_fish2_magneto_1,zebrafish 0.1 Hz,real,0.1175925925925926,0.1,275,161,
engert_20221001_fish2_magneto_1,zebrafish 0.1 Hz,detrended + envelope-normalised,0.1175925925925926,0.1,275,148,
engert_20221001_fish2_magneto_1,zebrafish 0.1 Hz,white,0.1175925925925926,0.1,275,139,
engert_20221001_fish2_magneto_1,zebrafish 0.1 Hz,real,0.12129629629629629,0.1,275,140,
engert_20221001_fish2_magneto_1,zebrafish 0.1 Hz,detrended + envelope-normalised,0.12129629629629629,0.1,275,131,
engert_20221001_fish2_magneto_1,zebrafish 0.1 Hz,white,0.12129629629629629,0.1,275,143,
engert_20221001_fish2_magneto_1,zebrafish 0.1 Hz,real,0.125,0.1,275,154,
engert_20221001_fish2_magneto_1,zebrafish 0.1 Hz,detrended + envelope-normalised,0.125,0.1,275,143,
engert_20221001_fish2_magneto_1,zebrafish 0.1 Hz,white,0.125,0.1,275,145,
engert_20221001_fish2_magneto_1,zebrafish 0.1 Hz,real,0.1287037037037037,0.1,275,157,
engert_20221001_fish2_magneto_1,zebrafish 0.1 Hz,detrended + envelope-normalised,0.1287037037037037,0.1,275,140,
engert_20221001_fish2_magneto_1,zebrafish 0.1 Hz,white,0.1287037037037037,0.1,275,147,
engert_20221001_fish2_magneto_1,zebrafish 0.1 Hz,real,0.13333333333333333,0.1,275,147,
engert_20221001_fish2_magneto_1,zebrafish 0.1 Hz,detrended + envelope-normalised,0.13333333333333333,0.1,275,129,
engert_20221001_fish2_magneto_1,zebrafish 0.1 Hz,white,0.13333333333333333,0.1,275,145,
engert_20221001_fish2_magneto_1,zebrafish 0.1 Hz,real,0.13796296296296295,0.1,275,150,
engert_20221001_fish2_magneto_1,zebrafish 0.1 Hz,detrended + envelope-normalised,0.13796296296296295,0.1,275,124,
engert_20221001_fish2_magneto_1,zebrafish 0.1 Hz,white,0.13796296296296295,0.1,275,132,
engert_20221001_fish2_magneto_1,zebrafish 0.1 Hz,real,0.1425925925925926,0.1,275,153,
engert_20221001_fish2_magneto_1,zebrafish 0.1 Hz,detrended + envelope-normalised,0.1425925925925926,0.1,275,136,
engert_20221001_fish2_magneto_1,zebrafish 0.1 Hz,white,0.1425925925925926,0.1,275,145,
engert_20221001_fish2_magneto_1,zebrafish 0.1 Hz,real,0.14722222222222223,0.1,275,157,
engert_20221001_fish2_magneto_1,zebrafish 0.1 Hz,detrended + envelope-normalised,0.14722222222222223,0.1,275,139,
engert_20221001_fish2_magneto_1,zebrafish 0.1 Hz,white,0.14722222222222223,0.1,275,138,
engert_20221001_fish2_magneto_1,zebrafish 0.1 Hz,real,0.15185185185185185,0.1,275,164,
engert_20221001_fish2_magneto_1,zebrafish 0.1 Hz,detrended + envelope-normalised,0.15185185185185185,0.1,275,150,
engert_20221001_fish2_magneto_1,zebrafish 0.1 Hz,white,0.15185185185185185,0.1,275,132,
engert_20221001_fish2_magneto_1,zebrafish 0.1 Hz,real,0.15648148148148147,0.1,275,160,
engert_20221001_fish2_magneto_1,zebrafish 0.1 Hz,detrended + envelope-normalised,0.15648148148148147,0.1,275,150,
engert_20221001_fish2_magneto_1,zebrafish 0.1 Hz,white,0.15648148148148147,0.1,275,144,
engert_20221001_fish2_magneto_1,zebrafish 0.1 Hz,real,0.16203703703703703,0.1,275,148,
engert_20221001_fish2_magneto_1,zebrafish 0.1 Hz,detrended + envelope-normalised,0.16203703703703703,0.1,275,151,
engert_20221001_fish2_magneto_1,zebrafish 0.1 Hz,white,0.16203703703703703,0.1,275,139,
engert_20221001_fish2_magneto_1,zebrafish 0.1 Hz,real,0.16666666666666666,0.1,275,139,
engert_20221001_fish2_magneto_1,zebrafish 0.1 Hz,detrended + envelope-normalised,0.16666666666666666,0.1,275,134,
engert_20221001_fish2_magneto_1,zebrafish 0.1 Hz,white,0.16666666666666666,0.1,275,134,
engert_20221001_fish2_magneto_1,zebrafish 0.1 Hz,real,0.17222222222222222,0.1,275,129,
engert_20221001_fish2_magneto_1,zebrafish 0.1 Hz,detrended + envelope-normalised,0.17222222222222222,0.1,275,130,
engert_20221001_fish2_magneto_1,zebrafish 0.1 Hz,white,0.17222222222222222,0.1,275,138,
engert_20221001_fish2_magneto_1,zebrafish 0.1 Hz,real,0.17777777777777778,0.1,275,149,
engert_20221001_fish2_magneto_1,zebrafish 0.1 Hz,detrended + envelope-normalised,0.17777777777777778,0.1,275,138,
engert_20221001_fish2_magneto_1,zebrafish 0.1 Hz,white,0.17777777777777778,0.1,275,153,
engert_20221001_fish2_magneto_1,zebrafish 0.1 Hz,real,0.18425925925925926,0.1,275,151,
engert_20221001_fish2_magneto_1,zebrafish 0.1 Hz,detrended + envelope-normalised,0.18425925925925926,0.1,275,144,
engert_20221001_fish2_magneto_1,zebrafish 0.1 Hz,white,0.18425925925925926,0.1,275,145,
engert_20221001_fish2_magneto_1,zebrafish 0.1 Hz,real,0.18981481481481483,0.1,275,136,
engert_20221001_fish2_magneto_1,zebrafish 0.1 Hz,detrended + envelope-normalised,0.18981481481481483,0.1,275,150,
engert_20221001_fish2_magneto_1,zebrafish 0.1 Hz,white,0.18981481481481483,0.1,275,132,
engert_20221001_fish2_magneto_1,zebrafish 0.1 Hz,real,0.1962962962962963,0.1,275,155,
engert_20221001_fish2_magneto_1,zebrafish 0.1 Hz,detrended + envelope-normalised,0.1962962962962963,0.1,275,152,
engert_20221001_fish2_magneto_1,zebrafish 0.1 Hz,white,0.1962962962962963,0.1,275,140,
engert_20221001_fish2_magneto_1,zebrafish 0.1 Hz,real,0.20277777777777778,0.1,275,137,
engert_20221001_fish2_magneto_1,zebrafish 0.1 Hz,detrended + envelope-normalised,0.20277777777777778,0.1,275,133,
engert_20221001_fish2_magneto_1,zebrafish 0.1 Hz,white,0.20277777777777778,0.1,275,147,
engert_20221001_fish2_magneto_1,zebrafish 0.1 Hz,real,0.20925925925925926,0.1,275,149,
engert_20221001_fish2_magneto_1,zebrafish 0.1 Hz,detrended + envelope-normalised,0.20925925925925926,0.1,275,135,
engert_20221001_fish2_magneto_1,zebrafish 0.1 Hz,white,0.20925925925925926,0.1,275,134,
engert_20221001_fish2_magneto_1,zebrafish 0.1 Hz,real,0.21666666666666667,0.1,275,146,
engert_20221001_fish2_magneto_1,zebrafish 0.1 Hz,detrended + envelope-normalised,0.21666666666666667,0.1,275,152,
engert_20221001_fish2_magneto_1,zebrafish 0.1 Hz,white,0.21666666666666667,0.1,275,143,
engert_20221001_fish2_magneto_1,zebrafish 0.1 Hz,real,0.22314814814814815,0.1,275,158,
engert_20221001_fish2_magneto_1,zebrafish 0.1 Hz,detrended + envelope-normalised,0.22314814814814815,0.1,275,147,
engert_20221001_fish2_magneto_1,zebrafish 0.1 Hz,white,0.22314814814814815,0.1,275,130,
engert_20221001_fish2_magneto_1,zebrafish 0.1 Hz,real,0.23055555555555557,0.1,275,153,
engert_20221001_fish2_magneto_1,zebrafish 0.1 Hz,detrended + envelope-normalised,0.23055555555555557,0.1,275,148,
engert_20221001_fish2_magneto_1,zebrafish 0.1 Hz,white,0.23055555555555557,0.1,275,154,
engert_20221001_fish2_magneto_1,zebrafish 0.1 Hz,real,0.23796296296296296,0.1,275,144,
engert_20221001_fish2_magneto_1,zebrafish 0.1 Hz,detrended + envelope-normalised,0.23796296296296296,0.1,275,138,
engert_20221001_fish2_magneto_1,zebrafish 0.1 Hz,white,0.23796296296296296,0.1,275,132,
engert_20221001_fish2_magneto_1,zebrafish 0.1 Hz,real,0.2462962962962963,0.1,275,147,
engert_20221001_fish2_magneto_1,zebrafish 0.1 Hz,detrended + envelope-normalised,0.2462962962962963,0.1,275,137,
engert_20221001_fish2_magneto_1,zebrafish 0.1 Hz,white,0.2462962962962963,0.1,275,133,
engert_20221001_fish2_magneto_1,zebrafish 0.1 Hz,real,0.2537037037037037,0.1,275,158,
engert_20221001_fish2_magneto_1,zebrafish 0.1 Hz,detrended + envelope-normalised,0.2537037037037037,0.1,275,164,
engert_20221001_fish2_magneto_1,zebrafish 0.1 Hz,white,0.2537037037037037,0.1,275,134,
engert_20221001_fish2_magneto_1,zebrafish 0.1 Hz,real,0.262037037037037,0.1,275,143,
engert_20221001_fish2_magneto_1,zebrafish 0.1 Hz,detrended + envelope-normalised,0.262037037037037,0.1,275,153,
engert_20221001_fish2_magneto_1,zebrafish 0.1 Hz,white,0.262037037037037,0.1,275,147,
engert_20221001_fish2_magneto_1,zebrafish 0.1 Hz,real,0.2712962962962963,0.1,275,141,
engert_20221001_fish2_magneto_1,zebrafish 0.1 Hz,detrended + envelope-normalised,0.2712962962962963,0.1,275,128,
engert_20221001_fish2_magneto_1,zebrafish 0.1 Hz,white,0.2712962962962963,0.1,275,141,
engert_20221001_fish2_magneto_1,zebrafish 0.1 Hz,real,0.2796296296296296,0.1,275,146,
engert_20221001_fish2_magneto_1,zebrafish 0.1 Hz,detrended + envelope-normalised,0.2796296296296296,0.1,275,139,
engert_20221001_fish2_magneto_1,zebrafish 0.1 Hz,white,0.2796296296296296,0.1,275,140,
engert_20221001_fish2_magneto_1,zebrafish 0.1 Hz,real,0.28888888888888886,0.1,275,137,
engert_20221001_fish2_magneto_1,zebrafish 0.1 Hz,detrended + envelope-normalised,0.28888888888888886,0.1,275,149,
engert_20221001_fish2_magneto_1,zebrafish 0.1 Hz,white,0.28888888888888886,0.1,275,150,
engert_20221001_fish2_magneto_1,zebrafish 0.1 Hz,real,0.29814814814814816,0.1,275,138,
engert_20221001_fish2_magneto_1,zebrafish 0.1 Hz,detrended + envelope-normalised,0.29814814814814816,0.1,275,144,
engert_20221001_fish2_magneto_1,zebrafish 0.1 Hz,white,0.29814814814814816,0.1,275,149,
engert_20221001_fish2_magneto_1,zebrafish 0.1 Hz,real,0.30833333333333335,0.1,275,138,
engert_20221001_fish2_magneto_1,zebrafish 0.1 Hz,detrended + envelope-normalised,0.30833333333333335,0.1,275,124,
engert_20221001_fish2_magneto_1,zebrafish 0.1 Hz,white,0.30833333333333335,0.1,275,133,
engert_20221001_fish2_magneto_1,zebrafish 0.1 Hz,real,0.31851851851851853,0.1,275,149,
engert_20221001_fish2_magneto_1,zebrafish 0.1 Hz,detrended + envelope-normalised,0.31851851851851853,0.1,275,136,
engert_20221001_fish2_magneto_1,zebrafish 0.1 Hz,white,0.31851851851851853,0.1,275,140,
engert_20221001_fish2_magneto_1,zebrafish 0.1 Hz,real,0.3287037037037037,0.1,275,157,
engert_20221001_fish2_magneto_1,zebrafish 0.1 Hz,detrended + envelope-normalised,0.3287037037037037,0.1,275,145,
engert_20221001_fish2_magneto_1,zebrafish 0.1 Hz,white,0.3287037037037037,0.1,275,135,
engert_20221001_fish2_magneto_1,zebrafish 0.1 Hz,real,0.3388888888888889,0.1,275,141,
engert_20221001_fish2_magneto_1,zebrafish 0.1 Hz,detrended + envelope-normalised,0.3388888888888889,0.1,275,135,
engert_20221001_fish2_magneto_1,zebrafish 0.1 Hz,white,0.3388888888888889,0.1,275,153,
engert_20221001_fish2_magneto_1,zebrafish 0.1 Hz,real,0.35,0.1,275,144,
engert_20221001_fish2_magneto_1,zebrafish 0.1 Hz,detrended + envelope-normalised,0.35,0.1,275,131,
engert_20221001_fish2_magneto_1,zebrafish 0.1 Hz,white,0.35,0.1,275,150,
engert_20221001_fish2_magneto_1,zebrafish 0.1 Hz,real,0.36203703703703705,0.1,275,145,
engert_20221001_fish2_magneto_1,zebrafish 0.1 Hz,detrended + envelope-normalised,0.36203703703703705,0.1,275,138,
engert_20221001_fish2_magneto_1,zebrafish 0.1 Hz,white,0.36203703703703705,0.1,275,133,
engert_20221001_fish2_magneto_1,zebrafish 0.1 Hz,real,0.37407407407407406,0.1,275,145,
engert_20221001_fish2_magneto_1,zebrafish 0.1 Hz,detrended + envelope-normalised,0.37407407407407406,0.1,275,162,
engert_20221001_fish2_magneto_1,zebrafish 0.1 Hz,white,0.37407407407407406,0.1,275,145,
engert_20221001_fish2_magneto_1,zebrafish 0.1 Hz,real,0.3861111111111111,0.1,275,158,
engert_20221001_fish2_magneto_1,zebrafish 0.1 Hz,detrended + envelope-normalised,0.3861111111111111,0.1,275,159,
engert_20221001_fish2_magneto_1,zebrafish 0.1 Hz,white,0.3861111111111111,0.1,275,128,
engert_20221001_fish2_magneto_1,zebrafish 0.1 Hz,real,0.39814814814814814,0.1,275,138,
engert_20221001_fish2_magneto_1,zebrafish 0.1 Hz,detrended + envelope-normalised,0.39814814814814814,0.1,275,135,
engert_20221001_fish2_magneto_1,zebrafish 0.1 Hz,white,0.39814814814814814,0.1,275,140,
engert_20221001_fish2_magneto_1,zebrafish 0.1 Hz,real,0.4111111111111111,0.1,275,151,
engert_20221001_fish2_magneto_1,zebrafish 0.1 Hz,detrended + envelope-normalised,0.4111111111111111,0.1,275,146,
engert_20221001_fish2_magneto_1,zebrafish 0.1 Hz,white,0.4111111111111111,0.1,275,147,
engert_20221001_fish2_magneto_1,zebrafish 0.1 Hz,real,0.425,0.1,275,153,
engert_20221001_fish2_magneto_1,zebrafish 0.1 Hz,detrended + envelope-normalised,0.425,0.1,275,148,
engert_20221001_fish2_magneto_1,zebrafish 0.1 Hz,white,0.425,0.1,275,124,
engert_20221001_fish2_magneto_1,zebrafish 0.1 Hz,real,0.4388888888888889,0.1,275,152,
engert_20221001_fish2_magneto_1,zebrafish 0.1 Hz,detrended + envelope-normalised,0.4388888888888889,0.1,275,150,
engert_20221001_fish2_magneto_1,zebrafish 0.1 Hz,white,0.4388888888888889,0.1,275,129,
engert_20221001_fish2_magneto_1,zebrafish 0.1 Hz,real,0.4527777777777778,0.1,275,151,
engert_20221001_fish2_magneto_1,zebrafish 0.1 Hz,detrended + envelope-normalised,0.4527777777777778,0.1,275,151,
engert_20221001_fish2_magneto_1,zebrafish 0.1 Hz,white,0.4527777777777778,0.1,275,139,
engert_20221001_fish2_magneto_1,zebrafish 0.1 Hz,real,0.4685185185185185,0.1,275,146,
engert_20221001_fish2_magneto_1,zebrafish 0.1 Hz,detrended + envelope-normalised,0.4685185185185185,0.1,275,139,
engert_20221001_fish2_magneto_1,zebrafish 0.1 Hz,white,0.4685185185185185,0.1,275,137,
engert_20221001_fish2_magneto_1,zebrafish 0.1 Hz,near stimulus,0.07222222222222222,0.1,275,136,-30.0
engert_20221001_fish2_magneto_1,zebrafish 0.1 Hz,near stimulus,0.07314814814814814,0.1,275,144,-29.0
engert_20221001_fish2_magneto_1,zebrafish 0.1 Hz,near stimulus,0.07407407407407407,0.1,275,130,-28.0
engert_20221001_fish2_magneto_1,zebrafish 0.1 Hz,near stimulus,0.075,0.1,275,135,-27.0
engert_20221001_fish2_magneto_1,zebrafish 0.1 Hz,near stimulus,0.07592592592592592,0.1,275,134,-26.0
engert_20221001_fish2_magneto_1,zebrafish 0.1 Hz,near stimulus,0.07685185185185185,0.1,275,143,-25.0
engert_20221001_fish2_magneto_1,zebrafish 0.1 Hz,near stimulus,0.07777777777777778,0.1,275,143,-24.0
engert_20221001_fish2_magneto_1,zebrafish 0.1 Hz,near stimulus,0.0787037037037037,0.1,275,145,-23.0
engert_20221001_fish2_magneto_1,zebrafish 0.1 Hz,near stimulus,0.07962962962962963,0.1,275,130,-22.0
engert_20221001_fish2_magneto_1,zebrafish 0.1 Hz,near stimulus,0.08055555555555556,0.1,275,125,-21.0
engert_20221001_fish2_magneto_1,zebrafish 0.1 Hz,near stimulus,0.08148148148148149,0.1,275,142,-20.0
engert_20221001_fish2_magneto_1,zebrafish 0.1 Hz,near stimulus,0.0824074074074074,0.1,275,142,-19.0
engert_20221001_fish2_magneto_1,zebrafish 0.1 Hz,near stimulus,0.08333333333333333,0.1,275,159,-18.0
engert_20221001_fish2_magneto_1,zebrafish 0.1 Hz,near stimulus,0.08425925925925926,0.1,275,148,-17.0
engert_20221001_fish2_magneto_1,zebrafish 0.1 Hz,near stimulus,0.08518518518518518,0.1,275,149,-16.0
engert_20221001_fish2_magneto_1,zebrafish 0.1 Hz,near stimulus,0.08611111111111111,0.1,275,132,-15.0
engert_20221001_fish2_magneto_1,zebrafish 0.1 Hz,near stimulus,0.08703703703703704,0.1,275,146,-14.0
engert_20221001_fish2_magneto_1,zebrafish 0.1 Hz,near stimulus,0.08796296296296297,0.1,275,146,-13.0
engert_20221001_fish2_magneto_1,zebrafish 0.1 Hz,near stimulus,0.08888888888888889,0.1,275,136,-12.0
engert_20221001_fish2_magneto_1,zebrafish 0.1 Hz,near stimulus,0.08981481481481482,0.1,275,141,-11.0
engert_20221001_fish2_magneto_1,zebrafish 0.1 Hz,near stimulus,0.09074074074074075,0.1,275,142,-10.0
engert_20221001_fish2_magneto_1,zebrafish 0.1 Hz,near stimulus,0.09166666666666666,0.1,275,149,-9.0
engert_20221001_fish2_magneto_1,zebrafish 0.1 Hz,near stimulus,0.09259259259259259,0.1,275,142,-8.0
engert_20221001_fish2_magneto_1,zebrafish 0.1 Hz,near stimulus,0.09351851851851851,0.1,275,147,-7.0
engert_20221001_fish2_magneto_1,zebrafish 0.1 Hz,near stimulus,0.09444444444444444,0.1,275,152,-6.0
engert_20221001_fish2_magneto_1,zebrafish 0.1 Hz,near stimulus,0.09537037037037037,0.1,275,147,-5.0
engert_20221001_fish2_magneto_1,zebrafish 0.1 Hz,near stimulus,0.0962962962962963,0.1,275,134,-4.0
engert_20221001_fish2_magneto_1,zebrafish 0.1 Hz,near stimulus,0.09722222222222222,0.1,275,150,-3.0
engert_20221001_fish2_magneto_1,zebrafish 0.1 Hz,near stimulus,0.09814814814814815,0.1,275,144,-2.0
engert_20221001_fish2_magneto_1,zebrafish 0.1 Hz,near stimulus,0.09907407407407408,0.1,275,152,-1.0
engert_20221001_fish2_magneto_1,zebrafish 0.1 Hz,near stimulus,0.1,0.1,275,145,0.0
engert_20221001_fish2_magneto_1,zebrafish 0.1 Hz,near stimulus,0.10092592592592593,0.1,275,142,1.0
engert_20221001_fish2_magneto_1,zebrafish 0.1 Hz,near stimulus,0.10185185185185185,0.1,275,149,2.0
engert_20221001_fish2_magneto_1,zebrafish 0.1 Hz,near stimulus,0.10277777777777777,0.1,275,137,3.0
engert_20221001_fish2_magneto_1,zebrafish 0.1 Hz,near stimulus,0.1037037037037037,0.1,275,183,4.0
engert_20221001_fish2_magneto_1,zebrafish 0.1 Hz,near stimulus,0.10462962962962963,0.1,275,138,5.0
engert_20221001_fish2_magneto_1,zebrafish 0.1 Hz,near stimulus,0.10555555555555556,0.1,275,145,6.0
engert_20221001_fish2_magneto_1,zebrafish 0.1 Hz,near stimulus,0.10648148148148148,0.1,275,143,7.0
engert_20221001_fish2_magneto_1,zebrafish 0.1 Hz,near stimulus,0.10740740740740741,0.1,275,141,8.0
engert_20221001_fish2_magneto_1,zebrafish 0.1 Hz,near stimulus,0.10833333333333334,0.1,275,139,9.0
engert_20221001_fish2_magneto_1,zebrafish 0.1 Hz,near stimulus,0.10925925925925926,0.1,275,152,10.0
engert_20221001_fish2_magneto_1,zebrafish 0.1 Hz,near stimulus,0.11018518518518519,0.1,275,148,11.0
engert_20221001_fish2_magneto_1,zebrafish 0.1 Hz,near stimulus,0.1111111111111111,0.1,275,153,12.0
engert_20221001_fish2_magneto_1,zebrafish 0.1 Hz,near stimulus,0.11203703703703703,0.1,275,150,13.0
engert_20221001_fish2_magneto_1,zebrafish 0.1 Hz,near stimulus,0.11296296296296296,0.1,275,147,14.0
engert_20221001_fish2_magneto_1,zebrafish 0.1 Hz,near stimulus,0.11388888888888889,0.1,275,137,15.0
engert_20221001_fish2_magneto_1,zebrafish 0.1 Hz,near stimulus,0.11481481481481481,0.1,275,147,16.0
engert_20221001_fish2_magneto_1,zebrafish 0.1 Hz,near stimulus,0.11574074074074074,0.1,275,152,17.0
engert_20221001_fish2_magneto_1,zebrafish 0.1 Hz,near stimulus,0.11666666666666667,0.1,275,164,18.0
engert_20221001_fish2_magneto_1,zebrafish 0.1 Hz,near stimulus,0.1175925925925926,0.1,275,161,19.0
engert_20221001_fish2_magneto_1,zebrafish 0.1 Hz,near stimulus,0.11851851851851852,0.1,275,169,20.0
engert_20221001_fish2_magneto_1,zebrafish 0.1 Hz,near stimulus,0.11944444444444445,0.1,275,149,21.0
engert_20221001_fish2_magneto_1,zebrafish 0.1 Hz,near stimulus,0.12037037037037036,0.1,275,162,22.0
engert_20221001_fish2_magneto_1,zebrafish 0.1 Hz,near stimulus,0.12129629629629629,0.1,275,140,23.0
engert_20221001_fish2_magneto_1,zebrafish 0.1 Hz,near stimulus,0.12222222222222222,0.1,275,146,24.0
engert_20221001_fish2_magneto_1,zebrafish 0.1 Hz,near stimulus,0.12314814814814815,0.1,275,150,25.0
engert_20221001_fish2_magneto_1,zebrafish 0.1 Hz,near stimulus,0.12407407407407407,0.1,275,137,26.0
engert_20221001_fish2_magneto_1,zebrafish 0.1 Hz,near stimulus,0.125,0.1,275,154,27.0
engert_20221001_fish2_magneto_1,zebrafish 0.1 Hz,near stimulus,0.1259259259259259,0.1,275,139,28.0
engert_20221001_fish2_magneto_1,zebrafish 0.1 Hz,near stimulus,0.12685185185185185,0.1,275,145,29.0
engert_20221001_fish2_magneto_1,zebrafish 0.1 Hz,near stimulus,0.12777777777777777,0.1,275,140,30.0
engert_20221001_fish2_magneto_2,zebrafish 0.1 Hz,real,0.07037037037037037,0.1,259,138,
engert_20221001_fish2_magneto_2,zebrafish 0.1 Hz,detrended + envelope-normalised,0.07037037037037037,0.1,259,127,
engert_20221001_fish2_magneto_2,zebrafish 0.1 Hz,white,0.07037037037037037,0.1,259,126,
engert_20221001_fish2_magneto_2,zebrafish 0.1 Hz,real,0.07222222222222222,0.1,259,144,
engert_20221001_fish2_magneto_2,zebrafish 0.1 Hz,detrended + envelope-normalised,0.07222222222222222,0.1,259,132,
engert_20221001_fish2_magneto_2,zebrafish 0.1 Hz,white,0.07222222222222222,0.1,259,127,
engert_20221001_fish2_magneto_2,zebrafish 0.1 Hz,real,0.075,0.1,259,121,
engert_20221001_fish2_magneto_2,zebrafish 0.1 Hz,detrended + envelope-normalised,0.075,0.1,259,118,
engert_20221001_fish2_magneto_2,zebrafish 0.1 Hz,white,0.075,0.1,259,141,
engert_20221001_fish2_magneto_2,zebrafish 0.1 Hz,real,0.07685185185185185,0.1,259,129,
engert_20221001_fish2_magneto_2,zebrafish 0.1 Hz,detrended + envelope-normalised,0.07685185185185185,0.1,259,119,
engert_20221001_fish2_magneto_2,zebrafish 0.1 Hz,white,0.07685185185185185,0.1,259,129,
engert_20221001_fish2_magneto_2,zebrafish 0.1 Hz,real,0.07962962962962963,0.1,259,146,
engert_20221001_fish2_magneto_2,zebrafish 0.1 Hz,detrended + envelope-normalised,0.07962962962962963,0.1,259,134,
engert_20221001_fish2_magneto_2,zebrafish 0.1 Hz,white,0.07962962962962963,0.1,259,133,
engert_20221001_fish2_magneto_2,zebrafish 0.1 Hz,real,0.0824074074074074,0.1,259,142,
engert_20221001_fish2_magneto_2,zebrafish 0.1 Hz,detrended + envelope-normalised,0.0824074074074074,0.1,259,135,
engert_20221001_fish2_magneto_2,zebrafish 0.1 Hz,white,0.0824074074074074,0.1,259,129,
engert_20221001_fish2_magneto_2,zebrafish 0.1 Hz,real,0.08518518518518518,0.1,259,138,
engert_20221001_fish2_magneto_2,zebrafish 0.1 Hz,detrended + envelope-normalised,0.08518518518518518,0.1,259,139,
engert_20221001_fish2_magneto_2,zebrafish 0.1 Hz,white,0.08518518518518518,0.1,259,118,
engert_20221001_fish2_magneto_2,zebrafish 0.1 Hz,real,0.08796296296296297,0.1,259,128,
engert_20221001_fish2_magneto_2,zebrafish 0.1 Hz,detrended + envelope-normalised,0.08796296296296297,0.1,259,129,
engert_20221001_fish2_magneto_2,zebrafish 0.1 Hz,white,0.08796296296296297,0.1,259,118,
engert_20221001_fish2_magneto_2,zebrafish 0.1 Hz,real,0.09074074074074075,0.1,259,144,
engert_20221001_fish2_magneto_2,zebrafish 0.1 Hz,detrended + envelope-normalised,0.09074074074074075,0.1,259,143,
engert_20221001_fish2_magneto_2,zebrafish 0.1 Hz,white,0.09074074074074075,0.1,259,124,
engert_20221001_fish2_magneto_2,zebrafish 0.1 Hz,real,0.09351851851851851,0.1,259,137,
engert_20221001_fish2_magneto_2,zebrafish 0.1 Hz,detrended + envelope-normalised,0.09351851851851851,0.1,259,146,
engert_20221001_fish2_magneto_2,zebrafish 0.1 Hz,white,0.09351851851851851,0.1,259,122,
engert_20221001_fish2_magneto_2,zebrafish 0.1 Hz,real,0.0962962962962963,0.1,259,126,
engert_20221001_fish2_magneto_2,zebrafish 0.1 Hz,detrended + envelope-normalised,0.0962962962962963,0.1,259,124,
engert_20221001_fish2_magneto_2,zebrafish 0.1 Hz,white,0.0962962962962963,0.1,259,116,
engert_20221001_fish2_magneto_2,zebrafish 0.1 Hz,real,0.1,0.1,259,147,
engert_20221001_fish2_magneto_2,zebrafish 0.1 Hz,detrended + envelope-normalised,0.1,0.1,259,146,
engert_20221001_fish2_magneto_2,zebrafish 0.1 Hz,white,0.1,0.1,259,122,
engert_20221001_fish2_magneto_2,zebrafish 0.1 Hz,real,0.10277777777777777,0.1,259,134,
engert_20221001_fish2_magneto_2,zebrafish 0.1 Hz,detrended + envelope-normalised,0.10277777777777777,0.1,259,131,
engert_20221001_fish2_magneto_2,zebrafish 0.1 Hz,white,0.10277777777777777,0.1,259,129,
engert_20221001_fish2_magneto_2,zebrafish 0.1 Hz,real,0.10648148148148148,0.1,259,143,
engert_20221001_fish2_magneto_2,zebrafish 0.1 Hz,detrended + envelope-normalised,0.10648148148148148,0.1,259,132,
engert_20221001_fish2_magneto_2,zebrafish 0.1 Hz,white,0.10648148148148148,0.1,259,147,
engert_20221001_fish2_magneto_2,zebrafish 0.1 Hz,real,0.11018518518518519,0.1,259,143,
engert_20221001_fish2_magneto_2,zebrafish 0.1 Hz,detrended + envelope-normalised,0.11018518518518519,0.1,259,129,
engert_20221001_fish2_magneto_2,zebrafish 0.1 Hz,white,0.11018518518518519,0.1,259,127,
engert_20221001_fish2_magneto_2,zebrafish 0.1 Hz,real,0.11388888888888889,0.1,259,132,
engert_20221001_fish2_magneto_2,zebrafish 0.1 Hz,detrended + envelope-normalised,0.11388888888888889,0.1,259,135,
engert_20221001_fish2_magneto_2,zebrafish 0.1 Hz,white,0.11388888888888889,0.1,259,130,
engert_20221001_fish2_magneto_2,zebrafish 0.1 Hz,real,0.1175925925925926,0.1,259,150,
engert_20221001_fish2_magneto_2,zebrafish 0.1 Hz,detrended + envelope-normalised,0.1175925925925926,0.1,259,146,
engert_20221001_fish2_magneto_2,zebrafish 0.1 Hz,white,0.1175925925925926,0.1,259,142,
engert_20221001_fish2_magneto_2,zebrafish 0.1 Hz,real,0.12129629629629629,0.1,259,130,
engert_20221001_fish2_magneto_2,zebrafish 0.1 Hz,detrended + envelope-normalised,0.12129629629629629,0.1,259,138,
engert_20221001_fish2_magneto_2,zebrafish 0.1 Hz,white,0.12129629629629629,0.1,259,124,
engert_20221001_fish2_magneto_2,zebrafish 0.1 Hz,real,0.125,0.1,259,146,
engert_20221001_fish2_magneto_2,zebrafish 0.1 Hz,detrended + envelope-normalised,0.125,0.1,259,131,
engert_20221001_fish2_magneto_2,zebrafish 0.1 Hz,white,0.125,0.1,259,132,
engert_20221001_fish2_magneto_2,zebrafish 0.1 Hz,real,0.1287037037037037,0.1,259,141,
engert_20221001_fish2_magneto_2,zebrafish 0.1 Hz,detrended + envelope-normalised,0.1287037037037037,0.1,259,152,
engert_20221001_fish2_magneto_2,zebrafish 0.1 Hz,white,0.1287037037037037,0.1,259,144,
engert_20221001_fish2_magneto_2,zebrafish 0.1 Hz,real,0.13333333333333333,0.1,259,119,
engert_20221001_fish2_magneto_2,zebrafish 0.1 Hz,detrended + envelope-normalised,0.13333333333333333,0.1,259,121,
engert_20221001_fish2_magneto_2,zebrafish 0.1 Hz,white,0.13333333333333333,0.1,259,123,
engert_20221001_fish2_magneto_2,zebrafish 0.1 Hz,real,0.13796296296296295,0.1,259,140,
engert_20221001_fish2_magneto_2,zebrafish 0.1 Hz,detrended + envelope-normalised,0.13796296296296295,0.1,259,139,
engert_20221001_fish2_magneto_2,zebrafish 0.1 Hz,white,0.13796296296296295,0.1,259,116,
engert_20221001_fish2_magneto_2,zebrafish 0.1 Hz,real,0.1425925925925926,0.1,259,141,
engert_20221001_fish2_magneto_2,zebrafish 0.1 Hz,detrended + envelope-normalised,0.1425925925925926,0.1,259,135,
engert_20221001_fish2_magneto_2,zebrafish 0.1 Hz,white,0.1425925925925926,0.1,259,130,
engert_20221001_fish2_magneto_2,zebrafish 0.1 Hz,real,0.14722222222222223,0.1,259,132,
engert_20221001_fish2_magneto_2,zebrafish 0.1 Hz,detrended + envelope-normalised,0.14722222222222223,0.1,259,128,
engert_20221001_fish2_magneto_2,zebrafish 0.1 Hz,white,0.14722222222222223,0.1,259,136,
engert_20221001_fish2_magneto_2,zebrafish 0.1 Hz,real,0.15185185185185185,0.1,259,132,
engert_20221001_fish2_magneto_2,zebrafish 0.1 Hz,detrended + envelope-normalised,0.15185185185185185,0.1,259,123,
engert_20221001_fish2_magneto_2,zebrafish 0.1 Hz,white,0.15185185185185185,0.1,259,124,
engert_20221001_fish2_magneto_2,zebrafish 0.1 Hz,real,0.15648148148148147,0.1,259,142,
engert_20221001_fish2_magneto_2,zebrafish 0.1 Hz,detrended + envelope-normalised,0.15648148148148147,0.1,259,136,
engert_20221001_fish2_magneto_2,zebrafish 0.1 Hz,white,0.15648148148148147,0.1,259,143,
engert_20221001_fish2_magneto_2,zebrafish 0.1 Hz,real,0.16203703703703703,0.1,259,140,
engert_20221001_fish2_magneto_2,zebrafish 0.1 Hz,detrended + envelope-normalised,0.16203703703703703,0.1,259,128,
engert_20221001_fish2_magneto_2,zebrafish 0.1 Hz,white,0.16203703703703703,0.1,259,138,
engert_20221001_fish2_magneto_2,zebrafish 0.1 Hz,real,0.16666666666666666,0.1,259,137,
engert_20221001_fish2_magneto_2,zebrafish 0.1 Hz,detrended + envelope-normalised,0.16666666666666666,0.1,259,131,
engert_20221001_fish2_magneto_2,zebrafish 0.1 Hz,white,0.16666666666666666,0.1,259,124,
engert_20221001_fish2_magneto_2,zebrafish 0.1 Hz,real,0.17222222222222222,0.1,259,143,
engert_20221001_fish2_magneto_2,zebrafish 0.1 Hz,detrended + envelope-normalised,0.17222222222222222,0.1,259,134,
engert_20221001_fish2_magneto_2,zebrafish 0.1 Hz,white,0.17222222222222222,0.1,259,127,
engert_20221001_fish2_magneto_2,zebrafish 0.1 Hz,real,0.17777777777777778,0.1,259,137,
engert_20221001_fish2_magneto_2,zebrafish 0.1 Hz,detrended + envelope-normalised,0.17777777777777778,0.1,259,131,
engert_20221001_fish2_magneto_2,zebrafish 0.1 Hz,white,0.17777777777777778,0.1,259,129,
engert_20221001_fish2_magneto_2,zebrafish 0.1 Hz,real,0.18425925925925926,0.1,259,136,
engert_20221001_fish2_magneto_2,zebrafish 0.1 Hz,detrended + envelope-normalised,0.18425925925925926,0.1,259,127,
engert_20221001_fish2_magneto_2,zebrafish 0.1 Hz,white,0.18425925925925926,0.1,259,132,
engert_20221001_fish2_magneto_2,zebrafish 0.1 Hz,real,0.18981481481481483,0.1,259,133,
engert_20221001_fish2_magneto_2,zebrafish 0.1 Hz,detrended + envelope-normalised,0.18981481481481483,0.1,259,128,
engert_20221001_fish2_magneto_2,zebrafish 0.1 Hz,white,0.18981481481481483,0.1,259,129,
engert_20221001_fish2_magneto_2,zebrafish 0.1 Hz,real,0.1962962962962963,0.1,259,141,
engert_20221001_fish2_magneto_2,zebrafish 0.1 Hz,detrended + envelope-normalised,0.1962962962962963,0.1,259,145,
engert_20221001_fish2_magneto_2,zebrafish 0.1 Hz,white,0.1962962962962963,0.1,259,125,
engert_20221001_fish2_magneto_2,zebrafish 0.1 Hz,real,0.20277777777777778,0.1,259,140,
engert_20221001_fish2_magneto_2,zebrafish 0.1 Hz,detrended + envelope-normalised,0.20277777777777778,0.1,259,128,
engert_20221001_fish2_magneto_2,zebrafish 0.1 Hz,white,0.20277777777777778,0.1,259,140,
engert_20221001_fish2_magneto_2,zebrafish 0.1 Hz,real,0.20925925925925926,0.1,259,151,
engert_20221001_fish2_magneto_2,zebrafish 0.1 Hz,detrended + envelope-normalised,0.20925925925925926,0.1,259,143,
engert_20221001_fish2_magneto_2,zebrafish 0.1 Hz,white,0.20925925925925926,0.1,259,130,
engert_20221001_fish2_magneto_2,zebrafish 0.1 Hz,real,0.21666666666666667,0.1,259,146,
engert_20221001_fish2_magneto_2,zebrafish 0.1 Hz,detrended + envelope-normalised,0.21666666666666667,0.1,259,137,
engert_20221001_fish2_magneto_2,zebrafish 0.1 Hz,white,0.21666666666666667,0.1,259,136,
engert_20221001_fish2_magneto_2,zebrafish 0.1 Hz,real,0.22314814814814815,0.1,259,131,
engert_20221001_fish2_magneto_2,zebrafish 0.1 Hz,detrended + envelope-normalised,0.22314814814814815,0.1,259,144,
engert_20221001_fish2_magneto_2,zebrafish 0.1 Hz,white,0.22314814814814815,0.1,259,136,
engert_20221001_fish2_magneto_2,zebrafish 0.1 Hz,real,0.23055555555555557,0.1,259,130,
engert_20221001_fish2_magneto_2,zebrafish 0.1 Hz,detrended + envelope-normalised,0.23055555555555557,0.1,259,131,
engert_20221001_fish2_magneto_2,zebrafish 0.1 Hz,white,0.23055555555555557,0.1,259,132,
engert_20221001_fish2_magneto_2,zebrafish 0.1 Hz,real,0.23796296296296296,0.1,259,138,
engert_20221001_fish2_magneto_2,zebrafish 0.1 Hz,detrended + envelope-normalised,0.23796296296296296,0.1,259,136,
engert_20221001_fish2_magneto_2,zebrafish 0.1 Hz,white,0.23796296296296296,0.1,259,120,
engert_20221001_fish2_magneto_2,zebrafish 0.1 Hz,real,0.2462962962962963,0.1,259,153,
engert_20221001_fish2_magneto_2,zebrafish 0.1 Hz,detrended + envelope-normalised,0.2462962962962963,0.1,259,142,
engert_20221001_fish2_magneto_2,zebrafish 0.1 Hz,white,0.2462962962962963,0.1,259,124,
engert_20221001_fish2_magneto_2,zebrafish 0.1 Hz,real,0.2537037037037037,0.1,259,142,
engert_20221001_fish2_magneto_2,zebrafish 0.1 Hz,detrended + envelope-normalised,0.2537037037037037,0.1,259,136,
engert_20221001_fish2_magneto_2,zebrafish 0.1 Hz,white,0.2537037037037037,0.1,259,120,
engert_20221001_fish2_magneto_2,zebrafish 0.1 Hz,real,0.262037037037037,0.1,259,134,
engert_20221001_fish2_magneto_2,zebrafish 0.1 Hz,detrended + envelope-normalised,0.262037037037037,0.1,259,124,
engert_20221001_fish2_magneto_2,zebrafish 0.1 Hz,white,0.262037037037037,0.1,259,114,
engert_20221001_fish2_magneto_2,zebrafish 0.1 Hz,real,0.2712962962962963,0.1,259,134,
engert_20221001_fish2_magneto_2,zebrafish 0.1 Hz,detrended + envelope-normalised,0.2712962962962963,0.1,259,123,
engert_20221001_fish2_magneto_2,zebrafish 0.1 Hz,white,0.2712962962962963,0.1,259,135,
engert_20221001_fish2_magneto_2,zebrafish 0.1 Hz,real,0.2796296296296296,0.1,259,144,
engert_20221001_fish2_magneto_2,zebrafish 0.1 Hz,detrended + envelope-normalised,0.2796296296296296,0.1,259,130,
engert_20221001_fish2_magneto_2,zebrafish 0.1 Hz,white,0.2796296296296296,0.1,259,138,
engert_20221001_fish2_magneto_2,zebrafish 0.1 Hz,real,0.28888888888888886,0.1,259,147,
engert_20221001_fish2_magneto_2,zebrafish 0.1 Hz,detrended + envelope-normalised,0.28888888888888886,0.1,259,140,
engert_20221001_fish2_magneto_2,zebrafish 0.1 Hz,white,0.28888888888888886,0.1,259,138,
engert_20221001_fish2_magneto_2,zebrafish 0.1 Hz,real,0.29814814814814816,0.1,259,144,
engert_20221001_fish2_magneto_2,zebrafish 0.1 Hz,detrended + envelope-normalised,0.29814814814814816,0.1,259,139,
engert_20221001_fish2_magneto_2,zebrafish 0.1 Hz,white,0.29814814814814816,0.1,259,134,
engert_20221001_fish2_magneto_2,zebrafish 0.1 Hz,real,0.30833333333333335,0.1,259,140,
engert_20221001_fish2_magneto_2,zebrafish 0.1 Hz,detrended + envelope-normalised,0.30833333333333335,0.1,259,136,
engert_20221001_fish2_magneto_2,zebrafish 0.1 Hz,white,0.30833333333333335,0.1,259,139,
engert_20221001_fish2_magneto_2,zebrafish 0.1 Hz,real,0.31851851851851853,0.1,259,153,
engert_20221001_fish2_magneto_2,zebrafish 0.1 Hz,detrended + envelope-normalised,0.31851851851851853,0.1,259,142,
engert_20221001_fish2_magneto_2,zebrafish 0.1 Hz,white,0.31851851851851853,0.1,259,122,
engert_20221001_fish2_magneto_2,zebrafish 0.1 Hz,real,0.3287037037037037,0.1,259,142,
engert_20221001_fish2_magneto_2,zebrafish 0.1 Hz,detrended + envelope-normalised,0.3287037037037037,0.1,259,141,
engert_20221001_fish2_magneto_2,zebrafish 0.1 Hz,white,0.3287037037037037,0.1,259,132,
engert_20221001_fish2_magneto_2,zebrafish 0.1 Hz,real,0.3388888888888889,0.1,259,125,
engert_20221001_fish2_magneto_2,zebrafish 0.1 Hz,detrended + envelope-normalised,0.3388888888888889,0.1,259,134,
engert_20221001_fish2_magneto_2,zebrafish 0.1 Hz,white,0.3388888888888889,0.1,259,131,
engert_20221001_fish2_magneto_2,zebrafish 0.1 Hz,real,0.35,0.1,259,148,
engert_20221001_fish2_magneto_2,zebrafish 0.1 Hz,detrended + envelope-normalised,0.35,0.1,259,144,
engert_20221001_fish2_magneto_2,zebrafish 0.1 Hz,white,0.35,0.1,259,128,
engert_20221001_fish2_magneto_2,zebrafish 0.1 Hz,real,0.36203703703703705,0.1,259,141,
engert_20221001_fish2_magneto_2,zebrafish 0.1 Hz,detrended + envelope-normalised,0.36203703703703705,0.1,259,128,
engert_20221001_fish2_magneto_2,zebrafish 0.1 Hz,white,0.36203703703703705,0.1,259,128,
engert_20221001_fish2_magneto_2,zebrafish 0.1 Hz,real,0.37407407407407406,0.1,259,151,
engert_20221001_fish2_magneto_2,zebrafish 0.1 Hz,detrended + envelope-normalised,0.37407407407407406,0.1,259,146,
engert_20221001_fish2_magneto_2,zebrafish 0.1 Hz,white,0.37407407407407406,0.1,259,136,
engert_20221001_fish2_magneto_2,zebrafish 0.1 Hz,real,0.3861111111111111,0.1,259,137,
engert_20221001_fish2_magneto_2,zebrafish 0.1 Hz,detrended + envelope-normalised,0.3861111111111111,0.1,259,126,
engert_20221001_fish2_magneto_2,zebrafish 0.1 Hz,white,0.3861111111111111,0.1,259,126,
engert_20221001_fish2_magneto_2,zebrafish 0.1 Hz,real,0.39814814814814814,0.1,259,141,
engert_20221001_fish2_magneto_2,zebrafish 0.1 Hz,detrended + envelope-normalised,0.39814814814814814,0.1,259,133,
engert_20221001_fish2_magneto_2,zebrafish 0.1 Hz,white,0.39814814814814814,0.1,259,124,
engert_20221001_fish2_magneto_2,zebrafish 0.1 Hz,real,0.4111111111111111,0.1,259,135,
engert_20221001_fish2_magneto_2,zebrafish 0.1 Hz,detrended + envelope-normalised,0.4111111111111111,0.1,259,138,
engert_20221001_fish2_magneto_2,zebrafish 0.1 Hz,white,0.4111111111111111,0.1,259,147,
engert_20221001_fish2_magneto_2,zebrafish 0.1 Hz,real,0.425,0.1,259,132,
engert_20221001_fish2_magneto_2,zebrafish 0.1 Hz,detrended + envelope-normalised,0.425,0.1,259,122,
engert_20221001_fish2_magneto_2,zebrafish 0.1 Hz,white,0.425,0.1,259,133,
engert_20221001_fish2_magneto_2,zebrafish 0.1 Hz,real,0.4388888888888889,0.1,259,137,
engert_20221001_fish2_magneto_2,zebrafish 0.1 Hz,detrended + envelope-normalised,0.4388888888888889,0.1,259,122,
engert_20221001_fish2_magneto_2,zebrafish 0.1 Hz,white,0.4388888888888889,0.1,259,127,
engert_20221001_fish2_magneto_2,zebrafish 0.1 Hz,real,0.4527777777777778,0.1,259,136,
engert_20221001_fish2_magneto_2,zebrafish 0.1 Hz,detrended + envelope-normalised,0.4527777777777778,0.1,259,122,
engert_20221001_fish2_magneto_2,zebrafish 0.1 Hz,white,0.4527777777777778,0.1,259,128,
engert_20221001_fish2_magneto_2,zebrafish 0.1 Hz,real,0.4685185185185185,0.1,259,141,
engert_20221001_fish2_magneto_2,zebrafish 0.1 Hz,detrended + envelope-normalised,0.4685185185185185,0.1,259,141,
engert_20221001_fish2_magneto_2,zebrafish 0.1 Hz,white,0.4685185185185185,0.1,259,138,
engert_20221001_fish2_magneto_2,zebrafish 0.1 Hz,near stimulus,0.07222222222222222,0.1,259,144,-30.0
engert_20221001_fish2_magneto_2,zebrafish 0.1 Hz,near stimulus,0.07314814814814814,0.1,259,130,-29.0
engert_20221001_fish2_magneto_2,zebrafish 0.1 Hz,near stimulus,0.07407407407407407,0.1,259,133,-28.0
engert_20221001_fish2_magneto_2,zebrafish 0.1 Hz,near stimulus,0.075,0.1,259,121,-27.0
engert_20221001_fish2_magneto_2,zebrafish 0.1 Hz,near stimulus,0.07592592592592592,0.1,259,143,-26.0
engert_20221001_fish2_magneto_2,zebrafish 0.1 Hz,near stimulus,0.07685185185185185,0.1,259,129,-25.0
engert_20221001_fish2_magneto_2,zebrafish 0.1 Hz,near stimulus,0.07777777777777778,0.1,259,137,-24.0
engert_20221001_fish2_magneto_2,zebrafish 0.1 Hz,near stimulus,0.0787037037037037,0.1,259,139,-23.0
engert_20221001_fish2_magneto_2,zebrafish 0.1 Hz,near stimulus,0.07962962962962963,0.1,259,146,-22.0
engert_20221001_fish2_magneto_2,zebrafish 0.1 Hz,near stimulus,0.08055555555555556,0.1,259,156,-21.0
engert_20221001_fish2_magneto_2,zebrafish 0.1 Hz,near stimulus,0.08148148148148149,0.1,259,141,-20.0
engert_20221001_fish2_magneto_2,zebrafish 0.1 Hz,near stimulus,0.0824074074074074,0.1,259,142,-19.0
engert_20221001_fish2_magneto_2,zebrafish 0.1 Hz,near stimulus,0.08333333333333333,0.1,259,146,-18.0
engert_20221001_fish2_magneto_2,zebrafish 0.1 Hz,near stimulus,0.08425925925925926,0.1,259,139,-17.0
engert_20221001_fish2_magneto_2,zebrafish 0.1 Hz,near stimulus,0.08518518518518518,0.1,259,138,-16.0
engert_20221001_fish2_magneto_2,zebrafish 0.1 Hz,near stimulus,0.08611111111111111,0.1,259,142,-15.0
engert_20221001_fish2_magneto_2,zebrafish 0.1 Hz,near stimulus,0.08703703703703704,0.1,259,146,-14.0
engert_20221001_fish2_magneto_2,zebrafish 0.1 Hz,near stimulus,0.08796296296296297,0.1,259,128,-13.0
engert_20221001_fish2_magneto_2,zebrafish 0.1 Hz,near stimulus,0.08888888888888889,0.1,259,136,-12.0
engert_20221001_fish2_magneto_2,zebrafish 0.1 Hz,near stimulus,0.08981481481481482,0.1,259,137,-11.0
engert_20221001_fish2_magneto_2,zebrafish 0.1 Hz,near stimulus,0.09074074074074075,0.1,259,144,-10.0
engert_20221001_fish2_magneto_2,zebrafish 0.1 Hz,near stimulus,0.09166666666666666,0.1,259,137,-9.0
engert_20221001_fish2_magneto_2,zebrafish 0.1 Hz,near stimulus,0.09259259259259259,0.1,259,128,-8.0
engert_20221001_fish2_magneto_2,zebrafish 0.1 Hz,near stimulus,0.09351851851851851,0.1,259,137,-7.0
engert_20221001_fish2_magneto_2,zebrafish 0.1 Hz,near stimulus,0.09444444444444444,0.1,259,133,-6.0
engert_20221001_fish2_magneto_2,zebrafish 0.1 Hz,near stimulus,0.09537037037037037,0.1,259,158,-5.0
engert_20221001_fish2_magneto_2,zebrafish 0.1 Hz,near stimulus,0.0962962962962963,0.1,259,126,-4.0
engert_20221001_fish2_magneto_2,zebrafish 0.1 Hz,near stimulus,0.09722222222222222,0.1,259,149,-3.0
engert_20221001_fish2_magneto_2,zebrafish 0.1 Hz,near stimulus,0.09814814814814815,0.1,259,132,-2.0
engert_20221001_fish2_magneto_2,zebrafish 0.1 Hz,near stimulus,0.09907407407407408,0.1,259,137,-1.0
engert_20221001_fish2_magneto_2,zebrafish 0.1 Hz,near stimulus,0.1,0.1,259,147,0.0
engert_20221001_fish2_magneto_2,zebrafish 0.1 Hz,near stimulus,0.10092592592592593,0.1,259,138,1.0
engert_20221001_fish2_magneto_2,zebrafish 0.1 Hz,near stimulus,0.10185185185185185,0.1,259,132,2.0
engert_20221001_fish2_magneto_2,zebrafish 0.1 Hz,near stimulus,0.10277777777777777,0.1,259,134,3.0
engert_20221001_fish2_magneto_2,zebrafish 0.1 Hz,near stimulus,0.1037037037037037,0.1,259,129,4.0
engert_20221001_fish2_magneto_2,zebrafish 0.1 Hz,near stimulus,0.10462962962962963,0.1,259,138,5.0
engert_20221001_fish2_magneto_2,zebrafish 0.1 Hz,near stimulus,0.10555555555555556,0.1,259,144,6.0
engert_20221001_fish2_magneto_2,zebrafish 0.1 Hz,near stimulus,0.10648148148148148,0.1,259,143,7.0
engert_20221001_fish2_magneto_2,zebrafish 0.1 Hz,near stimulus,0.10740740740740741,0.1,259,149,8.0
engert_20221001_fish2_magneto_2,zebrafish 0.1 Hz,near stimulus,0.10833333333333334,0.1,259,151,9.0
engert_20221001_fish2_magneto_2,zebrafish 0.1 Hz,near stimulus,0.10925925925925926,0.1,259,137,10.0
engert_20221001_fish2_magneto_2,zebrafish 0.1 Hz,near stimulus,0.11018518518518519,0.1,259,143,11.0
engert_20221001_fish2_magneto_2,zebrafish 0.1 Hz,near stimulus,0.1111111111111111,0.1,259,151,12.0
engert_20221001_fish2_magneto_2,zebrafish 0.1 Hz,near stimulus,0.11203703703703703,0.1,259,144,13.0
engert_20221001_fish2_magneto_2,zebrafish 0.1 Hz,near stimulus,0.11296296296296296,0.1,259,124,14.0
engert_20221001_fish2_magneto_2,zebrafish 0.1 Hz,near stimulus,0.11388888888888889,0.1,259,132,15.0
engert_20221001_fish2_magneto_2,zebrafish 0.1 Hz,near stimulus,0.11481481481481481,0.1,259,127,16.0
engert_20221001_fish2_magneto_2,zebrafish 0.1 Hz,near stimulus,0.11574074074074074,0.1,259,144,17.0
engert_20221001_fish2_magneto_2,zebrafish 0.1 Hz,near stimulus,0.11666666666666667,0.1,259,137,18.0
engert_20221001_fish2_magneto_2,zebrafish 0.1 Hz,near stimulus,0.1175925925925926,0.1,259,150,19.0
engert_20221001_fish2_magneto_2,zebrafish 0.1 Hz,near stimulus,0.11851851851851852,0.1,259,127,20.0
engert_20221001_fish2_magneto_2,zebrafish 0.1 Hz,near stimulus,0.11944444444444445,0.1,259,122,21.0
engert_20221001_fish2_magneto_2,zebrafish 0.1 Hz,near stimulus,0.12037037037037036,0.1,259,137,22.0
engert_20221001_fish2_magneto_2,zebrafish 0.1 Hz,near stimulus,0.12129629629629629,0.1,259,130,23.0
engert_20221001_fish2_magneto_2,zebrafish 0.1 Hz,near stimulus,0.12222222222222222,0.1,259,134,24.0
engert_20221001_fish2_magneto_2,zebrafish 0.1 Hz,near stimulus,0.12314814814814815,0.1,259,132,25.0
engert_20221001_fish2_magneto_2,zebrafish 0.1 Hz,near stimulus,0.12407407407407407,0.1,259,126,26.0
engert_20221001_fish2_magneto_2,zebrafish 0.1 Hz,near stimulus,0.125,0.1,259,146,27.0
engert_20221001_fish2_magneto_2,zebrafish 0.1 Hz,near stimulus,0.1259259259259259,0.1,259,150,28.0
engert_20221001_fish2_magneto_2,zebrafish 0.1 Hz,near stimulus,0.12685185185185185,0.1,259,131,29.0
engert_20221001_fish2_magneto_2,zebrafish 0.1 Hz,near stimulus,0.12777777777777777,0.1,259,134,30.0
engert_20221002_fish1_magneto_1,zebrafish 0.1 Hz,real,0.07063492063492063,0.1,382,205,
engert_20221002_fish1_magneto_1,zebrafish 0.1 Hz,detrended + envelope-normalised,0.07063492063492063,0.1,382,198,
engert_20221002_fish1_magneto_1,zebrafish 0.1 Hz,white,0.07063492063492063,0.1,382,189,
engert_20221002_fish1_magneto_1,zebrafish 0.1 Hz,real,0.07222222222222222,0.1,382,201,
engert_20221002_fish1_magneto_1,zebrafish 0.1 Hz,detrended + envelope-normalised,0.07222222222222222,0.1,382,188,
engert_20221002_fish1_magneto_1,zebrafish 0.1 Hz,white,0.07222222222222222,0.1,382,190,
engert_20221002_fish1_magneto_1,zebrafish 0.1 Hz,real,0.0746031746031746,0.1,382,196,
engert_20221002_fish1_magneto_1,zebrafish 0.1 Hz,detrended + envelope-normalised,0.0746031746031746,0.1,382,182,
engert_20221002_fish1_magneto_1,zebrafish 0.1 Hz,white,0.0746031746031746,0.1,382,185,
engert_20221002_fish1_magneto_1,zebrafish 0.1 Hz,real,0.07698412698412699,0.1,382,201,
engert_20221002_fish1_magneto_1,zebrafish 0.1 Hz,detrended + envelope-normalised,0.07698412698412699,0.1,382,188,
engert_20221002_fish1_magneto_1,zebrafish 0.1 Hz,white,0.07698412698412699,0.1,382,187,
engert_20221002_fish1_magneto_1,zebrafish 0.1 Hz,real,0.08015873015873017,0.1,382,192,
engert_20221002_fish1_magneto_1,zebrafish 0.1 Hz,detrended + envelope-normalised,0.08015873015873017,0.1,382,190,
engert_20221002_fish1_magneto_1,zebrafish 0.1 Hz,white,0.08015873015873017,0.1,382,198,
engert_20221002_fish1_magneto_1,zebrafish 0.1 Hz,real,0.08253968253968254,0.1,382,201,
engert_20221002_fish1_magneto_1,zebrafish 0.1 Hz,detrended + envelope-normalised,0.08253968253968254,0.1,382,196,
engert_20221002_fish1_magneto_1,zebrafish 0.1 Hz,white,0.08253968253968254,0.1,382,175,
engert_20221002_fish1_magneto_1,zebrafish 0.1 Hz,real,0.08492063492063492,0.1,382,198,
engert_20221002_fish1_magneto_1,zebrafish 0.1 Hz,detrended + envelope-normalised,0.08492063492063492,0.1,382,211,
engert_20221002_fish1_magneto_1,zebrafish 0.1 Hz,white,0.08492063492063492,0.1,382,204,
engert_20221002_fish1_magneto_1,zebrafish 0.1 Hz,real,0.0880952380952381,0.1,382,181,
engert_20221002_fish1_magneto_1,zebrafish 0.1 Hz,detrended + envelope-normalised,0.0880952380952381,0.1,382,198,
engert_20221002_fish1_magneto_1,zebrafish 0.1 Hz,white,0.0880952380952381,0.1,382,194,
engert_20221002_fish1_magneto_1,zebrafish 0.1 Hz,real,0.09126984126984126,0.1,382,209,
engert_20221002_fish1_magneto_1,zebrafish 0.1 Hz,detrended + envelope-normalised,0.09126984126984126,0.1,382,192,
engert_20221002_fish1_magneto_1,zebrafish 0.1 Hz,white,0.09126984126984126,0.1,382,198,
engert_20221002_fish1_magneto_1,zebrafish 0.1 Hz,real,0.09365079365079365,0.1,382,208,
engert_20221002_fish1_magneto_1,zebrafish 0.1 Hz,detrended + envelope-normalised,0.09365079365079365,0.1,382,214,
engert_20221002_fish1_magneto_1,zebrafish 0.1 Hz,white,0.09365079365079365,0.1,382,210,
engert_20221002_fish1_magneto_1,zebrafish 0.1 Hz,real,0.09682539682539683,0.1,382,191,
engert_20221002_fish1_magneto_1,zebrafish 0.1 Hz,detrended + envelope-normalised,0.09682539682539683,0.1,382,191,
engert_20221002_fish1_magneto_1,zebrafish 0.1 Hz,white,0.09682539682539683,0.1,382,196,
engert_20221002_fish1_magneto_1,zebrafish 0.1 Hz,real,0.1,0.1,382,203,
engert_20221002_fish1_magneto_1,zebrafish 0.1 Hz,detrended + envelope-normalised,0.1,0.1,382,206,
engert_20221002_fish1_magneto_1,zebrafish 0.1 Hz,white,0.1,0.1,382,180,
engert_20221002_fish1_magneto_1,zebrafish 0.1 Hz,real,0.10317460317460317,0.1,382,185,
engert_20221002_fish1_magneto_1,zebrafish 0.1 Hz,detrended + envelope-normalised,0.10317460317460317,0.1,382,191,
engert_20221002_fish1_magneto_1,zebrafish 0.1 Hz,white,0.10317460317460317,0.1,382,197,
engert_20221002_fish1_magneto_1,zebrafish 0.1 Hz,real,0.10714285714285714,0.1,382,205,
engert_20221002_fish1_magneto_1,zebrafish 0.1 Hz,detrended + envelope-normalised,0.10714285714285714,0.1,382,202,
engert_20221002_fish1_magneto_1,zebrafish 0.1 Hz,white,0.10714285714285714,0.1,382,188,
engert_20221002_fish1_magneto_1,zebrafish 0.1 Hz,real,0.11031746031746031,0.1,382,182,
engert_20221002_fish1_magneto_1,zebrafish 0.1 Hz,detrended + envelope-normalised,0.11031746031746031,0.1,382,161,
engert_20221002_fish1_magneto_1,zebrafish 0.1 Hz,white,0.11031746031746031,0.1,382,196,
engert_20221002_fish1_magneto_1,zebrafish 0.1 Hz,real,0.11349206349206349,0.1,382,197,
engert_20221002_fish1_magneto_1,zebrafish 0.1 Hz,detrended + envelope-normalised,0.11349206349206349,0.1,382,184,
engert_20221002_fish1_magneto_1,zebrafish 0.1 Hz,white,0.11349206349206349,0.1,382,182,
engert_20221002_fish1_magneto_1,zebrafish 0.1 Hz,real,0.11746031746031746,0.1,382,174,
engert_20221002_fish1_magneto_1,zebrafish 0.1 Hz,detrended + envelope-normalised,0.11746031746031746,0.1,382,182,
engert_20221002_fish1_magneto_1,zebrafish 0.1 Hz,white,0.11746031746031746,0.1,382,186,
engert_20221002_fish1_magneto_1,zebrafish 0.1 Hz,real,0.12142857142857143,0.1,382,210,
engert_20221002_fish1_magneto_1,zebrafish 0.1 Hz,detrended + envelope-normalised,0.12142857142857143,0.1,382,207,
engert_20221002_fish1_magneto_1,zebrafish 0.1 Hz,white,0.12142857142857143,0.1,382,195,
engert_20221002_fish1_magneto_1,zebrafish 0.1 Hz,real,0.1253968253968254,0.1,382,198,
engert_20221002_fish1_magneto_1,zebrafish 0.1 Hz,detrended + envelope-normalised,0.1253968253968254,0.1,382,191,
engert_20221002_fish1_magneto_1,zebrafish 0.1 Hz,white,0.1253968253968254,0.1,382,189,
engert_20221002_fish1_magneto_1,zebrafish 0.1 Hz,real,0.12936507936507938,0.1,382,198,
engert_20221002_fish1_magneto_1,zebrafish 0.1 Hz,detrended + envelope-normalised,0.12936507936507938,0.1,382,203,
engert_20221002_fish1_magneto_1,zebrafish 0.1 Hz,white,0.12936507936507938,0.1,382,195,
engert_20221002_fish1_magneto_1,zebrafish 0.1 Hz,real,0.13333333333333333,0.1,382,196,
engert_20221002_fish1_magneto_1,zebrafish 0.1 Hz,detrended + envelope-normalised,0.13333333333333333,0.1,382,185,
engert_20221002_fish1_magneto_1,zebrafish 0.1 Hz,white,0.13333333333333333,0.1,382,198,
engert_20221002_fish1_magneto_1,zebrafish 0.1 Hz,real,0.1380952380952381,0.1,382,181,
engert_20221002_fish1_magneto_1,zebrafish 0.1 Hz,detrended + envelope-normalised,0.1380952380952381,0.1,382,167,
engert_20221002_fish1_magneto_1,zebrafish 0.1 Hz,white,0.1380952380952381,0.1,382,197,
engert_20221002_fish1_magneto_1,zebrafish 0.1 Hz,real,0.14285714285714285,0.1,382,190,
engert_20221002_fish1_magneto_1,zebrafish 0.1 Hz,detrended + envelope-normalised,0.14285714285714285,0.1,382,178,
engert_20221002_fish1_magneto_1,zebrafish 0.1 Hz,white,0.14285714285714285,0.1,382,194,
engert_20221002_fish1_magneto_1,zebrafish 0.1 Hz,real,0.14761904761904762,0.1,382,182,
engert_20221002_fish1_magneto_1,zebrafish 0.1 Hz,detrended + envelope-normalised,0.14761904761904762,0.1,382,185,
engert_20221002_fish1_magneto_1,zebrafish 0.1 Hz,white,0.14761904761904762,0.1,382,197,
engert_20221002_fish1_magneto_1,zebrafish 0.1 Hz,real,0.1523809523809524,0.1,382,199,
engert_20221002_fish1_magneto_1,zebrafish 0.1 Hz,detrended + envelope-normalised,0.1523809523809524,0.1,382,198,
engert_20221002_fish1_magneto_1,zebrafish 0.1 Hz,white,0.1523809523809524,0.1,382,172,
engert_20221002_fish1_magneto_1,zebrafish 0.1 Hz,real,0.15714285714285714,0.1,382,201,
engert_20221002_fish1_magneto_1,zebrafish 0.1 Hz,detrended + envelope-normalised,0.15714285714285714,0.1,382,190,
engert_20221002_fish1_magneto_1,zebrafish 0.1 Hz,white,0.15714285714285714,0.1,382,206,
engert_20221002_fish1_magneto_1,zebrafish 0.1 Hz,real,0.1619047619047619,0.1,382,196,
engert_20221002_fish1_magneto_1,zebrafish 0.1 Hz,detrended + envelope-normalised,0.1619047619047619,0.1,382,199,
engert_20221002_fish1_magneto_1,zebrafish 0.1 Hz,white,0.1619047619047619,0.1,382,201,
engert_20221002_fish1_magneto_1,zebrafish 0.1 Hz,real,0.16746031746031745,0.1,382,192,
engert_20221002_fish1_magneto_1,zebrafish 0.1 Hz,detrended + envelope-normalised,0.16746031746031745,0.1,382,194,
engert_20221002_fish1_magneto_1,zebrafish 0.1 Hz,white,0.16746031746031745,0.1,382,200,
engert_20221002_fish1_magneto_1,zebrafish 0.1 Hz,real,0.173015873015873,0.1,382,207,
engert_20221002_fish1_magneto_1,zebrafish 0.1 Hz,detrended + envelope-normalised,0.173015873015873,0.1,382,191,
engert_20221002_fish1_magneto_1,zebrafish 0.1 Hz,white,0.173015873015873,0.1,382,186,
engert_20221002_fish1_magneto_1,zebrafish 0.1 Hz,real,0.17857142857142858,0.1,382,192,
engert_20221002_fish1_magneto_1,zebrafish 0.1 Hz,detrended + envelope-normalised,0.17857142857142858,0.1,382,199,
engert_20221002_fish1_magneto_1,zebrafish 0.1 Hz,white,0.17857142857142858,0.1,382,188,
engert_20221002_fish1_magneto_1,zebrafish 0.1 Hz,real,0.18412698412698414,0.1,382,180,
engert_20221002_fish1_magneto_1,zebrafish 0.1 Hz,detrended + envelope-normalised,0.18412698412698414,0.1,382,186,
engert_20221002_fish1_magneto_1,zebrafish 0.1 Hz,white,0.18412698412698414,0.1,382,193,
engert_20221002_fish1_magneto_1,zebrafish 0.1 Hz,real,0.19047619047619047,0.1,382,199,
engert_20221002_fish1_magneto_1,zebrafish 0.1 Hz,detrended + envelope-normalised,0.19047619047619047,0.1,382,197,
engert_20221002_fish1_magneto_1,zebrafish 0.1 Hz,white,0.19047619047619047,0.1,382,188,
engert_20221002_fish1_magneto_1,zebrafish 0.1 Hz,real,0.19682539682539682,0.1,382,196,
engert_20221002_fish1_magneto_1,zebrafish 0.1 Hz,detrended + envelope-normalised,0.19682539682539682,0.1,382,186,
engert_20221002_fish1_magneto_1,zebrafish 0.1 Hz,white,0.19682539682539682,0.1,382,184,
engert_20221002_fish1_magneto_1,zebrafish 0.1 Hz,real,0.20317460317460317,0.1,382,172,
engert_20221002_fish1_magneto_1,zebrafish 0.1 Hz,detrended + envelope-normalised,0.20317460317460317,0.1,382,175,
engert_20221002_fish1_magneto_1,zebrafish 0.1 Hz,white,0.20317460317460317,0.1,382,198,
engert_20221002_fish1_magneto_1,zebrafish 0.1 Hz,real,0.20952380952380953,0.1,382,190,
engert_20221002_fish1_magneto_1,zebrafish 0.1 Hz,detrended + envelope-normalised,0.20952380952380953,0.1,382,200,
engert_20221002_fish1_magneto_1,zebrafish 0.1 Hz,white,0.20952380952380953,0.1,382,199,
engert_20221002_fish1_magneto_1,zebrafish 0.1 Hz,real,0.21666666666666667,0.1,382,197,
engert_20221002_fish1_magneto_1,zebrafish 0.1 Hz,detrended + envelope-normalised,0.21666666666666667,0.1,382,195,
engert_20221002_fish1_magneto_1,zebrafish 0.1 Hz,white,0.21666666666666667,0.1,382,210,
engert_20221002_fish1_magneto_1,zebrafish 0.1 Hz,real,0.22380952380952382,0.1,382,195,
engert_20221002_fish1_magneto_1,zebrafish 0.1 Hz,detrended + envelope-normalised,0.22380952380952382,0.1,382,182,
engert_20221002_fish1_magneto_1,zebrafish 0.1 Hz,white,0.22380952380952382,0.1,382,200,
engert_20221002_fish1_magneto_1,zebrafish 0.1 Hz,real,0.23095238095238096,0.1,382,192,
engert_20221002_fish1_magneto_1,zebrafish 0.1 Hz,detrended + envelope-normalised,0.23095238095238096,0.1,382,196,
engert_20221002_fish1_magneto_1,zebrafish 0.1 Hz,white,0.23095238095238096,0.1,382,181,
engert_20221002_fish1_magneto_1,zebrafish 0.1 Hz,real,0.23809523809523808,0.1,382,194,
engert_20221002_fish1_magneto_1,zebrafish 0.1 Hz,detrended + envelope-normalised,0.23809523809523808,0.1,382,193,
engert_20221002_fish1_magneto_1,zebrafish 0.1 Hz,white,0.23809523809523808,0.1,382,198,
engert_20221002_fish1_magneto_1,zebrafish 0.1 Hz,real,0.24603174603174602,0.1,382,188,
engert_20221002_fish1_magneto_1,zebrafish 0.1 Hz,detrended + envelope-normalised,0.24603174603174602,0.1,382,194,
engert_20221002_fish1_magneto_1,zebrafish 0.1 Hz,white,0.24603174603174602,0.1,382,185,
engert_20221002_fish1_magneto_1,zebrafish 0.1 Hz,real,0.25396825396825395,0.1,382,187,
engert_20221002_fish1_magneto_1,zebrafish 0.1 Hz,detrended + envelope-normalised,0.25396825396825395,0.1,382,186,
engert_20221002_fish1_magneto_1,zebrafish 0.1 Hz,white,0.25396825396825395,0.1,382,205,
engert_20221002_fish1_magneto_1,zebrafish 0.1 Hz,real,0.2626984126984127,0.1,382,188,
engert_20221002_fish1_magneto_1,zebrafish 0.1 Hz,detrended + envelope-normalised,0.2626984126984127,0.1,382,195,
engert_20221002_fish1_magneto_1,zebrafish 0.1 Hz,white,0.2626984126984127,0.1,382,198,
engert_20221002_fish1_magneto_1,zebrafish 0.1 Hz,real,0.2714285714285714,0.1,382,193,
engert_20221002_fish1_magneto_1,zebrafish 0.1 Hz,detrended + envelope-normalised,0.2714285714285714,0.1,382,192,
engert_20221002_fish1_magneto_1,zebrafish 0.1 Hz,white,0.2714285714285714,0.1,382,197,
engert_20221002_fish1_magneto_1,zebrafish 0.1 Hz,real,0.28015873015873016,0.1,382,205,
engert_20221002_fish1_magneto_1,zebrafish 0.1 Hz,detrended + envelope-normalised,0.28015873015873016,0.1,382,191,
engert_20221002_fish1_magneto_1,zebrafish 0.1 Hz,white,0.28015873015873016,0.1,382,185,
engert_20221002_fish1_magneto_1,zebrafish 0.1 Hz,real,0.28888888888888886,0.1,382,199,
engert_20221002_fish1_magneto_1,zebrafish 0.1 Hz,detrended + envelope-normalised,0.28888888888888886,0.1,382,203,
engert_20221002_fish1_magneto_1,zebrafish 0.1 Hz,white,0.28888888888888886,0.1,382,197,
engert_20221002_fish1_magneto_1,zebrafish 0.1 Hz,real,0.2984126984126984,0.1,382,189,
engert_20221002_fish1_magneto_1,zebrafish 0.1 Hz,detrended + envelope-normalised,0.2984126984126984,0.1,382,199,
engert_20221002_fish1_magneto_1,zebrafish 0.1 Hz,white,0.2984126984126984,0.1,382,188,
engert_20221002_fish1_magneto_1,zebrafish 0.1 Hz,real,0.30793650793650795,0.1,382,192,
engert_20221002_fish1_magneto_1,zebrafish 0.1 Hz,detrended + envelope-normalised,0.30793650793650795,0.1,382,186,
engert_20221002_fish1_magneto_1,zebrafish 0.1 Hz,white,0.30793650793650795,0.1,382,202,
engert_20221002_fish1_magneto_1,zebrafish 0.1 Hz,real,0.31825396825396823,0.1,382,209,
engert_20221002_fish1_magneto_1,zebrafish 0.1 Hz,detrended + envelope-normalised,0.31825396825396823,0.1,382,195,
engert_20221002_fish1_magneto_1,zebrafish 0.1 Hz,white,0.31825396825396823,0.1,382,191,
engert_20221002_fish1_magneto_1,zebrafish 0.1 Hz,real,0.32857142857142857,0.1,382,194,
engert_20221002_fish1_magneto_1,zebrafish 0.1 Hz,detrended + envelope-normalised,0.32857142857142857,0.1,382,188,
engert_20221002_fish1_magneto_1,zebrafish 0.1 Hz,white,0.32857142857142857,0.1,382,194,
engert_20221002_fish1_magneto_1,zebrafish 0.1 Hz,real,0.3396825396825397,0.1,382,207,
engert_20221002_fish1_magneto_1,zebrafish 0.1 Hz,detrended + envelope-normalised,0.3396825396825397,0.1,382,199,
engert_20221002_fish1_magneto_1,zebrafish 0.1 Hz,white,0.3396825396825397,0.1,382,200,
engert_20221002_fish1_magneto_1,zebrafish 0.1 Hz,real,0.35079365079365077,0.1,382,193,
engert_20221002_fish1_magneto_1,zebrafish 0.1 Hz,detrended + envelope-normalised,0.35079365079365077,0.1,382,186,
engert_20221002_fish1_magneto_1,zebrafish 0.1 Hz,white,0.35079365079365077,0.1,382,194,
engert_20221002_fish1_magneto_1,zebrafish 0.1 Hz,real,0.3619047619047619,0.1,382,193,
engert_20221002_fish1_magneto_1,zebrafish 0.1 Hz,detrended + envelope-normalised,0.3619047619047619,0.1,382,197,
engert_20221002_fish1_magneto_1,zebrafish 0.1 Hz,white,0.3619047619047619,0.1,382,205,
engert_20221002_fish1_magneto_1,zebrafish 0.1 Hz,real,0.3738095238095238,0.1,382,186,
engert_20221002_fish1_magneto_1,zebrafish 0.1 Hz,detrended + envelope-normalised,0.3738095238095238,0.1,382,198,
engert_20221002_fish1_magneto_1,zebrafish 0.1 Hz,white,0.3738095238095238,0.1,382,193,
engert_20221002_fish1_magneto_1,zebrafish 0.1 Hz,real,0.38571428571428573,0.1,382,193,
engert_20221002_fish1_magneto_1,zebrafish 0.1 Hz,detrended + envelope-normalised,0.38571428571428573,0.1,382,187,
engert_20221002_fish1_magneto_1,zebrafish 0.1 Hz,white,0.38571428571428573,0.1,382,194,
engert_20221002_fish1_magneto_1,zebrafish 0.1 Hz,real,0.3984126984126984,0.1,382,196,
engert_20221002_fish1_magneto_1,zebrafish 0.1 Hz,detrended + envelope-normalised,0.3984126984126984,0.1,382,198,
engert_20221002_fish1_magneto_1,zebrafish 0.1 Hz,white,0.3984126984126984,0.1,382,187,
engert_20221002_fish1_magneto_1,zebrafish 0.1 Hz,real,0.4111111111111111,0.1,382,195,
engert_20221002_fish1_magneto_1,zebrafish 0.1 Hz,detrended + envelope-normalised,0.4111111111111111,0.1,382,189,
engert_20221002_fish1_magneto_1,zebrafish 0.1 Hz,white,0.4111111111111111,0.1,382,200,
engert_20221002_fish1_magneto_1,zebrafish 0.1 Hz,real,0.4246031746031746,0.1,382,201,
engert_20221002_fish1_magneto_1,zebrafish 0.1 Hz,detrended + envelope-normalised,0.4246031746031746,0.1,382,201,
engert_20221002_fish1_magneto_1,zebrafish 0.1 Hz,white,0.4246031746031746,0.1,382,205,
engert_20221002_fish1_magneto_1,zebrafish 0.1 Hz,real,0.4388888888888889,0.1,382,197,
engert_20221002_fish1_magneto_1,zebrafish 0.1 Hz,detrended + envelope-normalised,0.4388888888888889,0.1,382,196,
engert_20221002_fish1_magneto_1,zebrafish 0.1 Hz,white,0.4388888888888889,0.1,382,193,
engert_20221002_fish1_magneto_1,zebrafish 0.1 Hz,real,0.4531746031746032,0.1,382,201,
engert_20221002_fish1_magneto_1,zebrafish 0.1 Hz,detrended + envelope-normalised,0.4531746031746032,0.1,382,196,
engert_20221002_fish1_magneto_1,zebrafish 0.1 Hz,white,0.4531746031746032,0.1,382,170,
engert_20221002_fish1_magneto_1,zebrafish 0.1 Hz,real,0.46825396825396826,0.1,382,196,
engert_20221002_fish1_magneto_1,zebrafish 0.1 Hz,detrended + envelope-normalised,0.46825396825396826,0.1,382,191,
engert_20221002_fish1_magneto_1,zebrafish 0.1 Hz,white,0.46825396825396826,0.1,382,192,
engert_20221002_fish1_magneto_1,zebrafish 0.1 Hz,near stimulus,0.0761904761904762,0.1,382,178,-30.0
engert_20221002_fish1_magneto_1,zebrafish 0.1 Hz,near stimulus,0.07698412698412699,0.1,382,201,-29.0
engert_20221002_fish1_magneto_1,zebrafish 0.1 Hz,near stimulus,0.07777777777777778,0.1,382,208,-28.0
engert_20221002_fish1_magneto_1,zebrafish 0.1 Hz,near stimulus,0.07857142857142857,0.1,382,221,-27.0
engert_20221002_fish1_magneto_1,zebrafish 0.1 Hz,near stimulus,0.07936507936507936,0.1,382,216,-26.0
engert_20221002_fish1_magneto_1,zebrafish 0.1 Hz,near stimulus,0.08015873015873017,0.1,382,192,-25.0
engert_20221002_fish1_magneto_1,zebrafish 0.1 Hz,near stimulus,0.08095238095238096,0.1,382,190,-24.0
engert_20221002_fish1_magneto_1,zebrafish 0.1 Hz,near stimulus,0.08174603174603175,0.1,382,200,-23.0
engert_20221002_fish1_magneto_1,zebrafish 0.1 Hz,near stimulus,0.08253968253968254,0.1,382,201,-22.0
engert_20221002_fish1_magneto_1,zebrafish 0.1 Hz,near stimulus,0.08333333333333333,0.1,382,182,-21.0
engert_20221002_fish1_magneto_1,zebrafish 0.1 Hz,near stimulus,0.08412698412698413,0.1,382,183,-20.0
engert_20221002_fish1_magneto_1,zebrafish 0.1 Hz,near stimulus,0.08492063492063492,0.1,382,198,-19.0
engert_20221002_fish1_magneto_1,zebrafish 0.1 Hz,near stimulus,0.08571428571428572,0.1,382,179,-18.0
engert_20221002_fish1_magneto_1,zebrafish 0.1 Hz,near stimulus,0.0865079365079365,0.1,382,191,-17.0
engert_20221002_fish1_magneto_1,zebrafish 0.1 Hz,near stimulus,0.0873015873015873,0.1,382,161,-16.0
engert_20221002_fish1_magneto_1,zebrafish 0.1 Hz,near stimulus,0.0880952380952381,0.1,382,181,-15.0
engert_20221002_fish1_magneto_1,zebrafish 0.1 Hz,near stimulus,0.08888888888888889,0.1,382,194,-14.0
engert_20221002_fish1_magneto_1,zebrafish 0.1 Hz,near stimulus,0.08968253968253968,0.1,382,198,-13.0
engert_20221002_fish1_magneto_1,zebrafish 0.1 Hz,near stimulus,0.09047619047619047,0.1,382,180,-12.0
engert_20221002_fish1_magneto_1,zebrafish 0.1 Hz,near stimulus,0.09126984126984126,0.1,382,209,-11.0
engert_20221002_fish1_magneto_1,zebrafish 0.1 Hz,near stimulus,0.09206349206349207,0.1,382,187,-10.0
engert_20221002_fish1_magneto_1,zebrafish 0.1 Hz,near stimulus,0.09285714285714286,0.1,382,177,-9.0
engert_20221002_fish1_magneto_1,zebrafish 0.1 Hz,near stimulus,0.09365079365079365,0.1,382,208,-8.0
engert_20221002_fish1_magneto_1,zebrafish 0.1 Hz,near stimulus,0.09444444444444444,0.1,382,213,-7.0
engert_20221002_fish1_magneto_1,zebrafish 0.1 Hz,near stimulus,0.09523809523809523,0.1,382,192,-6.0
engert_20221002_fish1_magneto_1,zebrafish 0.1 Hz,near stimulus,0.09603174603174604,0.1,382,192,-5.0
engert_20221002_fish1_magneto_1,zebrafish 0.1 Hz,near stimulus,0.09682539682539683,0.1,382,191,-4.0
engert_20221002_fish1_magneto_1,zebrafish 0.1 Hz,near stimulus,0.09761904761904762,0.1,382,193,-3.0
engert_20221002_fish1_magneto_1,zebrafish 0.1 Hz,near stimulus,0.09841269841269841,0.1,382,203,-2.0
engert_20221002_fish1_magneto_1,zebrafish 0.1 Hz,near stimulus,0.0992063492063492,0.1,382,191,-1.0
engert_20221002_fish1_magneto_1,zebrafish 0.1 Hz,near stimulus,0.1,0.1,382,203,0.0
engert_20221002_fish1_magneto_1,zebrafish 0.1 Hz,near stimulus,0.1007936507936508,0.1,382,203,1.0
engert_20221002_fish1_magneto_1,zebrafish 0.1 Hz,near stimulus,0.10158730158730159,0.1,382,169,2.0
engert_20221002_fish1_magneto_1,zebrafish 0.1 Hz,near stimulus,0.10238095238095238,0.1,382,190,3.0
engert_20221002_fish1_magneto_1,zebrafish 0.1 Hz,near stimulus,0.10317460317460317,0.1,382,185,4.0
engert_20221002_fish1_magneto_1,zebrafish 0.1 Hz,near stimulus,0.10396825396825397,0.1,382,191,5.0
engert_20221002_fish1_magneto_1,zebrafish 0.1 Hz,near stimulus,0.10476190476190476,0.1,382,171,6.0
engert_20221002_fish1_magneto_1,zebrafish 0.1 Hz,near stimulus,0.10555555555555556,0.1,382,207,7.0
engert_20221002_fish1_magneto_1,zebrafish 0.1 Hz,near stimulus,0.10634920634920635,0.1,382,181,8.0
engert_20221002_fish1_magneto_1,zebrafish 0.1 Hz,near stimulus,0.10714285714285714,0.1,382,205,9.0
engert_20221002_fish1_magneto_1,zebrafish 0.1 Hz,near stimulus,0.10793650793650794,0.1,382,205,10.0
engert_20221002_fish1_magneto_1,zebrafish 0.1 Hz,near stimulus,0.10873015873015873,0.1,382,174,11.0
engert_20221002_fish1_magneto_1,zebrafish 0.1 Hz,near stimulus,0.10952380952380952,0.1,382,212,12.0
engert_20221002_fish1_magneto_1,zebrafish 0.1 Hz,near stimulus,0.11031746031746031,0.1,382,182,13.0
engert_20221002_fish1_magneto_1,zebrafish 0.1 Hz,near stimulus,0.1111111111111111,0.1,382,186,14.0
engert_20221002_fish1_magneto_1,zebrafish 0.1 Hz,near stimulus,0.11190476190476191,0.1,382,189,15.0
engert_20221002_fish1_magneto_1,zebrafish 0.1 Hz,near stimulus,0.1126984126984127,0.1,382,185,16.0
engert_20221002_fish1_magneto_1,zebrafish 0.1 Hz,near stimulus,0.11349206349206349,0.1,382,197,17.0
engert_20221002_fish1_magneto_1,zebrafish 0.1 Hz,near stimulus,0.11428571428571428,0.1,382,199,18.0
engert_20221002_fish1_magneto_1,zebrafish 0.1 Hz,near stimulus,0.11507936507936507,0.1,382,214,19.0
engert_20221002_fish1_magneto_1,zebrafish 0.1 Hz,near stimulus,0.11587301587301588,0.1,382,179,20.0
engert_20221002_fish1_magneto_1,zebrafish 0.1 Hz,near stimulus,0.11666666666666667,0.1,382,190,21.0
engert_20221002_fish1_magneto_1,zebrafish 0.1 Hz,near stimulus,0.11746031746031746,0.1,382,174,22.0
engert_20221002_fish1_magneto_1,zebrafish 0.1 Hz,near stimulus,0.11825396825396825,0.1,382,185,23.0
engert_20221002_fish1_magneto_1,zebrafish 0.1 Hz,near stimulus,0.11904761904761904,0.1,382,177,24.0
engert_20221002_fish1_magneto_1,zebrafish 0.1 Hz,near stimulus,0.11984126984126985,0.1,382,184,25.0
engert_20221002_fish1_magneto_1,zebrafish 0.1 Hz,near stimulus,0.12063492063492064,0.1,382,178,26.0
engert_20221002_fish1_magneto_1,zebrafish 0.1 Hz,near stimulus,0.12142857142857143,0.1,382,210,27.0
engert_20221002_fish1_magneto_1,zebrafish 0.1 Hz,near stimulus,0.12222222222222222,0.1,382,183,28.0
engert_20221002_fish1_magneto_1,zebrafish 0.1 Hz,near stimulus,0.12301587301587301,0.1,382,190,29.0
engert_20221002_fish1_magneto_1,zebrafish 0.1 Hz,near stimulus,0.12380952380952381,0.1,382,197,30.0
engert_20221002_fish2_magneto_0,zebrafish 0.1 Hz,real,0.07037037037037037,0.1,345,183,
engert_20221002_fish2_magneto_0,zebrafish 0.1 Hz,detrended + envelope-normalised,0.07037037037037037,0.1,345,146,
engert_20221002_fish2_magneto_0,zebrafish 0.1 Hz,white,0.07037037037037037,0.1,345,186,
engert_20221002_fish2_magneto_0,zebrafish 0.1 Hz,real,0.07222222222222222,0.1,345,188,
engert_20221002_fish2_magneto_0,zebrafish 0.1 Hz,detrended + envelope-normalised,0.07222222222222222,0.1,345,138,
engert_20221002_fish2_magneto_0,zebrafish 0.1 Hz,white,0.07222222222222222,0.1,345,170,
engert_20221002_fish2_magneto_0,zebrafish 0.1 Hz,real,0.075,0.1,345,186,
engert_20221002_fish2_magneto_0,zebrafish 0.1 Hz,detrended + envelope-normalised,0.075,0.1,345,161,
engert_20221002_fish2_magneto_0,zebrafish 0.1 Hz,white,0.075,0.1,345,181,
engert_20221002_fish2_magneto_0,zebrafish 0.1 Hz,real,0.07685185185185185,0.1,345,174,
engert_20221002_fish2_magneto_0,zebrafish 0.1 Hz,detrended + envelope-normalised,0.07685185185185185,0.1,345,154,
engert_20221002_fish2_magneto_0,zebrafish 0.1 Hz,white,0.07685185185185185,0.1,345,168,
engert_20221002_fish2_magneto_0,zebrafish 0.1 Hz,real,0.07962962962962963,0.1,345,212,
engert_20221002_fish2_magneto_0,zebrafish 0.1 Hz,detrended + envelope-normalised,0.07962962962962963,0.1,345,181,
engert_20221002_fish2_magneto_0,zebrafish 0.1 Hz,white,0.07962962962962963,0.1,345,170,
engert_20221002_fish2_magneto_0,zebrafish 0.1 Hz,real,0.0824074074074074,0.1,345,189,
engert_20221002_fish2_magneto_0,zebrafish 0.1 Hz,detrended + envelope-normalised,0.0824074074074074,0.1,345,183,
engert_20221002_fish2_magneto_0,zebrafish 0.1 Hz,white,0.0824074074074074,0.1,345,166,
engert_20221002_fish2_magneto_0,zebrafish 0.1 Hz,real,0.08518518518518518,0.1,345,196,
engert_20221002_fish2_magneto_0,zebrafish 0.1 Hz,detrended + envelope-normalised,0.08518518518518518,0.1,345,190,
engert_20221002_fish2_magneto_0,zebrafish 0.1 Hz,white,0.08518518518518518,0.1,345,194,
engert_20221002_fish2_magneto_0,zebrafish 0.1 Hz,real,0.08796296296296297,0.1,345,197,
engert_20221002_fish2_magneto_0,zebrafish 0.1 Hz,detrended + envelope-normalised,0.08796296296296297,0.1,345,193,
engert_20221002_fish2_magneto_0,zebrafish 0.1 Hz,white,0.08796296296296297,0.1,345,194,
engert_20221002_fish2_magneto_0,zebrafish 0.1 Hz,real,0.09074074074074075,0.1,345,176,
engert_20221002_fish2_magneto_0,zebrafish 0.1 Hz,detrended + envelope-normalised,0.09074074074074075,0.1,345,157,
engert_20221002_fish2_magneto_0,zebrafish 0.1 Hz,white,0.09074074074074075,0.1,345,189,
engert_20221002_fish2_magneto_0,zebrafish 0.1 Hz,real,0.09351851851851851,0.1,345,173,
engert_20221002_fish2_magneto_0,zebrafish 0.1 Hz,detrended + envelope-normalised,0.09351851851851851,0.1,345,176,
engert_20221002_fish2_magneto_0,zebrafish 0.1 Hz,white,0.09351851851851851,0.1,345,168,
engert_20221002_fish2_magneto_0,zebrafish 0.1 Hz,real,0.0962962962962963,0.1,345,187,
engert_20221002_fish2_magneto_0,zebrafish 0.1 Hz,detrended + envelope-normalised,0.0962962962962963,0.1,345,188,
engert_20221002_fish2_magneto_0,zebrafish 0.1 Hz,white,0.0962962962962963,0.1,345,161,
engert_20221002_fish2_magneto_0,zebrafish 0.1 Hz,real,0.1,0.1,345,189,
engert_20221002_fish2_magneto_0,zebrafish 0.1 Hz,detrended + envelope-normalised,0.1,0.1,345,164,
engert_20221002_fish2_magneto_0,zebrafish 0.1 Hz,white,0.1,0.1,345,180,
engert_20221002_fish2_magneto_0,zebrafish 0.1 Hz,real,0.10277777777777777,0.1,345,176,
engert_20221002_fish2_magneto_0,zebrafish 0.1 Hz,detrended + envelope-normalised,0.10277777777777777,0.1,345,165,
engert_20221002_fish2_magneto_0,zebrafish 0.1 Hz,white,0.10277777777777777,0.1,345,148,
engert_20221002_fish2_magneto_0,zebrafish 0.1 Hz,real,0.10648148148148148,0.1,345,184,
engert_20221002_fish2_magneto_0,zebrafish 0.1 Hz,detrended + envelope-normalised,0.10648148148148148,0.1,345,162,
engert_20221002_fish2_magneto_0,zebrafish 0.1 Hz,white,0.10648148148148148,0.1,345,190,
engert_20221002_fish2_magneto_0,zebrafish 0.1 Hz,real,0.11018518518518519,0.1,345,185,
engert_20221002_fish2_magneto_0,zebrafish 0.1 Hz,detrended + envelope-normalised,0.11018518518518519,0.1,345,166,
engert_20221002_fish2_magneto_0,zebrafish 0.1 Hz,white,0.11018518518518519,0.1,345,167,
engert_20221002_fish2_magneto_0,zebrafish 0.1 Hz,real,0.11388888888888889,0.1,345,190,
engert_20221002_fish2_magneto_0,zebrafish 0.1 Hz,detrended + envelope-normalised,0.11388888888888889,0.1,345,173,
engert_20221002_fish2_magneto_0,zebrafish 0.1 Hz,white,0.11388888888888889,0.1,345,187,
engert_20221002_fish2_magneto_0,zebrafish 0.1 Hz,real,0.1175925925925926,0.1,345,190,
engert_20221002_fish2_magneto_0,zebrafish 0.1 Hz,detrended + envelope-normalised,0.1175925925925926,0.1,345,191,
engert_20221002_fish2_magneto_0,zebrafish 0.1 Hz,white,0.1175925925925926,0.1,345,165,
engert_20221002_fish2_magneto_0,zebrafish 0.1 Hz,real,0.12129629629629629,0.1,345,188,
engert_20221002_fish2_magneto_0,zebrafish 0.1 Hz,detrended + envelope-normalised,0.12129629629629629,0.1,345,181,
engert_20221002_fish2_magneto_0,zebrafish 0.1 Hz,white,0.12129629629629629,0.1,345,161,
engert_20221002_fish2_magneto_0,zebrafish 0.1 Hz,real,0.125,0.1,345,180,
engert_20221002_fish2_magneto_0,zebrafish 0.1 Hz,detrended + envelope-normalised,0.125,0.1,345,180,
engert_20221002_fish2_magneto_0,zebrafish 0.1 Hz,white,0.125,0.1,345,176,
engert_20221002_fish2_magneto_0,zebrafish 0.1 Hz,real,0.1287037037037037,0.1,345,195,
engert_20221002_fish2_magneto_0,zebrafish 0.1 Hz,detrended + envelope-normalised,0.1287037037037037,0.1,345,191,
engert_20221002_fish2_magneto_0,zebrafish 0.1 Hz,white,0.1287037037037037,0.1,345,183,
engert_20221002_fish2_magneto_0,zebrafish 0.1 Hz,real,0.13333333333333333,0.1,345,185,
engert_20221002_fish2_magneto_0,zebrafish 0.1 Hz,detrended + envelope-normalised,0.13333333333333333,0.1,345,177,
engert_20221002_fish2_magneto_0,zebrafish 0.1 Hz,white,0.13333333333333333,0.1,345,183,
engert_20221002_fish2_magneto_0,zebrafish 0.1 Hz,real,0.13796296296296295,0.1,345,185,
engert_20221002_fish2_magneto_0,zebrafish 0.1 Hz,detrended + envelope-normalised,0.13796296296296295,0.1,345,165,
engert_20221002_fish2_magneto_0,zebrafish 0.1 Hz,white,0.13796296296296295,0.1,345,169,
engert_20221002_fish2_magneto_0,zebrafish 0.1 Hz,real,0.1425925925925926,0.1,345,189,
engert_20221002_fish2_magneto_0,zebrafish 0.1 Hz,detrended + envelope-normalised,0.1425925925925926,0.1,345,191,
engert_20221002_fish2_magneto_0,zebrafish 0.1 Hz,white,0.1425925925925926,0.1,345,169,
engert_20221002_fish2_magneto_0,zebrafish 0.1 Hz,real,0.14722222222222223,0.1,345,184,
engert_20221002_fish2_magneto_0,zebrafish 0.1 Hz,detrended + envelope-normalised,0.14722222222222223,0.1,345,183,
engert_20221002_fish2_magneto_0,zebrafish 0.1 Hz,white,0.14722222222222223,0.1,345,168,
engert_20221002_fish2_magneto_0,zebrafish 0.1 Hz,real,0.15185185185185185,0.1,345,176,
engert_20221002_fish2_magneto_0,zebrafish 0.1 Hz,detrended + envelope-normalised,0.15185185185185185,0.1,345,186,
engert_20221002_fish2_magneto_0,zebrafish 0.1 Hz,white,0.15185185185185185,0.1,345,167,
engert_20221002_fish2_magneto_0,zebrafish 0.1 Hz,real,0.15648148148148147,0.1,345,190,
engert_20221002_fish2_magneto_0,zebrafish 0.1 Hz,detrended + envelope-normalised,0.15648148148148147,0.1,345,194,
engert_20221002_fish2_magneto_0,zebrafish 0.1 Hz,white,0.15648148148148147,0.1,345,176,
engert_20221002_fish2_magneto_0,zebrafish 0.1 Hz,real,0.16203703703703703,0.1,345,194,
engert_20221002_fish2_magneto_0,zebrafish 0.1 Hz,detrended + envelope-normalised,0.16203703703703703,0.1,345,185,
engert_20221002_fish2_magneto_0,zebrafish 0.1 Hz,white,0.16203703703703703,0.1,345,179,
engert_20221002_fish2_magneto_0,zebrafish 0.1 Hz,real,0.16666666666666666,0.1,345,196,
engert_20221002_fish2_magneto_0,zebrafish 0.1 Hz,detrended + envelope-normalised,0.16666666666666666,0.1,345,191,
engert_20221002_fish2_magneto_0,zebrafish 0.1 Hz,white,0.16666666666666666,0.1,345,164,
engert_20221002_fish2_magneto_0,zebrafish 0.1 Hz,real,0.17222222222222222,0.1,345,186,
engert_20221002_fish2_magneto_0,zebrafish 0.1 Hz,detrended + envelope-normalised,0.17222222222222222,0.1,345,155,
engert_20221002_fish2_magneto_0,zebrafish 0.1 Hz,white,0.17222222222222222,0.1,345,176,
engert_20221002_fish2_magneto_0,zebrafish 0.1 Hz,real,0.17777777777777778,0.1,345,191,
engert_20221002_fish2_magneto_0,zebrafish 0.1 Hz,detrended + envelope-normalised,0.17777777777777778,0.1,345,170,
engert_20221002_fish2_magneto_0,zebrafish 0.1 Hz,white,0.17777777777777778,0.1,345,188,
engert_20221002_fish2_magneto_0,zebrafish 0.1 Hz,real,0.18425925925925926,0.1,345,202,
engert_20221002_fish2_magneto_0,zebrafish 0.1 Hz,detrended + envelope-normalised,0.18425925925925926,0.1,345,184,
engert_20221002_fish2_magneto_0,zebrafish 0.1 Hz,white,0.18425925925925926,0.1,345,173,
engert_20221002_fish2_magneto_0,zebrafish 0.1 Hz,real,0.18981481481481483,0.1,345,182,
engert_20221002_fish2_magneto_0,zebrafish 0.1 Hz,detrended + envelope-normalised,0.18981481481481483,0.1,345,175,
engert_20221002_fish2_magneto_0,zebrafish 0.1 Hz,white,0.18981481481481483,0.1,345,166,
engert_20221002_fish2_magneto_0,zebrafish 0.1 Hz,real,0.1962962962962963,0.1,345,203,
engert_20221002_fish2_magneto_0,zebrafish 0.1 Hz,detrended + envelope-normalised,0.1962962962962963,0.1,345,176,
engert_20221002_fish2_magneto_0,zebrafish 0.1 Hz,white,0.1962962962962963,0.1,345,170,
engert_20221002_fish2_magneto_0,zebrafish 0.1 Hz,real,0.20277777777777778,0.1,345,190,
engert_20221002_fish2_magneto_0,zebrafish 0.1 Hz,detrended + envelope-normalised,0.20277777777777778,0.1,345,176,
engert_20221002_fish2_magneto_0,zebrafish 0.1 Hz,white,0.20277777777777778,0.1,345,177,
engert_20221002_fish2_magneto_0,zebrafish 0.1 Hz,real,0.20925925925925926,0.1,345,208,
engert_20221002_fish2_magneto_0,zebrafish 0.1 Hz,detrended + envelope-normalised,0.20925925925925926,0.1,345,184,
engert_20221002_fish2_magneto_0,zebrafish 0.1 Hz,white,0.20925925925925926,0.1,345,175,
engert_20221002_fish2_magneto_0,zebrafish 0.1 Hz,real,0.21666666666666667,0.1,345,208,
engert_20221002_fish2_magneto_0,zebrafish 0.1 Hz,detrended + envelope-normalised,0.21666666666666667,0.1,345,187,
engert_20221002_fish2_magneto_0,zebrafish 0.1 Hz,white,0.21666666666666667,0.1,345,175,
engert_20221002_fish2_magneto_0,zebrafish 0.1 Hz,real,0.22314814814814815,0.1,345,202,
engert_20221002_fish2_magneto_0,zebrafish 0.1 Hz,detrended + envelope-normalised,0.22314814814814815,0.1,345,191,
engert_20221002_fish2_magneto_0,zebrafish 0.1 Hz,white,0.22314814814814815,0.1,345,183,
engert_20221002_fish2_magneto_0,zebrafish 0.1 Hz,real,0.23055555555555557,0.1,345,182,
engert_20221002_fish2_magneto_0,zebrafish 0.1 Hz,detrended + envelope-normalised,0.23055555555555557,0.1,345,168,
engert_20221002_fish2_magneto_0,zebrafish 0.1 Hz,white,0.23055555555555557,0.1,345,185,
engert_20221002_fish2_magneto_0,zebrafish 0.1 Hz,real,0.23796296296296296,0.1,345,185,
engert_20221002_fish2_magneto_0,zebrafish 0.1 Hz,detrended + envelope-normalised,0.23796296296296296,0.1,345,181,
engert_20221002_fish2_magneto_0,zebrafish 0.1 Hz,white,0.23796296296296296,0.1,345,181,
engert_20221002_fish2_magneto_0,zebrafish 0.1 Hz,real,0.2462962962962963,0.1,345,190,
engert_20221002_fish2_magneto_0,zebrafish 0.1 Hz,detrended + envelope-normalised,0.2462962962962963,0.1,345,183,
engert_20221002_fish2_magneto_0,zebrafish 0.1 Hz,white,0.2462962962962963,0.1,345,182,
engert_20221002_fish2_magneto_0,zebrafish 0.1 Hz,real,0.2537037037037037,0.1,345,189,
engert_20221002_fish2_magneto_0,zebrafish 0.1 Hz,detrended + envelope-normalised,0.2537037037037037,0.1,345,196,
engert_20221002_fish2_magneto_0,zebrafish 0.1 Hz,white,0.2537037037037037,0.1,345,183,
engert_20221002_fish2_magneto_0,zebrafish 0.1 Hz,real,0.262037037037037,0.1,345,193,
engert_20221002_fish2_magneto_0,zebrafish 0.1 Hz,detrended + envelope-normalised,0.262037037037037,0.1,345,195,
engert_20221002_fish2_magneto_0,zebrafish 0.1 Hz,white,0.262037037037037,0.1,345,165,
engert_20221002_fish2_magneto_0,zebrafish 0.1 Hz,real,0.2712962962962963,0.1,345,207,
engert_20221002_fish2_magneto_0,zebrafish 0.1 Hz,detrended + envelope-normalised,0.2712962962962963,0.1,345,173,
engert_20221002_fish2_magneto_0,zebrafish 0.1 Hz,white,0.2712962962962963,0.1,345,185,
engert_20221002_fish2_magneto_0,zebrafish 0.1 Hz,real,0.2796296296296296,0.1,345,180,
engert_20221002_fish2_magneto_0,zebrafish 0.1 Hz,detrended + envelope-normalised,0.2796296296296296,0.1,345,180,
engert_20221002_fish2_magneto_0,zebrafish 0.1 Hz,white,0.2796296296296296,0.1,345,176,
engert_20221002_fish2_magneto_0,zebrafish 0.1 Hz,real,0.28888888888888886,0.1,345,182,
engert_20221002_fish2_magneto_0,zebrafish 0.1 Hz,detrended + envelope-normalised,0.28888888888888886,0.1,345,173,
engert_20221002_fish2_magneto_0,zebrafish 0.1 Hz,white,0.28888888888888886,0.1,345,183,
engert_20221002_fish2_magneto_0,zebrafish 0.1 Hz,real,0.29814814814814816,0.1,345,191,
engert_20221002_fish2_magneto_0,zebrafish 0.1 Hz,detrended + envelope-normalised,0.29814814814814816,0.1,345,188,
engert_20221002_fish2_magneto_0,zebrafish 0.1 Hz,white,0.29814814814814816,0.1,345,173,
engert_20221002_fish2_magneto_0,zebrafish 0.1 Hz,real,0.30833333333333335,0.1,345,201,
engert_20221002_fish2_magneto_0,zebrafish 0.1 Hz,detrended + envelope-normalised,0.30833333333333335,0.1,345,176,
engert_20221002_fish2_magneto_0,zebrafish 0.1 Hz,white,0.30833333333333335,0.1,345,184,
engert_20221002_fish2_magneto_0,zebrafish 0.1 Hz,real,0.31851851851851853,0.1,345,186,
engert_20221002_fish2_magneto_0,zebrafish 0.1 Hz,detrended + envelope-normalised,0.31851851851851853,0.1,345,178,
engert_20221002_fish2_magneto_0,zebrafish 0.1 Hz,white,0.31851851851851853,0.1,345,170,
engert_20221002_fish2_magneto_0,zebrafish 0.1 Hz,real,0.3287037037037037,0.1,345,169,
engert_20221002_fish2_magneto_0,zebrafish 0.1 Hz,detrended + envelope-normalised,0.3287037037037037,0.1,345,164,
engert_20221002_fish2_magneto_0,zebrafish 0.1 Hz,white,0.3287037037037037,0.1,345,166,
engert_20221002_fish2_magneto_0,zebrafish 0.1 Hz,real,0.3388888888888889,0.1,345,189,
engert_20221002_fish2_magneto_0,zebrafish 0.1 Hz,detrended + envelope-normalised,0.3388888888888889,0.1,345,169,
engert_20221002_fish2_magneto_0,zebrafish 0.1 Hz,white,0.3388888888888889,0.1,345,171,
engert_20221002_fish2_magneto_0,zebrafish 0.1 Hz,real,0.35,0.1,345,198,
engert_20221002_fish2_magneto_0,zebrafish 0.1 Hz,detrended + envelope-normalised,0.35,0.1,345,194,
engert_20221002_fish2_magneto_0,zebrafish 0.1 Hz,white,0.35,0.1,345,155,
engert_20221002_fish2_magneto_0,zebrafish 0.1 Hz,real,0.36203703703703705,0.1,345,175,
engert_20221002_fish2_magneto_0,zebrafish 0.1 Hz,detrended + envelope-normalised,0.36203703703703705,0.1,345,178,
engert_20221002_fish2_magneto_0,zebrafish 0.1 Hz,white,0.36203703703703705,0.1,345,171,
engert_20221002_fish2_magneto_0,zebrafish 0.1 Hz,real,0.37407407407407406,0.1,345,178,
engert_20221002_fish2_magneto_0,zebrafish 0.1 Hz,detrended + envelope-normalised,0.37407407407407406,0.1,345,182,
engert_20221002_fish2_magneto_0,zebrafish 0.1 Hz,white,0.37407407407407406,0.1,345,168,
engert_20221002_fish2_magneto_0,zebrafish 0.1 Hz,real,0.3861111111111111,0.1,345,187,
engert_20221002_fish2_magneto_0,zebrafish 0.1 Hz,detrended + envelope-normalised,0.3861111111111111,0.1,345,174,
engert_20221002_fish2_magneto_0,zebrafish 0.1 Hz,white,0.3861111111111111,0.1,345,156,
engert_20221002_fish2_magneto_0,zebrafish 0.1 Hz,real,0.39814814814814814,0.1,345,173,
engert_20221002_fish2_magneto_0,zebrafish 0.1 Hz,detrended + envelope-normalised,0.39814814814814814,0.1,345,171,
engert_20221002_fish2_magneto_0,zebrafish 0.1 Hz,white,0.39814814814814814,0.1,345,168,
engert_20221002_fish2_magneto_0,zebrafish 0.1 Hz,real,0.4111111111111111,0.1,345,182,
engert_20221002_fish2_magneto_0,zebrafish 0.1 Hz,detrended + envelope-normalised,0.4111111111111111,0.1,345,170,
engert_20221002_fish2_magneto_0,zebrafish 0.1 Hz,white,0.4111111111111111,0.1,345,168,
engert_20221002_fish2_magneto_0,zebrafish 0.1 Hz,real,0.425,0.1,345,190,
engert_20221002_fish2_magneto_0,zebrafish 0.1 Hz,detrended + envelope-normalised,0.425,0.1,345,177,
engert_20221002_fish2_magneto_0,zebrafish 0.1 Hz,white,0.425,0.1,345,193,
engert_20221002_fish2_magneto_0,zebrafish 0.1 Hz,real,0.4388888888888889,0.1,345,192,
engert_20221002_fish2_magneto_0,zebrafish 0.1 Hz,detrended + envelope-normalised,0.4388888888888889,0.1,345,196,
engert_20221002_fish2_magneto_0,zebrafish 0.1 Hz,white,0.4388888888888889,0.1,345,176,
engert_20221002_fish2_magneto_0,zebrafish 0.1 Hz,real,0.4527777777777778,0.1,345,187,
engert_20221002_fish2_magneto_0,zebrafish 0.1 Hz,detrended + envelope-normalised,0.4527777777777778,0.1,345,178,
engert_20221002_fish2_magneto_0,zebrafish 0.1 Hz,white,0.4527777777777778,0.1,345,193,
engert_20221002_fish2_magneto_0,zebrafish 0.1 Hz,real,0.4685185185185185,0.1,345,178,
engert_20221002_fish2_magneto_0,zebrafish 0.1 Hz,detrended + envelope-normalised,0.4685185185185185,0.1,345,165,
engert_20221002_fish2_magneto_0,zebrafish 0.1 Hz,white,0.4685185185185185,0.1,345,166,
engert_20221002_fish2_magneto_0,zebrafish 0.1 Hz,near stimulus,0.07222222222222222,0.1,345,188,-30.0
engert_20221002_fish2_magneto_0,zebrafish 0.1 Hz,near stimulus,0.07314814814814814,0.1,345,201,-29.0
engert_20221002_fish2_magneto_0,zebrafish 0.1 Hz,near stimulus,0.07407407407407407,0.1,345,187,-28.0
engert_20221002_fish2_magneto_0,zebrafish 0.1 Hz,near stimulus,0.075,0.1,345,186,-27.0
engert_20221002_fish2_magneto_0,zebrafish 0.1 Hz,near stimulus,0.07592592592592592,0.1,345,181,-26.0
engert_20221002_fish2_magneto_0,zebrafish 0.1 Hz,near stimulus,0.07685185185185185,0.1,345,174,-25.0
engert_20221002_fish2_magneto_0,zebrafish 0.1 Hz,near stimulus,0.07777777777777778,0.1,345,191,-24.0
engert_20221002_fish2_magneto_0,zebrafish 0.1 Hz,near stimulus,0.0787037037037037,0.1,345,191,-23.0
engert_20221002_fish2_magneto_0,zebrafish 0.1 Hz,near stimulus,0.07962962962962963,0.1,345,212,-22.0
engert_20221002_fish2_magneto_0,zebrafish 0.1 Hz,near stimulus,0.08055555555555556,0.1,345,182,-21.0
engert_20221002_fish2_magneto_0,zebrafish 0.1 Hz,near stimulus,0.08148148148148149,0.1,345,192,-20.0
engert_20221002_fish2_magneto_0,zebrafish 0.1 Hz,near stimulus,0.0824074074074074,0.1,345,189,-19.0
engert_20221002_fish2_magneto_0,zebrafish 0.1 Hz,near stimulus,0.08333333333333333,0.1,345,189,-18.0
engert_20221002_fish2_magneto_0,zebrafish 0.1 Hz,near stimulus,0.08425925925925926,0.1,345,186,-17.0
engert_20221002_fish2_magneto_0,zebrafish 0.1 Hz,near stimulus,0.08518518518518518,0.1,345,196,-16.0
engert_20221002_fish2_magneto_0,zebrafish 0.1 Hz,near stimulus,0.08611111111111111,0.1,345,178,-15.0
engert_20221002_fish2_magneto_0,zebrafish 0.1 Hz,near stimulus,0.08703703703703704,0.1,345,195,-14.0
engert_20221002_fish2_magneto_0,zebrafish 0.1 Hz,near stimulus,0.08796296296296297,0.1,345,197,-13.0
engert_20221002_fish2_magneto_0,zebrafish 0.1 Hz,near stimulus,0.08888888888888889,0.1,345,200,-12.0
engert_20221002_fish2_magneto_0,zebrafish 0.1 Hz,near stimulus,0.08981481481481482,0.1,345,172,-11.0
engert_20221002_fish2_magneto_0,zebrafish 0.1 Hz,near stimulus,0.09074074074074075,0.1,345,176,-10.0
engert_20221002_fish2_magneto_0,zebrafish 0.1 Hz,near stimulus,0.09166666666666666,0.1,345,184,-9.0
engert_20221002_fish2_magneto_0,zebrafish 0.1 Hz,near stimulus,0.09259259259259259,0.1,345,181,-8.0
engert_20221002_fish2_magneto_0,zebrafish 0.1 Hz,near stimulus,0.09351851851851851,0.1,345,173,-7.0
engert_20221002_fish2_magneto_0,zebrafish 0.1 Hz,near stimulus,0.09444444444444444,0.1,345,189,-6.0
engert_20221002_fish2_magneto_0,zebrafish 0.1 Hz,near stimulus,0.09537037037037037,0.1,345,198,-5.0
engert_20221002_fish2_magneto_0,zebrafish 0.1 Hz,near stimulus,0.0962962962962963,0.1,345,187,-4.0
engert_20221002_fish2_magneto_0,zebrafish 0.1 Hz,near stimulus,0.09722222222222222,0.1,345,173,-3.0
engert_20221002_fish2_magneto_0,zebrafish 0.1 Hz,near stimulus,0.09814814814814815,0.1,345,191,-2.0
engert_20221002_fish2_magneto_0,zebrafish 0.1 Hz,near stimulus,0.09907407407407408,0.1,345,192,-1.0
engert_20221002_fish2_magneto_0,zebrafish 0.1 Hz,near stimulus,0.1,0.1,345,189,0.0
engert_20221002_fish2_magneto_0,zebrafish 0.1 Hz,near stimulus,0.10092592592592593,0.1,345,180,1.0
engert_20221002_fish2_magneto_0,zebrafish 0.1 Hz,near stimulus,0.10185185185185185,0.1,345,185,2.0
engert_20221002_fish2_magneto_0,zebrafish 0.1 Hz,near stimulus,0.10277777777777777,0.1,345,176,3.0
engert_20221002_fish2_magneto_0,zebrafish 0.1 Hz,near stimulus,0.1037037037037037,0.1,345,188,4.0
engert_20221002_fish2_magneto_0,zebrafish 0.1 Hz,near stimulus,0.10462962962962963,0.1,345,180,5.0
engert_20221002_fish2_magneto_0,zebrafish 0.1 Hz,near stimulus,0.10555555555555556,0.1,345,177,6.0
engert_20221002_fish2_magneto_0,zebrafish 0.1 Hz,near stimulus,0.10648148148148148,0.1,345,184,7.0
engert_20221002_fish2_magneto_0,zebrafish 0.1 Hz,near stimulus,0.10740740740740741,0.1,345,191,8.0
engert_20221002_fish2_magneto_0,zebrafish 0.1 Hz,near stimulus,0.10833333333333334,0.1,345,182,9.0
engert_20221002_fish2_magneto_0,zebrafish 0.1 Hz,near stimulus,0.10925925925925926,0.1,345,187,10.0
engert_20221002_fish2_magneto_0,zebrafish 0.1 Hz,near stimulus,0.11018518518518519,0.1,345,185,11.0
engert_20221002_fish2_magneto_0,zebrafish 0.1 Hz,near stimulus,0.1111111111111111,0.1,345,194,12.0
engert_20221002_fish2_magneto_0,zebrafish 0.1 Hz,near stimulus,0.11203703703703703,0.1,345,170,13.0
engert_20221002_fish2_magneto_0,zebrafish 0.1 Hz,near stimulus,0.11296296296296296,0.1,345,204,14.0
engert_20221002_fish2_magneto_0,zebrafish 0.1 Hz,near stimulus,0.11388888888888889,0.1,345,190,15.0
engert_20221002_fish2_magneto_0,zebrafish 0.1 Hz,near stimulus,0.11481481481481481,0.1,345,191,16.0
engert_20221002_fish2_magneto_0,zebrafish 0.1 Hz,near stimulus,0.11574074074074074,0.1,345,172,17.0
engert_20221002_fish2_magneto_0,zebrafish 0.1 Hz,near stimulus,0.11666666666666667,0.1,345,178,18.0
engert_20221002_fish2_magneto_0,zebrafish 0.1 Hz,near stimulus,0.1175925925925926,0.1,345,190,19.0
engert_20221002_fish2_magneto_0,zebrafish 0.1 Hz,near stimulus,0.11851851851851852,0.1,345,193,20.0
engert_20221002_fish2_magneto_0,zebrafish 0.1 Hz,near stimulus,0.11944444444444445,0.1,345,196,21.0
engert_20221002_fish2_magneto_0,zebrafish 0.1 Hz,near stimulus,0.12037037037037036,0.1,345,180,22.0
engert_20221002_fish2_magneto_0,zebrafish 0.1 Hz,near stimulus,0.12129629629629629,0.1,345,188,23.0
engert_20221002_fish2_magneto_0,zebrafish 0.1 Hz,near stimulus,0.12222222222222222,0.1,345,170,24.0
engert_20221002_fish2_magneto_0,zebrafish 0.1 Hz,near stimulus,0.12314814814814815,0.1,345,206,25.0
engert_20221002_fish2_magneto_0,zebrafish 0.1 Hz,near stimulus,0.12407407407407407,0.1,345,189,26.0
engert_20221002_fish2_magneto_0,zebrafish 0.1 Hz,near stimulus,0.125,0.1,345,180,27.0
engert_20221002_fish2_magneto_0,zebrafish 0.1 Hz,near stimulus,0.1259259259259259,0.1,345,180,28.0
engert_20221002_fish2_magneto_0,zebrafish 0.1 Hz,near stimulus,0.12685185185185185,0.1,345,177,29.0
engert_20221002_fish2_magneto_0,zebrafish 0.1 Hz,near stimulus,0.12777777777777777,0.1,345,174,30.0
engert_20221002_fish2_magneto_1,zebrafish 0.1 Hz,real,0.07037037037037037,0.1,404,194,
engert_20221002_fish2_magneto_1,zebrafish 0.1 Hz,detrended + envelope-normalised,0.07037037037037037,0.1,404,190,
engert_20221002_fish2_magneto_1,zebrafish 0.1 Hz,white,0.07037037037037037,0.1,404,214,
engert_20221002_fish2_magneto_1,zebrafish 0.1 Hz,real,0.07222222222222222,0.1,404,191,
engert_20221002_fish2_magneto_1,zebrafish 0.1 Hz,detrended + envelope-normalised,0.07222222222222222,0.1,404,169,
engert_20221002_fish2_magneto_1,zebrafish 0.1 Hz,white,0.07222222222222222,0.1,404,198,
engert_20221002_fish2_magneto_1,zebrafish 0.1 Hz,real,0.075,0.1,404,200,
engert_20221002_fish2_magneto_1,zebrafish 0.1 Hz,detrended + envelope-normalised,0.075,0.1,404,175,
engert_20221002_fish2_magneto_1,zebrafish 0.1 Hz,white,0.075,0.1,404,193,
engert_20221002_fish2_magneto_1,zebrafish 0.1 Hz,real,0.07685185185185185,0.1,404,202,
engert_20221002_fish2_magneto_1,zebrafish 0.1 Hz,detrended + envelope-normalised,0.07685185185185185,0.1,404,193,
engert_20221002_fish2_magneto_1,zebrafish 0.1 Hz,white,0.07685185185185185,0.1,404,193,
engert_20221002_fish2_magneto_1,zebrafish 0.1 Hz,real,0.07962962962962963,0.1,404,208,
engert_20221002_fish2_magneto_1,zebrafish 0.1 Hz,detrended + envelope-normalised,0.07962962962962963,0.1,404,196,
engert_20221002_fish2_magneto_1,zebrafish 0.1 Hz,white,0.07962962962962963,0.1,404,189,
engert_20221002_fish2_magneto_1,zebrafish 0.1 Hz,real,0.0824074074074074,0.1,404,213,
engert_20221002_fish2_magneto_1,zebrafish 0.1 Hz,detrended + envelope-normalised,0.0824074074074074,0.1,404,209,
engert_20221002_fish2_magneto_1,zebrafish 0.1 Hz,white,0.0824074074074074,0.1,404,195,
engert_20221002_fish2_magneto_1,zebrafish 0.1 Hz,real,0.08518518518518518,0.1,404,208,
engert_20221002_fish2_magneto_1,zebrafish 0.1 Hz,detrended + envelope-normalised,0.08518518518518518,0.1,404,201,
engert_20221002_fish2_magneto_1,zebrafish 0.1 Hz,white,0.08518518518518518,0.1,404,204,
engert_20221002_fish2_magneto_1,zebrafish 0.1 Hz,real,0.08796296296296297,0.1,404,211,
engert_20221002_fish2_magneto_1,zebrafish 0.1 Hz,detrended + envelope-normalised,0.08796296296296297,0.1,404,208,
engert_20221002_fish2_magneto_1,zebrafish 0.1 Hz,white,0.08796296296296297,0.1,404,211,
engert_20221002_fish2_magneto_1,zebrafish 0.1 Hz,real,0.09074074074074075,0.1,404,228,
engert_20221002_fish2_magneto_1,zebrafish 0.1 Hz,detrended + envelope-normalised,0.09074074074074075,0.1,404,222,
engert_20221002_fish2_magneto_1,zebrafish 0.1 Hz,white,0.09074074074074075,0.1,404,196,
engert_20221002_fish2_magneto_1,zebrafish 0.1 Hz,real,0.09351851851851851,0.1,404,247,
engert_20221002_fish2_magneto_1,zebrafish 0.1 Hz,detrended + envelope-normalised,0.09351851851851851,0.1,404,218,
engert_20221002_fish2_magneto_1,zebrafish 0.1 Hz,white,0.09351851851851851,0.1,404,210,
engert_20221002_fish2_magneto_1,zebrafish 0.1 Hz,real,0.0962962962962963,0.1,404,205,
engert_20221002_fish2_magneto_1,zebrafish 0.1 Hz,detrended + envelope-normalised,0.0962962962962963,0.1,404,198,
engert_20221002_fish2_magneto_1,zebrafish 0.1 Hz,white,0.0962962962962963,0.1,404,211,
engert_20221002_fish2_magneto_1,zebrafish 0.1 Hz,real,0.1,0.1,404,223,
engert_20221002_fish2_magneto_1,zebrafish 0.1 Hz,detrended + envelope-normalised,0.1,0.1,404,217,
engert_20221002_fish2_magneto_1,zebrafish 0.1 Hz,white,0.1,0.1,404,203,
engert_20221002_fish2_magneto_1,zebrafish 0.1 Hz,real,0.10277777777777777,0.1,404,212,
engert_20221002_fish2_magneto_1,zebrafish 0.1 Hz,detrended + envelope-normalised,0.10277777777777777,0.1,404,200,
engert_20221002_fish2_magneto_1,zebrafish 0.1 Hz,white,0.10277777777777777,0.1,404,199,
engert_20221002_fish2_magneto_1,zebrafish 0.1 Hz,real,0.10648148148148148,0.1,404,214,
engert_20221002_fish2_magneto_1,zebrafish 0.1 Hz,detrended + envelope-normalised,0.10648148148148148,0.1,404,197,
engert_20221002_fish2_magneto_1,zebrafish 0.1 Hz,white,0.10648148148148148,0.1,404,193,
engert_20221002_fish2_magneto_1,zebrafish 0.1 Hz,real,0.11018518518518519,0.1,404,210,
engert_20221002_fish2_magneto_1,zebrafish 0.1 Hz,detrended + envelope-normalised,0.11018518518518519,0.1,404,198,
engert_20221002_fish2_magneto_1,zebrafish 0.1 Hz,white,0.11018518518518519,0.1,404,218,
engert_20221002_fish2_magneto_1,zebrafish 0.1 Hz,real,0.11388888888888889,0.1,404,219,
engert_20221002_fish2_magneto_1,zebrafish 0.1 Hz,detrended + envelope-normalised,0.11388888888888889,0.1,404,200,
engert_20221002_fish2_magneto_1,zebrafish 0.1 Hz,white,0.11388888888888889,0.1,404,193,
engert_20221002_fish2_magneto_1,zebrafish 0.1 Hz,real,0.1175925925925926,0.1,404,210,
engert_20221002_fish2_magneto_1,zebrafish 0.1 Hz,detrended + envelope-normalised,0.1175925925925926,0.1,404,204,
engert_20221002_fish2_magneto_1,zebrafish 0.1 Hz,white,0.1175925925925926,0.1,404,200,
engert_20221002_fish2_magneto_1,zebrafish 0.1 Hz,real,0.12129629629629629,0.1,404,206,
engert_20221002_fish2_magneto_1,zebrafish 0.1 Hz,detrended + envelope-normalised,0.12129629629629629,0.1,404,201,
engert_20221002_fish2_magneto_1,zebrafish 0.1 Hz,white,0.12129629629629629,0.1,404,201,
engert_20221002_fish2_magneto_1,zebrafish 0.1 Hz,real,0.125,0.1,404,210,
engert_20221002_fish2_magneto_1,zebrafish 0.1 Hz,detrended + envelope-normalised,0.125,0.1,404,214,
engert_20221002_fish2_magneto_1,zebrafish 0.1 Hz,white,0.125,0.1,404,193,
engert_20221002_fish2_magneto_1,zebrafish 0.1 Hz,real,0.1287037037037037,0.1,404,216,
engert_20221002_fish2_magneto_1,zebrafish 0.1 Hz,detrended + envelope-normalised,0.1287037037037037,0.1,404,213,
engert_20221002_fish2_magneto_1,zebrafish 0.1 Hz,white,0.1287037037037037,0.1,404,194,
engert_20221002_fish2_magneto_1,zebrafish 0.1 Hz,real,0.13333333333333333,0.1,404,217,
engert_20221002_fish2_magneto_1,zebrafish 0.1 Hz,detrended + envelope-normalised,0.13333333333333333,0.1,404,203,
engert_20221002_fish2_magneto_1,zebrafish 0.1 Hz,white,0.13333333333333333,0.1,404,198,
engert_20221002_fish2_magneto_1,zebrafish 0.1 Hz,real,0.13796296296296295,0.1,404,221,
engert_20221002_fish2_magneto_1,zebrafish 0.1 Hz,detrended + envelope-normalised,0.13796296296296295,0.1,404,214,
engert_20221002_fish2_magneto_1,zebrafish 0.1 Hz,white,0.13796296296296295,0.1,404,207,
engert_20221002_fish2_magneto_1,zebrafish 0.1 Hz,real,0.1425925925925926,0.1,404,214,
engert_20221002_fish2_magneto_1,zebrafish 0.1 Hz,detrended + envelope-normalised,0.1425925925925926,0.1,404,204,
engert_20221002_fish2_magneto_1,zebrafish 0.1 Hz,white,0.1425925925925926,0.1,404,190,
engert_20221002_fish2_magneto_1,zebrafish 0.1 Hz,real,0.14722222222222223,0.1,404,201,
engert_20221002_fish2_magneto_1,zebrafish 0.1 Hz,detrended + envelope-normalised,0.14722222222222223,0.1,404,205,
engert_20221002_fish2_magneto_1,zebrafish 0.1 Hz,white,0.14722222222222223,0.1,404,193,
engert_20221002_fish2_magneto_1,zebrafish 0.1 Hz,real,0.15185185185185185,0.1,404,209,
engert_20221002_fish2_magneto_1,zebrafish 0.1 Hz,detrended + envelope-normalised,0.15185185185185185,0.1,404,204,
engert_20221002_fish2_magneto_1,zebrafish 0.1 Hz,white,0.15185185185185185,0.1,404,210,
engert_20221002_fish2_magneto_1,zebrafish 0.1 Hz,real,0.15648148148148147,0.1,404,221,
engert_20221002_fish2_magneto_1,zebrafish 0.1 Hz,detrended + envelope-normalised,0.15648148148148147,0.1,404,213,
engert_20221002_fish2_magneto_1,zebrafish 0.1 Hz,white,0.15648148148148147,0.1,404,198,
engert_20221002_fish2_magneto_1,zebrafish 0.1 Hz,real,0.16203703703703703,0.1,404,207,
engert_20221002_fish2_magneto_1,zebrafish 0.1 Hz,detrended + envelope-normalised,0.16203703703703703,0.1,404,206,
engert_20221002_fish2_magneto_1,zebrafish 0.1 Hz,white,0.16203703703703703,0.1,404,204,
engert_20221002_fish2_magneto_1,zebrafish 0.1 Hz,real,0.16666666666666666,0.1,404,227,
engert_20221002_fish2_magneto_1,zebrafish 0.1 Hz,detrended + envelope-normalised,0.16666666666666666,0.1,404,215,
engert_20221002_fish2_magneto_1,zebrafish 0.1 Hz,white,0.16666666666666666,0.1,404,203,
engert_20221002_fish2_magneto_1,zebrafish 0.1 Hz,real,0.17222222222222222,0.1,404,207,
engert_20221002_fish2_magneto_1,zebrafish 0.1 Hz,detrended + envelope-normalised,0.17222222222222222,0.1,404,196,
engert_20221002_fish2_magneto_1,zebrafish 0.1 Hz,white,0.17222222222222222,0.1,404,210,
engert_20221002_fish2_magneto_1,zebrafish 0.1 Hz,real,0.17777777777777778,0.1,404,213,
engert_20221002_fish2_magneto_1,zebrafish 0.1 Hz,detrended + envelope-normalised,0.17777777777777778,0.1,404,215,
engert_20221002_fish2_magneto_1,zebrafish 0.1 Hz,white,0.17777777777777778,0.1,404,196,
engert_20221002_fish2_magneto_1,zebrafish 0.1 Hz,real,0.18425925925925926,0.1,404,211,
engert_20221002_fish2_magneto_1,zebrafish 0.1 Hz,detrended + envelope-normalised,0.18425925925925926,0.1,404,215,
engert_20221002_fish2_magneto_1,zebrafish 0.1 Hz,white,0.18425925925925926,0.1,404,213,
engert_20221002_fish2_magneto_1,zebrafish 0.1 Hz,real,0.18981481481481483,0.1,404,211,
engert_20221002_fish2_magneto_1,zebrafish 0.1 Hz,detrended + envelope-normalised,0.18981481481481483,0.1,404,216,
engert_20221002_fish2_magneto_1,zebrafish 0.1 Hz,white,0.18981481481481483,0.1,404,213,
engert_20221002_fish2_magneto_1,zebrafish 0.1 Hz,real,0.1962962962962963,0.1,404,225,
engert_20221002_fish2_magneto_1,zebrafish 0.1 Hz,detrended + envelope-normalised,0.1962962962962963,0.1,404,229,
engert_20221002_fish2_magneto_1,zebrafish 0.1 Hz,white,0.1962962962962963,0.1,404,196,
engert_20221002_fish2_magneto_1,zebrafish 0.1 Hz,real,0.20277777777777778,0.1,404,209,
engert_20221002_fish2_magneto_1,zebrafish 0.1 Hz,detrended + envelope-normalised,0.20277777777777778,0.1,404,201,
engert_20221002_fish2_magneto_1,zebrafish 0.1 Hz,white,0.20277777777777778,0.1,404,186,
engert_20221002_fish2_magneto_1,zebrafish 0.1 Hz,real,0.20925925925925926,0.1,404,209,
engert_20221002_fish2_magneto_1,zebrafish 0.1 Hz,detrended + envelope-normalised,0.20925925925925926,0.1,404,201,
engert_20221002_fish2_magneto_1,zebrafish 0.1 Hz,white,0.20925925925925926,0.1,404,201,
engert_20221002_fish2_magneto_1,zebrafish 0.1 Hz,real,0.21666666666666667,0.1,404,221,
engert_20221002_fish2_magneto_1,zebrafish 0.1 Hz,detrended + envelope-normalised,0.21666666666666667,0.1,404,212,
engert_20221002_fish2_magneto_1,zebrafish 0.1 Hz,white,0.21666666666666667,0.1,404,193,
engert_20221002_fish2_magneto_1,zebrafish 0.1 Hz,real,0.22314814814814815,0.1,404,223,
engert_20221002_fish2_magneto_1,zebrafish 0.1 Hz,detrended + envelope-normalised,0.22314814814814815,0.1,404,217,
engert_20221002_fish2_magneto_1,zebrafish 0.1 Hz,white,0.22314814814814815,0.1,404,208,
engert_20221002_fish2_magneto_1,zebrafish 0.1 Hz,real,0.23055555555555557,0.1,404,233,
engert_20221002_fish2_magneto_1,zebrafish 0.1 Hz,detrended + envelope-normalised,0.23055555555555557,0.1,404,229,
engert_20221002_fish2_magneto_1,zebrafish 0.1 Hz,white,0.23055555555555557,0.1,404,216,
engert_20221002_fish2_magneto_1,zebrafish 0.1 Hz,real,0.23796296296296296,0.1,404,212,
engert_20221002_fish2_magneto_1,zebrafish 0.1 Hz,detrended + envelope-normalised,0.23796296296296296,0.1,404,213,
engert_20221002_fish2_magneto_1,zebrafish 0.1 Hz,white,0.23796296296296296,0.1,404,198,
engert_20221002_fish2_magneto_1,zebrafish 0.1 Hz,real,0.2462962962962963,0.1,404,213,
engert_20221002_fish2_magneto_1,zebrafish 0.1 Hz,detrended + envelope-normalised,0.2462962962962963,0.1,404,201,
engert_20221002_fish2_magneto_1,zebrafish 0.1 Hz,white,0.2462962962962963,0.1,404,209,
engert_20221002_fish2_magneto_1,zebrafish 0.1 Hz,real,0.2537037037037037,0.1,404,208,
engert_20221002_fish2_magneto_1,zebrafish 0.1 Hz,detrended + envelope-normalised,0.2537037037037037,0.1,404,197,
engert_20221002_fish2_magneto_1,zebrafish 0.1 Hz,white,0.2537037037037037,0.1,404,196,
engert_20221002_fish2_magneto_1,zebrafish 0.1 Hz,real,0.262037037037037,0.1,404,214,
engert_20221002_fish2_magneto_1,zebrafish 0.1 Hz,detrended + envelope-normalised,0.262037037037037,0.1,404,208,
engert_20221002_fish2_magneto_1,zebrafish 0.1 Hz,white,0.262037037037037,0.1,404,182,
engert_20221002_fish2_magneto_1,zebrafish 0.1 Hz,real,0.2712962962962963,0.1,404,224,
engert_20221002_fish2_magneto_1,zebrafish 0.1 Hz,detrended + envelope-normalised,0.2712962962962963,0.1,404,207,
engert_20221002_fish2_magneto_1,zebrafish 0.1 Hz,white,0.2712962962962963,0.1,404,208,
engert_20221002_fish2_magneto_1,zebrafish 0.1 Hz,real,0.2796296296296296,0.1,404,239,
engert_20221002_fish2_magneto_1,zebrafish 0.1 Hz,detrended + envelope-normalised,0.2796296296296296,0.1,404,222,
engert_20221002_fish2_magneto_1,zebrafish 0.1 Hz,white,0.2796296296296296,0.1,404,197,
engert_20221002_fish2_magneto_1,zebrafish 0.1 Hz,real,0.28888888888888886,0.1,404,232,
engert_20221002_fish2_magneto_1,zebrafish 0.1 Hz,detrended + envelope-normalised,0.28888888888888886,0.1,404,217,
engert_20221002_fish2_magneto_1,zebrafish 0.1 Hz,white,0.28888888888888886,0.1,404,206,
engert_20221002_fish2_magneto_1,zebrafish 0.1 Hz,real,0.29814814814814816,0.1,404,205,
engert_20221002_fish2_magneto_1,zebrafish 0.1 Hz,detrended + envelope-normalised,0.29814814814814816,0.1,404,185,
engert_20221002_fish2_magneto_1,zebrafish 0.1 Hz,white,0.29814814814814816,0.1,404,207,
engert_20221002_fish2_magneto_1,zebrafish 0.1 Hz,real,0.30833333333333335,0.1,404,221,
engert_20221002_fish2_magneto_1,zebrafish 0.1 Hz,detrended + envelope-normalised,0.30833333333333335,0.1,404,217,
engert_20221002_fish2_magneto_1,zebrafish 0.1 Hz,white,0.30833333333333335,0.1,404,185,
engert_20221002_fish2_magneto_1,zebrafish 0.1 Hz,real,0.31851851851851853,0.1,404,217,
engert_20221002_fish2_magneto_1,zebrafish 0.1 Hz,detrended + envelope-normalised,0.31851851851851853,0.1,404,232,
engert_20221002_fish2_magneto_1,zebrafish 0.1 Hz,white,0.31851851851851853,0.1,404,197,
engert_20221002_fish2_magneto_1,zebrafish 0.1 Hz,real,0.3287037037037037,0.1,404,200,
engert_20221002_fish2_magneto_1,zebrafish 0.1 Hz,detrended + envelope-normalised,0.3287037037037037,0.1,404,210,
engert_20221002_fish2_magneto_1,zebrafish 0.1 Hz,white,0.3287037037037037,0.1,404,219,
engert_20221002_fish2_magneto_1,zebrafish 0.1 Hz,real,0.3388888888888889,0.1,404,225,
engert_20221002_fish2_magneto_1,zebrafish 0.1 Hz,detrended + envelope-normalised,0.3388888888888889,0.1,404,210,
engert_20221002_fish2_magneto_1,zebrafish 0.1 Hz,white,0.3388888888888889,0.1,404,197,
engert_20221002_fish2_magneto_1,zebrafish 0.1 Hz,real,0.35,0.1,404,208,
engert_20221002_fish2_magneto_1,zebrafish 0.1 Hz,detrended + envelope-normalised,0.35,0.1,404,199,
engert_20221002_fish2_magneto_1,zebrafish 0.1 Hz,white,0.35,0.1,404,196,
engert_20221002_fish2_magneto_1,zebrafish 0.1 Hz,real,0.36203703703703705,0.1,404,195,
engert_20221002_fish2_magneto_1,zebrafish 0.1 Hz,detrended + envelope-normalised,0.36203703703703705,0.1,404,200,
engert_20221002_fish2_magneto_1,zebrafish 0.1 Hz,white,0.36203703703703705,0.1,404,204,
engert_20221002_fish2_magneto_1,zebrafish 0.1 Hz,real,0.37407407407407406,0.1,404,200,
engert_20221002_fish2_magneto_1,zebrafish 0.1 Hz,detrended + envelope-normalised,0.37407407407407406,0.1,404,184,
engert_20221002_fish2_magneto_1,zebrafish 0.1 Hz,white,0.37407407407407406,0.1,404,207,
engert_20221002_fish2_magneto_1,zebrafish 0.1 Hz,real,0.3861111111111111,0.1,404,234,
engert_20221002_fish2_magneto_1,zebrafish 0.1 Hz,detrended + envelope-normalised,0.3861111111111111,0.1,404,222,
engert_20221002_fish2_magneto_1,zebrafish 0.1 Hz,white,0.3861111111111111,0.1,404,216,
engert_20221002_fish2_magneto_1,zebrafish 0.1 Hz,real,0.39814814814814814,0.1,404,215,
engert_20221002_fish2_magneto_1,zebrafish 0.1 Hz,detrended + envelope-normalised,0.39814814814814814,0.1,404,205,
engert_20221002_fish2_magneto_1,zebrafish 0.1 Hz,white,0.39814814814814814,0.1,404,192,
engert_20221002_fish2_magneto_1,zebrafish 0.1 Hz,real,0.4111111111111111,0.1,404,224,
engert_20221002_fish2_magneto_1,zebrafish 0.1 Hz,detrended + envelope-normalised,0.4111111111111111,0.1,404,210,
engert_20221002_fish2_magneto_1,zebrafish 0.1 Hz,white,0.4111111111111111,0.1,404,202,
engert_20221002_fish2_magneto_1,zebrafish 0.1 Hz,real,0.425,0.1,404,214,
engert_20221002_fish2_magneto_1,zebrafish 0.1 Hz,detrended + envelope-normalised,0.425,0.1,404,203,
engert_20221002_fish2_magneto_1,zebrafish 0.1 Hz,white,0.425,0.1,404,186,
engert_20221002_fish2_magneto_1,zebrafish 0.1 Hz,real,0.4388888888888889,0.1,404,225,
engert_20221002_fish2_magneto_1,zebrafish 0.1 Hz,detrended + envelope-normalised,0.4388888888888889,0.1,404,211,
engert_20221002_fish2_magneto_1,zebrafish 0.1 Hz,white,0.4388888888888889,0.1,404,216,
engert_20221002_fish2_magneto_1,zebrafish 0.1 Hz,real,0.4527777777777778,0.1,404,205,
engert_20221002_fish2_magneto_1,zebrafish 0.1 Hz,detrended + envelope-normalised,0.4527777777777778,0.1,404,194,
engert_20221002_fish2_magneto_1,zebrafish 0.1 Hz,white,0.4527777777777778,0.1,404,195,
engert_20221002_fish2_magneto_1,zebrafish 0.1 Hz,real,0.4685185185185185,0.1,404,208,
engert_20221002_fish2_magneto_1,zebrafish 0.1 Hz,detrended + envelope-normalised,0.4685185185185185,0.1,404,201,
engert_20221002_fish2_magneto_1,zebrafish 0.1 Hz,white,0.4685185185185185,0.1,404,212,
engert_20221002_fish2_magneto_1,zebrafish 0.1 Hz,near stimulus,0.07222222222222222,0.1,404,191,-30.0
engert_20221002_fish2_magneto_1,zebrafish 0.1 Hz,near stimulus,0.07314814814814814,0.1,404,204,-29.0
engert_20221002_fish2_magneto_1,zebrafish 0.1 Hz,near stimulus,0.07407407407407407,0.1,404,216,-28.0
engert_20221002_fish2_magneto_1,zebrafish 0.1 Hz,near stimulus,0.075,0.1,404,200,-27.0
engert_20221002_fish2_magneto_1,zebrafish 0.1 Hz,near stimulus,0.07592592592592592,0.1,404,217,-26.0
engert_20221002_fish2_magneto_1,zebrafish 0.1 Hz,near stimulus,0.07685185185185185,0.1,404,202,-25.0
engert_20221002_fish2_magneto_1,zebrafish 0.1 Hz,near stimulus,0.07777777777777778,0.1,404,217,-24.0
engert_20221002_fish2_magneto_1,zebrafish 0.1 Hz,near stimulus,0.0787037037037037,0.1,404,225,-23.0
engert_20221002_fish2_magneto_1,zebrafish 0.1 Hz,near stimulus,0.07962962962962963,0.1,404,208,-22.0
engert_20221002_fish2_magneto_1,zebrafish 0.1 Hz,near stimulus,0.08055555555555556,0.1,404,198,-21.0
engert_20221002_fish2_magneto_1,zebrafish 0.1 Hz,near stimulus,0.08148148148148149,0.1,404,197,-20.0
engert_20221002_fish2_magneto_1,zebrafish 0.1 Hz,near stimulus,0.0824074074074074,0.1,404,213,-19.0
engert_20221002_fish2_magneto_1,zebrafish 0.1 Hz,near stimulus,0.08333333333333333,0.1,404,255,-18.0
engert_20221002_fish2_magneto_1,zebrafish 0.1 Hz,near stimulus,0.08425925925925926,0.1,404,224,-17.0
engert_20221002_fish2_magneto_1,zebrafish 0.1 Hz,near stimulus,0.08518518518518518,0.1,404,208,-16.0
engert_20221002_fish2_magneto_1,zebrafish 0.1 Hz,near stimulus,0.08611111111111111,0.1,404,202,-15.0
engert_20221002_fish2_magneto_1,zebrafish 0.1 Hz,near stimulus,0.08703703703703704,0.1,404,217,-14.0
engert_20221002_fish2_magneto_1,zebrafish 0.1 Hz,near stimulus,0.08796296296296297,0.1,404,211,-13.0
engert_20221002_fish2_magneto_1,zebrafish 0.1 Hz,near stimulus,0.08888888888888889,0.1,404,212,-12.0
engert_20221002_fish2_magneto_1,zebrafish 0.1 Hz,near stimulus,0.08981481481481482,0.1,404,213,-11.0
engert_20221002_fish2_magneto_1,zebrafish 0.1 Hz,near stimulus,0.09074074074074075,0.1,404,228,-10.0
engert_20221002_fish2_magneto_1,zebrafish 0.1 Hz,near stimulus,0.09166666666666666,0.1,404,217,-9.0
engert_20221002_fish2_magneto_1,zebrafish 0.1 Hz,near stimulus,0.09259259259259259,0.1,404,214,-8.0
engert_20221002_fish2_magneto_1,zebrafish 0.1 Hz,near stimulus,0.09351851851851851,0.1,404,247,-7.0
engert_20221002_fish2_magneto_1,zebrafish 0.1 Hz,near stimulus,0.09444444444444444,0.1,404,222,-6.0
engert_20221002_fish2_magneto_1,zebrafish 0.1 Hz,near stimulus,0.09537037037037037,0.1,404,237,-5.0
engert_20221002_fish2_magneto_1,zebrafish 0.1 Hz,near stimulus,0.0962962962962963,0.1,404,205,-4.0
engert_20221002_fish2_magneto_1,zebrafish 0.1 Hz,near stimulus,0.09722222222222222,0.1,404,199,-3.0
engert_20221002_fish2_magneto_1,zebrafish 0.1 Hz,near stimulus,0.09814814814814815,0.1,404,204,-2.0
engert_20221002_fish2_magneto_1,zebrafish 0.1 Hz,near stimulus,0.09907407407407408,0.1,404,207,-1.0
engert_20221002_fish2_magneto_1,zebrafish 0.1 Hz,near stimulus,0.1,0.1,404,223,0.0
engert_20221002_fish2_magneto_1,zebrafish 0.1 Hz,near stimulus,0.10092592592592593,0.1,404,209,1.0
engert_20221002_fish2_magneto_1,zebrafish 0.1 Hz,near stimulus,0.10185185185185185,0.1,404,204,2.0
engert_20221002_fish2_magneto_1,zebrafish 0.1 Hz,near stimulus,0.10277777777777777,0.1,404,212,3.0
engert_20221002_fish2_magneto_1,zebrafish 0.1 Hz,near stimulus,0.1037037037037037,0.1,404,207,4.0
engert_20221002_fish2_magneto_1,zebrafish 0.1 Hz,near stimulus,0.10462962962962963,0.1,404,212,5.0
engert_20221002_fish2_magneto_1,zebrafish 0.1 Hz,near stimulus,0.10555555555555556,0.1,404,206,6.0
engert_20221002_fish2_magneto_1,zebrafish 0.1 Hz,near stimulus,0.10648148148148148,0.1,404,214,7.0
engert_20221002_fish2_magneto_1,zebrafish 0.1 Hz,near stimulus,0.10740740740740741,0.1,404,217,8.0
engert_20221002_fish2_magneto_1,zebrafish 0.1 Hz,near stimulus,0.10833333333333334,0.1,404,224,9.0
engert_20221002_fish2_magneto_1,zebrafish 0.1 Hz,near stimulus,0.10925925925925926,0.1,404,221,10.0
engert_20221002_fish2_magneto_1,zebrafish 0.1 Hz,near stimulus,0.11018518518518519,0.1,404,210,11.0
engert_20221002_fish2_magneto_1,zebrafish 0.1 Hz,near stimulus,0.1111111111111111,0.1,404,223,12.0
engert_20221002_fish2_magneto_1,zebrafish 0.1 Hz,near stimulus,0.11203703703703703,0.1,404,226,13.0
engert_20221002_fish2_magneto_1,zebrafish 0.1 Hz,near stimulus,0.11296296296296296,0.1,404,225,14.0
engert_20221002_fish2_magneto_1,zebrafish 0.1 Hz,near stimulus,0.11388888888888889,0.1,404,219,15.0
engert_20221002_fish2_magneto_1,zebrafish 0.1 Hz,near stimulus,0.11481481481481481,0.1,404,215,16.0
engert_20221002_fish2_magneto_1,zebrafish 0.1 Hz,near stimulus,0.11574074074074074,0.1,404,204,17.0
engert_20221002_fish2_magneto_1,zebrafish 0.1 Hz,near stimulus,0.11666666666666667,0.1,404,240,18.0
engert_20221002_fish2_magneto_1,zebrafish 0.1 Hz,near stimulus,0.1175925925925926,0.1,404,210,19.0
engert_20221002_fish2_magneto_1,zebrafish 0.1 Hz,near stimulus,0.11851851851851852,0.1,404,217,20.0
engert_20221002_fish2_magneto_1,zebrafish 0.1 Hz,near stimulus,0.11944444444444445,0.1,404,213,21.0
engert_20221002_fish2_magneto_1,zebrafish 0.1 Hz,near stimulus,0.12037037037037036,0.1,404,207,22.0
engert_20221002_fish2_magneto_1,zebrafish 0.1 Hz,near stimulus,0.12129629629629629,0.1,404,206,23.0
engert_20221002_fish2_magneto_1,zebrafish 0.1 Hz,near stimulus,0.12222222222222222,0.1,404,224,24.0
engert_20221002_fish2_magneto_1,zebrafish 0.1 Hz,near stimulus,0.12314814814814815,0.1,404,207,25.0
engert_20221002_fish2_magneto_1,zebrafish 0.1 Hz,near stimulus,0.12407407407407407,0.1,404,213,26.0
engert_20221002_fish2_magneto_1,zebrafish 0.1 Hz,near stimulus,0.125,0.1,404,210,27.0
engert_20221002_fish2_magneto_1,zebrafish 0.1 Hz,near stimulus,0.1259259259259259,0.1,404,215,28.0
engert_20221002_fish2_magneto_1,zebrafish 0.1 Hz,near stimulus,0.12685185185185185,0.1,404,212,29.0
engert_20221002_fish2_magneto_1,zebrafish 0.1 Hz,near stimulus,0.12777777777777777,0.1,404,205,30.0
engert_20221002_fish2_magneto_2,zebrafish 0.1 Hz,real,0.07037037037037037,0.1,393,187,
engert_20221002_fish2_magneto_2,zebrafish 0.1 Hz,detrended + envelope-normalised,0.07037037037037037,0.1,393,173,
engert_20221002_fish2_magneto_2,zebrafish 0.1 Hz,white,0.07037037037037037,0.1,393,195,
engert_20221002_fish2_magneto_2,zebrafish 0.1 Hz,real,0.07222222222222222,0.1,393,197,
engert_20221002_fish2_magneto_2,zebrafish 0.1 Hz,detrended + envelope-normalised,0.07222222222222222,0.1,393,175,
engert_20221002_fish2_magneto_2,zebrafish 0.1 Hz,white,0.07222222222222222,0.1,393,199,
engert_20221002_fish2_magneto_2,zebrafish 0.1 Hz,real,0.075,0.1,393,203,
engert_20221002_fish2_magneto_2,zebrafish 0.1 Hz,detrended + envelope-normalised,0.075,0.1,393,172,
engert_20221002_fish2_magneto_2,zebrafish 0.1 Hz,white,0.075,0.1,393,194,
engert_20221002_fish2_magneto_2,zebrafish 0.1 Hz,real,0.07685185185185185,0.1,393,194,
engert_20221002_fish2_magneto_2,zebrafish 0.1 Hz,detrended + envelope-normalised,0.07685185185185185,0.1,393,163,
engert_20221002_fish2_magneto_2,zebrafish 0.1 Hz,white,0.07685185185185185,0.1,393,187,
engert_20221002_fish2_magneto_2,zebrafish 0.1 Hz,real,0.07962962962962963,0.1,393,192,
engert_20221002_fish2_magneto_2,zebrafish 0.1 Hz,detrended + envelope-normalised,0.07962962962962963,0.1,393,179,
engert_20221002_fish2_magneto_2,zebrafish 0.1 Hz,white,0.07962962962962963,0.1,393,184,
engert_20221002_fish2_magneto_2,zebrafish 0.1 Hz,real,0.0824074074074074,0.1,393,208,
engert_20221002_fish2_magneto_2,zebrafish 0.1 Hz,detrended + envelope-normalised,0.0824074074074074,0.1,393,207,
engert_20221002_fish2_magneto_2,zebrafish 0.1 Hz,white,0.0824074074074074,0.1,393,188,
engert_20221002_fish2_magneto_2,zebrafish 0.1 Hz,real,0.08518518518518518,0.1,393,207,
engert_20221002_fish2_magneto_2,zebrafish 0.1 Hz,detrended + envelope-normalised,0.08518518518518518,0.1,393,199,
engert_20221002_fish2_magneto_2,zebrafish 0.1 Hz,white,0.08518518518518518,0.1,393,180,
engert_20221002_fish2_magneto_2,zebrafish 0.1 Hz,real,0.08796296296296297,0.1,393,218,
engert_20221002_fish2_magneto_2,zebrafish 0.1 Hz,detrended + envelope-normalised,0.08796296296296297,0.1,393,219,
engert_20221002_fish2_magneto_2,zebrafish 0.1 Hz,white,0.08796296296296297,0.1,393,196,
engert_20221002_fish2_magneto_2,zebrafish 0.1 Hz,real,0.09074074074074075,0.1,393,219,
engert_20221002_fish2_magneto_2,zebrafish 0.1 Hz,detrended + envelope-normalised,0.09074074074074075,0.1,393,212,
engert_20221002_fish2_magneto_2,zebrafish 0.1 Hz,white,0.09074074074074075,0.1,393,206,
engert_20221002_fish2_magneto_2,zebrafish 0.1 Hz,real,0.09351851851851851,0.1,393,214,
engert_20221002_fish2_magneto_2,zebrafish 0.1 Hz,detrended + envelope-normalised,0.09351851851851851,0.1,393,221,
engert_20221002_fish2_magneto_2,zebrafish 0.1 Hz,white,0.09351851851851851,0.1,393,177,
engert_20221002_fish2_magneto_2,zebrafish 0.1 Hz,real,0.0962962962962963,0.1,393,200,
engert_20221002_fish2_magneto_2,zebrafish 0.1 Hz,detrended + envelope-normalised,0.0962962962962963,0.1,393,182,
engert_20221002_fish2_magneto_2,zebrafish 0.1 Hz,white,0.0962962962962963,0.1,393,194,
engert_20221002_fish2_magneto_2,zebrafish 0.1 Hz,real,0.1,0.1,393,221,
engert_20221002_fish2_magneto_2,zebrafish 0.1 Hz,detrended + envelope-normalised,0.1,0.1,393,206,
engert_20221002_fish2_magneto_2,zebrafish 0.1 Hz,white,0.1,0.1,393,206,
engert_20221002_fish2_magneto_2,zebrafish 0.1 Hz,real,0.10277777777777777,0.1,393,209,
engert_20221002_fish2_magneto_2,zebrafish 0.1 Hz,detrended + envelope-normalised,0.10277777777777777,0.1,393,191,
engert_20221002_fish2_magneto_2,zebrafish 0.1 Hz,white,0.10277777777777777,0.1,393,195,
engert_20221002_fish2_magneto_2,zebrafish 0.1 Hz,real,0.10648148148148148,0.1,393,221,
engert_20221002_fish2_magneto_2,zebrafish 0.1 Hz,detrended + envelope-normalised,0.10648148148148148,0.1,393,194,
engert_20221002_fish2_magneto_2,zebrafish 0.1 Hz,white,0.10648148148148148,0.1,393,211,
engert_20221002_fish2_magneto_2,zebrafish 0.1 Hz,real,0.11018518518518519,0.1,393,202,
engert_20221002_fish2_magneto_2,zebrafish 0.1 Hz,detrended + envelope-normalised,0.11018518518518519,0.1,393,191,
engert_20221002_fish2_magneto_2,zebrafish 0.1 Hz,white,0.11018518518518519,0.1,393,199,
engert_20221002_fish2_magneto_2,zebrafish 0.1 Hz,real,0.11388888888888889,0.1,393,199,
engert_20221002_fish2_magneto_2,zebrafish 0.1 Hz,detrended + envelope-normalised,0.11388888888888889,0.1,393,182,
engert_20221002_fish2_magneto_2,zebrafish 0.1 Hz,white,0.11388888888888889,0.1,393,191,
engert_20221002_fish2_magneto_2,zebrafish 0.1 Hz,real,0.1175925925925926,0.1,393,211,
engert_20221002_fish2_magneto_2,zebrafish 0.1 Hz,detrended + envelope-normalised,0.1175925925925926,0.1,393,199,
engert_20221002_fish2_magneto_2,zebrafish 0.1 Hz,white,0.1175925925925926,0.1,393,217,
engert_20221002_fish2_magneto_2,zebrafish 0.1 Hz,real,0.12129629629629629,0.1,393,204,
engert_20221002_fish2_magneto_2,zebrafish 0.1 Hz,detrended + envelope-normalised,0.12129629629629629,0.1,393,204,
engert_20221002_fish2_magneto_2,zebrafish 0.1 Hz,white,0.12129629629629629,0.1,393,195,
engert_20221002_fish2_magneto_2,zebrafish 0.1 Hz,real,0.125,0.1,393,192,
engert_20221002_fish2_magneto_2,zebrafish 0.1 Hz,detrended + envelope-normalised,0.125,0.1,393,207,
engert_20221002_fish2_magneto_2,zebrafish 0.1 Hz,white,0.125,0.1,393,193,
engert_20221002_fish2_magneto_2,zebrafish 0.1 Hz,real,0.1287037037037037,0.1,393,211,
engert_20221002_fish2_magneto_2,zebrafish 0.1 Hz,detrended + envelope-normalised,0.1287037037037037,0.1,393,209,
engert_20221002_fish2_magneto_2,zebrafish 0.1 Hz,white,0.1287037037037037,0.1,393,194,
engert_20221002_fish2_magneto_2,zebrafish 0.1 Hz,real,0.13333333333333333,0.1,393,198,
engert_20221002_fish2_magneto_2,zebrafish 0.1 Hz,detrended + envelope-normalised,0.13333333333333333,0.1,393,187,
engert_20221002_fish2_magneto_2,zebrafish 0.1 Hz,white,0.13333333333333333,0.1,393,218,
engert_20221002_fish2_magneto_2,zebrafish 0.1 Hz,real,0.13796296296296295,0.1,393,205,
engert_20221002_fish2_magneto_2,zebrafish 0.1 Hz,detrended + envelope-normalised,0.13796296296296295,0.1,393,189,
engert_20221002_fish2_magneto_2,zebrafish 0.1 Hz,white,0.13796296296296295,0.1,393,201,
engert_20221002_fish2_magneto_2,zebrafish 0.1 Hz,real,0.1425925925925926,0.1,393,220,
engert_20221002_fish2_magneto_2,zebrafish 0.1 Hz,detrended + envelope-normalised,0.1425925925925926,0.1,393,195,
engert_20221002_fish2_magneto_2,zebrafish 0.1 Hz,white,0.1425925925925926,0.1,393,201,
engert_20221002_fish2_magneto_2,zebrafish 0.1 Hz,real,0.14722222222222223,0.1,393,211,
engert_20221002_fish2_magneto_2,zebrafish 0.1 Hz,detrended + envelope-normalised,0.14722222222222223,0.1,393,200,
engert_20221002_fish2_magneto_2,zebrafish 0.1 Hz,white,0.14722222222222223,0.1,393,195,
engert_20221002_fish2_magneto_2,zebrafish 0.1 Hz,real,0.15185185185185185,0.1,393,228,
engert_20221002_fish2_magneto_2,zebrafish 0.1 Hz,detrended + envelope-normalised,0.15185185185185185,0.1,393,214,
engert_20221002_fish2_magneto_2,zebrafish 0.1 Hz,white,0.15185185185185185,0.1,393,193,
engert_20221002_fish2_magneto_2,zebrafish 0.1 Hz,real,0.15648148148148147,0.1,393,218,
engert_20221002_fish2_magneto_2,zebrafish 0.1 Hz,detrended + envelope-normalised,0.15648148148148147,0.1,393,231,
engert_20221002_fish2_magneto_2,zebrafish 0.1 Hz,white,0.15648148148148147,0.1,393,183,
engert_20221002_fish2_magneto_2,zebrafish 0.1 Hz,real,0.16203703703703703,0.1,393,216,
engert_20221002_fish2_magneto_2,zebrafish 0.1 Hz,detrended + envelope-normalised,0.16203703703703703,0.1,393,211,
engert_20221002_fish2_magneto_2,zebrafish 0.1 Hz,white,0.16203703703703703,0.1,393,194,
engert_20221002_fish2_magneto_2,zebrafish 0.1 Hz,real,0.16666666666666666,0.1,393,215,
engert_20221002_fish2_magneto_2,zebrafish 0.1 Hz,detrended + envelope-normalised,0.16666666666666666,0.1,393,216,
engert_20221002_fish2_magneto_2,zebrafish 0.1 Hz,white,0.16666666666666666,0.1,393,209,
engert_20221002_fish2_magneto_2,zebrafish 0.1 Hz,real,0.17222222222222222,0.1,393,220,
engert_20221002_fish2_magneto_2,zebrafish 0.1 Hz,detrended + envelope-normalised,0.17222222222222222,0.1,393,211,
engert_20221002_fish2_magneto_2,zebrafish 0.1 Hz,white,0.17222222222222222,0.1,393,201,
engert_20221002_fish2_magneto_2,zebrafish 0.1 Hz,real,0.17777777777777778,0.1,393,221,
engert_20221002_fish2_magneto_2,zebrafish 0.1 Hz,detrended + envelope-normalised,0.17777777777777778,0.1,393,205,
engert_20221002_fish2_magneto_2,zebrafish 0.1 Hz,white,0.17777777777777778,0.1,393,210,
engert_20221002_fish2_magneto_2,zebrafish 0.1 Hz,real,0.18425925925925926,0.1,393,207,
engert_20221002_fish2_magneto_2,zebrafish 0.1 Hz,detrended + envelope-normalised,0.18425925925925926,0.1,393,200,
engert_20221002_fish2_magneto_2,zebrafish 0.1 Hz,white,0.18425925925925926,0.1,393,191,
engert_20221002_fish2_magneto_2,zebrafish 0.1 Hz,real,0.18981481481481483,0.1,393,202,
engert_20221002_fish2_magneto_2,zebrafish 0.1 Hz,detrended + envelope-normalised,0.18981481481481483,0.1,393,179,
engert_20221002_fish2_magneto_2,zebrafish 0.1 Hz,white,0.18981481481481483,0.1,393,191,
engert_20221002_fish2_magneto_2,zebrafish 0.1 Hz,real,0.1962962962962963,0.1,393,207,
engert_20221002_fish2_magneto_2,zebrafish 0.1 Hz,detrended + envelope-normalised,0.1962962962962963,0.1,393,207,
engert_20221002_fish2_magneto_2,zebrafish 0.1 Hz,white,0.1962962962962963,0.1,393,187,
engert_20221002_fish2_magneto_2,zebrafish 0.1 Hz,real,0.20277777777777778,0.1,393,225,
engert_20221002_fish2_magneto_2,zebrafish 0.1 Hz,detrended + envelope-normalised,0.20277777777777778,0.1,393,221,
engert_20221002_fish2_magneto_2,zebrafish 0.1 Hz,white,0.20277777777777778,0.1,393,195,
engert_20221002_fish2_magneto_2,zebrafish 0.1 Hz,real,0.20925925925925926,0.1,393,219,
engert_20221002_fish2_magneto_2,zebrafish 0.1 Hz,detrended + envelope-normalised,0.20925925925925926,0.1,393,191,
engert_20221002_fish2_magneto_2,zebrafish 0.1 Hz,white,0.20925925925925926,0.1,393,208,
engert_20221002_fish2_magneto_2,zebrafish 0.1 Hz,real,0.21666666666666667,0.1,393,211,
engert_20221002_fish2_magneto_2,zebrafish 0.1 Hz,detrended + envelope-normalised,0.21666666666666667,0.1,393,208,
engert_20221002_fish2_magneto_2,zebrafish 0.1 Hz,white,0.21666666666666667,0.1,393,192,
engert_20221002_fish2_magneto_2,zebrafish 0.1 Hz,real,0.22314814814814815,0.1,393,218,
engert_20221002_fish2_magneto_2,zebrafish 0.1 Hz,detrended + envelope-normalised,0.22314814814814815,0.1,393,197,
engert_20221002_fish2_magneto_2,zebrafish 0.1 Hz,white,0.22314814814814815,0.1,393,197,
engert_20221002_fish2_magneto_2,zebrafish 0.1 Hz,real,0.23055555555555557,0.1,393,202,
engert_20221002_fish2_magneto_2,zebrafish 0.1 Hz,detrended + envelope-normalised,0.23055555555555557,0.1,393,215,
engert_20221002_fish2_magneto_2,zebrafish 0.1 Hz,white,0.23055555555555557,0.1,393,195,
engert_20221002_fish2_magneto_2,zebrafish 0.1 Hz,real,0.23796296296296296,0.1,393,204,
engert_20221002_fish2_magneto_2,zebrafish 0.1 Hz,detrended + envelope-normalised,0.23796296296296296,0.1,393,205,
engert_20221002_fish2_magneto_2,zebrafish 0.1 Hz,white,0.23796296296296296,0.1,393,188,
engert_20221002_fish2_magneto_2,zebrafish 0.1 Hz,real,0.2462962962962963,0.1,393,201,
engert_20221002_fish2_magneto_2,zebrafish 0.1 Hz,detrended + envelope-normalised,0.2462962962962963,0.1,393,193,
engert_20221002_fish2_magneto_2,zebrafish 0.1 Hz,white,0.2462962962962963,0.1,393,202,
engert_20221002_fish2_magneto_2,zebrafish 0.1 Hz,real,0.2537037037037037,0.1,393,200,
engert_20221002_fish2_magneto_2,zebrafish 0.1 Hz,detrended + envelope-normalised,0.2537037037037037,0.1,393,191,
engert_20221002_fish2_magneto_2,zebrafish 0.1 Hz,white,0.2537037037037037,0.1,393,190,
engert_20221002_fish2_magneto_2,zebrafish 0.1 Hz,real,0.262037037037037,0.1,393,203,
engert_20221002_fish2_magneto_2,zebrafish 0.1 Hz,detrended + envelope-normalised,0.262037037037037,0.1,393,208,
engert_20221002_fish2_magneto_2,zebrafish 0.1 Hz,white,0.262037037037037,0.1,393,197,
engert_20221002_fish2_magneto_2,zebrafish 0.1 Hz,real,0.2712962962962963,0.1,393,203,
engert_20221002_fish2_magneto_2,zebrafish 0.1 Hz,detrended + envelope-normalised,0.2712962962962963,0.1,393,188,
engert_20221002_fish2_magneto_2,zebrafish 0.1 Hz,white,0.2712962962962963,0.1,393,182,
engert_20221002_fish2_magneto_2,zebrafish 0.1 Hz,real,0.2796296296296296,0.1,393,204,
engert_20221002_fish2_magneto_2,zebrafish 0.1 Hz,detrended + envelope-normalised,0.2796296296296296,0.1,393,190,
engert_20221002_fish2_magneto_2,zebrafish 0.1 Hz,white,0.2796296296296296,0.1,393,202,
engert_20221002_fish2_magneto_2,zebrafish 0.1 Hz,real,0.28888888888888886,0.1,393,216,
engert_20221002_fish2_magneto_2,zebrafish 0.1 Hz,detrended + envelope-normalised,0.28888888888888886,0.1,393,198,
engert_20221002_fish2_magneto_2,zebrafish 0.1 Hz,white,0.28888888888888886,0.1,393,185,
engert_20221002_fish2_magneto_2,zebrafish 0.1 Hz,real,0.29814814814814816,0.1,393,215,
engert_20221002_fish2_magneto_2,zebrafish 0.1 Hz,detrended + envelope-normalised,0.29814814814814816,0.1,393,196,
engert_20221002_fish2_magneto_2,zebrafish 0.1 Hz,white,0.29814814814814816,0.1,393,210,
engert_20221002_fish2_magneto_2,zebrafish 0.1 Hz,real,0.30833333333333335,0.1,393,211,
engert_20221002_fish2_magneto_2,zebrafish 0.1 Hz,detrended + envelope-normalised,0.30833333333333335,0.1,393,197,
engert_20221002_fish2_magneto_2,zebrafish 0.1 Hz,white,0.30833333333333335,0.1,393,201,
engert_20221002_fish2_magneto_2,zebrafish 0.1 Hz,real,0.31851851851851853,0.1,393,228,
engert_20221002_fish2_magneto_2,zebrafish 0.1 Hz,detrended + envelope-normalised,0.31851851851851853,0.1,393,215,
engert_20221002_fish2_magneto_2,zebrafish 0.1 Hz,white,0.31851851851851853,0.1,393,205,
engert_20221002_fish2_magneto_2,zebrafish 0.1 Hz,real,0.3287037037037037,0.1,393,208,
engert_20221002_fish2_magneto_2,zebrafish 0.1 Hz,detrended + envelope-normalised,0.3287037037037037,0.1,393,209,
engert_20221002_fish2_magneto_2,zebrafish 0.1 Hz,white,0.3287037037037037,0.1,393,196,
engert_20221002_fish2_magneto_2,zebrafish 0.1 Hz,real,0.3388888888888889,0.1,393,190,
engert_20221002_fish2_magneto_2,zebrafish 0.1 Hz,detrended + envelope-normalised,0.3388888888888889,0.1,393,205,
engert_20221002_fish2_magneto_2,zebrafish 0.1 Hz,white,0.3388888888888889,0.1,393,210,
engert_20221002_fish2_magneto_2,zebrafish 0.1 Hz,real,0.35,0.1,393,205,
engert_20221002_fish2_magneto_2,zebrafish 0.1 Hz,detrended + envelope-normalised,0.35,0.1,393,187,
engert_20221002_fish2_magneto_2,zebrafish 0.1 Hz,white,0.35,0.1,393,195,
engert_20221002_fish2_magneto_2,zebrafish 0.1 Hz,real,0.36203703703703705,0.1,393,202,
engert_20221002_fish2_magneto_2,zebrafish 0.1 Hz,detrended + envelope-normalised,0.36203703703703705,0.1,393,214,
engert_20221002_fish2_magneto_2,zebrafish 0.1 Hz,white,0.36203703703703705,0.1,393,213,
engert_20221002_fish2_magneto_2,zebrafish 0.1 Hz,real,0.37407407407407406,0.1,393,208,
engert_20221002_fish2_magneto_2,zebrafish 0.1 Hz,detrended + envelope-normalised,0.37407407407407406,0.1,393,186,
engert_20221002_fish2_magneto_2,zebrafish 0.1 Hz,white,0.37407407407407406,0.1,393,184,
engert_20221002_fish2_magneto_2,zebrafish 0.1 Hz,real,0.3861111111111111,0.1,393,190,
engert_20221002_fish2_magneto_2,zebrafish 0.1 Hz,detrended + envelope-normalised,0.3861111111111111,0.1,393,194,
engert_20221002_fish2_magneto_2,zebrafish 0.1 Hz,white,0.3861111111111111,0.1,393,183,
engert_20221002_fish2_magneto_2,zebrafish 0.1 Hz,real,0.39814814814814814,0.1,393,222,
engert_20221002_fish2_magneto_2,zebrafish 0.1 Hz,detrended + envelope-normalised,0.39814814814814814,0.1,393,203,
engert_20221002_fish2_magneto_2,zebrafish 0.1 Hz,white,0.39814814814814814,0.1,393,212,
engert_20221002_fish2_magneto_2,zebrafish 0.1 Hz,real,0.4111111111111111,0.1,393,197,
engert_20221002_fish2_magneto_2,zebrafish 0.1 Hz,detrended + envelope-normalised,0.4111111111111111,0.1,393,198,
engert_20221002_fish2_magneto_2,zebrafish 0.1 Hz,white,0.4111111111111111,0.1,393,210,
engert_20221002_fish2_magneto_2,zebrafish 0.1 Hz,real,0.425,0.1,393,198,
engert_20221002_fish2_magneto_2,zebrafish 0.1 Hz,detrended + envelope-normalised,0.425,0.1,393,198,
engert_20221002_fish2_magneto_2,zebrafish 0.1 Hz,white,0.425,0.1,393,193,
engert_20221002_fish2_magneto_2,zebrafish 0.1 Hz,real,0.4388888888888889,0.1,393,197,
engert_20221002_fish2_magneto_2,zebrafish 0.1 Hz,detrended + envelope-normalised,0.4388888888888889,0.1,393,200,
engert_20221002_fish2_magneto_2,zebrafish 0.1 Hz,white,0.4388888888888889,0.1,393,182,
engert_20221002_fish2_magneto_2,zebrafish 0.1 Hz,real,0.4527777777777778,0.1,393,203,
engert_20221002_fish2_magneto_2,zebrafish 0.1 Hz,detrended + envelope-normalised,0.4527777777777778,0.1,393,191,
engert_20221002_fish2_magneto_2,zebrafish 0.1 Hz,white,0.4527777777777778,0.1,393,192,
engert_20221002_fish2_magneto_2,zebrafish 0.1 Hz,real,0.4685185185185185,0.1,393,205,
engert_20221002_fish2_magneto_2,zebrafish 0.1 Hz,detrended + envelope-normalised,0.4685185185185185,0.1,393,194,
engert_20221002_fish2_magneto_2,zebrafish 0.1 Hz,white,0.4685185185185185,0.1,393,208,
engert_20221002_fish2_magneto_2,zebrafish 0.1 Hz,near stimulus,0.07222222222222222,0.1,393,197,-30.0
engert_20221002_fish2_magneto_2,zebrafish 0.1 Hz,near stimulus,0.07314814814814814,0.1,393,193,-29.0
engert_20221002_fish2_magneto_2,zebrafish 0.1 Hz,near stimulus,0.07407407407407407,0.1,393,214,-28.0
engert_20221002_fish2_magneto_2,zebrafish 0.1 Hz,near stimulus,0.075,0.1,393,203,-27.0
engert_20221002_fish2_magneto_2,zebrafish 0.1 Hz,near stimulus,0.07592592592592592,0.1,393,198,-26.0
engert_20221002_fish2_magneto_2,zebrafish 0.1 Hz,near stimulus,0.07685185185185185,0.1,393,194,-25.0
engert_20221002_fish2_magneto_2,zebrafish 0.1 Hz,near stimulus,0.07777777777777778,0.1,393,196,-24.0
engert_20221002_fish2_magneto_2,zebrafish 0.1 Hz,near stimulus,0.0787037037037037,0.1,393,211,-23.0
engert_20221002_fish2_magneto_2,zebrafish 0.1 Hz,near stimulus,0.07962962962962963,0.1,393,192,-22.0
engert_20221002_fish2_magneto_2,zebrafish 0.1 Hz,near stimulus,0.08055555555555556,0.1,393,208,-21.0
engert_20221002_fish2_magneto_2,zebrafish 0.1 Hz,near stimulus,0.08148148148148149,0.1,393,216,-20.0
engert_20221002_fish2_magneto_2,zebrafish 0.1 Hz,near stimulus,0.0824074074074074,0.1,393,208,-19.0
engert_20221002_fish2_magneto_2,zebrafish 0.1 Hz,near stimulus,0.08333333333333333,0.1,393,241,-18.0
engert_20221002_fish2_magneto_2,zebrafish 0.1 Hz,near stimulus,0.08425925925925926,0.1,393,206,-17.0
engert_20221002_fish2_magneto_2,zebrafish 0.1 Hz,near stimulus,0.08518518518518518,0.1,393,207,-16.0
engert_20221002_fish2_magneto_2,zebrafish 0.1 Hz,near stimulus,0.08611111111111111,0.1,393,208,-15.0
engert_20221002_fish2_magneto_2,zebrafish 0.1 Hz,near stimulus,0.08703703703703704,0.1,393,200,-14.0
engert_20221002_fish2_magneto_2,zebrafish 0.1 Hz,near stimulus,0.08796296296296297,0.1,393,218,-13.0
engert_20221002_fish2_magneto_2,zebrafish 0.1 Hz,near stimulus,0.08888888888888889,0.1,393,215,-12.0
engert_20221002_fish2_magneto_2,zebrafish 0.1 Hz,near stimulus,0.08981481481481482,0.1,393,220,-11.0
engert_20221002_fish2_magneto_2,zebrafish 0.1 Hz,near stimulus,0.09074074074074075,0.1,393,219,-10.0
engert_20221002_fish2_magneto_2,zebrafish 0.1 Hz,near stimulus,0.09166666666666666,0.1,393,211,-9.0
engert_20221002_fish2_magneto_2,zebrafish 0.1 Hz,near stimulus,0.09259259259259259,0.1,393,209,-8.0
engert_20221002_fish2_magneto_2,zebrafish 0.1 Hz,near stimulus,0.09351851851851851,0.1,393,214,-7.0
engert_20221002_fish2_magneto_2,zebrafish 0.1 Hz,near stimulus,0.09444444444444444,0.1,393,193,-6.0
engert_20221002_fish2_magneto_2,zebrafish 0.1 Hz,near stimulus,0.09537037037037037,0.1,393,200,-5.0
engert_20221002_fish2_magneto_2,zebrafish 0.1 Hz,near stimulus,0.0962962962962963,0.1,393,200,-4.0
engert_20221002_fish2_magneto_2,zebrafish 0.1 Hz,near stimulus,0.09722222222222222,0.1,393,196,-3.0
engert_20221002_fish2_magneto_2,zebrafish 0.1 Hz,near stimulus,0.09814814814814815,0.1,393,209,-2.0
engert_20221002_fish2_magneto_2,zebrafish 0.1 Hz,near stimulus,0.09907407407407408,0.1,393,206,-1.0
engert_20221002_fish2_magneto_2,zebrafish 0.1 Hz,near stimulus,0.1,0.1,393,221,0.0
engert_20221002_fish2_magneto_2,zebrafish 0.1 Hz,near stimulus,0.10092592592592593,0.1,393,206,1.0
engert_20221002_fish2_magneto_2,zebrafish 0.1 Hz,near stimulus,0.10185185185185185,0.1,393,210,2.0
engert_20221002_fish2_magneto_2,zebrafish 0.1 Hz,near stimulus,0.10277777777777777,0.1,393,209,3.0
engert_20221002_fish2_magneto_2,zebrafish 0.1 Hz,near stimulus,0.1037037037037037,0.1,393,204,4.0
engert_20221002_fish2_magneto_2,zebrafish 0.1 Hz,near stimulus,0.10462962962962963,0.1,393,226,5.0
engert_20221002_fish2_magneto_2,zebrafish 0.1 Hz,near stimulus,0.10555555555555556,0.1,393,203,6.0
engert_20221002_fish2_magneto_2,zebrafish 0.1 Hz,near stimulus,0.10648148148148148,0.1,393,221,7.0
engert_20221002_fish2_magneto_2,zebrafish 0.1 Hz,near stimulus,0.10740740740740741,0.1,393,198,8.0
engert_20221002_fish2_magneto_2,zebrafish 0.1 Hz,near stimulus,0.10833333333333334,0.1,393,208,9.0
engert_20221002_fish2_magneto_2,zebrafish 0.1 Hz,near stimulus,0.10925925925925926,0.1,393,216,10.0
engert_20221002_fish2_magneto_2,zebrafish 0.1 Hz,near stimulus,0.11018518518518519,0.1,393,202,11.0
engert_20221002_fish2_magneto_2,zebrafish 0.1 Hz,near stimulus,0.1111111111111111,0.1,393,206,12.0
engert_20221002_fish2_magneto_2,zebrafish 0.1 Hz,near stimulus,0.11203703703703703,0.1,393,213,13.0
engert_20221002_fish2_magneto_2,zebrafish 0.1 Hz,near stimulus,0.11296296296296296,0.1,393,209,14.0
engert_20221002_fish2_magneto_2,zebrafish 0.1 Hz,near stimulus,0.11388888888888889,0.1,393,199,15.0
engert_20221002_fish2_magneto_2,zebrafish 0.1 Hz,near stimulus,0.11481481481481481,0.1,393,212,16.0
engert_20221002_fish2_magneto_2,zebrafish 0.1 Hz,near stimulus,0.11574074074074074,0.1,393,185,17.0
engert_20221002_fish2_magneto_2,zebrafish 0.1 Hz,near stimulus,0.11666666666666667,0.1,393,219,18.0
engert_20221002_fish2_magneto_2,zebrafish 0.1 Hz,near stimulus,0.1175925925925926,0.1,393,211,19.0
engert_20221002_fish2_magneto_2,zebrafish 0.1 Hz,near stimulus,0.11851851851851852,0.1,393,208,20.0
engert_20221002_fish2_magneto_2,zebrafish 0.1 Hz,near stimulus,0.11944444444444445,0.1,393,203,21.0
engert_20221002_fish2_magneto_2,zebrafish 0.1 Hz,near stimulus,0.12037037037037036,0.1,393,211,22.0
engert_20221002_fish2_magneto_2,zebrafish 0.1 Hz,near stimulus,0.12129629629629629,0.1,393,204,23.0
engert_20221002_fish2_magneto_2,zebrafish 0.1 Hz,near stimulus,0.12222222222222222,0.1,393,203,24.0
engert_20221002_fish2_magneto_2,zebrafish 0.1 Hz,near stimulus,0.12314814814814815,0.1,393,212,25.0
engert_20221002_fish2_magneto_2,zebrafish 0.1 Hz,near stimulus,0.12407407407407407,0.1,393,202,26.0
engert_20221002_fish2_magneto_2,zebrafish 0.1 Hz,near stimulus,0.125,0.1,393,192,27.0
engert_20221002_fish2_magneto_2,zebrafish 0.1 Hz,near stimulus,0.1259259259259259,0.1,393,206,28.0
engert_20221002_fish2_magneto_2,zebrafish 0.1 Hz,near stimulus,0.12685185185185185,0.1,393,203,29.0
engert_20221002_fish2_magneto_2,zebrafish 0.1 Hz,near stimulus,0.12777777777777777,0.1,393,203,30.0
