batch,threshold,kind,n_roi,c0,c1,c2,c3,c4,c5,c6,c7,c8,c9,c10,c11,c12,c13,c14,c15,c16,c17,c18,c19,c20,c21,c22,c23,c24,c25,c26,c27,c28,c29,c30,c31,c32,c33,c34,c35,c36,c37,c38,c39,c40,c41,c42,c43,c44,c45,c46,c47,c48,c49,c50,c51,c52,c53,c54,c55,c56,c57,c58,c59,c60,c61,c62,c63,c64,c65,c66,c67,c68,c69,c70,c71,c72,c73,c74,c75,c76,c77,c78,c79,c80,c81,c82,c83,c84,c85,c86,c87,c88,c89,c90,c91,c92,c93,c94,c95,c96,c97,c98,c99,c100,c101,c102,c103,c104,c105,c106,c107,c108,c109,c110,c111,c112,c113,c114,c115,c116,c117,c118,c119,c120,c121,c122,c123,c124,c125,c126,c127,c128,c129,c130,c131,c132,c133,c134,c135,c136,c137,c138,c139,c140,c141,c142,c143,c144,c145,c146,c147,c148,c149,c150,c151,c152,c153,c154,c155,c156,c157,c158,c159,c160,c161,c162,c163,c164,c165,c166,c167,c168,c169,c170,c171,c172,c173,c174,c175,c176,c177,c178,c179,c180,c181,c182,c183,c184,c185,c186,c187,c188,c189,c190,c191,c192,c193,c194,c195,c196,c197,c198,c199,c200
zebrafish 0.4 Hz (2022 Q1),0.0,sham below,5887,0.0,-0.0009232206556820111,-0.0009971122812977747,-0.002769661967046033,-0.004032614234754546,-0.006144895532529303,-0.006558518770171565,-0.006462544589774081,-0.007215899439442841,-0.007459656871071849,-0.006854085272634619,-0.007607440122303383,-0.0066621369118396445,-0.005377102089349418,-0.004941396296925429,-0.005694751146594193,-0.006278240190249709,-0.0060124002038389746,-0.005406828605401731,-0.005480720231017491,-0.004025819602514025,-0.00325038219806352,-0.004173602853745545,-0.0044173602853745525,-0.0048309835230168074,-0.00592406998471208,-0.0066774248343808434,-0.005562255817903872,-0.005806013249532893,-0.005879904875148612,-0.004934601664684901,-0.0048386274842874,-0.0035535926617971947,-0.0026082894513334565,-0.0030219126889757253,-0.002416341090538482,-0.0029998301341939704,-0.004262782401902504,-0.003827076609478508,-0.0049201630711737665,-0.005163920502802788,-0.0059172753524715516,-0.007519959232206552,-0.008103448275862069,-0.008686937319517585,-0.008590963139120111,-0.007305928316629878,-0.0065304909121793875,-0.006604382537795134,-0.00599881093935789,-0.006922031595039929,-0.006995923220655675,-0.008258875488364181,-0.006803974859860729,-0.0060285374554102655,-0.006442160693052534,-0.006176320706641758,-0.007609138780363567,-0.007852896211992533,-0.005888398165449282,-0.007151350433157788,-0.0065457788347205725,-0.006110073042296604,-0.0056743672498725806,-0.0028605401732631486,-0.0032741634109054174,-0.001309665364362167,-0.0012136911839646936,-0.0012875828095804676,-0.0003422795991167016,9.342619330726665e-05,-0.0004900628503481941,-0.00039408866995072067,-0.0011474435196194843,-0.0017309325632750006,-0.0033336164430100013,-0.0039171054866655175,-0.0039909971122812915,-0.004234754543910313,-0.004988109393579077,-0.005911330049261088,-0.005985221674876862,-0.00707830813657212,-0.006982333956174647,-0.006546628163750623,-0.007299983013419387,-0.00805333786308815,-0.007957363682690677,-0.005483268218107684,-0.006406488873789695,-0.007499575335484954,-0.00740360115508748,-0.005948700526584028,-0.005852726346186554,-0.00643621538984207,-0.00617037540343135,-0.005564803804994023,-0.005298963818583302,-0.006222184474265313,-0.005786478681841345,-0.006369967725496861,-0.00746305418719212,-0.008216409036860939,-0.008630032274503208,-0.009553252930185163,-0.009966876167827432,-0.010550365211483004,-0.01011465941905898,-0.01069814846271444,-0.010772040088330215,-0.009656871071853312,-0.011599286563614752,-0.01116358077119084,-0.011916935620859603,-0.011820961440462074,-0.011385255648038162,-0.011289281467640522,-0.010343978257176811,-0.008549346016646808,-0.008113640224222785,-0.008527263461865053,-0.008431289281467635,-0.008335315101070107,-0.007729743502632891,-0.0066145744861558775,-0.005329539663665672,-0.004384236453201962,-0.005986920332937018,-0.004701885510446813,-0.004945642942075779,-0.0036606081195855733,-0.004753694581280832,-0.004997452012909798,-0.005920672668591864,-0.00684389332427382,-0.007087650755902897,-0.005972481739425883,-0.005366910140988668,-0.004081875318498462,-0.0019475114659419646,-0.0023611347035842334,-0.0024350263291998964,-0.00318838117886866,-0.003432138610497626,-0.004525225072192995,-0.003579921861729174,-0.003653813487344948,-0.002029047052828248,-0.0027824019024970115,-0.0028562935281127855,-0.0034397825717683572,-0.003853405809410515,-0.004776626465092582,-0.00586971292678784,-0.0050942755223373215,-0.0027900458637676318,-0.002184474265330416,-0.0014090368608798975,-0.00063359945642949,-0.0005376252760319611,-0.0004416510956345432,0.0003337863088159754,-0.0004195685408527883,-0.001003057584508249,0.0011313062680481378,0.0017368778664854645,0.0013232546288431957,0.0019288262272805223,0.0015152029896382535,0.0029701036181416507,0.0030660777985391796,0.002142857142857113,0.0027484287412944397,0.0033540003397316553,0.0027705112960760836,0.0026966196704603096,0.0026227280448445356,0.0010200441651095904,0.0006064209274673216,0.0007023951078647395,0.001477832512315258,0.001573806692712676,0.003538304739255982,0.004653473755732884,0.003390521488024434,0.004335824698488144,0.00426193307287237,0.0035085782232036067,0.00394428401562763,0.002851197553932372,0.002437574316290103,0.002873280108714016,0.002459656871071858,0.002046033633429589,0.0014625445897741285,0.0030873110242908286,0.0026736877866485598,0.002090198742993099,0.002016307117377325,0.0026218787158145407,0.0
zebrafish 0.4 Hz (2022 Q1),0.0,stimulus,5887,0.0,0.002813827076609478,0.0032495328690334627,0.0040249702734839465,0.004290810259894681,0.006425174112451165,0.007540343128928151,0.009334975369458126,0.00960081535586886,0.011565313402412097,0.012170885000849327,0.013625785629352814,0.014571088839816546,0.015176660438253775,0.01544250042466451,0.01536860879904875,0.016993375233565478,0.01657975199592321,0.019733310684559205,0.020338882282996434,0.020944453881433664,0.022229488703923897,0.02283506030236114,0.022761168676745366,0.02234754543910311,0.022443519619500585,0.021520298963818574,0.019747749278070326,0.02035332087650754,0.01926023441481231,0.0200356718192628,0.019961780193647027,0.01954815695600476,0.01913453371836249,0.019060642092746716,0.01915661627314419,0.018742993035501948,0.018669101409886202,0.019444538814336665,0.020219976218787156,0.02014608459317138,0.019392729743502618,0.018639374893833882,0.019244946492271098,0.01917105486665535,0.017228639374893828,0.01681501613725156,0.018100050959741792,0.018705622558179036,0.019650925768642802,0.02008663156106677,0.019503142517411254,0.019259385085782232,0.021903346356378472,0.02233905214880244,0.021925428911160172,0.021851537285544398,0.02279684049600811,0.024081875318498425,0.02400798369288265,0.022914897231187392,0.022501273993545123,0.02242738236792935,0.022523356548326823,0.022619330728724296,0.023564633939188007,0.024340071343638525,0.023926448105996256,0.024362153898420225,0.025986920332936925,0.02693222354340069,0.02634873449974523,0.026954306098182446,0.027220146084593166,0.026806522846950898,0.02571343638525564,0.025129947341600123,0.023866995073891617,0.025491761508408317,0.025757601494819093,0.025513844063190072,0.02527008663156105,0.02553592661797177,0.02665109563444873,0.026237472396806516,0.026503312383217292,0.027278749787667755,0.02788432138610497,0.028489892984542187,0.028585867164939716,0.028342109733310694,0.026909291659588885,0.027005265839986414,0.0259121793782911,0.024819092916595842,0.024065738066927078,0.02467130966536435,0.023917954815695586,0.0245235264141328,0.024449634788517027,0.02488534058094105,0.024641583149312085,0.024737557329709503,0.02551299473416002,0.02560896891455744,0.024855614064888676,0.024781722439272902,0.02351877017156445,0.023444878545948677,0.02303125530830641,0.023127229488703827,0.02339306947511466,0.022809580431459087,0.022905554611856616,0.02266179718022754,0.022418039748598573,0.022174282316969607,0.02108119585527435,0.020837438423645382,0.02008408357397662,0.018821131306268057,0.018237642262612597,0.017654153218957025,0.017750127399354554,0.017336504161712285,0.01658314931204352,0.016169526074401253,0.015076439612705994,0.01364362153898424,0.013569729913368467,0.012306777645659905,0.011723288602004445,0.012668591812468155,0.012424834380839078,0.01133174791914382,0.010408527263461864,0.011183964667912272,0.010770341430270003,0.011206047222694027,0.011132155597078253,0.010548666553422681,0.010814506539833624,0.010570749108204547,0.010326991676575581,0.008724307796840525,0.00932987939527774,0.009935450993714956,0.008162901307966708,0.007239680652284752,0.005297265160523201,0.005732970952947225,0.0046398844912518555,0.00439612705962289,0.005511296076099903,0.005267538644470826,0.005363512824868355,0.005289621199252581,0.006914387633769281,0.00701036181416681,0.006766604382537733,0.006692712756921959,0.006109223713266498,0.005525734669610927,0.006131306268048142,0.00826567012060464,0.007852046882962371,0.0074384236453201025,0.006515202989638258,0.0052522507219296966,0.004668761678274236,0.0051044674706981485,0.003841515202989698,0.0049566842194666005,0.006071853235943614,0.007356888058433819,0.007452862238831348,0.007378970613215574,0.00866400543570578,0.010798369288262277,0.009195685408527221,0.010820451843043921,0.01023696279938846,0.009653473755732889,0.008730253100050933,0.008316629862408664,0.007903006624766395,0.006979785969084329,0.006736028537455363,0.006832002717852892,0.005738916256157522,0.005155427212502062,0.0030431459147273188,0.0031391200951248477,0.002215899439442892,0.001972142007813815,0.0008790555461185567,0.000295566502463096,5.180907083401909e-05,0.0013368438933243354,0.0002437574316289659,0.0
zebrafish 0.4 Hz (2022 Q1),0.25,sham below,5887,0.0,-0.0009232206556820111,-0.0009971122812977747,-0.002769661967046033,-0.004032614234754546,-0.006144895532529303,-0.006558518770171565,-0.006462544589774081,-0.007215899439442841,-0.007459656871071849,-0.006854085272634619,-0.007607440122303383,-0.0066621369118396445,-0.005377102089349418,-0.004941396296925429,-0.005694751146594193,-0.006278240190249709,-0.0060124002038389746,-0.005406828605401731,-0.005480720231017491,-0.004025819602514025,-0.00325038219806352,-0.004173602853745545,-0.0044173602853745525,-0.0048309835230168074,-0.00592406998471208,-0.0066774248343808434,-0.005562255817903872,-0.005806013249532893,-0.005879904875148612,-0.004934601664684901,-0.0048386274842874,-0.0035535926617971947,-0.0026082894513334565,-0.0030219126889757253,-0.002416341090538482,-0.0029998301341939704,-0.004262782401902504,-0.003827076609478508,-0.0049201630711737665,-0.005163920502802788,-0.0059172753524715516,-0.007519959232206552,-0.008103448275862069,-0.008686937319517585,-0.008590963139120111,-0.007305928316629878,-0.0065304909121793875,-0.006604382537795134,-0.00599881093935789,-0.006922031595039929,-0.006995923220655675,-0.008258875488364181,-0.006803974859860729,-0.0060285374554102655,-0.006442160693052534,-0.006176320706641758,-0.007609138780363567,-0.007852896211992533,-0.005888398165449282,-0.007151350433157788,-0.0065457788347205725,-0.006110073042296604,-0.0056743672498725806,-0.0028605401732631486,-0.0032741634109054174,-0.001309665364362167,-0.0012136911839646936,-0.0012875828095804676,-0.0003422795991167016,9.342619330726665e-05,-0.0004900628503481941,-0.00039408866995072067,-0.0011474435196194843,-0.0017309325632750006,-0.0033336164430100013,-0.0039171054866655175,-0.0039909971122812915,-0.004234754543910313,-0.004988109393579077,-0.005911330049261088,-0.005985221674876862,-0.00707830813657212,-0.006982333956174647,-0.006546628163750623,-0.007299983013419387,-0.00805333786308815,-0.007957363682690677,-0.005483268218107684,-0.006406488873789695,-0.007499575335484954,-0.00740360115508748,-0.005948700526584028,-0.005852726346186554,-0.00643621538984207,-0.00617037540343135,-0.005564803804994023,-0.005298963818583302,-0.006222184474265313,-0.005786478681841345,-0.006369967725496861,-0.00746305418719212,-0.008216409036860939,-0.008630032274503208,-0.009553252930185163,-0.009966876167827432,-0.010550365211483004,-0.01011465941905898,-0.01069814846271444,-0.010772040088330215,-0.009656871071853312,-0.011599286563614752,-0.01116358077119084,-0.011916935620859603,-0.011820961440462074,-0.011385255648038162,-0.011289281467640522,-0.010343978257176811,-0.008549346016646808,-0.008113640224222785,-0.008527263461865053,-0.008431289281467635,-0.008335315101070107,-0.007729743502632891,-0.0066145744861558775,-0.005329539663665672,-0.004384236453201962,-0.005986920332937018,-0.004701885510446813,-0.004945642942075779,-0.0036606081195855733,-0.004753694581280832,-0.004997452012909798,-0.005920672668591864,-0.00684389332427382,-0.007087650755902897,-0.005972481739425883,-0.005366910140988668,-0.004081875318498462,-0.0019475114659419646,-0.0023611347035842334,-0.0024350263291998964,-0.00318838117886866,-0.003432138610497626,-0.004525225072192995,-0.003579921861729174,-0.003653813487344948,-0.002029047052828248,-0.0027824019024970115,-0.0028562935281127855,-0.0034397825717683572,-0.003853405809410515,-0.004776626465092582,-0.00586971292678784,-0.0050942755223373215,-0.0027900458637676318,-0.002184474265330416,-0.0014090368608798975,-0.00063359945642949,-0.0005376252760319611,-0.0004416510956345432,0.0003337863088159754,-0.0004195685408527883,-0.001003057584508249,0.0011313062680481378,0.0017368778664854645,0.0013232546288431957,0.0019288262272805223,0.0015152029896382535,0.0029701036181416507,0.0030660777985391796,0.002142857142857113,0.0027484287412944397,0.0033540003397316553,0.0027705112960760836,0.0026966196704603096,0.0026227280448445356,0.0010200441651095904,0.0006064209274673216,0.0007023951078647395,0.001477832512315258,0.001573806692712676,0.003538304739255982,0.004653473755732884,0.003390521488024434,0.004335824698488144,0.00426193307287237,0.0035085782232036067,0.00394428401562763,0.002851197553932372,0.002437574316290103,0.002873280108714016,0.002459656871071858,0.002046033633429589,0.0014625445897741285,0.0030873110242908286,0.0026736877866485598,0.002090198742993099,0.002016307117377325,0.0026218787158145407,0.0
zebrafish 0.4 Hz (2022 Q1),0.25,stimulus,5887,0.0,0.002813827076609478,0.0032495328690334627,0.0040249702734839465,0.004290810259894681,0.006425174112451165,0.007540343128928151,0.009334975369458126,0.00960081535586886,0.011565313402412097,0.012170885000849327,0.013625785629352814,0.014571088839816546,0.015176660438253775,0.01544250042466451,0.01536860879904875,0.016993375233565478,0.01657975199592321,0.019733310684559205,0.020338882282996434,0.020944453881433664,0.022229488703923897,0.02283506030236114,0.022761168676745366,0.02234754543910311,0.022443519619500585,0.021520298963818574,0.019747749278070326,0.02035332087650754,0.01926023441481231,0.0200356718192628,0.019961780193647027,0.01954815695600476,0.01913453371836249,0.019060642092746716,0.01915661627314419,0.018742993035501948,0.018669101409886202,0.019444538814336665,0.020219976218787156,0.02014608459317138,0.019392729743502618,0.018639374893833882,0.019244946492271098,0.01917105486665535,0.017228639374893828,0.01681501613725156,0.018100050959741792,0.018705622558179036,0.019650925768642802,0.02008663156106677,0.019503142517411254,0.019259385085782232,0.021903346356378472,0.02233905214880244,0.021925428911160172,0.021851537285544398,0.02279684049600811,0.024081875318498425,0.02400798369288265,0.022914897231187392,0.022501273993545123,0.02242738236792935,0.022523356548326823,0.022619330728724296,0.023564633939188007,0.024340071343638525,0.023926448105996256,0.024362153898420225,0.025986920332936925,0.02693222354340069,0.02634873449974523,0.026954306098182446,0.027220146084593166,0.026806522846950898,0.02571343638525564,0.025129947341600123,0.023866995073891617,0.025491761508408317,0.025757601494819093,0.025513844063190072,0.02527008663156105,0.02553592661797177,0.02665109563444873,0.026237472396806516,0.026503312383217292,0.027278749787667755,0.02788432138610497,0.028489892984542187,0.028585867164939716,0.028342109733310694,0.026909291659588885,0.027005265839986414,0.0259121793782911,0.024819092916595842,0.024065738066927078,0.02467130966536435,0.023917954815695586,0.0245235264141328,0.024449634788517027,0.02488534058094105,0.024641583149312085,0.024737557329709503,0.02551299473416002,0.02560896891455744,0.024855614064888676,0.024781722439272902,0.02351877017156445,0.023444878545948677,0.02303125530830641,0.023127229488703827,0.02339306947511466,0.022809580431459087,0.022905554611856616,0.02266179718022754,0.022418039748598573,0.022174282316969607,0.02108119585527435,0.020837438423645382,0.02008408357397662,0.018821131306268057,0.018237642262612597,0.017654153218957025,0.017750127399354554,0.017336504161712285,0.01658314931204352,0.016169526074401253,0.015076439612705994,0.01364362153898424,0.013569729913368467,0.012306777645659905,0.011723288602004445,0.012668591812468155,0.012424834380839078,0.01133174791914382,0.010408527263461864,0.011183964667912272,0.010770341430270003,0.011206047222694027,0.011132155597078253,0.010548666553422681,0.010814506539833624,0.010570749108204547,0.010326991676575581,0.008724307796840525,0.00932987939527774,0.009935450993714956,0.008162901307966708,0.007239680652284752,0.005297265160523201,0.005732970952947225,0.0046398844912518555,0.00439612705962289,0.005511296076099903,0.005267538644470826,0.005363512824868355,0.005289621199252581,0.006914387633769281,0.00701036181416681,0.006766604382537733,0.006692712756921959,0.006109223713266498,0.005525734669610927,0.006131306268048142,0.00826567012060464,0.007852046882962371,0.0074384236453201025,0.006515202989638258,0.0052522507219296966,0.004668761678274236,0.0051044674706981485,0.003841515202989698,0.0049566842194666005,0.006071853235943614,0.007356888058433819,0.007452862238831348,0.007378970613215574,0.00866400543570578,0.010798369288262277,0.009195685408527221,0.010820451843043921,0.01023696279938846,0.009653473755732889,0.008730253100050933,0.008316629862408664,0.007903006624766395,0.006979785969084329,0.006736028537455363,0.006832002717852892,0.005738916256157522,0.005155427212502062,0.0030431459147273188,0.0031391200951248477,0.002215899439442892,0.001972142007813815,0.0008790555461185567,0.000295566502463096,5.180907083401909e-05,0.0013368438933243354,0.0002437574316289659,0.0
zebrafish 0.4 Hz (2022 Q1),0.5,sham below,5887,0.0,-0.0009232206556820111,-0.0009971122812977747,-0.002769661967046033,-0.004032614234754546,-0.006144895532529303,-0.006558518770171565,-0.006462544589774081,-0.007215899439442841,-0.007459656871071849,-0.006854085272634619,-0.007607440122303383,-0.0066621369118396445,-0.005377102089349418,-0.004941396296925429,-0.005694751146594193,-0.006278240190249709,-0.0060124002038389746,-0.005406828605401731,-0.005480720231017491,-0.004025819602514025,-0.00325038219806352,-0.004173602853745545,-0.0044173602853745525,-0.0048309835230168074,-0.00592406998471208,-0.0066774248343808434,-0.005562255817903872,-0.005806013249532893,-0.005879904875148612,-0.004934601664684901,-0.0048386274842874,-0.0035535926617971947,-0.0026082894513334565,-0.0030219126889757253,-0.002416341090538482,-0.0029998301341939704,-0.004262782401902504,-0.003827076609478508,-0.0049201630711737665,-0.005163920502802788,-0.0059172753524715516,-0.007519959232206552,-0.008103448275862069,-0.008686937319517585,-0.008590963139120111,-0.007305928316629878,-0.0065304909121793875,-0.006604382537795134,-0.00599881093935789,-0.006922031595039929,-0.006995923220655675,-0.008258875488364181,-0.006803974859860729,-0.0060285374554102655,-0.006442160693052534,-0.006176320706641758,-0.007609138780363567,-0.007852896211992533,-0.005888398165449282,-0.007151350433157788,-0.0065457788347205725,-0.006110073042296604,-0.0056743672498725806,-0.0028605401732631486,-0.0032741634109054174,-0.001309665364362167,-0.0012136911839646936,-0.0012875828095804676,-0.0003422795991167016,9.342619330726665e-05,-0.0004900628503481941,-0.00039408866995072067,-0.0011474435196194843,-0.0017309325632750006,-0.0033336164430100013,-0.0039171054866655175,-0.0039909971122812915,-0.004234754543910313,-0.004988109393579077,-0.005911330049261088,-0.005985221674876862,-0.00707830813657212,-0.006982333956174647,-0.006546628163750623,-0.007299983013419387,-0.00805333786308815,-0.007957363682690677,-0.005483268218107684,-0.006406488873789695,-0.007499575335484954,-0.00740360115508748,-0.005948700526584028,-0.005852726346186554,-0.00643621538984207,-0.00617037540343135,-0.005564803804994023,-0.005298963818583302,-0.006222184474265313,-0.005786478681841345,-0.006369967725496861,-0.00746305418719212,-0.008216409036860939,-0.008630032274503208,-0.009553252930185163,-0.009966876167827432,-0.010550365211483004,-0.01011465941905898,-0.01069814846271444,-0.010772040088330215,-0.009656871071853312,-0.011599286563614752,-0.01116358077119084,-0.011916935620859603,-0.011820961440462074,-0.011385255648038162,-0.011289281467640522,-0.010343978257176811,-0.008549346016646808,-0.008113640224222785,-0.008527263461865053,-0.008431289281467635,-0.008335315101070107,-0.007729743502632891,-0.0066145744861558775,-0.005329539663665672,-0.004384236453201962,-0.005986920332937018,-0.004701885510446813,-0.004945642942075779,-0.0036606081195855733,-0.004753694581280832,-0.004997452012909798,-0.005920672668591864,-0.00684389332427382,-0.007087650755902897,-0.005972481739425883,-0.005366910140988668,-0.004081875318498462,-0.0019475114659419646,-0.0023611347035842334,-0.0024350263291998964,-0.00318838117886866,-0.003432138610497626,-0.004525225072192995,-0.003579921861729174,-0.003653813487344948,-0.002029047052828248,-0.0027824019024970115,-0.0028562935281127855,-0.0034397825717683572,-0.003853405809410515,-0.004776626465092582,-0.00586971292678784,-0.0050942755223373215,-0.0027900458637676318,-0.002184474265330416,-0.0014090368608798975,-0.00063359945642949,-0.0005376252760319611,-0.0004416510956345432,0.0003337863088159754,-0.0004195685408527883,-0.001003057584508249,0.0011313062680481378,0.0017368778664854645,0.0013232546288431957,0.0019288262272805223,0.0015152029896382535,0.0029701036181416507,0.0030660777985391796,0.002142857142857113,0.0027484287412944397,0.0033540003397316553,0.0027705112960760836,0.0026966196704603096,0.0026227280448445356,0.0010200441651095904,0.0006064209274673216,0.0007023951078647395,0.001477832512315258,0.001573806692712676,0.003538304739255982,0.004653473755732884,0.003390521488024434,0.004335824698488144,0.00426193307287237,0.0035085782232036067,0.00394428401562763,0.002851197553932372,0.002437574316290103,0.002873280108714016,0.002459656871071858,0.002046033633429589,0.0014625445897741285,0.0030873110242908286,0.0026736877866485598,0.002090198742993099,0.002016307117377325,0.0026218787158145407,0.0
zebrafish 0.4 Hz (2022 Q1),0.5,stimulus,5887,0.0,0.002813827076609478,0.0032495328690334627,0.0040249702734839465,0.004290810259894681,0.006425174112451165,0.007540343128928151,0.009334975369458126,0.00960081535586886,0.011565313402412097,0.012170885000849327,0.013625785629352814,0.014571088839816546,0.015176660438253775,0.01544250042466451,0.01536860879904875,0.016993375233565478,0.01657975199592321,0.019733310684559205,0.020338882282996434,0.020944453881433664,0.022229488703923897,0.02283506030236114,0.022761168676745366,0.02234754543910311,0.022443519619500585,0.021520298963818574,0.019747749278070326,0.02035332087650754,0.01926023441481231,0.0200356718192628,0.019961780193647027,0.01954815695600476,0.01913453371836249,0.019060642092746716,0.01915661627314419,0.018742993035501948,0.018669101409886202,0.019444538814336665,0.020219976218787156,0.02014608459317138,0.019392729743502618,0.018639374893833882,0.019244946492271098,0.01917105486665535,0.017228639374893828,0.01681501613725156,0.018100050959741792,0.018705622558179036,0.019650925768642802,0.02008663156106677,0.019503142517411254,0.019259385085782232,0.021903346356378472,0.02233905214880244,0.021925428911160172,0.021851537285544398,0.02279684049600811,0.024081875318498425,0.02400798369288265,0.022914897231187392,0.022501273993545123,0.02242738236792935,0.022523356548326823,0.022619330728724296,0.023564633939188007,0.024340071343638525,0.023926448105996256,0.024362153898420225,0.025986920332936925,0.02693222354340069,0.02634873449974523,0.026954306098182446,0.027220146084593166,0.026806522846950898,0.02571343638525564,0.025129947341600123,0.023866995073891617,0.025491761508408317,0.025757601494819093,0.025513844063190072,0.02527008663156105,0.02553592661797177,0.02665109563444873,0.026237472396806516,0.026503312383217292,0.027278749787667755,0.02788432138610497,0.028489892984542187,0.028585867164939716,0.028342109733310694,0.026909291659588885,0.027005265839986414,0.0259121793782911,0.024819092916595842,0.024065738066927078,0.02467130966536435,0.023917954815695586,0.0245235264141328,0.024449634788517027,0.02488534058094105,0.024641583149312085,0.024737557329709503,0.02551299473416002,0.02560896891455744,0.024855614064888676,0.024781722439272902,0.02351877017156445,0.023444878545948677,0.02303125530830641,0.023127229488703827,0.02339306947511466,0.022809580431459087,0.022905554611856616,0.02266179718022754,0.022418039748598573,0.022174282316969607,0.02108119585527435,0.020837438423645382,0.02008408357397662,0.018821131306268057,0.018237642262612597,0.017654153218957025,0.017750127399354554,0.017336504161712285,0.01658314931204352,0.016169526074401253,0.015076439612705994,0.01364362153898424,0.013569729913368467,0.012306777645659905,0.011723288602004445,0.012668591812468155,0.012424834380839078,0.01133174791914382,0.010408527263461864,0.011183964667912272,0.010770341430270003,0.011206047222694027,0.011132155597078253,0.010548666553422681,0.010814506539833624,0.010570749108204547,0.010326991676575581,0.008724307796840525,0.00932987939527774,0.009935450993714956,0.008162901307966708,0.007239680652284752,0.005297265160523201,0.005732970952947225,0.0046398844912518555,0.00439612705962289,0.005511296076099903,0.005267538644470826,0.005363512824868355,0.005289621199252581,0.006914387633769281,0.00701036181416681,0.006766604382537733,0.006692712756921959,0.006109223713266498,0.005525734669610927,0.006131306268048142,0.00826567012060464,0.007852046882962371,0.0074384236453201025,0.006515202989638258,0.0052522507219296966,0.004668761678274236,0.0051044674706981485,0.003841515202989698,0.0049566842194666005,0.006071853235943614,0.007356888058433819,0.007452862238831348,0.007378970613215574,0.00866400543570578,0.010798369288262277,0.009195685408527221,0.010820451843043921,0.01023696279938846,0.009653473755732889,0.008730253100050933,0.008316629862408664,0.007903006624766395,0.006979785969084329,0.006736028537455363,0.006832002717852892,0.005738916256157522,0.005155427212502062,0.0030431459147273188,0.0031391200951248477,0.002215899439442892,0.001972142007813815,0.0008790555461185567,0.000295566502463096,5.180907083401909e-05,0.0013368438933243354,0.0002437574316289659,0.0
zebrafish 0.4 Hz (2022 Q1),0.75,sham below,5887,0.0,-0.0009232206556820111,-0.0009971122812977747,-0.002769661967046033,-0.004032614234754546,-0.006144895532529303,-0.006558518770171565,-0.006462544589774081,-0.007215899439442841,-0.007459656871071849,-0.006854085272634619,-0.007607440122303383,-0.0066621369118396445,-0.005377102089349418,-0.004941396296925429,-0.005694751146594193,-0.006278240190249709,-0.0060124002038389746,-0.005406828605401731,-0.005480720231017491,-0.004025819602514025,-0.00325038219806352,-0.004173602853745545,-0.0044173602853745525,-0.0048309835230168074,-0.00592406998471208,-0.0066774248343808434,-0.005562255817903872,-0.005806013249532893,-0.005879904875148612,-0.004934601664684901,-0.0048386274842874,-0.0035535926617971947,-0.0026082894513334565,-0.0030219126889757253,-0.002416341090538482,-0.0029998301341939704,-0.004262782401902504,-0.003827076609478508,-0.0049201630711737665,-0.005163920502802788,-0.0059172753524715516,-0.007519959232206552,-0.008103448275862069,-0.008686937319517585,-0.008590963139120111,-0.007305928316629878,-0.0065304909121793875,-0.006604382537795134,-0.00599881093935789,-0.006922031595039929,-0.006995923220655675,-0.008258875488364181,-0.006803974859860729,-0.0060285374554102655,-0.006442160693052534,-0.006176320706641758,-0.007609138780363567,-0.007852896211992533,-0.005888398165449282,-0.007151350433157788,-0.0065457788347205725,-0.006110073042296604,-0.0056743672498725806,-0.0028605401732631486,-0.0032741634109054174,-0.001309665364362167,-0.0012136911839646936,-0.0012875828095804676,-0.0003422795991167016,9.342619330726665e-05,-0.0004900628503481941,-0.00039408866995072067,-0.0011474435196194843,-0.0017309325632750006,-0.0033336164430100013,-0.0039171054866655175,-0.0039909971122812915,-0.004234754543910313,-0.004988109393579077,-0.005911330049261088,-0.005985221674876862,-0.00707830813657212,-0.006982333956174647,-0.006546628163750623,-0.007299983013419387,-0.00805333786308815,-0.007957363682690677,-0.005483268218107684,-0.006406488873789695,-0.007499575335484954,-0.00740360115508748,-0.005948700526584028,-0.005852726346186554,-0.00643621538984207,-0.00617037540343135,-0.005564803804994023,-0.005298963818583302,-0.006222184474265313,-0.005786478681841345,-0.006369967725496861,-0.00746305418719212,-0.008216409036860939,-0.008630032274503208,-0.009553252930185163,-0.009966876167827432,-0.010550365211483004,-0.01011465941905898,-0.01069814846271444,-0.010772040088330215,-0.009656871071853312,-0.011599286563614752,-0.01116358077119084,-0.011916935620859603,-0.011820961440462074,-0.011385255648038162,-0.011289281467640522,-0.010343978257176811,-0.008549346016646808,-0.008113640224222785,-0.008527263461865053,-0.008431289281467635,-0.008335315101070107,-0.007729743502632891,-0.0066145744861558775,-0.005329539663665672,-0.004384236453201962,-0.005986920332937018,-0.004701885510446813,-0.004945642942075779,-0.0036606081195855733,-0.004753694581280832,-0.004997452012909798,-0.005920672668591864,-0.00684389332427382,-0.007087650755902897,-0.005972481739425883,-0.005366910140988668,-0.004081875318498462,-0.0019475114659419646,-0.0023611347035842334,-0.0024350263291998964,-0.00318838117886866,-0.003432138610497626,-0.004525225072192995,-0.003579921861729174,-0.003653813487344948,-0.002029047052828248,-0.0027824019024970115,-0.0028562935281127855,-0.0034397825717683572,-0.003853405809410515,-0.004776626465092582,-0.00586971292678784,-0.0050942755223373215,-0.0027900458637676318,-0.002184474265330416,-0.0014090368608798975,-0.00063359945642949,-0.0005376252760319611,-0.0004416510956345432,0.0003337863088159754,-0.0004195685408527883,-0.001003057584508249,0.0011313062680481378,0.0017368778664854645,0.0013232546288431957,0.0019288262272805223,0.0015152029896382535,0.0029701036181416507,0.0030660777985391796,0.002142857142857113,0.0027484287412944397,0.0033540003397316553,0.0027705112960760836,0.0026966196704603096,0.0026227280448445356,0.0010200441651095904,0.0006064209274673216,0.0007023951078647395,0.001477832512315258,0.001573806692712676,0.003538304739255982,0.004653473755732884,0.003390521488024434,0.004335824698488144,0.00426193307287237,0.0035085782232036067,0.00394428401562763,0.002851197553932372,0.002437574316290103,0.002873280108714016,0.002459656871071858,0.002046033633429589,0.0014625445897741285,0.0030873110242908286,0.0026736877866485598,0.002090198742993099,0.002016307117377325,0.0026218787158145407,0.0
zebrafish 0.4 Hz (2022 Q1),0.75,stimulus,5887,0.0,0.002813827076609478,0.0032495328690334627,0.0040249702734839465,0.004290810259894681,0.006425174112451165,0.007540343128928151,0.009334975369458126,0.00960081535586886,0.011565313402412097,0.012170885000849327,0.013625785629352814,0.014571088839816546,0.015176660438253775,0.01544250042466451,0.01536860879904875,0.016993375233565478,0.01657975199592321,0.019733310684559205,0.020338882282996434,0.020944453881433664,0.022229488703923897,0.02283506030236114,0.022761168676745366,0.02234754543910311,0.022443519619500585,0.021520298963818574,0.019747749278070326,0.02035332087650754,0.01926023441481231,0.0200356718192628,0.019961780193647027,0.01954815695600476,0.01913453371836249,0.019060642092746716,0.01915661627314419,0.018742993035501948,0.018669101409886202,0.019444538814336665,0.020219976218787156,0.02014608459317138,0.019392729743502618,0.018639374893833882,0.019244946492271098,0.01917105486665535,0.017228639374893828,0.01681501613725156,0.018100050959741792,0.018705622558179036,0.019650925768642802,0.02008663156106677,0.019503142517411254,0.019259385085782232,0.021903346356378472,0.02233905214880244,0.021925428911160172,0.021851537285544398,0.02279684049600811,0.024081875318498425,0.02400798369288265,0.022914897231187392,0.022501273993545123,0.02242738236792935,0.022523356548326823,0.022619330728724296,0.023564633939188007,0.024340071343638525,0.023926448105996256,0.024362153898420225,0.025986920332936925,0.02693222354340069,0.02634873449974523,0.026954306098182446,0.027220146084593166,0.026806522846950898,0.02571343638525564,0.025129947341600123,0.023866995073891617,0.025491761508408317,0.025757601494819093,0.025513844063190072,0.02527008663156105,0.02553592661797177,0.02665109563444873,0.026237472396806516,0.026503312383217292,0.027278749787667755,0.02788432138610497,0.028489892984542187,0.028585867164939716,0.028342109733310694,0.026909291659588885,0.027005265839986414,0.0259121793782911,0.024819092916595842,0.024065738066927078,0.02467130966536435,0.023917954815695586,0.0245235264141328,0.024449634788517027,0.02488534058094105,0.024641583149312085,0.024737557329709503,0.02551299473416002,0.02560896891455744,0.024855614064888676,0.024781722439272902,0.02351877017156445,0.023444878545948677,0.02303125530830641,0.023127229488703827,0.02339306947511466,0.022809580431459087,0.022905554611856616,0.02266179718022754,0.022418039748598573,0.022174282316969607,0.02108119585527435,0.020837438423645382,0.02008408357397662,0.018821131306268057,0.018237642262612597,0.017654153218957025,0.017750127399354554,0.017336504161712285,0.01658314931204352,0.016169526074401253,0.015076439612705994,0.01364362153898424,0.013569729913368467,0.012306777645659905,0.011723288602004445,0.012668591812468155,0.012424834380839078,0.01133174791914382,0.010408527263461864,0.011183964667912272,0.010770341430270003,0.011206047222694027,0.011132155597078253,0.010548666553422681,0.010814506539833624,0.010570749108204547,0.010326991676575581,0.008724307796840525,0.00932987939527774,0.009935450993714956,0.008162901307966708,0.007239680652284752,0.005297265160523201,0.005732970952947225,0.0046398844912518555,0.00439612705962289,0.005511296076099903,0.005267538644470826,0.005363512824868355,0.005289621199252581,0.006914387633769281,0.00701036181416681,0.006766604382537733,0.006692712756921959,0.006109223713266498,0.005525734669610927,0.006131306268048142,0.00826567012060464,0.007852046882962371,0.0074384236453201025,0.006515202989638258,0.0052522507219296966,0.004668761678274236,0.0051044674706981485,0.003841515202989698,0.0049566842194666005,0.006071853235943614,0.007356888058433819,0.007452862238831348,0.007378970613215574,0.00866400543570578,0.010798369288262277,0.009195685408527221,0.010820451843043921,0.01023696279938846,0.009653473755732889,0.008730253100050933,0.008316629862408664,0.007903006624766395,0.006979785969084329,0.006736028537455363,0.006832002717852892,0.005738916256157522,0.005155427212502062,0.0030431459147273188,0.0031391200951248477,0.002215899439442892,0.001972142007813815,0.0008790555461185567,0.000295566502463096,5.180907083401909e-05,0.0013368438933243354,0.0002437574316289659,0.0
zebrafish 0.3 Hz,0.0,sham above,1138,0.0,-0.004121265377855888,-0.008242530755711776,-0.010606326889279438,-0.012091388400702988,-0.013576449912126538,-0.014182776801405974,-0.016546572934973643,-0.018031634446397188,-0.015123022847100175,-0.01748681898066784,-0.016335676625659053,-0.017820738137082598,-0.018427065026362044,-0.02079086115992971,-0.022275922671353247,-0.021124780316344467,-0.023488576449912132,-0.023216168717047445,-0.02382249560632689,-0.025307557117750443,-0.02679261862917398,-0.024762741652021095,-0.02449033391915642,-0.024217926186291733,-0.02482425307557118,-0.02718804920913885,-0.028673110720562403,-0.027521968365553623,-0.024613356766256575,-0.02609841827768014,-0.019674868189806682,-0.021159929701230235,-0.020887521968365574,-0.023251318101933233,-0.018585237258347986,-0.015676625659050952,-0.013646748681898052,-0.01161687170474518,-0.013980667838312838,-0.011950790861159938,-0.009042179261862932,-0.007012302284710004,-0.003224956063268891,-0.002073813708260097,-0.0009226713532513309,-0.002407732864674883,-0.002135325131810195,0.0034094903339191573,0.004560632688927951,0.0048330404217926115,0.0015905096660808193,0.0018629173989455072,0.0030140597539543013,0.004165202108963095,0.008831282952548314,0.0047100175746924156,0.0049824253075571034,0.0017398945518453668,0.003769771528998267,0.004042179261862955,0.005193321616871693,0.01161687170474518,0.014525483304042186,0.017434094903339192,0.021221441124780305,0.021493848857644993,0.02088752196836552,0.019402460456941995,0.021432337434094895,0.021704745166959527,0.027249560632688963,0.02664323374340949,0.027794376098418283,0.0324604569420035,0.033611599297012296,0.03300527240773288,0.03503514938488578,0.034428822495606304,0.03206502636203867,0.032337434094903306,0.03524604569420031,0.03815465729349732,0.041063268892794325,0.04133567662565907,0.04072934973637965,0.04188049209138839,0.0456678383128295,0.04945518453427067,0.048848857644991195,0.04999999999999999,0.05115114235500878,0.05318101933216163,0.05169595782073816,0.05196836555360279,0.04960456942003516,0.047240773286467475,0.04751318101933222,0.04602811950790864,0.04630052724077327,0.046572934973638014,0.045087873462214434,0.044481546572935016,0.04651142355008786,0.047662565905096654,0.04881370826010545,0.05084358523725829,0.05199472759226709,0.05314586994727588,0.05078207381370825,0.051933216168717045,0.05308435852372584,0.05247803163444631,0.05099297012302284,0.052144112478031523,0.050659050966608055,0.050052724077328636,0.054718804920913966,0.05411247803163444,0.05438488576449918,0.0528998242530756,0.05053602811950797,0.04992970123022844,0.05371704745166961,0.05574692442882245,0.056019332161687196,0.05629173989455183,0.05480667838312825,0.05332161687170478,0.0518365553602812,0.047715289982425246,0.04710896309314583,0.04826010544815462,0.05028998242530747,0.054956063268892796,0.05434973637961327,0.0528646748681898,0.05050087873462206,0.04901581722319859,0.05104569420035143,0.051318101933216065,0.04983304042179271,0.04922671353251318,0.04774165202108971,0.04625659050966613,0.04477152899824255,0.04328646748681897,0.04004393673110718,0.037680140597539546,0.035316344463971916,0.03734622144112476,0.03410369068541297,0.037012302284709975,0.034648506151142344,0.03492091388400698,0.03431458699472756,0.03458699472759219,0.034859402460456934,0.03601054481546573,0.03628295254833036,0.037434094903339155,0.035949033391915575,0.03270650263620378,0.032100175746924364,0.03588752196836553,0.03352372583479779,0.03291739894551837,0.032311072056239065,0.03346221441124786,0.031098418277680118,0.03137082601054486,0.02988576449912128,0.029279437609841863,0.027794376098418283,0.028945518453427077,0.025702987697715285,0.025096660808435867,0.023611599297012287,0.021247803163444656,0.017126537785588702,0.014762741652021072,0.016792618629173917,0.019701230228470923,0.018216168717047454,0.019367311072056248,0.01963971880492088,0.01727592267135325,0.017548330404217882,0.015184534270650252,0.013699472759226672,0.01133567662565893,0.009850615114235461,0.007486818980667831,0.006880492091388413,0.004516695957820782,0.00127416520210899,0.002425307557117784,6.151142355015349e-05,0.00033391915641478587,-0.0020298769771528447,0.0
zebrafish 0.3 Hz,0.0,sham below,1138,0.0,-0.004121265377855888,-0.0064850615114235505,-0.01148506151142355,-0.008576449912126537,-0.012697715289982427,-0.015061511423550087,-0.018304042179261865,-0.0189103690685413,-0.02039543057996485,-0.023637961335676628,-0.022486818980667837,-0.02133567662565905,-0.022820738137082602,-0.021669595782073822,-0.024033391915641474,-0.025518453427065026,-0.029639718804920917,-0.028488576449912123,-0.02909490333919157,-0.028822495606326895,-0.028550087873462207,-0.031792618629173985,-0.03415641476274166,-0.035641476274165196,-0.03712653778558875,-0.033339191564147636,-0.03043057996485063,-0.03191564147627418,-0.030764499121265373,-0.028734622144112473,-0.026704745166959587,-0.024674868189806687,-0.025281195079086133,-0.02588752196836558,-0.02561511423550089,-0.024463971880492097,-0.022434094903339197,-0.021282952548330403,-0.02188927943760985,-0.01985940246045695,-0.01958699472759229,-0.014920913884007014,-0.012891036906854114,-0.012618629173989454,-0.012346221441124794,-0.008558875219683654,-0.01092267135325134,-0.009771528998242518,-0.010377855887521964,-0.010105448154657304,-0.011590509666080856,-0.008681898066783822,-0.009288224956063296,-0.006379613356766289,-0.007864674868189814,-0.009349736379613394,-0.011713532513181024,-0.013198594024604549,-0.012047451669595755,-0.011775043936731122,-0.01238137082601054,-0.012987697715289959,-0.010079086115992952,-0.010685413005272426,-0.006898066783831314,-0.008383128295254838,-0.007231985940246044,-0.004323374340949038,-0.0049297012302285115,-0.0037785588752197175,8.787346221450498e-06,-0.0014762741652020739,0.0005536028119508263,0.006977152899824257,0.01076449912126537,0.011036906854130057,0.007794376098418265,0.011581722319859378,0.011854130052724066,0.013884007029876966,0.014156414762741598,0.012671353251318074,0.012943760984182762,0.015852372583479823,0.016124780316344456,0.02079086115992973,0.024578207381370842,0.024850615114235475,0.02951669595782075,0.032425307557117755,0.03357644991212655,0.03384885764499118,0.03060632688927939,0.02999999999999997,0.029393673110720553,0.03405975395430583,0.030817223198594035,0.03196836555360283,0.03136203866432341,0.027240773286467457,0.031028119507908625,0.03130052724077326,0.028936731107205627,0.03008787346221442,0.03475395430579964,0.03239015817223201,0.03090509666080843,0.03205623901581722,0.03672231985940244,0.03523725834797886,0.037267135325131706,0.03929701230228466,0.03693321616871703,0.038084358523725825,0.04099297012302283,0.0386291739894552,0.04065905096660816,0.03917398945518458,0.03856766256590516,0.03884007029876979,0.03911247803163442,0.03938488576449917,0.04141476274165201,0.04080843585237259,0.041080843585237226,0.04135325131810197,0.04250439367311076,0.04541300527240777,0.04656414762741645,0.046836555360281196,0.044472759226713454,0.042987697715289985,0.042381370826010456,0.0426537785588752,0.04204745166959578,0.042319859402460414,0.041713532513180995,0.04198594024604563,0.04401581722319858,0.045166959578207266,0.041924428822495696,0.040439367311072116,0.038075571177504375,0.03922671353251317,0.03686291739894554,0.03889279437609838,0.038286467486818965,0.03943760984182776,0.03795254833040418,0.039982425307557135,0.04289103690685414,0.04316344463971877,0.04079964850615114,0.04282952548330399,0.04134446397188052,0.04161687170474515,0.036616871704745146,0.03688927943760978,0.038919156414762734,0.03919156414762737,0.03770650263620379,0.03710017574692437,0.03561511423550079,0.032372583479789,0.030887521968365528,0.030281195079086,0.033189806678383116,0.03521968365553607,0.03373462214411249,0.03137082601054486,0.03164323374340949,0.031915641476274126,0.03130931458699471,0.028945518453427077,0.027460456942003497,0.029490333919156453,0.029762741652021085,0.027398945518453455,0.025913884007029875,0.022671353251318083,0.020307557117750452,0.018822495606326872,0.017337434094903292,0.019367311072056248,0.017882249560632668,0.019033391915641462,0.014912126537785508,0.017820738137082515,0.015456942003514884,0.013093145869947254,0.011608084358523674,0.011880492091388417,0.010395430579964837,0.008910369068541368,0.008304042179261839,0.005061511423550158,0.004455184534270629,0.0038488576449912104,0.0023637961335676305,0.0
zebrafish 0.3 Hz,0.0,stimulus,1138,0.0,-0.0014850615114235504,-0.003848857644991213,-0.0053339191564147626,-0.005940246045694202,-0.005667838312829528,-0.004516695957820737,-0.008637961335676628,-0.011880492091388403,-0.012486818980667835,-0.012214411247803168,-0.013699472759226713,-0.012548330404217926,-0.014033391915641479,-0.016397188049209144,-0.017003514938488576,-0.015852372583479796,-0.016458699472759228,-0.01794376098418278,-0.020307557117750438,-0.020913884007029884,-0.022398945518453423,-0.019490333919156416,-0.02097539543057997,-0.02070298769771528,-0.017794376098418274,-0.016643233743409494,-0.01724956063268894,-0.012583479789103708,-0.01231107205623902,-0.013796133567662572,-0.011766256590509672,-0.009736379613356771,-0.005070298769771525,-0.002161687170474519,-0.003646748681898071,-0.0007381370826010369,0.0021704745166959694,0.0006854130052724172,7.908611599297122e-05,-0.001405975395430581,-0.004648506151142373,-0.004376098418277685,-0.0067398945518453435,-0.008224956063268896,-0.0061950790861159954,-0.0015289982425307769,0.0031370826010544695,-0.000984182776801401,-0.001590509666080847,-0.002196836555360293,-0.004560632688927924,-0.003409490333919185,-0.001379613356766285,-0.001107205623901597,0.00971001757469242,0.01173989455184532,0.011133567662565846,0.013163444639718802,0.01958699472759229,0.019859402460456976,0.0254042179261863,0.02567662565905099,0.02770650263620389,0.033251318101933214,0.03440246045694201,0.03643233743409491,0.037583479789103647,0.03609841827768012,0.03549209138840065,0.03752196836555355,0.03779437609841829,0.04597539543057999,0.04449033391915641,0.04827768014059752,0.047671353251318105,0.05233743409490332,0.05260984182776801,0.04936731107205622,0.05139718804920912,0.05254833040421791,0.05369947275922671,0.058365553602811926,0.05600175746924424,0.05978910369068541,0.060061511423550096,0.05945518453427068,0.05445518453427067,0.05912126537785589,0.05851493848857642,0.057908611599297,0.059938488576449844,0.059332161687170426,0.06048330404217922,0.061634446397188014,0.06366432337434097,0.06393673110720566,0.0659666080843585,0.0671177504393673,0.06651142355008788,0.0650263620386643,0.06529876977152904,0.06732864674868189,0.06672231985940247,0.0669947275922671,0.06375219683655531,0.06226713532513173,0.06253954305799647,0.06105448154657289,0.06308435852372585,0.06335676625659048,0.06538664323374332,0.07005272407732854,0.06856766256590507,0.06532513181019328,0.0638400702987697,0.06499121265377861,0.06086994727592265,0.06289982425307561,0.06053602811950798,0.0590509666080844,0.05932337434094903,0.059595782073813774,0.06162565905096662,0.06277680140597541,0.06304920913884005,0.061564147627416466,0.060079086115993,0.05947275922671347,0.05974516695957821,0.06001757469244284,0.05765377855887521,0.05616871704745163,0.05468365553602805,0.054077328646748635,0.05434973637961327,0.0528646748681898,0.049622144112478006,0.05165202108963085,0.05104569420035143,0.052196836555360226,0.05246924428822497,0.04834797891036913,0.045105448154657335,0.04713532513181018,0.04477152899824255,0.047680140597539555,0.04707381370826014,0.04558875219683656,0.04673989455184535,0.04613356766256593,0.04464850615114235,0.044042179261862935,0.04431458699472757,0.0445869947275922,0.04398066783831278,0.045131810193321575,0.04540421792618621,0.04216168717047453,0.04243409490333916,0.04182776801405974,0.039463971880492,0.03885764499121258,0.03825131810193316,0.04028119507908601,0.0414323374340948,0.042583479789103595,0.04285588752196845,0.04312829525483308,0.0416432337434095,0.041036906854130084,0.038673110720562454,0.038945518453427086,0.037460456942003506,0.035975395430579926,0.03449033391915646,0.03564147627416525,0.03415641476274167,0.03706502636203868,0.0355799648506151,0.03409490333919152,0.03260984182776794,0.030246045694200308,0.027003514938488515,0.025518453427064935,0.02579086115992968,0.02518453427065026,0.020184534270650256,0.017820738137082515,0.018093145869947258,0.015729349736379517,0.012486818980667724,0.010123022847100205,0.006880492091388413,0.005395430579964833,0.0021528998242531516,0.0006678383128295717,6.151142355015349e-05,0.00033391915641478587,-0.003787346221441168,0.0
zebrafish 0.3 Hz,0.25,sham above,296,0.0,-0.0016216216216216215,-0.006621621621621622,-0.008243243243243242,-0.006486486486486486,-0.00472972972972973,-0.006351351351351349,-0.0012162162162162177,0.000540540540540542,0.009054054054054059,0.010810810810810811,0.009189189189189186,0.010945945945945945,0.012702702702702698,0.011081081081081079,0.016216216216216217,0.014594594594594598,0.012972972972972965,0.014729729729729732,0.01986486486486487,0.021621621621621623,0.016621621621621632,0.01837837837837837,0.013378378378378367,0.01851351351351352,0.020270270270270258,0.022027027027027024,0.01702702702702702,0.015405405405405387,0.01716216216216218,0.015540540540540548,0.024054054054054058,0.022432432432432425,0.01743243243243242,0.012432432432432416,0.010810810810810784,0.009189189189189206,0.0075675675675675735,0.012702702702702712,0.011081081081081079,0.0060810810810810745,0.007837837837837813,0.009594594594594608,0.011351351351351346,0.009729729729729741,0.01148648648648648,0.01662162162162162,0.014999999999999986,0.02013513513513515,0.03202702702702703,0.030405405405405428,0.025405405405405423,0.023783783783783763,0.0255405405405405,0.023918918918918897,0.025675675675675635,0.02067567567567563,0.015675675675675627,0.010675675675675678,0.009054054054054073,0.010810810810810811,0.009189189189189206,0.01770270270270269,0.019459459459459483,0.017837837837837822,0.02635135135135136,0.0281081081081081,0.026486486486486494,0.028243243243243232,0.02999999999999997,0.03175675675675671,0.02675675675675676,0.025135135135135156,0.023513513513513495,0.02527027027027029,0.02364864864864863,0.018648648648648625,0.01364864864864862,0.01878378378378376,0.017162162162162153,0.012162162162162149,0.013918918918918888,0.022432432432432425,0.024189189189189164,0.02256756756756756,0.017567567567567555,0.01594594594594595,0.01770270270270269,0.016081081081081083,0.014459459459459478,0.016216216216216217,0.011216216216216213,0.012972972972972951,0.011351351351351346,0.009729729729729686,0.01148648648648648,0.006486486486486531,0.004864864864864871,0.0032432432432432656,0.001621621621621605,0.0,-0.001621621621621605,-0.00324324324324321,-0.008243243243243215,-0.00986486486486493,-0.008108108108108136,-0.0029729729729730536,-0.0012162162162162593,0.000540540540540535,-0.00108108108108107,-0.002702702702702786,-0.0009459459459459918,0.0008108108108108025,0.002567567567567486,-0.0024324324324325186,-0.007432432432432523,-0.012432432432432416,-0.014054054054054022,-0.012297297297297227,-0.01729729729729723,-0.022297297297297236,-0.02729729729729724,-0.025540540540540557,-0.020405405405405364,-0.01864864864864868,-0.006756756756756799,-0.0050000000000000044,-0.00324324324324321,-0.004864864864864926,-0.006486486486486531,-0.011486486486486536,-0.01310810810810814,-0.011351351351351346,-0.009594594594594663,-0.004459459459459469,-0.0060810810810810745,-0.0077027027027027906,-0.012702702702702795,-0.010945945945946,-0.0024324324324325186,0.002702702702702675,-0.0022972972972972183,-0.003918918918918934,-0.008918918918918939,-0.013918918918918943,-0.00878378378378375,-0.007027027027026955,-0.01202702702702696,-0.013648648648648676,-0.01527027027027028,-0.016891891891891886,-0.01851351351351349,-0.00324324324324321,-0.0014864864864865268,0.0002702702702702675,0.00540540540540535,0.003783783783783745,0.008918918918918939,0.007297297297297223,0.005675675675675618,0.010810810810810811,0.005810810810810807,0.00756756756756749,0.005945945945945885,0.017837837837837767,0.01959459459459456,0.017972972972972956,0.012972972972973063,0.018108108108108145,0.01986486486486494,0.014864864864864935,0.01662162162162162,0.011621621621621614,0.013378378378378408,0.015135135135135092,0.013513513513513487,0.01527027027027028,0.013648648648648676,0.015405405405405359,0.013783783783783754,0.00878378378378375,0.0071621621621621445,0.0055405405405405395,0.000540540540540535,0.009054054054054017,0.010810810810810811,0.005810810810810807,0.01770270270270269,0.016081081081080972,0.014459459459459367,0.012837837837837762,0.011216216216216157,0.009594594594594663,0.014729729729729746,0.01310810810810814,0.008108108108108136,0.006486486486486531,0.008243243243243215,0.0066216216216216095,0.001621621621621605,0.0
zebrafish 0.3 Hz,0.25,sham below,296,0.0,-0.0016216216216216215,0.0001351351351351355,-0.004864864864864864,0.0036486486486486495,-0.0013513513513513514,0.0037837837837837868,-0.0012162162162162177,0.000540540540540542,-0.001081081081081077,-0.006081081081081081,-0.0009459459459459432,0.004189189189189188,0.005945945945945941,0.004324324324324322,-0.0006756756756756688,-0.0022972972972973016,-0.0039189189189189205,-0.002162162162162154,-0.007162162162162158,-0.008783783783783791,-0.013783783783783782,-0.0154054054054054,-0.020405405405405405,-0.01864864864864864,-0.023648648648648643,-0.015135135135135133,-0.016756756756756766,-0.018378378378378385,-0.013243243243243247,-0.01824324324324325,-0.019864864864864856,-0.02148648648648649,-0.023108108108108122,-0.028108108108108126,-0.03310810810810813,-0.027972972972972965,-0.029594594594594598,-0.02445945945945946,-0.029459459459459464,-0.027702702702702725,-0.022567567567567587,-0.01743243243243242,-0.019054054054054054,-0.024054054054054058,-0.02229729729729729,-0.013783783783783782,-0.018783783783783786,-0.013648648648648648,-0.015270270270270253,-0.013513513513513514,-0.01851351351351352,-0.010000000000000009,-0.00824324324324327,0.0036486486486486114,-0.001351351351351393,-0.002972972972972998,-0.007972972972973003,-0.012972972972972951,-0.014594594594594557,-0.009459459459459474,-0.0077027027027026795,-0.00932432432432434,0.0025675675675675413,0.004324324324324336,0.012837837837837818,0.011216216216216213,0.006216216216216208,0.004594594594594548,-0.0004054054054054568,0.004729729729729681,0.009864864864864875,0.011621621621621614,0.016756756756756752,0.01851351351351349,0.020270270270270285,0.018648648648648625,0.01364864864864862,0.01878378378378376,0.020540540540540497,0.018918918918918892,0.013918918918918888,0.008918918918918883,0.007297297297297278,0.005675675675675673,0.0006756756756756688,0.005810810810810807,0.007567567567567546,0.005945945945945941,0.014459459459459478,0.012837837837837818,0.021351351351351355,0.019729729729729695,0.01810810810810809,0.013108108108108085,0.014864864864864824,0.01662162162162162,0.011621621621621614,0.010000000000000009,0.008378378378378404,0.006756756756756799,0.005135135135135083,0.006891891891891877,0.005270270270270272,0.003648648648648667,0.012162162162162149,0.010540540540540544,0.008918918918918939,0.007297297297297223,0.025945945945945903,0.0209459459459459,0.02608108108108098,0.031216216216216175,0.02621621621621617,0.027972972972972965,0.039864864864864846,0.03824324324324324,0.036621621621621636,0.03500000000000003,0.030000000000000027,0.025000000000000022,0.020000000000000018,0.018378378378378413,0.020135135135135096,0.015135135135135092,0.020270270270270285,0.02202702702702697,0.03054054054054056,0.035675675675675644,0.04081081081081084,0.04256756756756752,0.040945945945945916,0.03932432432432431,0.03432432432432431,0.03608108108108099,0.034459459459459385,0.03283783783783778,0.034594594594594574,0.03635135135135126,0.03472972972972965,0.03310810810810805,0.028108108108108154,0.02986486486486495,0.028243243243243232,0.030000000000000027,0.025000000000000022,0.026756756756756817,0.0251351351351351,0.026891891891891895,0.02189189189189189,0.023648648648648685,0.01864864864864868,0.020405405405405364,0.01878378378378376,0.020540540540540553,0.015540540540540548,0.01729729729729723,0.012297297297297227,0.010675675675675622,0.015810810810810816,0.010810810810810811,0.005810810810810807,0.004189189189189091,-0.0008108108108109136,-0.005810810810810918,-0.007432432432432523,-0.005675675675675729,-0.000540540540540535,0.0012162162162162593,-0.00040540540540534575,-0.00540540540540535,-0.0002702702702702675,0.0014864864864865268,0.00324324324324321,0.0050000000000000044,0.0033783783783783994,0.008513513513513482,0.006891891891891877,0.005270270270270272,0.003648648648648667,-0.0013513513513513375,-0.0029729729729730536,-0.004594594594594659,-0.0028378378378378644,-0.00108108108108107,0.007432432432432412,0.009189189189189095,0.004189189189189091,0.005945945945945885,0.0009459459459458808,0.002702702702702675,0.001081081081080959,0.0028378378378378644,0.004594594594594659,0.0029729729729730536,0.008108108108108136,0.00986486486486493,0.011621621621621614,0.010000000000000009,0.0050000000000000044,0.0
zebrafish 0.3 Hz,0.25,stimulus,296,0.0,0.001756756756756757,0.0001351351351351355,-0.004864864864864864,-0.0031081081081081076,-0.0013513513513513514,0.0004054054054054082,-0.004594594594594596,-0.006216216216216215,-0.007837837837837834,-0.00945945945945946,-0.011081081081081079,-0.002567567567567562,-0.007567567567567567,-0.012567567567567571,-0.01756756756756756,-0.022567567567567566,-0.024189189189189192,-0.02581081081081081,-0.02743243243243243,-0.025675675675675677,-0.027297297297297296,-0.025540540540540543,-0.030540540540540548,-0.03216216216216215,-0.02027027027027027,-0.01851351351351352,-0.020135135135135138,-0.02175675675675677,-0.01662162162162162,-0.01148648648648648,-0.013108108108108113,-0.007972972972972975,-0.009594594594594608,-0.0010810810810810978,0.0006756756756756688,0.0024324324324324353,0.004189189189189202,-0.0008108108108108025,-0.005810810810810807,-0.00743243243243244,-0.012432432432432444,-0.01405405405405405,-0.019054054054054054,-0.024054054054054058,-0.02567567567567569,-0.023918918918918924,-0.022162162162162186,-0.027162162162162162,-0.025405405405405396,-0.0304054054054054,-0.035405405405405405,-0.03702702702702704,-0.03864864864864867,-0.040270270270270275,-0.035135135135135165,-0.0333783783783784,-0.0383783783783784,-0.03662162162162158,-0.03486486486486484,-0.039864864864864846,-0.03472972972972971,-0.03635135135135137,-0.02783783783783783,-0.026081081081081092,-0.020945945945945954,-0.019189189189189215,-0.014054054054054077,-0.015675675675675682,-0.013918918918918943,-0.018918918918918948,-0.023918918918918897,-0.022162162162162158,-0.023783783783783763,-0.018648648648648625,-0.02364864864864863,-0.015135135135135147,-0.016756756756756752,-0.021756756756756757,-0.02675675675675676,-0.031756756756756765,-0.030000000000000027,-0.03162162162162163,-0.03324324324324329,-0.0314864864864865,-0.0364864864864865,-0.031351351351351364,-0.03635135135135137,-0.024459459459459487,-0.022702702702702693,-0.020945945945945954,-0.02594594594594596,-0.027567567567567564,-0.02243243243243248,-0.024054054054054086,-0.015540540540540548,-0.017162162162162153,-0.022162162162162158,-0.01364864864864862,-0.01527027027027028,-0.016891891891891886,-0.015135135135135147,-0.010000000000000009,-0.015000000000000013,-0.013243243243243219,-0.014864864864864935,-0.01648648648648654,-0.014729729729729746,-0.01972972972972975,-0.007837837837837869,-0.012837837837837873,-0.0077027027027027906,-0.005945945945945996,-0.010945945945946,-0.012567567567567606,-0.01418918918918921,-0.015810810810810816,-0.02081081081081082,-0.022432432432432425,-0.02067567567567563,-0.025675675675675635,-0.02729729729729724,-0.022162162162162158,-0.020405405405405364,-0.01864864864864868,-0.023648648648648685,-0.02527027027027029,-0.023513513513513495,-0.0251351351351351,-0.020000000000000018,-0.021621621621621623,-0.023243243243243228,-0.021486486486486545,-0.02648648648648655,-0.024729729729729755,-0.02635135135135136,-0.024594594594594676,-0.02621621621621628,-0.0177027027027028,-0.012567567567567606,-0.007432432432432523,0.00108108108108107,-0.003918918918918934,-0.008918918918918939,-0.003783783783783745,-0.00878378378378375,-0.003648648648648667,-0.0018918918918918726,-0.006891891891891877,-0.008513513513513482,-0.010135135135135087,-0.0050000000000000044,-0.0066216216216216095,0.0018918918918918726,-0.003108108108108132,-0.0013513513513513375,-0.0029729729729730536,-0.0012162162162162593,-0.0028378378378378644,-0.004459459459459469,-0.002702702702702786,-0.0077027027027027906,-0.005945945945945996,-0.010945945945946,-0.0024324324324325186,-0.0006756756756757243,0.001081081081080959,-0.003918918918918934,-0.0055405405405405395,-0.0071621621621621445,-0.002027027027026951,-0.003648648648648667,-0.005270270270270272,-0.006891891891891877,-0.008513513513513482,-0.010135135135135087,0.005135135135135083,0.0035135135135134776,-0.0014864864864865268,0.0002702702702702675,0.002027027027026951,0.00040540540540534575,0.00216216216216214,0.000540540540540535,-0.004459459459459469,-0.002702702702702786,0.0024324324324324076,-0.002567567567567597,-0.004189189189189202,-0.0024324324324325186,-0.0006756756756757243,-0.005675675675675729,-0.010675675675675622,-0.012297297297297227,-0.010540540540540544,-0.012162162162162149,-0.013783783783783754,-0.008648648648648671,0.00324324324324321,-0.0017567567567567943,0.0
zebrafish 0.3 Hz,0.5,sham above,181,0.0,0.0005248618784530383,-0.004475138121546962,-0.0039502762430939226,-0.003425414364640885,-0.0029005524861878476,-0.007900552486187845,-0.01290055248618785,-0.017900552486187847,-0.0008011049723756908,-0.0002762430939226568,0.00024861878453038416,0.0007734806629834251,0.001298342541436459,-0.0037016574585635453,-0.008701657458563536,-0.01370165745856354,-0.013176795580110506,-0.00712707182320442,-0.006602209944751386,-0.0005524861878453136,-0.005552486187845304,-0.00502762430939227,-0.010027624309392275,-0.003977900552486188,0.002071823204419898,0.00812154696132597,0.003121546961325966,0.0036464088397789862,-0.0013535911602209905,-0.006353591160220995,-0.00030386740331492246,0.00022099447513812542,-0.004779005524861879,-0.009779005524861883,-0.009254143646408863,-0.008729281767955788,-0.008204419889502768,-0.002154696132596695,-0.0071546961325966996,-0.012154696132596704,-0.0061049723756906316,-5.5248618784531356e-05,0.005994475138121541,0.0009944751381215367,-0.004005524861878468,-0.009005524861878472,-0.008480662983425424,-0.002430939226519324,0.014668508287292825,0.00966850828729282,0.004668508287292816,-0.00033149171270718814,0.0057182320441988566,0.006243093922651932,0.006767955801104952,0.0017679558011049479,-0.0032320441988950566,-0.008232044198895005,-0.007707182320441985,-0.007182320441988965,-0.01218232044198897,-0.011657458563535894,-0.005607734806629849,-0.005082872928176829,-0.004558011049723754,0.001491712707182291,-0.0035082872928177133,-0.0029834254143646377,-0.007983425414364642,-0.007458563535911622,-0.012458563535911571,-0.01193370165745855,-0.01140883977900553,-0.0053591160220994305,-0.00483425414364641,-0.009834254143646415,-0.01483425414364642,-0.019834254143646424,-0.024834254143646428,-0.029834254143646433,-0.023784530386740332,-0.023259668508287312,-0.017209944751381268,-0.022209944751381216,-0.02720994475138122,-0.032209944751381225,-0.026160220994475125,-0.03116022099447513,-0.036160220994475134,-0.04116022099447514,-0.04616022099447514,-0.0401104972375691,-0.03958563535911602,-0.04458563535911603,-0.04406077348066301,-0.049060773480662956,-0.048535911602209936,-0.05353591160220994,-0.05301104972375692,-0.052486187845303844,-0.05748618784530385,-0.05696132596685083,-0.06196132596685083,-0.06143646408839781,-0.06091160220994479,-0.04933701657458567,-0.04328729281767957,-0.04276243093922655,-0.04776243093922655,-0.04723756906077348,-0.04118784530386743,-0.04066298342541441,-0.04013812154696139,-0.045138121546961396,-0.0501381215469614,-0.055138121546961294,-0.0601381215469613,-0.0651381215469613,-0.07013812154696131,-0.07513812154696131,-0.08013812154696132,-0.07408839779005527,-0.06803867403314912,-0.0675138121546961,-0.050414364640884,-0.04436464088397796,-0.043839779005524826,-0.04883977900552483,-0.04831491712707181,-0.053314917127071815,-0.05831491712707182,-0.0577900552486188,-0.051740331491712754,-0.04569060773480671,-0.04516574585635369,-0.04464088397790056,-0.04964088397790056,-0.04359116022099452,-0.026491712707182424,-0.02044198895027627,-0.025441988950276162,-0.030441988950276166,-0.03544198895027617,-0.040441988950276175,-0.04544198895027618,-0.04491712707182316,-0.049917127071823164,-0.05491712707182317,-0.05439226519337015,-0.05939226519337015,-0.05886740331491713,-0.04176795580110493,-0.03571823204419888,-0.03519337016574586,-0.02914364640883982,-0.028618784530386798,-0.017044198895027618,-0.016519337016574598,-0.015994475138121578,-0.0044198895027625085,-0.009419889502762513,-0.003370165745856357,-0.002845303867403337,0.014254143646408757,0.014779005524861777,0.015303867403314797,0.010303867403314904,0.021878453038674084,0.02792817679558013,0.022928176795580124,0.02897790055248617,0.023977900552486164,0.024502762430939184,0.025027624309392316,0.02002762430939231,0.02055248618784533,0.015552486187845327,0.016077348066298347,0.016602209944751367,0.011602209944751363,0.006602209944751358,0.007127071823204378,0.002127071823204374,0.008176795580110419,0.008701657458563439,0.0037016574585634343,0.02080110497237564,0.015801104972375635,0.01080110497237563,0.01132596685082865,0.01185082872928167,0.012375690607734802,0.012900552486187822,0.013425414364640953,0.008425414364640949,0.008950276243093969,0.003950276243093964,0.004475138121546984,-0.0005248618784530201,0.0
zebrafish 0.3 Hz,0.5,sham below,181,0.0,-0.005,0.0010497237569060767,-0.0039502762430939226,0.007624309392265192,0.002624309392265191,0.014198895027624309,0.009198895027624304,0.009723756906077345,0.010248618784530386,0.005248618784530382,0.0168232044198895,0.02287292817679558,0.023397790055248613,0.023922651933701647,0.018922651933701656,0.01944751381215469,0.014447513812154686,0.014972375690607734,0.00997237569060773,0.004972375690607725,-2.7624309392265678e-05,-0.00502762430939227,-0.010027624309392275,-0.009502762430939227,-0.014502762430939231,-0.0029281767955801064,-0.0024033149171270862,-0.0018784530386740383,0.009696132596685086,0.004696132596685082,0.00522099447513813,0.00574585635359115,0.006270718232044198,0.0012707182320441934,-0.003729281767955811,-0.008729281767955788,-0.013729281767955792,-0.002154696132596695,-0.0071546961325966996,-0.006629834254143652,-0.0061049723756906316,-0.005580110497237556,-0.01058011049723756,-0.015580110497237565,-0.009530386740331492,-0.00348066298342542,-0.008480662983425424,-0.007955801104972376,-0.012955801104972381,-0.0069060773480663085,-0.011906077348066313,-0.005856353591160213,0.000193370165745832,0.011767955801104957,0.006767955801104952,0.0072928176795579724,0.002292817679557968,-0.002707182320441981,-0.007707182320441985,0.0038674033149171394,0.0043922651933701595,-0.0006077348066298449,-8.287292817682479e-05,0.005966850828729275,0.023066298342541425,0.023591160220994445,0.01859116022099444,0.013591160220994436,0.008591160220994432,0.003591160220994427,0.015165745856353607,0.015690607734806628,0.016215469613259703,0.016740331491712723,0.017265193370165743,0.017790055248618764,0.012790055248618759,0.007790055248618755,0.00831491712707183,0.00883977900552485,0.003839779005524846,-0.0011602209944751585,-0.0006353591160221383,-0.00011049723756906271,-0.005110497237569067,0.000939226519337033,-0.004060773480662971,-0.0035359116022099513,0.008038674033149174,0.008563535911602194,0.009088397790055214,0.004088397790055209,-0.0009116022099447951,-0.0059116022099448,-0.005386740331491724,-0.004861878453038648,-0.009861878453038653,-0.009337016574585633,-0.014337016574585637,-0.013812154696132617,-0.013287292817679541,-0.012762430939226521,-0.017762430939226526,-0.02276243093922653,-0.01671270718232043,-0.021712707182320434,-0.021187845303867414,-0.02618784530386742,-0.01461325966850835,-0.019613259668508354,-0.013563535911602309,-0.007513812154696153,-0.012513812154696158,-0.011988950276243138,-0.005939226519337093,-0.010939226519336986,-0.01593922651933699,-0.020939226519336995,-0.025939226519337,-0.030939226519337004,-0.03593922651933701,-0.03541436464088399,-0.03488950276243097,-0.03988950276243097,-0.03936464088397795,-0.03883977900552482,-0.03279005524861878,-0.026740331491712732,-0.020690607734806687,-0.014640883977900532,-0.014116022099447512,-0.013591160220994492,-0.018591160220994496,-0.018066298342541476,-0.017541436464088456,-0.017016574585635436,-0.01096685082872928,-0.015966850828729284,-0.015441988950276264,-0.02044198895027627,-0.025441988950276162,-0.024917127071823142,-0.024392265193370122,-0.018342541436464077,-0.02334254143646408,-0.017292817679558037,-0.016767955801104906,-0.010718232044198861,-0.015718232044198865,-0.015193370165745845,-0.02019337016574585,-0.01966850828729283,-0.01914364640883981,-0.01861878453038679,-0.023618784530386794,-0.017569060773480638,-0.022569060773480643,-0.022044198895027622,-0.015994475138121578,-0.020994475138121582,-0.025994475138121587,-0.025469613259668566,-0.03046961325966857,-0.035469613259668575,-0.034944751381215555,-0.02889502762430951,-0.01732044198895022,-0.011270718232044175,-0.010745856353591154,-0.01574585635359116,-0.009696132596685114,-0.014696132596685119,-0.008646408839778963,-0.002596685082872918,-0.002071823204419898,0.009502762430939171,0.004502762430939167,0.005027624309392298,2.7624309392293434e-05,-0.004972375690607711,-0.004447513812154691,-0.003922651933701671,-0.0033977900552486506,-0.008397790055248655,0.008701657458563439,0.00922651933701657,0.0042265193370165655,0.01027624309392261,0.005276243093922606,0.005801104972375626,0.0008011049723756214,0.0013259668508287525,0.0018508287292817727,0.002375690607734793,0.008425414364640949,0.008950276243093969,0.015000000000000013,0.010000000000000009,0.0050000000000000044,0.0
zebrafish 0.3 Hz,0.5,stimulus,181,0.0,0.006049723756906077,0.006574585635359115,0.0015745856353591159,0.0020994475138121534,0.002624309392265191,0.0031491712707182318,-0.0018508287292817727,-0.00685082872928177,-0.006325966850828729,-0.005801104972375695,-0.005276243093922654,0.0062983425414364635,0.001298342541436459,-0.0037016574585635453,-0.008701657458563536,-0.01370165745856354,-0.018701657458563545,-0.023701657458563535,-0.0231767955801105,-0.022651933701657467,-0.02212707182320442,-0.016077348066298347,-0.02107734806629835,-0.020552486187845304,-0.014502762430939231,-0.008453038674033159,-0.013453038674033163,-0.012928176795580115,-0.0013535911602209905,0.004696132596685082,0.00522099447513813,0.016795580110497227,0.011795580110497222,0.01232044198895027,0.01284530386740329,0.013370165745856366,0.013895027624309386,0.008895027624309382,0.0038950276243093773,0.004419889502762425,-0.0005801104972375792,-5.5248618784531356e-05,-0.005055248618784536,-0.01005524861878454,-0.009530386740331492,-0.014530386740331497,-0.008480662983425424,-0.013480662983425401,-0.007430939226519329,-0.012430939226519333,-0.017430939226519337,-0.016906077348066317,-0.01638121546961327,-0.01585635359116022,-0.009806629834254177,-0.0037569060773480767,-0.008756906077348081,-0.002707182320441981,0.0033425414364641193,-0.0016574585635358852,-0.001132596685082865,-0.0061325966850828695,-8.287292817682479e-05,-0.005082872928176829,0.000966850828729271,0.007016574585635371,0.013066298342541416,0.013591160220994436,0.014116022099447512,0.009116022099447507,0.004116022099447558,0.004640883977900578,-0.00035911602209942606,0.011215469613259699,0.006215469613259694,0.017790055248618764,0.01831491712707184,0.013314917127071835,0.00831491712707183,0.003314917127071826,-0.0016850828729281786,-0.0011602209944751585,-0.006160220994475163,-0.011160220994475112,-0.016160220994475116,-0.010110497237569072,-0.015110497237569076,0.007513812154696153,0.008038674033149174,0.003038674033149169,-0.0019613259668508354,-0.0014364640883978153,0.01013812154696131,0.005138121546961305,0.01671270718232043,0.017237569060773505,0.012237569060773501,0.023812154696132626,0.024337016574585646,0.01933701657458564,0.014337016574585637,0.020386740331491682,0.015386740331491677,0.021436464088397722,0.021961325966850853,0.022486187845303873,0.023011049723756893,0.01801104972375689,0.01853591160220991,0.013535911602209905,0.01958563535911595,0.02011049723756897,0.015110497237568965,0.01011049723756896,0.005110497237568956,0.005635359116022087,0.0006353591160220828,0.001160220994475214,0.007209944751381259,0.0022099447513812542,-0.00279005524861875,-0.00226519337016573,-0.00174033149171271,-0.006740331491712714,-0.011740331491712719,-0.011215469613259699,-0.016215469613259703,-0.021215469613259708,-0.015165745856353663,-0.014640883977900532,-0.014116022099447512,-0.008066298342541467,-0.013066298342541471,-0.007016574585635427,-0.0064917127071824066,-0.005966850828729275,-0.005441988950276255,-0.004917127071823235,-0.004392265193370215,0.007182320441988854,0.018756906077348146,0.013756906077348141,0.008756906077348137,0.014806629834254181,0.009806629834254177,0.0048066298342541725,0.005331491712707193,0.00033149171270718814,0.0008563535911602083,0.0013812154696132284,0.012955801104972409,0.007955801104972404,0.014005524861878449,0.009005524861878444,0.009530386740331465,0.010055248618784485,0.00505524861878448,0.0055801104972375,0.000580110497237496,0.001104972375690516,-0.0038950276243094883,-0.003370165745856357,-0.008370165745856362,0.0032044198895027076,0.009254143646408752,0.015303867403314797,0.010303867403314904,0.010828729281768035,0.00582872928176803,0.0174033149171271,0.012403314917127095,0.007403314917127091,0.0024033149171270862,0.0029281767955801064,-0.002071823204419898,0.02055248618784533,0.015552486187845327,0.010552486187845322,0.005552486187845318,0.011602209944751363,0.012127071823204383,0.012651933701657403,0.0076519337016573985,0.002651933701657394,0.008701657458563439,0.014751381215469594,0.00975138121546959,0.004751381215469586,0.005276243093922606,0.005801104972375626,0.0008011049723756214,-0.004198895027624272,-0.009198895027624276,-0.0031491712707182318,-0.008149171270718236,-0.007624309392265216,-0.007099447513812196,-0.0010497237569060403,-0.006049723756906045,0.0
zebrafish 0.3 Hz,0.75,sham above,98,0.0,0.00520408163265306,0.0002040816326530602,-0.004795918367346939,0.0004081632653061204,0.005612244897959182,0.0006122448979591841,-0.00438775510204082,-0.009387755102040818,-0.004183673469387757,-0.009183673469387761,-0.003979591836734693,0.0012244897959183682,0.006428571428571422,0.001428571428571418,-0.0035714285714285726,-0.008571428571428577,-0.013571428571428581,0.0018367346938775592,-0.0031632653061224453,0.012244897959183668,0.007244897959183677,0.0022448979591836726,-0.002755102040816332,0.0024489795918367363,-0.002551020408163268,0.0026530612244898,-0.0023469387755102045,-0.007346938775510209,-0.012346938775510186,-0.01734693877551019,-0.01214285714285715,-0.0069387755102040816,-0.011938775510204086,-0.01693877551020409,-0.021938775510204095,-0.016734693877551027,-0.02173469387755103,-0.016530612244897963,-0.021530612244897968,-0.026530612244897972,-0.021326530612244904,-0.016122448979591836,-0.010918367346938768,-0.015918367346938772,-0.020918367346938777,-0.02591836734693878,-0.030918367346938785,-0.025714285714285717,-0.010306122448979577,-0.015306122448979581,-0.020306122448979586,-0.02530612244897959,-0.009897959183673477,-0.004693877551020409,0.0005102040816326037,-0.004489795918367401,-0.009489795918367405,-0.014489795918367354,-0.009285714285714286,-0.004081632653061218,-0.009081632653061222,-0.0038775510204081542,0.011530612244897931,0.016734693877551,0.011734693877550995,0.027142857142857135,0.02214285714285713,0.0273469387755102,0.022346938775510194,0.01734693877551019,0.012346938775510241,0.007346938775510237,0.0023469387755102322,0.007551020408163245,0.0025510204081632404,-0.002448979591836764,-0.0074489795918367685,-0.012448979591836773,-0.017448979591836777,-0.022448979591836782,-0.017244897959183714,-0.012040816326530646,0.003367346938775495,-0.0016326530612244539,-0.006632653061224458,-0.011632653061224463,-0.00642857142857145,-0.011428571428571455,-0.01642857142857146,-0.021428571428571463,-0.026428571428571468,-0.0212244897959184,-0.026224489795918404,-0.03122448979591841,-0.02602040816326534,-0.03102040816326529,-0.02581632653061222,-0.030816326530612226,-0.03581632653061223,-0.030612244897959162,-0.03561224489795917,-0.04061224489795917,-0.045612244897959175,-0.04040816326530616,-0.04540816326530617,-0.019795918367346954,-0.004387755102040813,-0.009387755102040818,-0.014387755102040822,-0.019387755102040827,-0.014183673469387759,-0.019183673469387763,-0.013979591836734806,-0.01897959183673481,-0.023979591836734815,-0.02897959183673471,-0.03397959183673471,-0.03897959183673472,-0.04397959183673472,-0.048979591836734726,-0.05397959183673473,-0.058979591836734735,-0.05377551020408167,-0.05877551020408167,-0.0535714285714286,-0.048367346938775535,-0.04316326530612247,-0.04816326530612247,-0.053163265306122476,-0.05816326530612248,-0.06316326530612248,-0.05795918367346942,-0.05275510204081635,-0.05775510204081635,-0.052551020408163285,-0.05755102040816329,-0.0625510204081633,-0.04714285714285715,-0.041938775510204196,-0.0469387755102042,-0.051938775510204094,-0.0569387755102041,-0.0619387755102041,-0.06693877551020411,-0.07193877551020411,-0.07693877551020412,-0.08193877551020412,-0.08693877551020412,-0.08173469387755106,-0.08673469387755106,-0.081530612244898,-0.06612244897959185,-0.07112244897959186,-0.06591836734693879,-0.0709183673469388,-0.0759183673469388,-0.050306122448979584,-0.045102040816326516,-0.03989795918367356,-0.03469387755102049,-0.039693877551020496,-0.0446938775510205,-0.049693877551020504,-0.02408163265306129,-0.018877551020408223,-0.023877551020408228,-0.02887755102040812,-0.023673469387755053,-0.018469387755101985,-0.02346938775510199,-0.008061224489795848,-0.013061224489795853,-0.007857142857142896,-0.0128571428571429,-0.017857142857142905,-0.02285714285714291,-0.027857142857142914,-0.022653061224489845,-0.017448979591836777,-0.022448979591836782,-0.027448979591836786,-0.022244897959183718,-0.027244897959183723,-0.022040816326530654,-0.016836734693877586,-0.02183673469387759,-0.00642857142857145,-0.011428571428571455,-0.01642857142857146,-0.011224489795918391,-0.006020408163265323,-0.0008163265306122547,0.004387755102040813,0.009591836734693882,0.004591836734693877,0.009795918367346945,0.004795918367346941,0.010000000000000009,0.0050000000000000044,0.0
zebrafish 0.3 Hz,0.75,sham below,98,0.0,-0.005,0.0002040816326530602,-0.004795918367346939,0.02081632653061224,0.01581632653061224,0.010816326530612243,0.005816326530612238,0.0008163265306122408,-0.004183673469387757,-0.009183673469387761,0.006224489795918366,0.011428571428571427,0.006428571428571422,0.001428571428571418,-0.0035714285714285726,0.0016326530612244816,-0.003367346938775523,-0.008367346938775513,-0.013367346938775518,-0.018367346938775522,-0.023367346938775513,-0.028367346938775517,-0.03336734693877552,-0.03836734693877551,-0.04336734693877552,-0.02795918367346939,-0.032959183673469394,-0.0379591836734694,-0.022551020408163258,-0.027551020408163263,-0.022346938775510194,-0.0273469387755102,-0.0323469387755102,-0.03734693877551021,-0.04234693877551021,-0.04734693877551019,-0.05234693877551019,-0.0573469387755102,-0.0623469387755102,-0.05714285714285716,-0.062142857142857166,-0.06714285714285714,-0.07214285714285715,-0.07714285714285715,-0.06173469387755104,-0.0463265306122449,-0.0513265306122449,-0.046122448979591835,-0.05112244897959184,-0.04591836734693877,-0.050918367346938775,-0.045714285714285735,-0.04051020408163267,-0.014897959183673481,-0.019897959183673486,-0.014693877551020418,-0.019693877551020422,-0.02469387755102037,-0.029693877551020376,-0.01428571428571429,-0.019285714285714295,-0.0242857142857143,-0.029285714285714304,-0.024081632653061236,-0.008673469387755095,-0.0034693877551020824,-0.008469387755102087,-0.013469387755102091,-0.018469387755102096,-0.0234693877551021,-0.008061224489795904,-0.013061224489795908,-0.018061224489795913,-0.012857142857142845,-0.01785714285714285,-0.022857142857142854,-0.027857142857142858,-0.03285714285714286,-0.03785714285714287,-0.0326530612244898,-0.0376530612244898,-0.04265306122448981,-0.037448979591836795,-0.042448979591836744,-0.04744897959183675,-0.04224489795918368,-0.047244897959183685,-0.05224489795918369,-0.03683673469387755,-0.03163265306122448,-0.026428571428571468,-0.03142857142857147,-0.03642857142857148,-0.04142857142857148,-0.046428571428571486,-0.04122448979591836,-0.046224489795918366,-0.05122448979591837,-0.056224489795918375,-0.05102040816326531,-0.05602040816326531,-0.061020408163265316,-0.06602040816326532,-0.07102040816326533,-0.055612244897959184,-0.06061224489795919,-0.055408163265306176,-0.06040816326530618,-0.05520408163265311,-0.06020408163265312,-0.06520408163265312,-0.06000000000000005,-0.06500000000000006,-0.07000000000000006,-0.064795918367347,-0.06979591836734689,-0.07479591836734689,-0.0797959183673469,-0.0847959183673469,-0.0897959183673469,-0.09479591836734691,-0.08959183673469384,-0.08438775510204077,-0.08938775510204078,-0.08418367346938771,-0.07897959183673475,-0.06357142857142861,-0.058367346938775544,-0.06336734693877555,-0.05816326530612248,-0.05295918367346941,-0.05795918367346942,-0.06295918367346942,-0.06795918367346943,-0.07295918367346943,-0.06775510204081636,-0.05234693877551022,-0.057346938775510226,-0.05214285714285716,-0.05714285714285716,-0.062142857142857055,-0.0569387755102041,-0.05173469387755103,-0.04653061224489796,-0.051530612244897966,-0.0463265306122449,-0.0513265306122449,-0.046122448979591835,-0.05112244897959184,-0.04591836734693877,-0.050918367346938775,-0.05591836734693878,-0.05071428571428571,-0.045510204081632644,-0.05051020408163265,-0.03510204081632651,-0.04010204081632651,-0.034897959183673555,-0.019489795918367414,-0.02448979591836742,-0.029489795918367423,-0.03448979591836743,-0.03948979591836743,-0.044489795918367436,-0.03928571428571437,-0.023877551020408228,0.0017346938775510967,0.017142857142857126,0.022346938775510194,0.01734693877551019,0.022551020408163258,0.017551020408163254,0.032959183673469394,0.03816326530612246,0.03316326530612246,0.028163265306122454,0.02316326530612245,0.028367346938775517,0.023367346938775513,0.01836734693877551,0.023571428571428577,0.028775510204081645,0.02377551020408164,0.018775510204081636,0.023979591836734704,0.0189795918367347,0.013979591836734695,0.00897959183673469,0.003979591836734686,0.009183673469387643,0.004183673469387639,0.009387755102040818,0.014591836734693886,0.009591836734693882,0.01479591836734695,0.020000000000000018,0.015000000000000013,0.010000000000000009,0.0050000000000000044,0.0
zebrafish 0.3 Hz,0.75,stimulus,98,0.0,0.01540816326530612,0.01040816326530612,0.005408163265306121,0.0004081632653061204,0.005612244897959182,0.0006122448979591841,-0.00438775510204082,-0.009387755102040818,-0.014387755102040815,-0.009183673469387761,-0.003979591836734693,0.011428571428571427,0.006428571428571422,0.001428571428571418,-0.0035714285714285726,-0.008571428571428577,-0.013571428571428581,-0.018571428571428572,-0.013367346938775518,-0.00816326530612245,-0.01316326530612244,0.0022448979591836726,-0.002755102040816332,0.0024489795918367363,0.007653061224489804,0.023061224489795917,0.018061224489795913,0.023265306122448953,0.03867346938775512,0.03367346938775512,0.03887755102040816,0.044081632653061226,0.03908163265306122,0.03408163265306122,0.03928571428571426,0.03428571428571428,0.029285714285714276,0.02428571428571427,0.019285714285714267,0.014285714285714263,0.009285714285714258,0.014489795918367354,0.00948979591836735,0.004489795918367345,0.009693877551020413,0.004693877551020409,0.00989795918367345,0.004897959183673473,-0.00010204081632653184,-0.005102040816326536,-0.01010204081632654,-0.015102040816326545,-0.009897959183673477,-0.004693877551020409,0.010714285714285676,0.005714285714285672,0.0007142857142856673,0.016122448979591864,0.011122448979591859,0.006122448979591855,0.0011224489795918502,-0.0038775510204081542,0.0013265306122449139,-0.0036734693877550906,0.001530612244897922,0.00673469387755099,0.011938775510204058,0.006938775510204054,0.0019387755102040494,-0.003061224489795955,-0.008061224489795904,-0.013061224489795908,-0.018061224489795913,-0.0026530612244897722,-0.007653061224489777,-0.012653061224489781,-0.0074489795918367685,-0.012448979591836773,-0.017448979591836777,-0.022448979591836782,-0.027448979591836786,-0.022244897959183718,-0.027244897959183723,-0.03224489795918367,-0.037244897959183676,-0.03204081632653061,-0.03704081632653061,0.00897959183673469,0.014183673469387759,0.009183673469387754,0.00418367346938775,0.009387755102040818,0.004387755102040813,-0.000612244897959191,0.004591836734693822,0.009795918367346945,0.004795918367346941,0.010000000000000009,0.0050000000000000044,0.0,-0.0050000000000000044,0.00020408163265306367,-0.004795918367346941,0.00040816326530612734,0.0056122448979591955,0.010816326530612264,0.005816326530612259,0.0008163265306122547,-0.00418367346938775,-0.009183673469387754,-0.014183673469387759,-0.008979591836734802,-0.013979591836734806,-0.01897959183673481,-0.023979591836734815,-0.018775510204081636,-0.02377551020408164,-0.018571428571428572,-0.013367346938775504,-0.01836734693877551,-0.023367346938775513,-0.028367346938775517,-0.03336734693877552,-0.038367346938775526,-0.04336734693877553,-0.03816326530612246,-0.04316326530612247,-0.04816326530612247,-0.0429591836734694,-0.037755102040816335,-0.03255102040816327,-0.017142857142857126,-0.02214285714285713,-0.016938775510204174,-0.021938775510204178,-0.01673469387755111,-0.011530612244898042,-0.016530612244898046,-0.02153061224489805,0.004081632653061162,0.009285714285714342,0.004285714285714337,-0.0007142857142856673,0.014693877551020473,0.009693877551020469,0.0046938775510204644,-0.00030612244897954,-0.0053061224489795444,-0.010306122448979549,-0.005102040816326481,0.010306122448979549,0.0053061224489795444,0.010510204081632613,0.005510204081632608,0.0005102040816326037,-0.004489795918367401,-0.009489795918367405,-0.004285714285714337,-0.009285714285714342,-0.004081632653061273,-0.009081632653061278,-0.0038775510204082098,-0.008877551020408214,0.0065306122448979265,0.001530612244897922,0.016938775510204063,0.01193877551020417,0.017142857142857126,0.012142857142857122,0.01734693877551019,0.012346938775510186,0.007346938775510181,0.0023469387755101767,-0.0026530612244898277,-0.007653061224489832,0.0077551020408163085,0.002755102040816304,-0.0022448979591837004,-0.007244897959183705,-0.0020408163265306367,-0.007040816326530641,-0.012040816326530646,-0.01704081632653065,-0.022040816326530654,-0.016836734693877586,-0.0014285714285714457,-0.00642857142857145,-0.011428571428571455,-0.0062244897959183865,-0.0010204081632653184,-0.006020408163265323,-0.011020408163265216,-0.01602040816326522,-0.000612244897959191,-0.0056122448979591955,-0.00040816326530612734,0.004795918367346941,-0.00020408163265306367,-0.005204081632653068,0.0
zebrafish 0.1 Hz,0.0,sham above,4295,0.0,-0.0033701979045401634,-0.0058090803259604196,-0.005454016298020954,-0.005331781140861467,-0.007305005820721772,-0.008114086146682187,-0.007991850989522705,-0.00949941792782305,-0.008213038416763678,-0.00785797438882422,-0.00680442374854482,-0.006216530849825375,-0.0060942956926658895,-0.0045750873108265505,-0.002590221187427244,-0.0010710128055878981,-0.0011816065192083863,-0.000826542491268914,0.0009254947613504122,0.0010477299185098904,0.0007043073341094358,0.001525029103608841,0.001647264260768333,0.0013038416763678784,0.0023573923166472777,0.0015483119906868348,0.001670547147846313,0.002491268917345746,0.0021478463329452913,0.001105937136204882,0.003556461001164135,0.003678696158323641,0.0026367869615832318,0.0022933643771827494,0.004045401629802076,0.004400465657741576,0.0049883585564610144,0.007671711292200234,0.008026775320139679,0.010244470314318965,0.008271245634458663,0.00885913853317813,0.010611175785797455,0.011199068684516866,0.01248544819557626,0.012607683352735738,0.01459254947613503,0.017275902211874306,0.01972642607683356,0.01938300349243305,0.021135040745052402,0.022654249126891735,0.022776484284051213,0.023597206053550646,0.021158323632130382,0.020582072176949906,0.02140279394644934,0.02222351571594877,0.02374272409778816,0.02363213038416767,0.02538416763678697,0.025506402793946448,0.024697322467986005,0.02598370197904537,0.025873108265424882,0.027625145518044236,0.027514551804423748,0.02973224679860298,0.030552968568102412,0.030442374854481924,0.03126309662398141,0.03138533178114089,0.0312747380675204,0.033725261932479655,0.03501164144353902,0.035366705471478466,0.037118742724097764,0.04026775320139697,0.04248544819557626,0.043771827706635624,0.04319557625145515,0.04285215366705469,0.044371362048894025,0.04426076833527359,0.04531431897555299,0.0459022118742724,0.04718859138533177,0.0487077997671711,0.04789871944121071,0.04825378346915016,0.04721187427240975,0.04779976717112916,0.04675785797438875,0.04664726426076832,0.045139697322467975,0.04433061699650753,0.04631548311990685,0.04504074505238653,0.046094295692665876,0.044819557625145556,0.04424330616996508,0.04296856810244465,0.042857974388824216,0.04437718277066349,0.04426658905704306,0.04299185098952263,0.041018626309662354,0.04114086146682183,0.0410302677532014,0.04138533178114079,0.0419732246798602,0.0423282887077997,0.04175203725261922,0.04210710128055872,0.04153084982537825,0.041420256111757925,0.0415424912689174,0.04259604190919675,0.042485448195576314,0.04377182770663568,0.04435972060535509,0.04448195576251457,0.04344004656577416,0.043096623981373705,0.043684516880093116,0.04287543655413273,0.04299767171129221,0.04102444703143193,0.040681024447031366,0.039406286379511046,0.039761350407450546,0.03825378346915009,0.037211874272409795,0.037566938300349184,0.036525029103608775,0.038509895227008095,0.03816647264260764,0.03735739231664725,0.038178114086146575,0.036903376018626255,0.037025611175785844,0.039010477299185164,0.03843422584400469,0.03878928987194419,0.038911525029103666,0.037636786961583235,0.03682770663562285,0.03625145518044237,0.035675203725261895,0.03416763678696155,0.03545401629802092,0.03604190919674044,0.03500000000000003,0.03419091967403953,0.03361466821885917,0.032107101280558714,0.03222933643771819,0.03188591385331774,0.02944703143189753,0.02840512223515712,0.031088474970896396,0.03051222351571592,0.02970314318975542,0.02959254947613499,0.027619324796274713,0.02587892898719435,0.02483701979045405,0.024493597206053597,0.02391734575087312,0.0226426076833528,0.02299767171129219,0.022887077997671756,0.022077997671711258,0.020570430733410916,0.02022700814901046,0.017555296856810232,0.016979045401629755,0.015471478463329413,0.013963911525029071,0.013620488940628617,0.013742724097788095,0.012002328288707731,0.011891734575087298,0.010151338766006934,0.008643771827706592,0.008067520372526116,0.006559953434225774,0.0052852153667054536,0.0035448195576250896,0.003201396973224635,0.0019266589057042038,0.0011175785797439275,0.0003084982537835401,0.001129220023282862,0.0005529685681024965,0.0006752037252619747,-0.0003667054714784346,-0.0002444703143189564,-0.0015192083818393876,0.0
zebrafish 0.1 Hz,0.0,sham below,4295,0.0,-0.0038358556461001165,-0.00790454016298021,-0.011740395809080326,-0.01511059371362049,-0.017782305005820724,-0.020919674039580907,-0.023591385331781144,-0.026263096623981373,-0.030564610011641444,-0.03323632130384168,-0.03474388824214203,-0.03764842840512223,-0.04032013969732247,-0.04299185098952271,-0.045430733410942954,-0.04786961583236322,-0.04891152502910361,-0.050419091967403955,-0.05169383003492433,-0.054132712456344594,-0.05610593713620488,-0.05761350407450524,-0.0600523864959255,-0.061559953434225836,-0.06306752037252619,-0.0650407450523865,-0.06375436554132713,-0.0650291036088475,-0.06630384167636785,-0.06757857974388824,-0.06862048894062864,-0.07036088474970897,-0.07163562281722935,-0.07267753201396975,-0.0741850989522701,-0.07359720605355063,-0.07370779976717112,-0.07358556461001164,-0.07532596041909198,-0.07729918509895228,-0.07857392316647266,-0.07798603026775319,-0.07809662398137368,-0.07890570430733412,-0.0799476135040745,-0.080058207217695,-0.07760768335273574,-0.08004656577415598,-0.08132130384167635,-0.08073341094295694,-0.08084400465657743,-0.08025611175785799,-0.08013387660069851,-0.07954598370197907,-0.07779394644935975,-0.0781373690337602,-0.07848079161816068,-0.07649592549476134,-0.0759080325960419,-0.07648428405122235,-0.07496507566938299,-0.07530849825378347,-0.07472060535506403,-0.07506402793946451,-0.07401047729918508,-0.07272409778812572,-0.07260186263096624,-0.07201396973224683,-0.07259022118742725,-0.07153667054714791,-0.07281140861466823,-0.07152502910360886,-0.07186845168800932,-0.07058207217694995,-0.06952852153667055,-0.06661233993015137,-0.06742142025611175,-0.06706635622817231,-0.0671769499417928,-0.06565774155995346,-0.06530267753201402,-0.06564610011641447,-0.06529103608847503,-0.06563445867287543,-0.06458090803259603,-0.0658556461001164,-0.0659662398137369,-0.06584400465657742,-0.06642025611175789,-0.06722933643771828,-0.06873690337601862,-0.07047729918509898,-0.06965657741559955,-0.06883585564610012,-0.06824796274738071,-0.06835855646100114,-0.0680034924330617,-0.07044237485448196,-0.06938882421420256,-0.06973224679860301,-0.07054132712456346,-0.06972060535506402,-0.06983119906868451,-0.06877764842840511,-0.07051804423748548,-0.07062863795110597,-0.06957508731082657,-0.07061699650756698,-0.0711932479627474,-0.07013969732246805,-0.0683876600698487,-0.06942956926658911,-0.07093713620488945,-0.06988358556461005,-0.06650174621653093,-0.06568102444703139,-0.06462747380675204,-0.06380675203725261,-0.06554714784633286,-0.0668218859138533,-0.06716530849825375,-0.06564610011641447,-0.06622235157159484,-0.06400465657741561,-0.0634167636786962,-0.06352735739231663,-0.06107683352735738,-0.06002328288707803,-0.0592025611175786,-0.057916181606519235,-0.05779394644935976,-0.05627473806752037,-0.055221187427241025,-0.05603026775320141,-0.05660651920838189,-0.055552968568102545,-0.055197904540163045,-0.05414435389988359,-0.05192665890570436,-0.047846332945285286,-0.04842258440046565,-0.04806752037252615,-0.04910942956926656,-0.04712456344586724,-0.04839930151338767,-0.04618160651920833,-0.046525029103608784,-0.044540162980209574,-0.044185098952270074,-0.04336437718277064,-0.04300931315483125,-0.04265424912689175,-0.04229918509895225,-0.04450523864959255,-0.045081490104773025,-0.04332945285215373,-0.04157741559953443,-0.04145518044237484,-0.04156577415599538,-0.04097788125727597,-0.039691501746216606,-0.03956926658905713,-0.03828288707799776,-0.03722933643771831,-0.03687427240977892,-0.03721769499417937,-0.03779394644935974,-0.03650756693830037,-0.03568684516880094,-0.0334691501746216,-0.03288125727590219,-0.030197904540162912,-0.03100698486612341,-0.031117578579743843,-0.03215948777648425,-0.030873108265424887,-0.02958672875436552,-0.028766006984866088,-0.02864377182770661,-0.02689173457508731,-0.02490686845168799,-0.021990686845168805,-0.01930733410942964,-0.017788125727590254,-0.017433061699650754,-0.015913853317811477,-0.013696158323632135,-0.012642607683352791,-0.011821885913853358,-0.010535506402793993,-0.009249126891734627,-0.0074970896391152175,-0.00597788125727583,-0.003993015133876621,-0.0038707799767171425,-0.0032828870779976205,-0.003859138533178097,-0.003271245634458686,-0.0015192083818393876,0.0
zebrafish 0.1 Hz,0.0,stimulus,4295,0.0,-0.0017403958090803262,-0.004179278230500582,-0.005919674039580908,-0.00789289871944121,-0.009400465657741561,-0.009976717112922001,-0.01032013969732247,-0.012991850989522703,-0.014965075669383002,-0.014377182770663563,-0.016350407450523866,-0.015529685681024447,-0.015873108265424915,-0.01598370197904541,-0.014231664726426077,-0.01247962747380675,-0.014452852153667067,-0.015029103608847488,-0.01467403958090803,-0.015250291036088479,-0.015128055878928987,-0.0110477299185099,-0.011391152502910368,-0.011036088474970895,-0.011146682188591384,-0.01288707799767172,-0.011367869615832374,-0.009848661233993028,-0.008096623981373674,-0.008207217694994162,-0.007153667054714791,-0.006332945285215358,-0.007142025611175801,-0.006786961583236328,-0.005500582072176963,-0.00467986030267753,-0.005488940628637945,-0.003969732246798613,-0.0022176949941792867,-0.0027939464493597355,-0.0038358556461001447,-0.002316647264260757,-0.0003317811408614646,-0.0002095459837019864,0.0006111757857974465,0.0002677532013969641,0.0006228172293364365,0.002607683352735757,0.004359720605355055,0.005180442374854488,0.0048370197904540335,0.004027939464493591,0.00508149010477299,0.006135040745052389,0.007887077997671688,0.00940628637951102,0.011158323632130374,0.011513387660069874,0.011635622817229352,0.01338766006984865,0.01444121071012805,0.01479627473806755,0.015151338766006994,0.01597206053550637,0.01749126891734576,0.01901047729918509,0.019831199068684524,0.020884749708963868,0.021938300349243267,0.024155995343422554,0.02520954598370201,0.024866123399301554,0.025221187427241,0.026973224679860297,0.028259604190919663,0.028614668218859107,0.028969732246798607,0.029790454016297985,0.03037834691501745,0.030267753201396963,0.030622817229336408,0.033538998835855593,0.03412689173457506,0.03378346915017466,0.035768335273573926,0.03612339930151337,0.03717694994179277,0.0379976717112922,0.039516880093131534,0.039406286379511046,0.038830034924330625,0.03988358556460997,0.04140279394644936,0.04222351571594879,0.04444121071012802,0.04502910360884749,0.04771245634458676,0.04736903376018631,0.047491268917345786,0.046216530849825355,0.04750291036088472,0.04669383003492433,0.0454190919674039,0.044610011641443514,0.0461292200232829,0.04578579743888245,0.04544237485448188,0.046263096623981315,0.04568684516880084,0.044179278230500496,0.042904540162980176,0.043259604190919676,0.04128637951105929,0.04303841676367859,0.044790454016298,0.04421420256111763,0.046431897555296864,0.04771827706635623,0.04667636786961582,0.047962747380675186,0.04901629802095464,0.04820721769499414,0.0466996507566938,0.04565774155995339,0.04321885913853318,0.044039580908032616,0.04369615832363216,0.04288707799767166,0.04161233993015134,0.042433061699650776,0.0432537834691501,0.04407450523864953,0.042101280558789256,0.04431897555296849,0.0435098952270081,0.04293364377182762,0.04422002328288699,0.043876600698486534,0.042601862630966214,0.041559953434225805,0.038888242142025686,0.03970896391152512,0.039598370197904575,0.03948777648428403,0.03914435389988358,0.03810244470314317,0.03775902211874271,0.036949941792782326,0.03497671711292205,0.03486612339930151,0.033358556461001165,0.03324796274738062,0.03150756693830037,0.031396973224679825,0.02942374854481955,0.029313154831199006,0.027805587892898664,0.028160651920838164,0.028282887077997643,0.02840512223515712,0.02736321303841671,0.02608847497089639,0.02458090803259594,0.02679860302677528,0.02529103608847494,0.026344586728754282,0.025069848661234073,0.025424912689173462,0.024150174621653142,0.02287543655413271,0.02299767171129219,0.021257275902211936,0.020448195576251438,0.019871944121071072,0.01859720605355064,0.019883585564610007,0.020005820721769485,0.018498253783469143,0.017922002328288666,0.0187427240977881,0.016769499417927825,0.016891734575087303,0.016082654249126804,0.01410942956926653,0.01306752037252612,0.012025611175785711,0.011216530849825324,0.011571594877764824,0.011228172293364369,0.011117578579743825,0.010308498253783438,0.009965075669383094,0.008690337601862663,0.006717112922002388,0.005442374854481957,0.005098952270081503,0.0035913853317811606,0.0020838183934808185,0.0005762514551804765,0.0
zebrafish 0.1 Hz,0.25,sham above,2460,0.0,-0.002154471544715447,-0.004715447154471545,-0.0015853658536585363,-0.0004878048780487809,-0.001016260162601628,-0.0007317073170731679,0.001585365853658531,0.0014634146341463428,0.004593495934959349,0.004471544715447154,0.006788617886178863,0.007479674796747965,0.009796747967479674,0.010894308943089417,0.015650406504065045,0.0175609756097561,0.01703252032520325,0.016504065040650412,0.020447154471544715,0.021138211382113817,0.021829268292682932,0.021707317073170737,0.023211382113821136,0.022276422764227644,0.02256097560975609,0.021219512195121942,0.020284552845528436,0.020975609756097552,0.021666666666666667,0.01991869918699188,0.020609756097560966,0.02089430894308944,0.01792682926829267,0.017804878048780476,0.018902439024390233,0.01959349593495935,0.019471544715447153,0.02138211382113822,0.021666666666666667,0.022764227642276424,0.019390243902439014,0.0204878048780488,0.021991869918699197,0.02105691056910569,0.021341463414634138,0.02040650406504066,0.020284552845528464,0.024634146341463437,0.029796747967479664,0.028861788617886186,0.027926829268292652,0.026991869918699174,0.025650406504065026,0.027154471544715453,0.023780487804878014,0.022032520325203253,0.02231707317073167,0.023414634146341484,0.021666666666666667,0.02235772357723581,0.021829268292682946,0.0204878048780488,0.01914634146341465,0.020243902439024408,0.019308943089430874,0.01918699186991868,0.01703252032520325,0.019349593495934958,0.018821138211382094,0.019105691056910512,0.01979674796747971,0.0204878048780488,0.019959349593495934,0.02146341463414636,0.02174796747967478,0.02406504065040649,0.024756097560975576,0.026260162601626003,0.025325203252032524,0.026016260162601612,0.02630081300813003,0.026991869918699174,0.02686991869918698,0.02674796747967484,0.029065040650406493,0.03016260162601625,0.032073170731707346,0.031951219512195095,0.030203252032520334,0.03089430894308942,0.029146341463414605,0.029837398373983692,0.030121951219512166,0.03081300813008131,0.027845528455284485,0.025691056910569166,0.026788617886178923,0.024227642276422823,0.025731707317073194,0.024390243902439046,0.025894308943089417,0.024146341463414656,0.02402439024390246,0.02634146341463417,0.025406504065040636,0.024878048780487827,0.02353658536585368,0.025447154471544664,0.026951219512195035,0.02682926829268284,0.02630081300813003,0.024959349593495883,0.024430894308943074,0.02552845528455283,0.024593495934959297,0.024471544715447213,0.025162601626016246,0.02707317073170734,0.026544715447154532,0.02886178861788624,0.027926829268292708,0.028211382113821126,0.026463414634146365,0.025121951219512217,0.02581300813008125,0.02528455284552844,0.02556910569105686,0.02300813008130076,0.021666666666666612,0.02073170731707319,0.020609756097560994,0.018455284552845508,0.0179268292682927,0.017804878048780393,0.01605691056910563,0.01837398373983734,0.017439024390243807,0.01813008130081295,0.019227642276422707,0.01788617886178856,0.018577235772357814,0.018861788617886233,0.018739837398374037,0.018617886178861842,0.019308943089430874,0.019593495934959404,0.01865853658536587,0.01894308943089429,0.01841463414634148,0.0186991869918699,0.020609756097560994,0.021300813008130026,0.020365853658536603,0.01861788617886173,0.019308943089430874,0.018780487804878065,0.019878048780487823,0.021788617886178807,0.018821138211382094,0.016260162601625994,0.019796747967479655,0.020487804878048688,0.01995934959349588,0.020650406504065022,0.019308943089430874,0.017967479674796727,0.01662601626016269,0.014878048780487818,0.015162601626016237,0.015040650406504041,0.0161382113821138,0.016016260162601603,0.014674796747967456,0.01252032520325208,0.01199186991869916,0.0102439024390244,0.010121951219512204,0.00918699186991867,0.007032520325203184,0.0060975609756097615,0.005975609756097566,0.005447154471544646,0.005325203252032451,0.0039837398373983035,0.0038617886178861083,0.003739837398373913,0.001585365853658538,0.001056910569105618,-0.0015040650406504819,-0.002032520325203291,-0.004186991869918777,-0.005528455284552813,-0.005243902439024395,-0.0033333333333332993,-0.0038617886178861083,-0.0019512195121951237,-0.0008536585365853666,-0.0013821138211381756,-0.0023170731707317094,0.0
zebrafish 0.1 Hz,0.25,sham below,2460,0.0,-0.0033739837398373985,-0.008373983739837398,-0.012560975609756097,-0.015528455284552847,-0.018089430894308943,-0.02105691056910569,-0.02280487804878049,-0.02658536585365854,-0.031178861788617885,-0.03373983739837398,-0.03630081300813008,-0.03967479674796748,-0.04304878048780488,-0.04560975609756098,-0.048577235772357716,-0.05154471544715447,-0.05247967479674797,-0.054634146341463415,-0.057195121951219514,-0.059349593495934966,-0.0615040650406504,-0.0640650406504065,-0.06703252032520327,-0.06959349593495934,-0.07215447154471544,-0.0743089430894309,-0.0752439024390244,-0.0769918699186992,-0.07955284552845528,-0.08089430894308942,-0.08223577235772357,-0.08520325203252033,-0.08695121951219513,-0.08951219512195123,-0.09329268292682928,-0.0946341463414634,-0.09597560975609756,-0.09813008130081301,-0.10109756097560976,-0.10284552845528457,-0.10581300813008132,-0.10674796747967479,-0.10849593495934959,-0.1094308943089431,-0.10914634146341463,-0.11089430894308944,-0.1089837398373984,-0.11195121951219511,-0.11247967479674797,-0.11300813008130081,-0.11272357723577237,-0.1132520325203252,-0.11378048780487807,-0.11471544715447157,-0.11321138211382117,-0.11373983739837401,-0.11467479674796752,-0.11235772357723575,-0.11288617886178859,-0.1146341463414634,-0.11353658536585365,-0.11447154471544715,-0.11499999999999999,-0.11552845528455286,-0.11483739837398374,-0.11658536585365856,-0.11833333333333335,-0.11926829268292685,-0.1222357723577236,-0.1215447154471545,-0.12329268292682924,-0.12422764227642275,-0.12516260162601625,-0.1240650406504065,-0.12337398373983738,-0.11983739837398372,-0.12117886178861792,-0.12252032520325207,-0.12508130081300817,-0.12560975609756098,-0.1265447154471545,-0.12707317073170737,-0.12800813008130085,-0.1273170731707317,-0.1274390243902439,-0.12918699186991867,-0.13134146341463415,-0.13227642276422763,-0.13361788617886178,-0.13495934959349593,-0.13630081300813007,-0.1380487804878049,-0.13654471544715452,-0.13463414634146342,-0.13475609756097562,-0.13609756097560977,-0.1358130081300813,-0.13878048780487806,-0.13971544715447154,-0.13943089430894307,-0.13955284552845532,-0.1396747967479675,-0.13898373983739837,-0.1378861788617886,-0.1404471544715447,-0.14056910569105696,-0.13987804878048782,-0.14121951219512197,-0.14174796747967483,-0.1414634146341464,-0.1391463414634147,-0.1396747967479675,-0.14142276422764233,-0.14154471544715452,-0.1388211382113822,-0.13772357723577233,-0.1358130081300813,-0.1359349593495935,-0.13727642276422763,-0.13739837398373983,-0.13792682926829264,-0.13520325203252032,-0.13491869918699184,-0.13382113821138208,-0.13272357723577238,-0.13447154471544714,-0.13093495934959354,-0.13146341463414635,-0.12914634146341464,-0.12804878048780488,-0.12735772357723585,-0.12585365853658537,-0.12313008130081304,-0.12406504065040658,-0.12459349593495939,-0.12430894308943097,-0.12483739837398378,-0.12414634146341474,-0.12060975609756108,-0.11544715447154474,-0.11516260162601621,-0.11406504065040646,-0.11499999999999999,-0.11471544715447157,-0.11646341463414633,-0.11333333333333329,-0.11467479674796743,-0.11235772357723572,-0.1120731707317073,-0.11138211382113816,-0.11069105691056913,-0.11081300813008133,-0.10890243902439023,-0.11105691056910572,-0.1107723577235773,-0.10764227642276425,-0.10491869918699193,-0.10300813008130083,-0.10150406504065046,-0.10081300813008132,-0.09727642276422765,-0.09495934959349595,-0.09142276422764228,-0.0895121951219513,-0.08841463414634154,-0.0877235772357724,-0.08540650406504058,-0.08268292682926826,-0.08117886178861788,-0.07642276422764227,-0.07573170731707313,-0.0730081300813008,-0.07191056910569105,-0.06959349593495934,-0.06971544715447153,-0.0665853658536586,-0.06142276422764226,-0.0603252032520325,-0.05800813008130079,-0.054065040650406515,-0.05012195121951224,-0.045365853658536626,-0.04223577235772358,-0.039512195121951255,-0.03963414634146345,-0.03813008130081308,-0.035406504065040756,-0.03227642276422771,-0.02914634146341466,-0.026422764227642337,-0.02451219512195124,-0.019349593495934903,-0.01581300813008124,-0.0102439024390244,-0.009552845528455256,-0.006829268292682933,-0.00817073170731708,-0.00666666666666671,-0.002723577235772323,0.0
zebrafish 0.1 Hz,0.25,stimulus,2460,0.0,-0.00012195121951219523,-0.0010569105691056908,-0.00036585365853658396,-0.0008943089430894328,-0.001016260162601628,-0.0007317073170731679,0.00036585365853657875,-0.002195121951219514,-0.002723577235772358,-0.002032520325203256,-0.0029674796747967483,-0.0018699186991869912,-0.0011788617886178826,-0.0017073170731707332,0.00020325203252033464,0.003333333333333327,0.0003658536585365857,-0.0005691056910569064,0.0013414634146341475,0.0008130081300812969,-0.00012195121951219523,0.005447154471544716,0.006544715447154473,0.006829268292682933,0.006300813008130068,0.003333333333333327,0.0036178861788617733,0.005121951219512172,0.0070325203252032675,0.006504065040650403,0.008414634146341471,0.008699186991869917,0.00735772357723577,0.007642276422764216,0.008739837398373973,0.008617886178861806,0.007276422764227658,0.010000000000000009,0.011097560975609738,0.00934959349593495,0.009227642276422754,0.010325203252032539,0.011016260162601627,0.01048780487804879,0.010365853658536567,0.00983739837398373,0.009715447154471535,0.011219512195121961,0.010284552845528483,0.011788617886178854,0.01126016260162599,0.01073170731707318,0.009796747967479646,0.008861788617886168,0.009146341463414587,0.009024390243902392,0.008089430894308913,0.010000000000000009,0.010284552845528483,0.013008130081300806,0.014512195121951232,0.014390243902439037,0.013861788617886173,0.01658536585365855,0.016463414634146356,0.01593495934959349,0.01621951219512191,0.01853658536585362,0.018414634146341424,0.01951219512195118,0.0230487804878049,0.022520325203252034,0.023211382113821122,0.023495934959349596,0.02296747967479673,0.021626016260162584,0.020691056910569106,0.02016260162601624,0.021260162601625998,0.022357723577235755,0.02223577235772356,0.0241463414634146,0.025650406504065026,0.024715447154471548,0.025406504065040636,0.024878048780487827,0.025975609756097584,0.026260162601626003,0.02776422764227643,0.028455284552845517,0.029146341463414605,0.02902439024390241,0.0321544715447154,0.03203252032520326,0.03353658536585363,0.03219512195121954,0.03369918699186991,0.032357723577235764,0.03345528455284552,0.032113821138211374,0.03239837398373979,0.030243902439024417,0.02890243902439027,0.027154471544715397,0.026219512195121975,0.026910569105691007,0.027195121951219536,0.02788617886178857,0.02654471544715442,0.024390243902438935,0.023861788617886126,0.024959349593495883,0.02402439024390235,0.027154471544715397,0.030284552845528334,0.03016260162601625,0.032073170731707346,0.033577235772357716,0.03345528455284552,0.03455284552845528,0.036463414634146374,0.035121951219512226,0.03378048780487808,0.032845528455284545,0.02987804878048783,0.02934959349593491,0.028008130081300764,0.02707317073170734,0.026138211382113807,0.027642276422764178,0.030365853658536612,0.029837398373983692,0.028495934959349545,0.030813008130081254,0.029471544715447107,0.028536585365853573,0.030853658536585282,0.02991869918699186,0.02939024390243894,0.028455284552845517,0.025487804878048803,0.026178861788617946,0.025243902439024413,0.024715447154471604,0.02459349593495941,0.023658536585365875,0.02272357723577234,0.021788617886178918,0.020853658536585384,0.020325203252032575,0.018577235772357703,0.019268292682926846,0.01711382113821136,0.016178861788617827,0.015650406504065018,0.01634146341463416,0.015000000000000013,0.014878048780487818,0.01556910569105685,0.01585365853658527,0.0161382113821138,0.014796747967479651,0.013048780487804779,0.01658536585365844,0.014837398373983679,0.01715447154471539,0.017439024390243918,0.019349593495935014,0.016788617886178914,0.01585365853658538,0.015731707317073185,0.015203252032520376,0.014268292682926842,0.01252032520325208,0.011178861788617933,0.011056910569105738,0.012967479674796722,0.010813008130081236,0.009878048780487814,0.011382113821138184,0.008821138211382085,0.009105691056910503,0.00817073170731708,0.005203252032520256,0.004674796747967447,0.0033333333333332993,0.004024390243902332,0.005528455284552813,0.005406504065040618,0.005284552845528423,0.005162601626016228,0.006260162601626096,0.004918699186991948,0.0039837398373984145,0.0038617886178862193,0.004146341463414638,0.0028048780487804903,0.002682926829268295,0.0009349593495935338,0.0
zebrafish 0.1 Hz,0.5,sham above,1864,0.0,-0.0017811158798283263,-0.0035622317596566526,0.0010944206008583687,0.002532188841201717,0.0023605150214592273,0.003798283261802579,0.0057725321888411965,0.006673819742489269,0.008111587982832617,0.008476394849785407,0.010987124463519314,0.01242489270386267,0.01439914163090128,0.01690987124463518,0.0221030042918455,0.02300429184549356,0.023369098712446343,0.02373390557939914,0.028927038626609447,0.02875536480686694,0.028047210300429185,0.027875536480686705,0.02931330472103004,0.027532188841201732,0.026824034334763935,0.023433476394849773,0.022725321888412003,0.023090128755364786,0.025064377682403438,0.02381974248927038,0.025793991416309003,0.026158798283261786,0.022768240343347623,0.023669527896995696,0.022961373390557926,0.023862660944206027,0.02476394849785407,0.025128755364806854,0.026030042918454926,0.02746781115879826,0.024613733905579388,0.02605150214592275,0.028025751072961375,0.026781115879828316,0.026072961373390574,0.02590128755364804,0.025193133047210298,0.027703862660944212,0.03343347639484978,0.0332618025751073,0.032553648068669505,0.031309012875536446,0.029527896995708125,0.029356223175965646,0.02542918454935622,0.02418454935622316,0.02562231759656647,0.025987124463519307,0.023669527896995723,0.022961373390557926,0.021716738197424923,0.019935622317596546,0.018690987124463543,0.019592274678111588,0.017811158798283266,0.01817596566523605,0.01585836909871241,0.016223175965665193,0.016051502145922714,0.017489270386266076,0.018927038626609438,0.01875536480686696,0.01912017167381974,0.018948497854077262,0.019313304721030045,0.02128755364806867,0.02111587982832619,0.020407725321888393,0.01809012875536481,0.019527896995708116,0.019356223175965637,0.020793991416309,0.01954935622317594,0.0188412017167382,0.022424892703862664,0.022253218884120185,0.023690987124463547,0.022446351931330488,0.02012875536480685,0.02103004291845495,0.019248927038626573,0.019613733905579356,0.019442060085836876,0.01980686695278966,0.016416309012875496,0.013562231759656651,0.014463519313304751,0.012145922746781168,0.012510729613733895,0.011802575107296098,0.013776824034334778,0.012532188841201664,0.01343347639484982,0.01487124463519307,0.013626609442060067,0.012381974248927063,0.011673819742489266,0.013648068669527835,0.01615879828326172,0.015987124463519242,0.015815450643776763,0.015107296137338966,0.013862660944205962,0.01637339055793985,0.01620171673819737,0.017639484978540843,0.019077253218884205,0.022124463519313298,0.02141630901287561,0.025000000000000022,0.02375536480686702,0.02304721030042922,0.021802575107296107,0.020557939914163104,0.022532188841201672,0.021824034334763986,0.021652360515021396,0.01933476394849787,0.01862660944206007,0.017381974248927068,0.018283261802575113,0.01489270386266095,0.013648068669527835,0.012403433476394832,0.009012875536480669,0.010987124463519238,0.009742489270386234,0.011180257510729597,0.012618025751072848,0.010836909871244527,0.009592274678111634,0.008884120171673837,0.009785407725321882,0.010686695278970038,0.011587982832618082,0.011416309012875603,0.009098712446351964,0.010000000000000009,0.008755364806867005,0.009120171673819732,0.011094420600858412,0.010386266094420615,0.009678111587982818,0.008969957081545021,0.009871244635193066,0.00916309012875538,0.010064377682403425,0.01096566523605147,0.008111587982832624,0.005793991416308986,0.009914163090128714,0.011351931330472076,0.011716738197424803,0.012618025751072848,0.011909871244635162,0.011201716738197365,0.009957081545064361,0.008712446351931358,0.009077253218884196,0.008905579399141605,0.010879828326180285,0.01178111587982833,0.010000000000000009,0.008218884120171688,0.008583690987124415,0.007339055793991411,0.007167381974248932,0.004849785407725293,0.0025321888412016547,0.0012875536480686511,0.0005793991416308542,0.0014806866952788988,0.001845493562231737,0.0006008583690986224,0.00042918454935614303,0.0002575107296136636,-0.002060085836909975,-0.0022317596566524545,-0.0050858369098713,-0.005257510729613779,-0.006502145922746894,-0.007746781115879786,-0.007381974248927059,-0.0037982832618025375,-0.005042918454935652,-0.00360515021459229,-0.0021673819742489275,-0.0028755364806867245,-0.0035836909871244105,0.0
zebrafish 0.1 Hz,0.5,sham below,1864,0.0,-0.003390557939914163,-0.008390557939914164,-0.012317596566523604,-0.016244635193133048,-0.018025751072961373,-0.021416309012875535,-0.023733905579399146,-0.02819742489270386,-0.03266094420600858,-0.03444206008583691,-0.036759656652360514,-0.04015021459227468,-0.04407725321888412,-0.04639484978540773,-0.048712446351931324,-0.05371244635193133,-0.05495708154506439,-0.05620171673819742,-0.05851931330472103,-0.061373390557939916,-0.06422746781115879,-0.0665450643776824,-0.0693991416309013,-0.07171673819742488,-0.07564377682403434,-0.0790343347639485,-0.08027896995708156,-0.08206008583690988,-0.08545064377682401,-0.08723175965665235,-0.08793991416309013,-0.09079399141630902,-0.09311158798283263,-0.0965021459227468,-0.09989270386266096,-0.10113733905579399,-0.10238197424892703,-0.10523605150214592,-0.10809012875536482,-0.10933476394849787,-0.11218884120171675,-0.1128969957081545,-0.11414163090128755,-0.11645922746781116,-0.11609442060085838,-0.11733905579399143,-0.11643776824034337,-0.11875536480686695,-0.11892703862660944,-0.1201716738197425,-0.12034334763948498,-0.12158798283261804,-0.12283261802575107,-0.12300429184549358,-0.12210300429184551,-0.12388412017167386,-0.12405579399141634,-0.12315450643776821,-0.12332618025751071,-0.12510729613733904,-0.12420600858369099,-0.12491416309012876,-0.12723175965665237,-0.12793991416309014,-0.12811158798283262,-0.12935622317596568,-0.13221030042918458,-0.1334549356223176,-0.1363090128755365,-0.13540772532188844,-0.13718884120171673,-0.13843347639484976,-0.13967811158798282,-0.13877682403433475,-0.13733905579399142,-0.1353648068669528,-0.13660944206008585,-0.1378540772532189,-0.1407081545064378,-0.14141630901287555,-0.1426609442060086,-0.1428326180257511,-0.14515021459227473,-0.14424892703862657,-0.1438841201716738,-0.1456652360515021,-0.1474463519313305,-0.14761802575107297,-0.14886266094420603,-0.14957081545064377,-0.1518884120171674,-0.15259656652360515,-0.15223175965665237,-0.14918454935622322,-0.15042918454935628,-0.15221030042918454,-0.15238197424892702,-0.15523605150214592,-0.15594420600858366,-0.15557939914163088,-0.1552145922746781,-0.15699570815450642,-0.15716738197424895,-0.15680257510729617,-0.15912017167381975,-0.15982832618025755,-0.1583905579399142,-0.16178111587982835,-0.1630257510729614,-0.16212446351931337,-0.16015021459227474,-0.15978540772532196,-0.16156652360515028,-0.1612017167381975,-0.15922746781115887,-0.15832618025751066,-0.15527896995708151,-0.15652360515021457,-0.15776824034334763,-0.1579399141630901,-0.15864806866952785,-0.15506437768240344,-0.15523605150214592,-0.1532618025751073,-0.15396995708154504,-0.1552145922746781,-0.15163090128755363,-0.15233905579399143,-0.1503648068669528,-0.14785407725321886,-0.1458798283261803,-0.14605150214592277,-0.1435407725321889,-0.1453218884120172,-0.1465665236051502,-0.1467381974248928,-0.14690987124463528,-0.14600858369098724,-0.14349785407725324,-0.13776824034334767,-0.13686695278969951,-0.13435622317596563,-0.1345278969957081,-0.13309012875536474,-0.13487124463519307,-0.13128755364806866,-0.13145922746781113,-0.13002145922746777,-0.1280472103004292,-0.12607296137339052,-0.12409871244635196,-0.12480686695278975,-0.12336909871244639,-0.12622317596566524,-0.12478540772532187,-0.12334763948497862,-0.12083690987124462,-0.11778969957081553,-0.1174248927038627,-0.1149141630901288,-0.11133047210300429,-0.1088197424892704,-0.10469957081545067,-0.10218884120171678,-0.10075107296137342,-0.09984978540772538,-0.09626609442060086,-0.09214592274678113,-0.08963519313304713,-0.08444206008583688,-0.08461373390557936,-0.08210300429184547,-0.08066523605150211,-0.08083690987124459,-0.08047210300429186,-0.07635193133047213,-0.07008583690987125,-0.06811158798283268,-0.066137339055794,-0.06148068669527895,-0.055214592274678176,-0.05002145922746781,-0.04697424892703861,-0.04446351931330472,-0.0446351931330472,-0.042124463519313315,-0.03800429184549359,-0.03388412017167386,-0.03030042918454945,-0.027789699570815563,-0.025815450643776883,-0.01847639484978536,-0.01650214592274679,-0.010236051502145904,-0.009871244635193066,-0.008969957081545021,-0.009678111587982818,-0.006630901287553614,-0.003047210300429204,0.0
zebrafish 0.1 Hz,0.5,stimulus,1864,0.0,0.0003648068669527896,-0.0003433476394849779,-0.0005150214592274677,-0.0001502145922746799,-0.0003218884120171697,0.0005793991416309027,0.002017167381974244,0.00023605150214592308,0.0006008583690987127,0.0009656652360515022,0.000257510729613733,0.0011587982832618055,0.002596566523605154,0.0024248927038626605,0.004935622317596575,0.009055793991416303,0.006201716738197416,0.0060300429184549365,0.00800429184549356,0.006759656652360516,0.006051502145922746,0.01124463519313304,0.012145922746781099,0.011437768240343343,0.010729613733905574,0.006802575107296122,0.007703862660944194,0.010214592274678108,0.01218884120171676,0.010944206008583701,0.012918454935622325,0.013283261802575108,0.012575107296137339,0.012403433476394832,0.013304721030042904,0.012060085836909873,0.011888412017167393,0.012789699570815438,0.015300429184549352,0.014055793991416293,0.012811158798283234,0.013712446351931334,0.013540772532188855,0.013905579399141638,0.014806866952789682,0.014098712446351913,0.013390557939914144,0.015364806866952796,0.014120171673819737,0.01716738197424894,0.016995708154506406,0.016824034334763927,0.015042918454935605,0.014334763948497864,0.013090128755364805,0.013454935622317588,0.013283261802575053,0.016866952789699574,0.018304721030042936,0.020815450643776823,0.02332618025751071,0.023690987124463547,0.02298283261802575,0.025493562231759637,0.024248927038626578,0.025150214592274678,0.024978540772532143,0.02856223175965661,0.026781115879828288,0.027682403433476388,0.030729613733905592,0.03002145922746785,0.029849785407725316,0.028605150214592256,0.02896995708154504,0.027725321888412036,0.026480686695278977,0.02577253218884118,0.02667381974248928,0.029184549356223166,0.029012875536480687,0.030987124463519256,0.031888412017167356,0.03171673819742493,0.03315450643776824,0.03190987124463518,0.03281115879828328,0.03317596566523606,0.03407725321888411,0.03444206008583689,0.03480686695278967,0.03463519313304719,0.037145922746781135,0.036974248927038544,0.03733905579399138,0.03448497854077259,0.03645922746781116,0.03521459227467816,0.03504291845493568,0.03433476394849788,0.033626609442060085,0.031845493562231764,0.030064377682403443,0.02828326180257512,0.027575107296137324,0.027403433476394845,0.027231759656652366,0.02598712446351925,0.02420600858369093,0.021351931330472085,0.020643776824034288,0.022618025751072857,0.02190987124463517,0.02549356223175958,0.026931330472102943,0.0278326180257511,0.02980686695278978,0.030171673819742506,0.030536480686695344,0.031974248927038595,0.03448497854077259,0.03324034334763948,0.031995708154506475,0.03128755364806868,0.028433476394849833,0.0266523605150214,0.025944206008583715,0.0246995708154506,0.023991416309012803,0.027038626609442007,0.029012875536480687,0.02991416309012873,0.028669527896995728,0.03010729613733898,0.0299356223175965,0.02976394849785402,0.03227467811158791,0.03156652360515011,0.030321888412017106,0.028540772532188785,0.02568669527897005,0.026051502145922778,0.02534334763948498,0.02570815450643782,0.026072961373390546,0.024828326180257543,0.024120171673819746,0.022339055793991425,0.022167381974248945,0.02092274678111583,0.018605150214592303,0.019506437768240348,0.01718884120171671,0.017553648068669547,0.017381974248927068,0.018283261802575113,0.01650214592274679,0.015257510729613677,0.01615879828326172,0.014914163090128718,0.014206008583690921,0.013497854077253124,0.011716738197424803,0.014763948497854007,0.012982832618025686,0.013347639484978524,0.01210300429184552,0.014613733905579407,0.012832618025751086,0.012124463519313289,0.012489270386266127,0.012854077253218854,0.013218884120171692,0.010901287553648054,0.010729613733905574,0.010021459227467777,0.010386266094420615,0.0091416309012875,0.008433476394849815,0.010407725321888384,0.008626609442060063,0.009527896995708107,0.00881974248927031,0.004892703862660941,0.0047210300429184615,0.0029399141630900294,0.004914163090128709,0.0063519313304720715,0.006716738197424799,0.005472103004291795,0.004763948497853998,0.006738197424892789,0.005493562231759674,0.0031759656652360357,0.0024678111587983498,0.002832618025751077,0.0010515021459227558,0.001416309012875594,0.00017167381974247942,0.0
zebrafish 0.1 Hz,0.75,sham above,1306,0.0,-0.00040581929555895836,-0.001577335375191424,0.0010796324655436458,0.0029709035222052066,0.003330781010719753,0.005222052067381321,0.007879019908116382,0.006707503828483917,0.006301684532924963,0.005895865237366002,0.010084226646248091,0.011975497702909649,0.013866768759571213,0.015758039816232763,0.01918070444104135,0.020306278713629403,0.021431852986217456,0.02255742725880551,0.026745788667687592,0.026339969372128624,0.02669984686064318,0.02552833078101073,0.027419601837672267,0.024716692189892808,0.02431087289433384,0.021607963246554368,0.02196784073506891,0.023859111791730475,0.02575038284839204,0.02457886676875959,0.028767228177641657,0.03142419601837673,0.02795558958652372,0.030612557427258796,0.029441041347626318,0.029035222052067378,0.02939509954058192,0.029754977029096463,0.030880551301684517,0.03277182235834608,0.03006891271056661,0.03042879019908118,0.032320061255742716,0.031148545176110237,0.030742725880551297,0.030336906584992357,0.02993108728943336,0.03029096477794796,0.03601071975497705,0.037136294027565075,0.035199081163859114,0.03402756508422666,0.032090352220520646,0.030918836140888195,0.0266845329249617,0.02474732006125574,0.023575803981623233,0.021638591117917327,0.019701378254211366,0.01929555895865237,0.016592649310872898,0.015421133231240447,0.01348392036753443,0.015375191424196022,0.01267228177641655,0.013032159264931065,0.011094946401225103,0.012220520673813129,0.0125803981623277,0.012940275650842215,0.01176875957120982,0.009831546707503858,0.009425727411944862,0.008254211332312411,0.009379785604900437,0.01280245022970905,0.013928024502297076,0.013522205206738136,0.010053598774885153,0.008116385911179136,0.009241960183767217,0.010367534456355243,0.010727411944869814,0.008790199081163852,0.010681470137825444,0.011041347626339959,0.009104134762633997,0.008698315467075057,0.00676110260336904,0.009418070444104143,0.009012251148545147,0.009372128637059718,0.008966309341500722,0.007029096477794761,0.0035604900459417776,0.0008575803981623609,0.003514548238897408,0.0023430321592649572,0.0011715160796324509,0.0007656967840734552,0.003422664624808558,0.0022511485451760516,0.0018453292496171114,0.003736600306278648,0.0017993874425726863,0.0013935681470137462,0.000987748851454806,0.003644716692189909,0.007067381316998467,0.00589586523736596,0.004724349157733454,0.004318529862174514,0.003912710566615574,0.007335375191424132,0.006163859111791625,0.004992343032159341,0.0068836140888208774,0.010306278713629435,0.009134762633996929,0.014088820826952508,0.013683001531393568,0.013277182235834628,0.013637059724349143,0.013996937212863658,0.013591117917304718,0.010888208269525301,0.011248085758039816,0.009310872894333855,0.008905053598774915,0.006967840735068842,0.007327718223583468,0.003093415007656919,0.0003905053598775021,-0.0007810107197550042,-0.003483920367534532,-0.0015926493108729955,-0.0019984686064319357,-0.00010719754977039919,0.001018376722817682,-0.0016845329249617347,-0.0043874425727411515,-0.004027565084226636,-0.002901990811638555,-0.0033078101071974952,-0.0037136294027564354,-0.005650842266462508,-0.0075880551301684696,-0.00799387442572741,-0.00839969372128635,-0.006508422664624813,-0.004617151607963277,-0.004257274119448762,-0.0038973966309341357,-0.004303215926493076,-0.0024119448698315393,-0.0028177641653904795,-0.0024578866768759644,-0.0020980091883614493,-0.005566615620214432,-0.006738131699846939,-0.0017840735068913594,0.00010719754977028817,0.0012327718223582584,0.0023583460949463397,0.002718223583460855,0.003078101071975481,0.0003751914241960641,-0.0007963246554364423,0.00032924961715163903,0.0014548238897397203,0.0018147013782542354,0.004471669218989338,0.004065849923430287,0.0021286370597243254,0.004019908116385862,0.0036140888208269217,0.0016768759571209602,-0.0002603369065850014,-0.002197549770290963,-0.001837672281776448,-0.0014777947932619329,-0.00035222052067385157,0.0007733537519142297,0.0011332312404287448,-0.001569678407350783,-0.001209800918836157,-0.0031470137825421185,-0.004318529862174625,-0.008552833078101174,-0.008958652373660114,-0.01013016845329262,-0.01053598774885145,-0.009410413476263368,-0.0059877488514548105,-0.006393568147013751,-0.003736600306278648,-0.0026110260336906777,-0.0022511485451760516,-0.0026569678407351027,0.0
zebrafish 0.1 Hz,0.75,sham below,1306,0.0,-0.004234303215926493,-0.009234303215926493,-0.012702909647779478,-0.016171516079632464,-0.019640122511485454,-0.023874425727411944,-0.02581163859111792,-0.03004594180704441,-0.03504594180704441,-0.0385145482388974,-0.04121745788667688,-0.043920367534456356,-0.04738897396630934,-0.04932618683001532,-0.05126339969372128,-0.05626339969372129,-0.05820061255742727,-0.05860643185298622,-0.06054364471669219,-0.06248085758039817,-0.06518376722817765,-0.0663552833078101,-0.06829249617151609,-0.07099540581929556,-0.07446401225114854,-0.07793261868300153,-0.07986983154670751,-0.08257274119448699,-0.08527565084226646,-0.08721286370597243,-0.0883843797856049,-0.09032159264931088,-0.09225880551301685,-0.09496171516079634,-0.09843032159264933,-0.09960183767228177,-0.10230474732006126,-0.10577335375191424,-0.10924196018376724,-0.1096477794793262,-0.11235068912710568,-0.11275650842266462,-0.11316232771822358,-0.11663093415007657,-0.11703675344563554,-0.1174425727411945,-0.11784839203675346,-0.1197856049004594,-0.12019142419601837,-0.12289433384379786,-0.12253445635528332,-0.1237059724349158,-0.12487748851454825,-0.12604900459418072,-0.12339203675344565,-0.12686064318529866,-0.1272664624808576,-0.1276722817764165,-0.12731240428790197,-0.12924961715160796,-0.12888973966309342,-0.13082695252679938,-0.13352986217457888,-0.13393568147013782,-0.1351071975497703,-0.13627871362940278,-0.13821592649310874,-0.13938744257274122,-0.1436217457886677,-0.1447932618683002,-0.1459647779479326,-0.14790199081163857,-0.14754211332312403,-0.147947932618683,-0.14605666156202143,-0.14186830015313937,-0.14457120980091884,-0.14574272588055132,-0.1499770290964778,-0.1511485451761103,-0.15232006125574277,-0.15119448698315469,-0.15389739663093416,-0.1535375191424196,-0.15317764165390502,-0.15434915773353752,-0.1578177641653905,-0.15669218989280242,-0.16016079632465546,-0.16133231240428791,-0.1640352220520674,-0.16444104134762638,-0.16637825421133234,-0.16295558958652379,-0.16489280245022975,-0.16606431852986214,-0.16570444104134763,-0.1684073506891271,-0.16881316998468604,-0.16845329249617153,-0.16809341500765695,-0.16926493108728946,-0.1704364471669219,-0.17007656967840734,-0.17277947932618687,-0.1731852986217458,-0.17435681470137826,-0.1770597243491578,-0.17823124042879024,-0.1763399693721287,-0.17521439509954062,-0.17562021439509962,-0.17755742725880558,-0.1764318529862175,-0.17454058192955596,-0.1749464012251148,-0.17228943338437974,-0.1734609494640122,-0.1746324655436447,-0.17656967840735066,-0.17697549770290966,-0.17278713629402753,-0.17472434915773355,-0.17206738131699845,-0.17247320061255744,-0.1744104134762634,-0.16869065849923431,-0.1713935681470138,-0.16797090352220523,-0.16531393568147018,-0.1649540581929556,-0.1645941807044411,-0.16117151607963254,-0.16157733537519148,-0.16198315467075042,-0.1616232771822359,-0.16202909647779484,-0.1601378254211333,-0.15824655436447177,-0.1548238897396632,-0.15369831546707502,-0.1495099540581929,-0.1506814701378254,-0.1480245022970903,-0.14843032159264924,-0.14730474732006127,-0.14924196018376723,-0.14658499234303213,-0.14699081163859107,-0.14739663093415012,-0.14397396630934145,-0.1443797856049005,-0.14325421133231242,-0.14825421133231242,-0.14483154670750387,-0.14217457886676876,-0.13722052067381318,-0.13379785604900463,-0.13420367534456357,-0.13154670750382857,-0.12888973966309347,-0.12470137825421135,-0.11974732006125577,-0.11785604900459423,-0.1159647779479327,-0.11637059724349164,-0.11371362940275642,-0.10952526799387441,-0.10763399693721287,-0.10344563552833075,-0.10232006125574267,-0.09966309341500768,-0.09777182235834614,-0.09588055130168449,-0.09628637059724354,-0.09133231240428785,-0.0879096477794793,-0.08448698315467074,-0.08336140888208277,-0.0799387442572741,-0.07192189892802447,-0.06543644716692198,-0.06124808575803986,-0.05705972434915774,-0.055934150076569766,-0.053277182235834664,-0.048323124042879084,-0.04413476263399696,-0.0407120980091884,-0.03575803981623282,-0.030803981623277243,-0.019724349157733467,-0.018598774885145497,-0.010581929555895875,-0.008690658499234227,-0.006799387442572691,-0.008736600306278652,-0.004548238897396639,-0.003422664624808558,0.0
zebrafish 0.1 Hz,0.75,stimulus,1306,0.0,0.002656967840735069,0.0037825421133231233,0.004142419601837671,0.005267993874425728,0.003330781010719753,0.005222052067381321,0.007113323124042878,0.0051761102603369025,0.005535987748851459,0.006661562021439506,0.0070214395099540555,0.007381316998468612,0.007741194486983155,0.006569678407350676,0.007695252679938744,0.011117917304747316,0.00918070444104134,0.009540581929555897,0.01066615620214395,0.009494640122511486,0.008323124042879021,0.014808575803981622,0.015168453292496178,0.014762633996937224,0.014356814701378257,0.010888208269525274,0.01277947932618681,0.016202143950995396,0.017327718223583477,0.015390505359877488,0.018047473200612563,0.016110260336906573,0.015704441041347605,0.014532924961715155,0.014892802450229697,0.014486983154670757,0.01561255742725881,0.015206738131699843,0.017098009188361407,0.01592649310872893,0.01475497702909645,0.016646248085758042,0.01470903522205208,0.014303215926493112,0.015428790199081166,0.015022970903522198,0.015382848392036713,0.017274119448698333,0.015336906584992371,0.015696784073506886,0.015290964777947946,0.01565084226646246,0.01447932618683001,0.01330781010719756,0.012136294027565053,0.011730474732006113,0.011324655436447117,0.014747320061255786,0.015107197549770301,0.02006125574272588,0.021952526799387473,0.022312404287901988,0.02267228177641656,0.023797856049004584,0.023392036753445644,0.02604900459418069,0.02564318529862175,0.03059724349157733,0.029425727411944824,0.030551301684532906,0.03320826952526801,0.03356814701378258,0.03316232771822358,0.033522205206738154,0.03235068912710565,0.030413476263399686,0.029241960183767235,0.03036753445635526,0.03149310872894334,0.03568147013782541,0.034509954058192904,0.035635528330780986,0.03752679938744252,0.035589586523736616,0.03671516079632464,0.0363093415007657,0.03973200612557426,0.04085758039816234,0.041217457886676856,0.04310872894333845,0.04346860643185296,0.044594180704441044,0.045719754977029126,0.04607963246554364,0.046439509954058156,0.04373660030627868,0.04562787136294033,0.04369065849923426,0.04328483920367532,0.04134762633996936,0.037879019908116374,0.03594180704441041,0.03400459418070445,0.032833078101071944,0.032427258805513004,0.032021439509954064,0.03238131699846858,0.031209800918836073,0.028506891271056656,0.025038284839203673,0.022335375191424145,0.02422664624808568,0.024586523736600197,0.029540581929555887,0.02836906584992338,0.028728943338438007,0.032151607963246565,0.03251148545176108,0.032871362940275706,0.0355283307810107,0.04124808575803984,0.0408422664624809,0.03890505359877494,0.03696784073506887,0.03503062787136291,0.033093415007656946,0.032687595712098005,0.032281776416539065,0.030344563552833104,0.033001531393568095,0.03412710566615618,0.032189892802450215,0.031784073506891275,0.03214395099540579,0.03173813169984685,0.030566615620214344,0.033223583460949446,0.03052067381316992,0.030880551301684434,0.028943338437978472,0.02700612557427262,0.027366003062787136,0.025428790199081175,0.02578866768759569,0.027679938744257337,0.02650842266462483,0.02457120980091887,0.02186830015313934,0.0214624808575804,0.020290964777947895,0.01758805513016848,0.01871362940275645,0.016776416539050487,0.01790199081163857,0.018261868300153083,0.01862174578866771,0.016684532924961637,0.015513016845329242,0.016638591117917212,0.016998468606431838,0.016592649310872898,0.016186830015313847,0.014249617151607885,0.01843797856049001,0.016500765696784048,0.015329249617151541,0.014157733537519146,0.015283307810107227,0.0125803981623277,0.009111791730474716,0.009471669218989343,0.010597243491577313,0.011722817764165394,0.008254211332312411,0.009379785604900492,0.008208269525267986,0.00703675344563548,0.005865237366003084,0.004693721286370578,0.005819295558958659,0.004647779479326153,0.007304747320061256,0.0068989280245023155,0.0026646248085757662,0.002258805513016826,-0.0004441041347627017,0.0037442572741194224,0.0033384379785604823,0.004464012251148453,0.004058192955589512,0.0044180704441040275,0.007840735068912696,0.006669218989280301,0.0047320061255743395,0.005091883614088855,0.003920367534456348,0.002748851454823953,0.0023430321592649017,0.00040581929555894014,0.0
medaka 0.1 Hz,0.0,sham above,825,0.0,-0.0013636363636363637,-0.00393939393939394,-0.0053030303030303025,-0.003030303030303029,-0.0056060606060606075,-0.0057575757575757565,-0.008333333333333335,-0.01090909090909091,-0.013484848484848481,-0.018484848484848486,-0.01984848484848485,-0.012727272727272726,-0.015303030303030304,-0.017878787878787883,-0.020454545454545454,-0.014545454545454542,-0.01712121212121212,-0.014848484848484847,-0.012575757575757573,-0.01151515151515152,-0.011666666666666659,-0.009393939393939399,-0.013181818181818183,-0.012121212121212116,-0.013484848484848488,-0.012424242424242435,-0.010151515151515161,-0.010303030303030314,-0.009242424242424219,-0.009393939393939399,-0.011969696969696964,-0.012121212121212116,-0.012272727272727268,-0.01484848484848486,-0.015000000000000013,-0.016363636363636358,-0.012878787878787878,-0.013030303030303031,-0.010757575757575771,-0.006060606060606072,-0.0037878787878788123,-0.003939393939393937,-0.0028787878787878696,-0.005454545454545462,-0.005606060606060614,-0.008181818181818179,-0.009545454545454551,-0.009696969696969676,-0.006212121212121197,-0.005151515151515157,-0.005303030303030309,-0.007878787878787874,-0.009242424242424274,-0.004545454545454575,-0.002272727272727315,-0.0036363636363636598,-0.0050000000000000044,-0.003939393939393909,-0.0028787878787878696,-0.004242424242424214,-0.0043939393939393945,-0.004545454545454519,-0.005909090909090919,-0.007272727272727264,-0.007424242424242444,-0.006363636363636405,-0.010151515151515189,-0.00787878787878793,-0.00196969696969701,-0.0009090909090909149,-0.0034848484848484795,-0.0036363636363636043,-0.0013636363636363447,-0.000303030303030305,-0.0004545454545454297,0.00060606060606061,-0.0019696969696969546,-0.003333333333333355,-0.0046969696969696995,-0.00484848484848488,-0.00015151515151518025,0.0009090909090908594,0.005606060606060559,0.007878787878787874,0.007727272727272749,0.010000000000000009,0.009848484848484829,0.009696969696969704,0.010757575757575744,0.013030303030303003,0.020151515151515142,0.022424242424242402,0.023484848484848442,0.020909090909090877,0.018333333333333313,0.018181818181818188,0.024090909090909052,0.030000000000000027,0.026212121212121242,0.032121212121212106,0.03196969696969698,0.035454545454545405,0.03893939393939394,0.037575757575757596,0.03863636363636358,0.036060606060606015,0.03590909090909089,0.036969696969696986,0.04045454545454541,0.039090909090909065,0.03893939393939394,0.037575757575757485,0.03863636363636358,0.037272727272727235,0.03348484848484845,0.033333333333333326,0.0331818181818182,0.03181818181818186,0.03530303030303028,0.036363636363636376,0.03742424242424247,0.036060606060606126,0.03469696969696967,0.035757575757575766,0.04409090909090907,0.041515151515151505,0.04378787878787882,0.041212121212121144,0.04469696969696968,0.045757575757575775,0.04560606060606054,0.045454545454545414,0.04772727272727273,0.04999999999999993,0.04621212121212115,0.046060606060606024,0.04954545454545445,0.046969696969696884,0.04803030303030298,0.044242424242424194,0.04287878787878796,0.042727272727272725,0.04015151515151516,0.041212121212121255,0.03863636363636369,0.040909090909090895,0.03954545454545455,0.045454545454545414,0.04772727272727273,0.047575757575757605,0.04621212121212126,0.044848484848484804,0.04106060606060602,0.038484848484848455,0.03712121212121211,0.036969696969696986,0.0331818181818182,0.031818181818181746,0.02803030303030296,0.029090909090909056,0.03136363636363626,0.028787878787878696,0.02984848484848479,0.027272727272727226,0.02590909090909088,0.024545454545454426,0.023181818181818192,0.025454545454545507,0.021666666666666723,0.021515151515151487,0.020151515151515142,0.016363636363636358,0.017424242424242453,0.01606060606060611,0.013484848484848433,0.012121212121212088,0.008333333333333304,0.0033333333333332993,0.0019696969696969546,0.00060606060606061,0.0004545454545453742,-0.0021212121212121904,-0.003484848484848535,-0.00242424242424244,-0.0050000000000000044,-0.00515151515151524,-0.002878787878787925,-0.00424242424242427,-0.0031818181818182856,-0.0009090909090909705,-0.003484848484848535,-0.0036363636363635488,-0.0050000000000000044,0.0021212121212121904,0.0019696969696969546,0.00424242424242427,0.002878787878787925,0.0027272727272726893,0.0013636363636363447,0.0
medaka 0.1 Hz,0.0,sham below,825,0.0,-0.003787878787878788,-0.006363636363636364,-0.006515151515151514,-0.010303030303030303,-0.011666666666666667,-0.011818181818181818,-0.013181818181818183,-0.01818181818181818,-0.015909090909090907,-0.017272727272727273,-0.01863636363636364,-0.019999999999999997,-0.021363636363636362,-0.02030303030303031,-0.01803030303030303,-0.01818181818181818,-0.01833333333333334,-0.020909090909090905,-0.023484848484848483,-0.023636363636363636,-0.02257575757575757,-0.026363636363636367,-0.022878787878787887,-0.024242424242424232,-0.0243939393939394,-0.022121212121212125,-0.02106060606060607,-0.020000000000000018,-0.01772727272727273,-0.015454545454545443,-0.016818181818181815,-0.015757575757575748,-0.014696969696969708,-0.01606060606060608,-0.016212121212121233,-0.012727272727272726,-0.010454545454545439,-0.009393939393939399,-0.007121212121212139,-0.007272727272727292,-0.0037878787878788123,-0.002727272727272717,-0.0028787878787878696,0.005454545454545462,0.0016666666666666496,0.003939393939393937,0.0025757575757575646,0.004848484848484852,0.009545454545454524,0.014242424242424223,0.015303030303030318,0.016363636363636358,0.016212121212121178,0.019696969696969657,0.021969696969696972,0.024242424242424232,0.031363636363636316,0.032424242424242466,0.028636363636363626,0.028484848484848502,0.02833333333333332,0.028181818181818197,0.028030303030303017,0.030303030303030276,0.03136363636363637,0.03484848484848485,0.031060606060606066,0.033333333333333326,0.031969696969696926,0.03303030303030302,0.036515151515151556,0.04484848484848486,0.04469696969696968,0.045757575757575775,0.04196969696969699,0.04181818181818181,0.04287878787878785,0.043939393939393945,0.048636363636363644,0.050909090909090904,0.050757575757575724,0.05181818181818176,0.05530303030303024,0.053939393939393954,0.05499999999999999,0.05727272727272725,0.06075757575757573,0.06181818181818183,0.0616666666666667,0.06878787878787879,0.06621212121212122,0.06484848484848488,0.0683333333333333,0.07303030303030306,0.0777272727272727,0.08000000000000007,0.07984848484848484,0.07969696969696971,0.08196969696969703,0.08060606060606057,0.07924242424242423,0.08151515151515154,0.07893939393939398,0.07878787878787874,0.07863636363636362,0.08090909090909093,0.08318181818181813,0.08181818181818179,0.08045454545454545,0.07666666666666666,0.0753030303030302,0.07393939393939386,0.07378787878787874,0.07121212121212117,0.06984848484848483,0.07333333333333336,0.06833333333333336,0.06696969696969701,0.06560606060606067,0.06545454545454543,0.06287878787878787,0.06151515151515152,0.0613636363636364,0.05878787878787883,0.05621212121212116,0.05969696969696969,0.05833333333333335,0.053333333333333344,0.05681818181818177,0.05787878787878786,0.05893939393939396,0.05999999999999994,0.05621212121212116,0.05848484848484847,0.05712121212121213,0.05575757575757567,0.05681818181818177,0.05909090909090908,0.05893939393939385,0.06121212121212116,0.0646969696969697,0.06454545454545457,0.06439393939393945,0.06060606060606066,0.05924242424242432,0.06151515151515152,0.06015151515151518,0.05757575757575761,0.05621212121212127,0.05606060606060603,0.05469696969696969,0.052121212121212124,0.05075757575757578,0.048181818181818215,0.04803030303030298,0.051515151515151514,0.05136363636363628,0.04999999999999993,0.05712121212121213,0.05454545454545445,0.05560606060606055,0.05181818181818176,0.0492424242424242,0.05272727272727262,0.04893939393939384,0.045151515151515054,0.04378787878787882,0.040000000000000036,0.03500000000000003,0.032424242424242466,0.03469696969696967,0.034545454545454546,0.02954545454545454,0.03181818181818186,0.029242424242424292,0.027878787878787836,0.022878787878787832,0.020303030303030267,0.021363636363636362,0.021212121212121238,0.023484848484848442,0.020909090909090877,0.019545454545454533,0.019393939393939408,0.020454545454545392,0.021515151515151487,0.017727272727272703,0.016363636363636358,0.012575757575757462,0.016060606060605997,0.015909090909090873,0.014545454545454528,0.011969696969696964,0.008181818181818179,0.006818181818181834,0.0018181818181818299,-0.0007575757575757347,-0.0021212121212120794,0.00015151515151512474,0.0
medaka 0.1 Hz,0.0,stimulus,825,0.0,-0.0013636363636363637,-0.00030303030303030325,-0.0016666666666666653,-0.0018181818181818195,-0.000757575757575759,0.001515151515151518,0.0013636363636363585,-0.002424242424242426,-0.0025757575757575715,-0.001515151515151518,0.0007575757575757555,-0.000606060606060603,0.0016666666666666635,0.003939393939393937,0.0037878787878787845,0.001212121212121206,0.0022727272727272735,0.002121212121212121,0.0043939393939393945,0.003030303030303022,0.0040909090909090895,0.002727272727272731,0.008636363636363636,0.007272727272727264,0.005909090909090919,0.008181818181818179,0.011666666666666659,0.012727272727272726,0.010151515151515161,0.012424242424242421,0.012272727272727268,0.013333333333333336,0.019242424242424228,0.019090909090909075,0.018939393939393923,0.018787878787878798,0.017424242424242425,0.023333333333333345,0.024393939393939384,0.024242424242424232,0.02409090909090908,0.027575757575757587,0.029848484848484846,0.030909090909090914,0.030757575757575734,0.03181818181818183,0.03045454545454543,0.03151515151515155,0.03015151515151515,0.028787878787878807,0.027424242424242407,0.032121212121212106,0.033181818181818146,0.03303030303030302,0.03772727272727272,0.04242424242424242,0.03863636363636358,0.045757575757575775,0.048030303030303034,0.04787878787878791,0.05015151515151517,0.04999999999999999,0.048636363636363644,0.050909090909090904,0.05318181818181816,0.05303030303030304,0.0553030303030303,0.05757575757575756,0.05742424242424238,0.05727272727272725,0.06075757575757579,0.06060606060606061,0.06409090909090909,0.06393939393939396,0.06621212121212122,0.06484848484848482,0.06348484848484848,0.06454545454545452,0.06318181818181817,0.06060606060606061,0.06409090909090909,0.06636363636363635,0.0686363636363636,0.06727272727272726,0.06833333333333336,0.06818181818181818,0.07166666666666671,0.06909090909090904,0.07015151515151513,0.07,0.07227272727272721,0.0733333333333333,0.07560606060606062,0.08151515151515148,0.07893939393939392,0.08484848484848484,0.08469696969696972,0.08454545454545459,0.08439393939393935,0.08424242424242423,0.08287878787878789,0.08393939393939398,0.08499999999999996,0.08484848484848484,0.08833333333333326,0.08818181818181814,0.09045454545454545,0.09030303030303022,0.0901515151515151,0.09121212121212119,0.08984848484848484,0.09090909090909083,0.0907575757575757,0.08939393939393936,0.08924242424242412,0.08787878787878789,0.08893939393939398,0.08757575757575764,0.08621212121212118,0.08121212121212118,0.08106060606060606,0.08090909090909093,0.08560606060606057,0.08666666666666667,0.08530303030303032,0.0851515151515152,0.08378787878787874,0.08363636363636362,0.08712121212121215,0.08454545454545448,0.08196969696969691,0.07818181818181813,0.07560606060606057,0.07787878787878788,0.07651515151515142,0.07272727272727264,0.07378787878787874,0.07121212121212117,0.06984848484848483,0.06606060606060604,0.06227272727272726,0.06333333333333335,0.06196969696969701,0.06545454545454543,0.06772727272727275,0.06515151515151518,0.06378787878787884,0.06121212121212127,0.06227272727272726,0.06090909090909091,0.05833333333333335,0.056969696969697003,0.05560606060606055,0.0542424242424242,0.05287878787878786,0.050303030303030294,0.04651515151515151,0.046363636363636274,0.04378787878787871,0.043636363636363584,0.0398484848484848,0.046969696969696884,0.04560606060606054,0.046666666666666634,0.04530303030303029,0.043939393939393834,0.04136363636363638,0.038787878787878816,0.03742424242424247,0.036060606060606126,0.03348484848484845,0.030909090909090886,0.02833333333333332,0.026969696969696977,0.023181818181818192,0.023030303030303068,0.024090909090909052,0.025151515151515147,0.023787878787878802,0.021212121212121238,0.017424242424242342,0.014848484848484778,0.013484848484848433,0.010909090909090868,0.009545454545454524,0.006969696969696959,0.009242424242424163,0.007878787878787818,0.007727272727272694,0.009999999999999898,0.008636363636363553,0.0072727272727273196,0.008333333333333415,0.006969696969696959,0.006818181818181834,0.00545454545454549,0.004090909090909145,0.0027272727272726893,0.0050000000000000044,0.0
medaka 0.1 Hz,0.25,sham above,722,0.0,-0.0008448753462603877,-0.0030747922437673134,-0.005304709141274238,-0.0033795013850415508,-0.005609418282548479,-0.005069252077562324,-0.007299168975069256,-0.009529085872576178,-0.011759002770083099,-0.016759002770083103,-0.017603878116343494,-0.00875346260387811,-0.012368421052631584,-0.014598337950138512,-0.016828254847645427,-0.009362880886426589,-0.011592797783933517,-0.009667590027700831,-0.0063573407202216076,-0.007202216066481998,-0.006662049861495836,-0.0033518005540166262,-0.006966759002770093,-0.005041551246537393,-0.005886426592797783,-0.0053462603878116355,-0.0020360110803324116,-0.0014958448753462639,0.0004293628808864358,-0.00041551246537396835,-0.0026454293628808967,-0.002105263157894749,-0.0015650969529086012,-0.0037950138504155295,-0.0032548476454293818,-0.0068698060941828065,-0.0021745152354570585,-0.0030193905817174627,-0.002479224376731315,0.003601108033240985,0.006911357340720209,0.007451523545706384,0.007991689750692532,0.004376731301939052,0.0049168975069252,0.0026869806094182713,0.0018421052631578672,0.0009972299168975185,0.0056925207756232665,0.006232686980609414,0.005387811634349038,0.0017728531855955576,-0.000457063711911343,0.004238227146814377,0.004778393351800525,0.003933518005540149,0.0030886426592797722,0.0036288088642659755,0.004168975069252068,0.0033240997229916913,0.003864265927977839,0.0030193905817174627,0.0021745152354570862,-5.540166204986985e-05,0.0004847645429362779,0.00240997229916895,-0.0012049861495845304,0.000720221606648197,0.004030470914127393,0.004570637119113541,0.0009556786703601161,-0.0012742382271467845,0.0020360110803324116,0.0039612188365650836,0.003116343490304707,0.005041551246537379,0.0028116343490304785,0.0005817174515235224,-0.003033240997229958,-0.00249307479224381,0.0008171745152354415,-2.7700831024934924e-05,0.004667590027700785,0.006592797783933513,0.005747922437673136,0.006288088642659284,0.005443213296398908,0.0059833795013850555,0.006523545706371203,0.008448753462603875,0.017299168975069223,0.020609418282548475,0.021149584487534623,0.018919667590027667,0.016689750692520766,0.01584487534626039,0.021925207756232745,0.028005540166205045,0.024390581717451565,0.030470914127423865,0.031011080332409957,0.03432132963988921,0.03763157894736846,0.03678670360110803,0.038711911357340645,0.0364819944598338,0.03702216066481989,0.03894736842105262,0.043642659279778395,0.04279778393351796,0.043337950138504056,0.042493074792243735,0.04441828254847635,0.04357340720221603,0.03995844875346255,0.04049861495844875,0.041038781163434956,0.038808864265928,0.04211911357340725,0.04404432132963987,0.04319944598337955,0.042354570637119116,0.041509695290858684,0.04343490304709141,0.04951523545706371,0.047285318559556755,0.04782548476454296,0.045595567867036,0.04752077562326873,0.04806094182825482,0.048601108033241025,0.04775623268698059,0.051066481994459845,0.05299168975069246,0.04937673130193898,0.049916897506925184,0.053227146814404325,0.05099722991689748,0.05153739612188357,0.04653739612188357,0.04569252077562336,0.044847645429362926,0.04261772853185597,0.0445429362880887,0.04092797783933522,0.04423822714681447,0.04200831024930751,0.04670360110803329,0.05001385041551243,0.05055401662049863,0.04693905817174515,0.04609418282548472,0.04247922437673124,0.03886426592797787,0.036634349030470914,0.037174515235457006,0.033559556786703526,0.032714681440443205,0.029099722991689725,0.029639889196675817,0.031565096952908545,0.02656509695290854,0.027105263157894632,0.024875346260387787,0.02264542936288083,0.0218005540166204,0.019570637119113554,0.02149584487534628,0.0178808864265928,0.01703601108033248,0.01619113573407205,0.012576177285318568,0.014501385041551296,0.013656509695290864,0.011426592797783908,0.009196675900276952,0.005581717451523582,0.0005817174515235779,-0.000263157894736854,-0.00249307479224381,-0.0019529085872576069,-0.004182825484764563,-0.006412742382271519,-0.004487534626038792,-0.008102493074792272,-0.00756232686980618,-0.004252077562326928,-0.00509695290858736,-0.005941828254847681,-0.0026315789473685403,-0.004861495844875385,-0.004321329639889182,-0.005166204986149503,0.000914127423822686,0.0014542936288088892,0.004764542936288141,0.003919667590027709,0.003074792243767277,0.002229916897506956,0.0
medaka 0.1 Hz,0.25,sham below,722,0.0,-0.003614958448753463,-0.005844875346260388,-0.005304709141274238,-0.008919667590027701,-0.00976454293628809,-0.009224376731301939,-0.010069252077562329,-0.015069252077562326,-0.013144044321329637,-0.013988919667590027,-0.014833795013850418,-0.0156786703601108,-0.01652354570637119,-0.01598337950138505,-0.012673130193905813,-0.012132963988919665,-0.011592797783933517,-0.013822714681440446,-0.016052631578947374,-0.016897506925207764,-0.016357340720221603,-0.01997229916897507,-0.016662049861495845,-0.020277008310249298,-0.019736842105263164,-0.017811634349030478,-0.01727146814404433,-0.01811634349030472,-0.017576177285318545,-0.015650969529085873,-0.01649584487534625,-0.017340720221606654,-0.016800554016620506,-0.01764542936288091,-0.017105263157894762,-0.01379501385041551,-0.010484764542936287,-0.011329639889196691,-0.008019390581717467,-0.008864265927977844,-0.0041689750692520955,-0.002243767313019396,-0.001703601108033248,0.007146814404432128,0.0035318559556786755,0.004072022160664823,0.003227146814404419,0.006537396121883671,0.011232686980609419,0.015927977839335195,0.016468144044321342,0.01700831024930749,0.017548476454293638,0.022243767313019358,0.02139889196675898,0.02193905817174513,0.026634349030470905,0.028559556786703633,0.024944598337950152,0.0254847645429363,0.024639889196675924,0.023795013850415492,0.02433518005540164,0.026260387811634367,0.02818559556786704,0.031495844875346235,0.027880886426592755,0.031191135734072006,0.03034626038781163,0.030886426592797778,0.03419667590027703,0.04027700831024933,0.03943213296398895,0.03858725761772852,0.034972299168975096,0.031357340720221616,0.03328254847645429,0.03243767313019391,0.03713296398891963,0.03905817174515236,0.0368282548476454,0.038753462603878075,0.04344875346260385,0.04260387811634353,0.04314404432132968,0.046454293628808874,0.05114958448753465,0.05307479224376732,0.052229916897506945,0.05969529085872577,0.05746537396121881,0.05662049861495838,0.06131578947368416,0.06324099722991688,0.06655124653739614,0.06709141274238228,0.06763157894736849,0.06540166204986153,0.06871191135734067,0.06786703601108035,0.06702216066481992,0.06894736842105265,0.06533240997229917,0.06587257617728526,0.06641274238227146,0.06972299168975071,0.07164819944598333,0.07080332409972301,0.06995844875346258,0.0663434903047091,0.06549861495844866,0.06326869806094182,0.06380886426592791,0.06019390581717443,0.05934903047091411,0.06404432132963989,0.05904432132963988,0.05681440443213304,0.05458448753462608,0.05373961218836565,0.05150969529085869,0.05066481994459837,0.04981994459833794,0.047590027700830984,0.04536011080332414,0.0500554016620498,0.04921052631578948,0.04421052631578948,0.04752077562326873,0.0466759002770083,0.04721606648199439,0.04914127423822712,0.04552631578947364,0.047451523545706364,0.04660664819944593,0.0457617728531855,0.04768698060941823,0.05099722991689748,0.05015235457063705,0.052077562326869775,0.0540027700831025,0.05315789473684218,0.053698060941828274,0.050083102493074794,0.04923822714681447,0.049778393351800565,0.04893351800554013,0.04670360110803329,0.045858725761772856,0.04639889196675895,0.0441689750692521,0.04193905817174515,0.041094182825484715,0.037479224376731235,0.03801939058171744,0.042714681440443214,0.043254847645429306,0.042409972299168985,0.04987534626038781,0.04764542936288085,0.04957063711911347,0.0459556786703601,0.043725761772853144,0.047036011080332396,0.043421052631578916,0.03842105263157891,0.03757617728531859,0.03396121883656511,0.028961218836565106,0.02673130193905815,0.028656509695290877,0.02919667590027697,0.024196675900276965,0.026121883656509692,0.023891966759002736,0.023047091412742415,0.01804709141274241,0.015817174515235455,0.01774238227146807,0.018282548476454274,0.020207756232687002,0.017977839335180046,0.01574792243767309,0.016288088642659293,0.01821329639889191,0.018753462603878113,0.015138504155124632,0.0142936288088642,0.01067867036011072,0.015373961218836496,0.01591412742382259,0.013684210526315854,0.011454293628808898,0.007839335180055418,0.006994459833794986,0.0019944598337949815,-0.0002354570637118636,-0.0024653739612188197,-0.0005401662049860922,0.0
medaka 0.1 Hz,0.25,stimulus,722,0.0,-0.0008448753462603877,0.001080332409972299,0.00023545706371191216,-0.0006094182825484781,0.0013157894736842077,0.0046260387811634385,0.005166204986149579,0.0015512465373961198,0.0020914127423822745,0.0026315789473684154,0.005941828254847646,0.005096952908587263,0.008407202216066487,0.011717451523545697,0.01087257617728532,0.008642659279778392,0.010567867036011078,0.01110803324099724,0.013033240997229911,0.010803324099722983,0.011343490304709145,0.009113573407202216,0.013808864265927964,0.01157894736842105,0.010734072022160673,0.011274238227146821,0.01596952908587257,0.01789473684210524,0.01566481994459834,0.018975069252077564,0.019515235457063712,0.02005540166204986,0.023365650969529084,0.02390581717451523,0.023060941828254827,0.02221606648199448,0.021371191135734074,0.027451523545706374,0.029376731301939046,0.02853185595567867,0.029072022160664818,0.033767313019390593,0.03707756232686979,0.03900277008310252,0.03538781163434904,0.035927977839335185,0.03369806094182823,0.03285318559556788,0.030623268698060924,0.028393351800554023,0.026163434903047067,0.028088642659279794,0.030013850415512466,0.030554016620498614,0.035249307479224334,0.03994459833795011,0.03632963988919663,0.04379501385041551,0.04572022160664824,0.044875346260387805,0.04818559556786706,0.047340720221606625,0.04649584487534625,0.0498060941828255,0.05173130193905817,0.04811634349030469,0.05142659279778389,0.05473684210526314,0.05250692520775618,0.05304709141274233,0.054972299168975114,0.055512465373961206,0.06020775623268698,0.06074792243767313,0.05990304709141275,0.05905817174515238,0.058213296398891945,0.05736842105263157,0.05652354570637119,0.054293628808864236,0.05621883656509691,0.058144044321329635,0.06006925207756231,0.05922437673130193,0.05976454293628808,0.0589196675900277,0.062229916897506954,0.058614958448753474,0.059155124653739566,0.05969529085872577,0.061620498614958386,0.06354570637119111,0.06685595567867036,0.07293628808864266,0.07070637119113571,0.07817174515235459,0.07871191135734068,0.07925207756232688,0.07979224376731298,0.07894736842105265,0.0767174515235457,0.07587257617728527,0.07641274238227147,0.07556786703601104,0.08026315789473681,0.08080332409972302,0.08272853185595563,0.08326869806094184,0.08380886426592793,0.08573407202216066,0.08488919667590022,0.08681440443213295,0.08596952908587252,0.08373961218836556,0.08289473684210524,0.08204986149584492,0.08259002770083101,0.08036011080332417,0.07951523545706374,0.07451523545706373,0.07505540166204983,0.07559556786703603,0.08167590027700833,0.08221606648199442,0.0813711911357341,0.08191135734072019,0.08106648199445987,0.08160664819944596,0.08491689750692522,0.08268698060941826,0.0804570637119113,0.0754570637119113,0.07322714681440434,0.0765373961218836,0.07569252077562327,0.07207756232686979,0.07261772853185589,0.0690027700831024,0.06677285318559556,0.06315789473684208,0.05954293628808871,0.06146814404432133,0.060623268698061006,0.06393351800554015,0.06447368421052635,0.062243767313019394,0.06139889196675896,0.05778393351800559,0.05970914127423821,0.05886426592797789,0.05663434903047093,0.0557894736842105,0.053559556786703544,0.05271468144044322,0.05048476454293627,0.04825484764542931,0.04463988919667583,0.045180055401662034,0.04156509695290855,0.04072022160664812,0.03710526315789464,0.044570637119113465,0.04234072022160662,0.04288088642659271,0.04203601108033239,0.04119113573407196,0.038961218836565115,0.03673130193905816,0.03588642659279784,0.035041551246537406,0.03281163434903045,0.030581717451523605,0.026966759002770124,0.024736842105263168,0.019736842105263164,0.018891966759002732,0.02081717451523546,0.022742382271468076,0.021897506925207755,0.0196675900277008,0.01605263157894732,0.013822714681440362,0.012977839335180041,0.010747922437673085,0.009903047091412653,0.007673130193905808,0.010983379501384949,0.010138504155124628,0.009293628808864196,0.012603878116343448,0.011759002770083016,0.00952908587257617,0.010069252077562374,0.006454293628808894,0.006994459833794986,0.004764542936288141,0.003919667590027709,0.003074792243767277,0.0050000000000000044,0.0
medaka 0.1 Hz,0.5,sham above,611,0.0,-0.0017266775777414075,-0.003453355155482815,-0.005180032733224222,-0.001996726677577741,-0.003723404255319151,-0.003813420621931258,-0.005540098199672671,-0.007266775777414074,-0.00899345335515548,-0.013993453355155484,-0.01572013093289689,-0.0043535188216039244,-0.009353518821603929,-0.011080196399345342,-0.012806873977086741,-0.006350245499181673,-0.008076923076923079,-0.0048936170212765945,-0.0049836333878887085,-0.006710310965630115,-0.006800327332242229,-0.0052536824877250365,-0.008617021276595749,-0.0054337152209492645,-0.0055237315875613785,-0.0039770867430442,-0.000793780687397716,-0.0008837970540098439,0.002299509001636668,0.002209492635024568,-0.0011538461538461442,-0.0028805237315875643,-0.002970540098199692,-0.004697217675941084,-0.00315057283142392,-0.006513911620294605,-0.0033306055646481203,-0.0034206219312602204,-0.0035106382978723483,0.004582651391162013,0.009402618657937789,0.009312602291325717,0.007585924713584297,0.004222585924713584,0.0057692307692307765,0.0040425531914893564,0.003952536824877229,0.002225859247135864,0.007045826513911613,0.008592471358428833,0.005229132569558093,0.001865793780687408,0.00013911620294598803,0.006595744680851057,0.008142389525368221,0.008052373158756121,0.00796235679214402,0.00950900163666124,0.00941898527004914,0.0076923076923077205,0.007602291325695565,0.0058756137479542,0.005785597381342045,0.004058919803600625,0.0039689034369885245,0.005515548281505689,0.0021522094926350044,0.0036988543371521687,0.006882160392798653,0.006792144026186553,0.0034288052373158684,6.54664484451839e-05,0.003248772504091668,0.0064320785597381525,0.004705400981996732,0.006252045826513897,0.0028887070376432122,0.0011620294599017922,-0.002201309328968948,-0.002291325695581048,0.0008919803600654364,0.0008019639934533362,0.005621931260229085,0.00553191489361704,0.00544189852700494,0.005351882160392785,0.0052618657937806845,0.006808510638297849,0.006718494271685749,0.009901800327332233,0.014721767594107982,0.017905073649754466,0.019451718494271686,0.017725040916530266,0.015998363338788846,0.0159083469721768,0.02236497545008187,0.027184942716857674,0.023821603927986934,0.02864157119476274,0.030188216039279903,0.03337152209492633,0.038191489361702136,0.03646481178396066,0.038011456628477935,0.03628477905073646,0.037831423895253624,0.03937806873977079,0.04583469721767586,0.04574468085106376,0.04565466448445166,0.04392798690671029,0.04711129296235672,0.04702127659574462,0.04365793780687388,0.04356792144026189,0.045114566284779056,0.04175122749590843,0.04329787234042559,0.04648117839607202,0.044754500818330656,0.044664484451718556,0.044574468085106345,0.044484451718494245,0.04930441898527005,0.047577741407528684,0.04748772504091647,0.04576104746317511,0.04730769230769227,0.04558101472995091,0.04549099836333881,0.0454009819967266,0.04694762684124387,0.04849427168576104,0.0451309328968903,0.04667757774140746,0.051497545008183265,0.04977086743044179,0.051317512274959065,0.04631751227495906,0.04622749590834696,0.044500818330605596,0.04277414075286423,0.04268412438625202,0.037684124386252016,0.040867430441898556,0.037504091653027816,0.04232405891980362,0.04550736497545005,0.04541734860883795,0.04205400981996721,0.040327332242225844,0.036963993453355104,0.033600654664484475,0.031873977086743,0.033420621931260164,0.030057283142389535,0.029967266775777324,0.026603927986906695,0.02815057283142386,0.029697217675941023,0.02469721767594102,0.022970540098199654,0.02124386252045818,0.019517184942716814,0.019427168576104714,0.01770049099836335,0.02088379705400989,0.01752045826513915,0.01743044189852705,0.01734042553191495,0.01397708674304421,0.017160392798690638,0.017070376432078538,0.015343698854337173,0.013617021276595698,0.010253682487725069,0.005253682487725064,0.005163666121112964,0.0034369885433714886,0.004983633387888653,0.0032569558101472884,-0.0001063829787234516,0.0014402618657937127,-0.0019230769230769162,-0.0003764320785597519,0.002806873977086677,0.0027168576104745767,0.0026268412438624766,0.0025368248772503765,-0.002463175122749628,-0.0009165302782323526,-0.0042798690671030926,0.0005400981996727117,0.002086743044189876,0.005270049099836305,0.005180032733224205,0.00345335515548284,0.0017266775777413645,0.0
medaka 0.1 Hz,0.5,sham below,611,0.0,-0.0033633387888707036,-0.0050900163666121115,-0.0035433715220949263,-0.00690671031096563,-0.006996726677577742,-0.005450081833060557,-0.005540098199672671,-0.010540098199672669,-0.007356792144026188,-0.007446808510638302,-0.009173486088379708,-0.009263502454991815,-0.010990180032733228,-0.011080196399345342,-0.006260229132569559,-0.007986906710310965,-0.009713584288052385,-0.011440261865793777,-0.01480360065466449,-0.018166939443535188,-0.016620294599017996,-0.019983633387888708,-0.016800327332242238,-0.020163666121112922,-0.020253682487725036,-0.017070376432078566,-0.015523731587561387,-0.015613747954173501,-0.017340425531914894,-0.017430441898526994,-0.01752045826513912,-0.017610474631751222,-0.01770049099836335,-0.01942716857610477,-0.01951718494271687,-0.016333878887070358,-0.011513911620294609,-0.011603927986906709,-0.008420621931260225,-0.010147299509001645,-0.006963993453355161,-0.0037806873977086763,-0.0022340425531914843,0.009132569558101461,0.0041325695581014565,0.0040425531914893564,0.003952536824877229,0.008772504091653033,0.015229132569558101,0.018412438625204586,0.018322422258592486,0.016595744680851066,0.014869067103109646,0.021325695581014714,0.021235679214402614,0.02114566284779046,0.025965630114566263,0.027512274959083483,0.024148936170212798,0.025695581014729962,0.023968903436988542,0.022242225859247122,0.023788870703764342,0.025335515548281506,0.02851882160392799,0.031702127659574475,0.028338788870703735,0.0298854337152209,0.0297954173486088,0.0297054009819967,0.03125204582651392,0.0344353518821604,0.0343453355155483,0.03425531914893615,0.030891980360065463,0.02752864157119478,0.027438625204582623,0.025711947626841203,0.03216857610474633,0.03207855973813417,0.03035188216039275,0.033535188216039236,0.039991816693944304,0.03990180032733226,0.03981178396072016,0.04463175122749591,0.04781505728314239,0.05099836333878888,0.05090834697217678,0.057364975450081845,0.054001636661211105,0.053911620294599005,0.060368248772504074,0.0635515548281505,0.06673486088379704,0.06828150572831426,0.06819148936170216,0.06646481178396069,0.06964811783960723,0.06955810147299513,0.06946808510638303,0.07265139116202946,0.06928805237315872,0.06756137479541735,0.06910801963993451,0.07229132569558094,0.07383797054009822,0.07374795417348601,0.07202127659574464,0.0686579378068739,0.0685679214402618,0.06684124386252044,0.0683878887070376,0.06502454991816686,0.06493453355155476,0.0681178396072013,0.0631178396072013,0.05975450081833067,0.058027823240589194,0.057937806873977094,0.05621112929623573,0.05612111292962363,0.05275777414075289,0.04939443535188215,0.04603109656301141,0.05248772504091648,0.04912438625204585,0.044124386252045844,0.04567103109656301,0.04394435351882153,0.04549099836333881,0.04703764320785597,0.04367430441898523,0.04685761047463166,0.04349427168576103,0.04176759410801956,0.04331423895253672,0.04649754500818326,0.04313420621931252,0.044680851063829685,0.047864157119476336,0.047774140752864236,0.0493207855973814,0.04595744680851066,0.04586743044189856,0.04577741407528646,0.04568739770867436,0.043960720130932884,0.043870703764320784,0.043780687397708684,0.040417348608837944,0.03869067103109658,0.03860065466448448,0.03523731587561374,0.03514729950900164,0.03833060556464807,0.03987725040916523,0.03815057283142387,0.04297054009819967,0.0412438625204582,0.04279050736497536,0.03942716857610473,0.03606382978723399,0.040883797054009796,0.037520458265139056,0.03252045826513905,0.030793780687397798,0.027430441898527058,0.022430441898527054,0.020703764320785578,0.023887070376432118,0.023797054009820018,0.018797054009820013,0.020343698854337178,0.018617021276595702,0.018527004909983602,0.013527004909983598,0.011800327332242233,0.014983633387888662,0.016530278232405826,0.016440261865793726,0.014713584288052362,0.012986906710310886,0.014533551554828161,0.016080196399345326,0.01762684124386249,0.01426350245499175,0.01417348608837965,0.01081014729950891,0.015630114566284714,0.015540098199672614,0.012176759410801985,0.01045008183306062,0.0070867430441898804,0.00699672667757778,0.001996726677577776,0.0002700490998363003,-0.0014566284779050642,-0.0015466448445171643,0.0
medaka 0.1 Hz,0.5,stimulus,611,0.0,-0.0017266775777414075,-0.00018003273322422277,-0.0002700490998363333,-0.001996726677577741,0.0011865793780687396,0.0060065466448445196,0.007553191489361698,0.004189852700490999,0.004099836333878885,0.0056464811783960706,0.008829787234042548,0.007103109656301149,0.008649754500818327,0.011833060556464811,0.011743044189852697,0.010016366612111291,0.013199672667757761,0.014746317512274967,0.017929623567921438,0.014566284779050725,0.014476268412438625,0.01274959083469722,0.017569558101472996,0.01584288052373159,0.012479541734860877,0.012389525368248777,0.018846153846153846,0.018756137479541718,0.015392798690671033,0.015302782324058933,0.015212765957446805,0.016759410801963998,0.019942716857610454,0.018216039279869062,0.018126022913256934,0.01803600654664486,0.01630932896890344,0.02276595744680851,0.025949263502454994,0.025859247135842867,0.02740589198036006,0.03222585924713586,0.03540916530278235,0.03695581014729951,0.03359247135842883,0.03513911620294599,0.03341243862520457,0.0333224222585925,0.02995908346972176,0.02823240589198034,0.026505728314238974,0.02805237315875614,0.029599018003273303,0.031145662847790467,0.037602291325695536,0.04078559738134202,0.037422258592471336,0.045515548281505724,0.04869885433715221,0.04697217675941079,0.05179214402618659,0.05170212765957449,0.04997545008183307,0.05479541734860882,0.056342062193125986,0.0529787234042553,0.056162029459901786,0.05770867430441895,0.05598199672667753,0.05752864157119475,0.060711947626841234,0.062258592471358454,0.06871522094926352,0.07026186579378069,0.07017184942716859,0.06844517184942717,0.06835515548281507,0.06662847790507365,0.06490180032733223,0.0631751227495908,0.06472176759410797,0.06626841243862519,0.06617839607201303,0.06608837970540099,0.06763502454991815,0.06427168576104747,0.06909165302782322,0.06572831423895259,0.06563829787234038,0.06554828150572828,0.06873158756137482,0.06864157119476272,0.07182487725040915,0.07991816693944348,0.07655482815057285,0.08301145662847798,0.08292144026186576,0.08283142389525366,0.08274140752864156,0.0810147299509002,0.07928805237315872,0.07919803600654662,0.08074468085106379,0.07574468085106378,0.08056464811783959,0.08047463175122749,0.08202127659574465,0.08029459901800329,0.08184124386252045,0.08502454991816688,0.08493453355155478,0.08320785597381342,0.0831178396072012,0.08139116202945984,0.08130114566284774,0.07957446808510638,0.08112111292962365,0.07939443535188218,0.07766775777414081,0.0726677577741408,0.06930441898527007,0.07085106382978723,0.07567103109656304,0.0772176759410802,0.0771276595744681,0.077037643207856,0.0769476268412439,0.07849427168576106,0.08167757774140749,0.07995090016366613,0.07658756137479539,0.07158756137479538,0.06986088379705402,0.07304418985270045,0.07295417348608835,0.06959083469721761,0.06950081833060551,0.06613747954173477,0.0644108019639934,0.06104746317512266,0.05604746317512277,0.057594108019639934,0.05750409165302783,0.06068739770867437,0.06059738134206216,0.0588707037643208,0.0587806873977087,0.05541734860883796,0.05696399345335512,0.05687397708674302,0.05514729950900166,0.05342062193126018,0.05169394435351882,0.04996726677577734,0.04824058919803598,0.04487725040916524,0.04151391162029461,0.04306055646481177,0.03969721767594103,0.03797054009819967,0.03460720130932893,0.041063829787233996,0.037700490998363256,0.03924713584288042,0.037520458265139056,0.037430441898526956,0.03406710310965633,0.03234042553191496,0.03225040916530286,0.03216039279869065,0.030433715220949287,0.028707037643207922,0.025343698854337182,0.023617021276595707,0.018617021276595702,0.018527004909983602,0.020073649754500766,0.021620294599018042,0.019893617021276566,0.0181669394435352,0.014803600654664462,0.013076923076923097,0.012986906710310886,0.007986906710310882,0.007896890343698781,0.004533551554828152,0.009353518821603846,0.009263502454991746,0.009173486088379645,0.01399345335515545,0.012266775777413974,0.008903436988543456,0.01045008183306062,0.0070867430441898804,0.008633387888707045,0.00690671031096568,0.0035433715220949402,0.00345335515548284,0.0050000000000000044,0.0
medaka 0.1 Hz,0.75,sham above,427,0.0,-0.0003161592505854802,-0.0006323185011709604,-0.0009484777517564397,0.003419203747072601,0.0007611241217798589,0.002786885245901642,-0.0022131147540983623,-0.00721311475409836,-0.009871194379391102,-0.014871194379391106,-0.01752927400468384,-0.0061358313817330215,-0.011135831381733026,-0.013793911007025768,-0.01411007025761124,-0.005058548009367683,-0.0053747072599531626,-0.0033489461358313793,-0.006007025761124121,-0.006323185011709601,-0.008981264637002342,-0.006955503512880559,-0.009613583138173301,-0.005245901639344255,-0.007903981264636997,-0.010562060889929753,-0.010878220140515232,-0.011194379391100712,-0.011510538641686163,-0.01182669789227167,-0.014484777517564412,-0.014800936768149892,-0.012775175644028108,-0.01543325526932085,-0.01574941451990633,-0.018407494145199044,-0.014039812646370026,-0.016697892271662768,-0.014672131147540984,-0.0032786885245901787,0.0034309133489461296,0.005456674473067913,0.0051405152224824335,0.0024824355971896916,0.0021662763466042123,-0.0004918032786885296,-0.0031498829039812715,-0.008149882903981248,-0.00378220140515223,-0.001756440281030447,-0.004414519906323189,-0.007072599531615931,-0.009730679156908673,-0.0006791569086651017,-0.000995316159250581,0.0010304449648711467,0.0007142857142856673,0.002740046838407506,8.196721311476418e-05,-0.00023419203747071515,-0.002892271662763457,-0.0032084309133489364,-0.0011826697892271532,-0.0014988290398126325,-0.0018149882903981118,-0.0021311475409836467,-0.0047892271662763886,-0.005105386416861868,-0.0030796252927400847,-0.0057377049180328266,-0.008395784543325513,-0.011053864168618255,-0.0043442622950819465,-0.004660421545667426,-0.007318501170960168,-0.0029508196721311775,-0.005608899297423919,-0.005925058548009399,-0.00858313817330214,-0.00889929742388762,-0.004531615925058574,-0.0048477751756440535,-0.005163934426229533,-0.00782201405152222,-0.010480093676814961,-0.008454332552693178,-0.00642857142857145,-0.004402810304449667,-0.004718969555035146,-0.005035128805620626,-0.0030093676814988424,-0.0009836065573770592,0.0033840749414519866,0.0030679156908665073,0.0027517564402809724,0.0024355971896955486,0.009145199063231857,0.013512880562060903,0.01085480093676816,0.01756440281030447,0.01724824355971899,0.01693208430913351,0.018957845433255294,0.01395784543325529,0.015983606557377072,0.015667447306791593,0.017693208430913265,0.02206088992974231,0.02877049180327862,0.030796252927400403,0.030480093676814923,0.02548009367681492,0.029847775175643965,0.029531615925058485,0.026873536299765743,0.024215456674473113,0.02155737704918037,0.01889929742388763,0.023266978922716675,0.02763466042154572,0.02731850117096024,0.0246604215456675,0.022002341920374757,0.02402810304449654,0.03307962529274,0.03276346604215452,0.03244730679156904,0.0297892271662763,0.02947306791569082,0.024473067915690816,0.024156908665105337,0.02618266978922712,0.030550351288056166,0.030234192037470686,0.027576112412177944,0.029601873536299728,0.03162763466042151,0.03131147540983603,0.033337236533957815,0.02833723653395781,0.028021077283372442,0.027704918032786963,0.02504683840749422,0.02473067915690874,0.019730679156908737,0.02409836065573767,0.02144028103044493,0.025807962529273976,0.025491803278688496,0.022833723653395754,0.020175644028103012,0.01751756440281027,0.014859484777517529,0.012201405152224787,0.009543325526932045,0.009227166276346566,0.006569086651053824,0.003911007025761082,-0.0010889929742389226,0.0009367681498828606,0.005304449648711906,0.00030444964871190194,-0.00235362997658084,-0.0026697892271663193,-0.0029859484777517986,-0.0009601873536300154,-0.0012763466042153837,0.003091334894613662,0.0004332552693209202,0.0024590163934425924,0.004484777517564376,-0.0005152224824356288,0.003852459016393417,0.0035362997658079376,0.0008782201405151957,0.0005620608899297164,-0.004437939110070288,-0.009437939110070293,-0.009754098360655772,-0.010070257611241251,-0.01038641686182673,-0.013044496487119472,-0.018044496487119477,-0.013676814988290431,-0.016334894613583173,-0.01430913348946139,-0.009941451990632344,-0.00791569086651056,-0.0058899297423887775,-0.00854800936768152,-0.013548009367681524,-0.013864168618266892,-0.016522248243559634,-0.007470725995316174,-0.0031030444964871284,0.0012646370023419173,0.000948477751756438,0.0006323185011709587,0.00031615925058547933,0.0
medaka 0.1 Hz,0.75,sham below,427,0.0,-0.00265807962529274,-0.00531615925058548,-0.0009484777517564397,-0.005948477751756441,-0.003922716627634663,-0.0018969555035128795,-0.0022131147540983623,-0.00721311475409836,-0.0051873536299765766,-0.005503512880562063,-0.008161592505854798,-0.008477751756440277,-0.008793911007025763,-0.006768149882903987,-0.0024004683840749413,-0.0027166276346604207,-0.003032786885245914,-0.005690866510538642,-0.008348946135831384,-0.013348946135831388,-0.013665105386416854,-0.018665105386416858,-0.011955503512880564,-0.014613583138173292,-0.014929742388758785,-0.012903981264637002,-0.010878220140515232,-0.008852459016393449,-0.011510538641686163,-0.009484777517564408,-0.01214285714285715,-0.012459016393442629,-0.010433255269320846,-0.013091334894613588,-0.013407494145199067,-0.006697892271662759,-0.0046721311475409755,-0.004988290398126455,-0.0029625292740046993,-0.0032786885245901787,0.001088992974238867,0.0007728337236534155,0.0004566744730679084,0.0024824355971896916,-0.002517564402810313,-0.0004918032786885296,0.0015339578454332536,0.005901639344262299,0.012611241217798608,0.014637002341920391,0.014320843091334912,0.014004683840749432,0.011346604215456635,0.02274004683840747,0.02242388758782199,0.024449648711943772,0.03115925058548008,0.028501170960187394,0.025843091334894652,0.025526932084309117,0.022868852459016376,0.022552693208430896,0.022236533957845417,0.026604215456674463,0.03097189695550351,0.035339578454332554,0.03268149882903981,0.034707259953161596,0.03439110070257606,0.03407494145199058,0.03610070257611242,0.0381264637002342,0.03546838407494146,0.03515222482435598,0.03249414519906324,0.027494145199063236,0.027177985948477756,0.026861826697892277,0.03591334894613579,0.03559718969555031,0.035281030444964834,0.034964871194379354,0.04167447306791566,0.04135831381733024,0.0387002341920375,0.04306791569086654,0.04509367681498827,0.04477751756440279,0.04446135831381731,0.05351288056206088,0.04851288056206088,0.05053864168618266,0.05724824355971897,0.061615925058548016,0.0636416861826698,0.06566744730679164,0.06535128805620605,0.0626932084309133,0.06471896955503509,0.06440281030444961,0.06174473067915687,0.06377049180327865,0.06111241217798591,0.05845433255269317,0.06048009367681495,0.06250585480093673,0.05984777517564399,0.061873536299765775,0.061557377049180295,0.05655737704918029,0.058583138173302074,0.058266978922716595,0.057950819672131115,0.05295081967213111,0.054976580796252894,0.05934426229508205,0.054344262295082046,0.051686182669789305,0.04902810304449656,0.04871194379391108,0.04605386416861823,0.048079625292740014,0.04307962529274001,0.04042154566744727,0.037763466042154525,0.046814988290398096,0.04181498829039809,0.03681498829039809,0.03649882903981261,0.033840749414519866,0.03586651053864165,0.040234192037470695,0.03757611241217795,0.04428571428571426,0.04162763466042152,0.03896955503512878,0.0386533957845433,0.043021077283372344,0.0403629976580796,0.042388758782201386,0.04675644028103043,0.04409836065573769,0.04612412177985947,0.04112412177985947,0.04314988290398125,0.045175644028103035,0.044859484777517555,0.044543325526932076,0.0442271662763466,0.04625292740046838,0.04359484777517564,0.038594847775175634,0.03593676814988289,0.030936768149882887,0.03296252927400467,0.037330210772833716,0.04169789227166276,0.03903981264637002,0.0410655737704918,0.03840749414519906,0.03809133489461358,0.03543325526932084,0.0327751756440281,0.039484777517564296,0.03448477751756429,0.029484777517564287,0.024484777517564393,0.01948477751756439,0.014484777517564384,0.014168618266978905,0.01853629976580795,0.01587822014051521,0.010878220140515205,0.01524590163934425,0.014929742388758771,0.016955503512880554,0.01195550351288055,0.009297423887587808,0.013665105386416854,0.015690866510538637,0.01771662763466042,0.015058548009367678,0.014742388758782199,0.01442622950819672,0.01411007025761124,0.013793911007025761,0.011135831381733019,0.013161592505854691,0.01050351288056195,0.01955503512880552,0.01689695550351278,0.011896955503512885,0.009238875878220143,0.006580796252927401,0.008606557377049184,0.00360655737704918,0.000948477751756438,-0.0017096018735363039,-0.004367681498829046,0.0
medaka 0.1 Hz,0.75,stimulus,427,0.0,-0.00265807962529274,-0.0006323185011709604,0.001393442622950821,-0.0012646370023419208,-0.003922716627634663,0.002786885245901642,0.0048126463700234184,-0.00018735362997657906,0.0018384074941452042,0.0015222482435597179,0.003548009367681501,0.0008899297423887592,0.0029156908665105424,0.007283372365339574,0.009309133489461358,0.008992974238875878,0.011018735362997648,0.013044496487119445,0.015070257611241214,0.012412177985948472,0.009754098360655744,0.007096018735363002,0.011463700234192034,0.011147540983606569,0.008489461358313827,0.00817330210772832,0.01722482435597189,0.01690866510538641,0.014250585480093697,0.011592505854800955,0.01361826697892271,0.015644028103044494,0.02001170960187354,0.019695550351288033,0.01703747072599529,0.01672131147540984,0.014063231850117097,0.020772833723653406,0.025140515222482424,0.024824355971896944,0.02919203747072599,0.031217798594847773,0.03558548009367682,0.03526932084309134,0.030269320843091335,0.03463700234192038,0.03197892271662764,0.03400468384074945,0.03134660421545665,0.02868852459016391,0.02603044496487117,0.028056206088992952,0.027740046838407473,0.027423887587821993,0.036475409836065564,0.04318501170960187,0.040526932084309075,0.04723653395784544,0.05394613583138175,0.04894613583138174,0.050971896955503526,0.05299765807962531,0.05033957845433257,0.05704918032786882,0.05439110070257608,0.05173302107728334,0.05375878220140512,0.05344262295081964,0.0507845433255269,0.055152224824355944,0.06186182669789231,0.0662295081967213,0.07762295081967213,0.07964871194379392,0.07699063231850117,0.07433255269320843,0.07635831381733021,0.07370023419203747,0.073384074941452,0.07072599531615925,0.07040983606557372,0.0724355971896955,0.07211943793911002,0.0718032786885246,0.07617096018735364,0.07117096018735364,0.07319672131147542,0.07053864168618268,0.0702224824355972,0.06990632318501172,0.0719320843091335,0.07161592505854802,0.07364168618266981,0.08503512880562053,0.08237704918032779,0.08908665105386415,0.09111241217798594,0.09079625292740046,0.09282201405152224,0.0901639344262295,0.08984777517564402,0.0918735362997658,0.08921545667447306,0.08421545667447305,0.09326697892271663,0.09295081967213115,0.09497658079625293,0.09231850117096019,0.09434426229508197,0.09637002341920375,0.09839578454332543,0.09339578454332542,0.09307962529273994,0.0904215456674472,0.09244730679156898,0.08978922716627635,0.09181498829039814,0.09149882903981266,0.09118266978922718,0.08618266978922717,0.08352459016393443,0.08555035128805621,0.087576112412178,0.08491803278688526,0.08694379391100704,0.08662763466042156,0.08396955503512882,0.0859953161592506,0.08567915690866512,0.08536299765807964,0.0827049180327869,0.0777049180327869,0.07504683840749415,0.0794145199063232,0.07909836065573761,0.0740983606557376,0.07378220140515213,0.06878220140515212,0.06378220140515212,0.061124121779859375,0.05612412177985948,0.058149882903981265,0.06017564402810305,0.06220140515222483,0.06422716627634661,0.06156908665105387,0.06125292740046839,0.05859484777517565,0.060620608899297435,0.06264637002341922,0.06233021077283374,0.057330210772833734,0.05467213114754099,0.05201405152224825,0.05169789227166277,0.04903981264637003,0.044039812646370025,0.043723653395784545,0.0410655737704918,0.040749414519906324,0.03809133489461358,0.04480093676814978,0.04214285714285704,0.04416861826697882,0.04385245901639334,0.03885245901639334,0.036194379391100706,0.033536299765807964,0.03556206088992975,0.03524590163934427,0.032587822014051526,0.029929742388758784,0.02492974238875878,0.022271662763466038,0.017271662763466034,0.014613583138173292,0.016639344262295075,0.016323185011709596,0.013665105386416854,0.013348946135831374,0.00834894613583137,0.00803278688524589,0.005374707259953149,0.00037470725995314424,0.0024004683840749275,-0.0002576112412178144,0.008793911007025756,0.008477751756440277,0.0034777517564402727,0.01018735362997647,0.007529274004683728,0.004871194379391097,0.0068969555035128804,0.0042388758782201386,0.008606557377049184,0.008290398126463705,0.0032903981264637006,0.0029742388758782212,0.0050000000000000044,0.0
